0 5.553082
1 0.939119
2 0.939119
3 0.939119
4 0.939119
5 0.939119
6 0.939119
7 0.939119
8 0.939119
9 0.939119
10 0.939119
11 0.939119
12 0.939119
13 0.939119
14 0.939119
15 0.939119
16 0.939119
17 0.939119
18 0.939119
19 0.939119
20 0.645302
21 0.645302
22 0.645302
23 0.645302
24 0.645302
25 0.645302
26 0.645302
27 0.645302
28 0.645302
29 0.645302
30 0.645302
31 0.645302
32 0.645302
33 0.645302
34 0.645302
35 0.645302
36 0.645302
37 0.645302
38 0.645302
39 0.645302
40 0.645302
41 0.645302
42 0.645302
43 0.645302
44 0.645302
45 0.645302
46 0.645302
47 0.645302
48 0.645302
49 0.645302
50 0.645302
51 0.645302
52 0.645302
53 0.645302
54 0.645302
55 0.645302
56 0.645302
57 0.645302
58 0.645302
59 0.645302
60 0.645302
61 0.645302
62 0.645302
63 0.645302
64 0.645302
65 0.645302
66 0.645302
67 0.645302
68 0.645302
69 0.645302
70 0.645302
71 0.645302
72 0.645302
73 0.645302
74 0.645302
75 0.645302
76 0.645302
77 0.645302
78 0.645302
79 0.645302
80 0.645302
81 0.645302
82 0.645302
83 0.645302
84 0.645302
85 0.645302
86 0.645302
87 0.645302
88 0.645302
89 0.645302
90 0.645302
91 0.645302
92 0.645302
93 0.645302
94 0.645302
95 0.645302
96 0.645302
97 0.645302
98 0.645302
99 0.645302
100 0.645302
101 0.645302
102 0.645302
103 0.645302
104 0.645302
105 0.645302
106 0.645302
107 0.645302
108 0.645302
109 0.645302
110 0.645302
111 0.645302
112 0.645302
113 0.645302
114 0.645302
115 0.645302
116 0.645302
117 0.645302
118 0.645302
119 0.645302
120 0.645302
121 0.645302
122 0.645302
123 0.645302
124 0.645302
125 0.645302
126 0.645302
127 0.645302
128 0.645302
129 0.645302
130 0.645302
131 0.645302
132 0.645302
133 0.645302
134 0.645302
135 0.645302
136 0.645302
137 0.645302
138 0.645302
139 0.645302
140 0.645302
141 0.645302
142 0.645302
143 0.645302
144 0.645302
145 0.645302
146 0.645302
147 0.645302
148 0.645302
149 0.645302
150 0.645302
151 0.645302
152 0.645302
153 0.645302
154 0.645302
155 0.645302
156 0.645302
157 0.645302
158 0.645302
159 0.645302
160 0.645302
161 0.645302
162 0.645302
163 0.645302
164 0.645302
165 0.645302
166 0.645302
167 0.645302
168 0.645302
169 0.645302
170 0.645302
171 0.645302
172 0.645302
173 0.645302
174 0.645302
175 0.645302
176 0.645302
177 0.645302
178 0.645302
179 0.645302
180 0.645302
181 0.645302
182 0.645302
183 0.645302
184 0.645302
185 0.645302
186 0.645302
187 0.645302
188 0.645302
189 0.645302
190 0.645302
191 0.645302
192 0.645302
193 0.645302
194 0.645302
195 0.645302
196 0.645302
197 0.645302
198 0.645302
199 0.645302
200 0.645302
201 0.645302
202 0.645302
203 0.645302
204 0.645302
205 0.645302
206 0.645302
207 0.645302
208 0.645302
209 0.645302
210 0.645302
211 0.645302
212 0.645302
213 0.645302
214 0.645302
215 0.645302
216 0.645302
217 0.645302
218 0.645302
219 0.645302
220 0.645302
221 0.645302
222 0.645302
223 0.645302
224 0.645302
225 0.645302
226 0.645302
227 0.645302
228 0.645302
229 0.645302
230 0.645302
231 0.645302
232 0.645302
233 0.645302
234 0.645302
235 0.645302
236 0.645302
237 0.645302
238 0.645302
239 0.645302
240 0.645302
241 0.645302
242 0.645302
243 0.645302
244 0.645302
245 0.645302
246 0.645302
247 0.645302
248 0.645302
249 0.645302
250 0.645302
251 0.645302
252 0.645302
253 0.645302
254 0.645302
255 0.645302
256 0.645302
257 0.645302
258 0.645302
259 0.645302
260 0.645302
261 0.645302
262 0.645302
263 0.645302
264 0.645302
265 0.645302
266 0.645302
267 0.645302
268 0.645302
269 0.645302
270 0.645302
271 0.645302
272 0.645302
273 0.645302
274 0.645302
275 0.645302
276 0.645302
277 0.645302
278 0.645302
279 0.645302
280 0.645302
281 0.645302
282 0.645302
283 0.645302
284 0.645302
285 0.645302
286 0.645302
287 0.645302
288 0.645302
289 0.645302
290 0.645302
291 0.645302
292 0.645302
293 0.645302
294 0.645302
295 0.645302
296 0.645302
297 0.645302
298 0.645302
299 0.645302
300 0.645302
301 0.645302
302 0.645302
303 0.645302
304 0.645302
305 0.645302
306 0.645302
307 0.645302
308 0.645302
309 0.645302
310 0.645302
311 0.645302
312 0.645302
313 0.645302
314 0.645302
315 0.645302
316 0.645302
317 0.645302
318 0.645302
319 0.645302
320 0.645302
321 0.645302
322 0.645302
323 0.645302
324 0.645302
325 0.645302
326 0.645302
327 0.645302
328 0.645302
329 0.645302
330 0.645302
331 0.645302
332 0.645302
333 0.645302
334 0.645302
335 0.645302
336 0.645302
337 0.645302
338 0.645302
339 0.645302
340 0.645302
341 0.645302
342 0.645302
343 0.645302
344 0.645302
345 0.645302
346 0.645302
347 0.645302
348 0.645302
349 0.645302
350 0.645302
351 0.645302
352 0.645302
353 0.645302
354 0.645302
355 0.645302
356 0.645302
357 0.645302
358 0.645302
359 0.645302
360 0.645302
361 0.645302
362 0.645302
363 0.645302
364 0.645302
365 0.645302
366 0.645302
367 0.645302
368 0.645302
369 0.645302
370 0.645302
371 0.645302
372 0.645302
373 0.645302
374 0.645302
375 0.645302
376 0.645302
377 0.645302
378 0.645302
379 0.645302
380 0.645302
381 0.645302
382 0.645302
383 0.645302
384 0.645302
385 0.645302
386 0.645302
387 0.645302
388 0.645302
389 0.645302
390 0.645302
391 0.645302
392 0.645302
393 0.645302
394 0.645302
395 0.645302
396 0.645302
397 0.645302
398 0.645302
399 0.645302
400 0.645302
401 0.645302
402 0.645302
403 0.645302
404 0.645302
405 0.645302
406 0.645302
407 0.645302
408 0.645302
409 0.645302
410 0.645302
411 0.645302
412 0.645302
413 0.645302
414 0.645302
415 0.645302
416 0.645302
417 0.645302
418 0.645302
419 0.645302
420 0.645302
421 0.645302
422 0.643821
423 0.643821
424 0.643821
425 0.643821
426 0.643821
427 0.643821
428 0.643821
429 0.643821
430 0.643821
431 0.643821
432 0.643821
433 0.643821
434 0.643821
435 0.643821
436 0.643821
437 0.643821
438 0.643821
439 0.643821
440 0.643821
441 0.643821
442 0.643821
443 0.643821
444 0.643821
445 0.643821
446 0.643821
447 0.643821
448 0.643821
449 0.643821
450 0.643821
451 0.643821
452 0.643821
453 0.643821
454 0.643821
455 0.643821
456 0.643821
457 0.643821
458 0.643821
459 0.643821
460 0.643821
461 0.643821
462 0.643821
463 0.643821
464 0.643821
465 0.643821
466 0.643821
467 0.643821
468 0.643821
469 0.643821
470 0.643821
471 0.643821
472 0.643821
473 0.643821
474 0.643821
475 0.643821
476 0.643821
477 0.643821
478 0.643821
479 0.643821
480 0.643821
481 0.643821
482 0.643821
483 0.643821
484 0.643821
485 0.643821
486 0.643821
487 0.643821
488 0.643821
489 0.643821
490 0.643821
491 0.643821
492 0.643821
493 0.643821
494 0.643821
495 0.643821
496 0.643821
497 0.643821
498 0.643821
499 0.643821
500 0.643821
501 0.643821
502 0.643821
503 0.643821
504 0.643821
505 0.643821
506 0.643821
507 0.643821
508 0.643821
509 0.643821
510 0.643821
511 0.643821
512 0.643821
513 0.643821
514 0.643821
515 0.643821
516 0.642443
517 0.642443
518 0.642443
519 0.642443
520 0.642443
521 0.642443
522 0.642443
523 0.642443
524 0.642443
525 0.642443
526 0.642443
527 0.642443
528 0.642443
529 0.642443
530 0.642443
531 0.642443
532 0.642443
533 0.642443
534 0.642443
535 0.642443
536 0.642443
537 0.642443
538 0.642443
539 0.642443
540 0.642443
541 0.642443
542 0.642443
543 0.642443
544 0.642443
545 0.642443
546 0.642443
547 0.642443
548 0.642443
549 0.642443
550 0.642443
551 0.642443
552 0.642443
553 0.642443
554 0.642443
555 0.642443
556 0.642443
557 0.642443
558 0.642443
559 0.642443
560 0.642443
561 0.642443
562 0.642443
563 0.642443
564 0.642443
565 0.642443
566 0.642443
567 0.642443
568 0.642443
569 0.642443
570 0.642443
571 0.642443
572 0.642443
573 0.642443
574 0.642443
575 0.642443
576 0.642443
577 0.642443
578 0.642443
579 0.642443
580 0.642443
581 0.642443
582 0.642443
583 0.642443
584 0.642443
585 0.642443
586 0.642443
587 0.642443
588 0.642443
589 0.642443
590 0.642443
591 0.642443
592 0.642443
593 0.642443
594 0.642443
595 0.642443
596 0.642443
597 0.642443
598 0.642443
599 0.642443
600 0.642443
601 0.642443
602 0.642443
603 0.642443
604 0.642443
605 0.642443
606 0.642443
607 0.642443
608 0.642443
609 0.642443
610 0.642443
611 0.642443
612 0.642443
613 0.642443
614 0.642443
615 0.642443
616 0.642443
617 0.642443
618 0.642443
619 0.642443
620 0.642443
621 0.642443
622 0.642443
623 0.642443
624 0.642443
625 0.642443
626 0.642443
627 0.642443
628 0.642443
629 0.642443
630 0.642443
631 0.642443
632 0.642443
633 0.642443
634 0.642443
635 0.642443
636 0.642443
637 0.642443
638 0.642443
639 0.642443
640 0.642443
641 0.642443
642 0.642443
643 0.642443
644 0.642443
645 0.642443
646 0.642443
647 0.642443
648 0.642443
649 0.642443
650 0.642443
651 0.642443
652 0.642443
653 0.642443
654 0.642443
655 0.642443
656 0.642443
657 0.642443
658 0.642443
659 0.642443
660 0.642443
661 0.642443
662 0.642443
663 0.642443
664 0.642443
665 0.642443
666 0.642443
667 0.642443
668 0.642443
669 0.642443
670 0.642443
671 0.642443
672 0.642443
673 0.642443
674 0.642443
675 0.642443
676 0.642443
677 0.642443
678 0.642443
679 0.642443
680 0.642443
681 0.642443
682 0.642443
683 0.642443
684 0.642443
685 0.642443
686 0.642443
687 0.642443
688 0.642443
689 0.642443
690 0.642443
691 0.642443
692 0.642443
693 0.642443
694 0.642443
695 0.642443
696 0.642443
697 0.642443
698 0.642443
699 0.642443
700 0.642443
701 0.642443
702 0.642443
703 0.642443
704 0.642443
705 0.642443
706 0.642443
707 0.642443
708 0.642443
709 0.642443
710 0.642443
711 0.642443
712 0.642443
713 0.642443
714 0.642443
715 0.642443
716 0.642443
717 0.642443
718 0.642443
719 0.642443
720 0.642443
721 0.642443
722 0.642443
723 0.642443
724 0.642443
725 0.642443
726 0.642443
727 0.642443
728 0.642443
729 0.642443
730 0.642443
731 0.642443
732 0.642443
733 0.642443
734 0.642443
735 0.642443
736 0.642443
737 0.642443
738 0.642443
739 0.642443
740 0.642443
741 0.642443
742 0.642443
743 0.642443
744 0.642443
745 0.642443
746 0.642443
747 0.642443
748 0.642443
749 0.642443
750 0.642443
751 0.642443
752 0.642443
753 0.642443
754 0.642443
755 0.642443
756 0.642443
757 0.642443
758 0.642443
759 0.642443
760 0.642443
761 0.642443
762 0.642443
763 0.642443
764 0.642443
765 0.642443
766 0.642443
767 0.642443
768 0.642443
769 0.642443
770 0.642443
771 0.642443
772 0.642443
773 0.642443
774 0.642443
775 0.642443
776 0.642443
777 0.642443
778 0.642443
779 0.642443
780 0.642443
781 0.642443
782 0.642443
783 0.642443
784 0.642443
785 0.642443
786 0.642443
787 0.642443
788 0.642443
789 0.642443
790 0.642443
791 0.642443
792 0.642443
793 0.642443
794 0.642443
795 0.642443
796 0.642443
797 0.642443
798 0.642443
799 0.642443
800 0.642443
801 0.642443
802 0.642443
803 0.642443
804 0.642443
805 0.642443
806 0.642443
807 0.642443
808 0.642443
809 0.642443
810 0.642443
811 0.642443
812 0.642443
813 0.642443
814 0.642443
815 0.642443
816 0.642443
817 0.642443
818 0.642443
819 0.642443
820 0.642443
821 0.642443
822 0.642443
823 0.642443
824 0.642443
825 0.642443
826 0.642443
827 0.642443
828 0.642443
829 0.642443
830 0.642443
831 0.642443
832 0.642443
833 0.642443
834 0.642443
835 0.642443
836 0.642443
837 0.642443
838 0.642443
839 0.642443
840 0.642443
841 0.642443
842 0.642443
843 0.642443
844 0.642443
845 0.642443
846 0.642443
847 0.642443
848 0.642443
849 0.642443
850 0.642443
851 0.642443
852 0.642443
853 0.642443
854 0.642443
855 0.642443
856 0.642443
857 0.642443
858 0.642443
859 0.642443
860 0.642443
861 0.642443
862 0.642443
863 0.642443
864 0.642443
865 0.642443
866 0.642443
867 0.642443
868 0.642443
869 0.642443
870 0.642443
871 0.642443
872 0.642443
873 0.642443
874 0.642443
875 0.642443
876 0.642443
877 0.642443
878 0.642443
879 0.642443
880 0.642443
881 0.642443
882 0.642443
883 0.642443
884 0.642443
885 0.642443
886 0.642443
887 0.642443
888 0.642443
889 0.642443
890 0.642443
891 0.642443
892 0.642443
893 0.642443
894 0.642443
895 0.642443
896 0.642443
897 0.642443
898 0.642443
899 0.642443
900 0.642443
901 0.640741
902 0.640741
903 0.640741
904 0.640741
905 0.640741
906 0.640741
907 0.640741
908 0.640741
909 0.640741
910 0.640741
911 0.640741
912 0.640741
913 0.640741
914 0.640741
915 0.640741
916 0.640741
917 0.640741
918 0.640741
919 0.640741
920 0.640741
921 0.640741
922 0.640741
923 0.640741
924 0.640741
925 0.640741
926 0.640741
927 0.640741
928 0.640741
929 0.640741
930 0.640741
931 0.640741
932 0.640741
933 0.640741
934 0.640741
935 0.640741
936 0.640741
937 0.640741
938 0.640741
939 0.640741
940 0.640741
941 0.640741
942 0.640741
943 0.640741
944 0.640741
945 0.640741
946 0.640741
947 0.640741
948 0.640741
949 0.640741
950 0.640741
951 0.640741
952 0.640741
953 0.640741
954 0.640741
955 0.640741
956 0.640741
957 0.640741
958 0.640741
959 0.640741
960 0.640741
961 0.640741
962 0.640741
963 0.640741
964 0.640741
965 0.640741
966 0.640741
967 0.640741
968 0.640741
969 0.640741
970 0.640741
971 0.640741
972 0.640741
973 0.640741
974 0.640741
975 0.640741
976 0.640741
977 0.640741
978 0.640741
979 0.640741
980 0.640741
981 0.640741
982 0.640741
983 0.640741
984 0.640741
985 0.640741
986 0.640741
987 0.640741
988 0.640741
989 0.640741
990 0.640741
991 0.640741
992 0.640741
993 0.640741
994 0.640741
995 0.640741
996 0.640741
997 0.640741
998 0.640741
999 0.640741
1000 0.640741
1001 0.640741
1002 0.640741
1003 0.640741
1004 0.640741
1005 0.640741
1006 0.640741
1007 0.640741
1008 0.640741
1009 0.640741
1010 0.640741
1011 0.640741
1012 0.640741
1013 0.640741
1014 0.640741
1015 0.640741
1016 0.640741
1017 0.640741
1018 0.640741
1019 0.640741
1020 0.640741
1021 0.640741
1022 0.640741
1023 0.640741
1024 0.640741
1025 0.640741
1026 0.640741
1027 0.640741
1028 0.640741
1029 0.640741
1030 0.640741
1031 0.640741
1032 0.640741
1033 0.640741
1034 0.640741
1035 0.640741
1036 0.640741
1037 0.640741
1038 0.640741
1039 0.640741
1040 0.640741
1041 0.640741
1042 0.640741
1043 0.640741
1044 0.640741
1045 0.640741
1046 0.640741
1047 0.640741
1048 0.640741
1049 0.640741
1050 0.640741
1051 0.640741
1052 0.640741
1053 0.640741
1054 0.640741
1055 0.640741
1056 0.640741
1057 0.640741
1058 0.640741
1059 0.640741
1060 0.640741
1061 0.640741
1062 0.640741
1063 0.640741
1064 0.640741
1065 0.640741
1066 0.640741
1067 0.640741
1068 0.640741
1069 0.640741
1070 0.640741
1071 0.640741
1072 0.640741
1073 0.640741
1074 0.640741
1075 0.640741
1076 0.640741
1077 0.640741
1078 0.640741
1079 0.640741
1080 0.640741
1081 0.640741
1082 0.640741
1083 0.640741
1084 0.640741
1085 0.640741
1086 0.640741
1087 0.640741
1088 0.640741
1089 0.640741
1090 0.640741
1091 0.640741
1092 0.640741
1093 0.640741
1094 0.640741
1095 0.640741
1096 0.640741
1097 0.640741
1098 0.640741
1099 0.640741
1100 0.640741
1101 0.640741
1102 0.640741
1103 0.640741
1104 0.640741
1105 0.640741
1106 0.640741
1107 0.640741
1108 0.640741
1109 0.640741
1110 0.640741
1111 0.640741
1112 0.640741
1113 0.640741
1114 0.640741
1115 0.640741
1116 0.640741
1117 0.640741
1118 0.640741
1119 0.640741
1120 0.640741
1121 0.640741
1122 0.640741
1123 0.640741
1124 0.640741
1125 0.640741
1126 0.640741
1127 0.640741
1128 0.640741
1129 0.640741
1130 0.640741
1131 0.640741
1132 0.640741
1133 0.640741
1134 0.640741
1135 0.639539
1136 0.639539
1137 0.639539
1138 0.639539
1139 0.639539
1140 0.639539
1141 0.639539
1142 0.639539
1143 0.639539
1144 0.639539
1145 0.639539
1146 0.639539
1147 0.639539
1148 0.639539
1149 0.639539
1150 0.639539
1151 0.639539
1152 0.639539
1153 0.639539
1154 0.639539
1155 0.639539
1156 0.639539
1157 0.639539
1158 0.639539
1159 0.639539
1160 0.639539
1161 0.639539
1162 0.639539
1163 0.639539
1164 0.639539
1165 0.639539
1166 0.639539
1167 0.639539
1168 0.639539
1169 0.639539
1170 0.639539
1171 0.639539
1172 0.639539
1173 0.639539
1174 0.639539
1175 0.639539
1176 0.639539
1177 0.639539
1178 0.639539
1179 0.639539
1180 0.639539
1181 0.639539
1182 0.639539
1183 0.639539
1184 0.639539
1185 0.639539
1186 0.639539
1187 0.639539
1188 0.639539
1189 0.639539
1190 0.639539
1191 0.639539
1192 0.639539
1193 0.639539
1194 0.639539
1195 0.639539
1196 0.639539
1197 0.639539
1198 0.639539
1199 0.639539
1200 0.639539
1201 0.639539
1202 0.639539
1203 0.639539
1204 0.639539
1205 0.639539
1206 0.639539
1207 0.639539
1208 0.639539
1209 0.639539
1210 0.639539
1211 0.639539
1212 0.639539
1213 0.639539
1214 0.639539
1215 0.639539
1216 0.639539
1217 0.639539
1218 0.639539
1219 0.639539
1220 0.639539
1221 0.639539
1222 0.639539
1223 0.639539
1224 0.639539
1225 0.639539
1226 0.639539
1227 0.639539
1228 0.639539
1229 0.639539
1230 0.639539
1231 0.639539
1232 0.639539
1233 0.639539
1234 0.639539
1235 0.639539
1236 0.639539
1237 0.639539
1238 0.639539
1239 0.639539
1240 0.639539
1241 0.639539
1242 0.639539
1243 0.639539
1244 0.639539
1245 0.639539
1246 0.639539
1247 0.639539
1248 0.639539
1249 0.639539
1250 0.639539
1251 0.639539
1252 0.639539
1253 0.639539
1254 0.639539
1255 0.639539
1256 0.639539
1257 0.639539
1258 0.639539
1259 0.639539
1260 0.638211
1261 0.638211
1262 0.638211
1263 0.638211
1264 0.638211
1265 0.638211
1266 0.638211
1267 0.638211
1268 0.638211
1269 0.638211
1270 0.638211
1271 0.638211
1272 0.638211
1273 0.638211
1274 0.638211
1275 0.638211
1276 0.638211
1277 0.638211
1278 0.638211
1279 0.638211
1280 0.638211
1281 0.638211
1282 0.638211
1283 0.638211
1284 0.638211
1285 0.638211
1286 0.638211
1287 0.638211
1288 0.638211
1289 0.638211
1290 0.638211
1291 0.638211
1292 0.638211
1293 0.638211
1294 0.638211
1295 0.638211
1296 0.638211
1297 0.638211
1298 0.638211
1299 0.638211
1300 0.638211
1301 0.638211
1302 0.638211
1303 0.638211
1304 0.638211
1305 0.638211
1306 0.638211
1307 0.638211
1308 0.638211
1309 0.638211
1310 0.638211
1311 0.638211
1312 0.638211
1313 0.638211
1314 0.638211
1315 0.638211
1316 0.638211
1317 0.638211
1318 0.638211
1319 0.638211
1320 0.638211
1321 0.638211
1322 0.638211
1323 0.638211
1324 0.638211
1325 0.638211
1326 0.638211
1327 0.638211
1328 0.638211
1329 0.638211
1330 0.638211
1331 0.638211
1332 0.638211
1333 0.638211
1334 0.638211
1335 0.638211
1336 0.638211
1337 0.638211
1338 0.638211
1339 0.638211
1340 0.638211
1341 0.638211
1342 0.638211
1343 0.638211
1344 0.638211
1345 0.638211
1346 0.638211
1347 0.638211
1348 0.638211
1349 0.638211
1350 0.638211
1351 0.638211
1352 0.638211
1353 0.638211
1354 0.638211
1355 0.638211
1356 0.638211
1357 0.638211
1358 0.638211
1359 0.638211
1360 0.638211
1361 0.638211
1362 0.638211
1363 0.638211
1364 0.638211
1365 0.638211
1366 0.638211
1367 0.638211
1368 0.638211
1369 0.638211
1370 0.638211
1371 0.638211
1372 0.638211
1373 0.638211
1374 0.638211
1375 0.638211
1376 0.638211
1377 0.638211
1378 0.638211
1379 0.638211
1380 0.638211
1381 0.638211
1382 0.638211
1383 0.638211
1384 0.638211
1385 0.638211
1386 0.638211
1387 0.638211
1388 0.638211
1389 0.638211
1390 0.638211
1391 0.638211
1392 0.638211
1393 0.638211
1394 0.638211
1395 0.638211
1396 0.638211
1397 0.638211
1398 0.638211
1399 0.638211
1400 0.638211
1401 0.638211
1402 0.638211
1403 0.638211
1404 0.638211
1405 0.638211
1406 0.638211
1407 0.638211
1408 0.638211
1409 0.638211
1410 0.638211
1411 0.638211
1412 0.638211
1413 0.638211
1414 0.638211
1415 0.638211
1416 0.638211
1417 0.638211
1418 0.638211
1419 0.638211
1420 0.638211
1421 0.638211
1422 0.638211
1423 0.638211
1424 0.638211
1425 0.638211
1426 0.638211
1427 0.638211
1428 0.638211
1429 0.638211
1430 0.638211
1431 0.638211
1432 0.638211
1433 0.638211
1434 0.638211
1435 0.638211
1436 0.638211
1437 0.638211
1438 0.638211
1439 0.638211
1440 0.638211
1441 0.638211
1442 0.638211
1443 0.638211
1444 0.638211
1445 0.638211
1446 0.638211
1447 0.638211
1448 0.638211
1449 0.638211
1450 0.638211
1451 0.638211
1452 0.638211
1453 0.638211
1454 0.638211
1455 0.638211
1456 0.638211
1457 0.638211
1458 0.638211
1459 0.638211
1460 0.638211
1461 0.638211
1462 0.638211
1463 0.638211
1464 0.638211
1465 0.638211
1466 0.638211
1467 0.638211
1468 0.638211
1469 0.638211
1470 0.638211
1471 0.638211
1472 0.638211
1473 0.638211
1474 0.638211
1475 0.638211
1476 0.638211
1477 0.638211
1478 0.638211
1479 0.638211
1480 0.638211
1481 0.638211
1482 0.638211
1483 0.638211
1484 0.638211
1485 0.638211
1486 0.638211
1487 0.638211
1488 0.638211
1489 0.638211
1490 0.638211
1491 0.638211
1492 0.637713
1493 0.637713
1494 0.637713
1495 0.637713
1496 0.637713
1497 0.637713
1498 0.637713
1499 0.637713
1500 0.637713
1501 0.637713
1502 0.637713
1503 0.637713
1504 0.637713
1505 0.637713
1506 0.637713
1507 0.637713
1508 0.637713
1509 0.637713
1510 0.637713
1511 0.637713
1512 0.637713
1513 0.637713
1514 0.637713
1515 0.637713
1516 0.637713
1517 0.637713
1518 0.637713
1519 0.637713
1520 0.637713
1521 0.637565
1522 0.637565
1523 0.637565
1524 0.637565
1525 0.637565
1526 0.637565
1527 0.637565
1528 0.637565
1529 0.637565
1530 0.637565
1531 0.637565
1532 0.637565
1533 0.637565
1534 0.637565
1535 0.637565
1536 0.637565
1537 0.637565
1538 0.637565
1539 0.637565
1540 0.637565
1541 0.637565
1542 0.637565
1543 0.637565
1544 0.637565
1545 0.637565
1546 0.637565
1547 0.637565
1548 0.637565
1549 0.637565
1550 0.637565
1551 0.637565
1552 0.637565
1553 0.637565
1554 0.637565
1555 0.637565
1556 0.637565
1557 0.637565
1558 0.637565
1559 0.637565
1560 0.637565
1561 0.637565
1562 0.637565
1563 0.637565
1564 0.637565
1565 0.637565
1566 0.637565
1567 0.637565
1568 0.637565
1569 0.637565
1570 0.637565
1571 0.637565
1572 0.637565
1573 0.637565
1574 0.637565
1575 0.637565
1576 0.637565
1577 0.637565
1578 0.637565
1579 0.637565
1580 0.637565
1581 0.637565
1582 0.637565
1583 0.637565
1584 0.637565
1585 0.637565
1586 0.637565
1587 0.637565
1588 0.637565
1589 0.637565
1590 0.637565
1591 0.637565
1592 0.637565
1593 0.637565
1594 0.637565
1595 0.637565
1596 0.637565
1597 0.637565
1598 0.637565
1599 0.637565
1600 0.637565
1601 0.637565
1602 0.637565
1603 0.637565
1604 0.637565
1605 0.637565
1606 0.637565
1607 0.637565
1608 0.637565
1609 0.637565
1610 0.637565
1611 0.637565
1612 0.637565
1613 0.637565
1614 0.637565
1615 0.637565
1616 0.637565
1617 0.637565
1618 0.637565
1619 0.637565
1620 0.637565
1621 0.637565
1622 0.637565
1623 0.637565
1624 0.637565
1625 0.637565
1626 0.637565
1627 0.637565
1628 0.637565
1629 0.637565
1630 0.637565
1631 0.637565
1632 0.637565
1633 0.637565
1634 0.637565
1635 0.637565
1636 0.637565
1637 0.637565
1638 0.637565
1639 0.637565
1640 0.637565
1641 0.637565
1642 0.637565
1643 0.637565
1644 0.637565
1645 0.637565
1646 0.637565
1647 0.637565
1648 0.637565
1649 0.637565
1650 0.637565
1651 0.637565
1652 0.637565
1653 0.637565
1654 0.637565
1655 0.637565
1656 0.637565
1657 0.637565
1658 0.637565
1659 0.637565
1660 0.637565
1661 0.637565
1662 0.637565
1663 0.637565
1664 0.637565
1665 0.637565
1666 0.637565
1667 0.637565
1668 0.637565
1669 0.637565
1670 0.637565
1671 0.637565
1672 0.637565
1673 0.637565
1674 0.637565
1675 0.637565
1676 0.637565
1677 0.637565
1678 0.637565
1679 0.637565
1680 0.637565
1681 0.637565
1682 0.637565
1683 0.637565
1684 0.637565
1685 0.637565
1686 0.637565
1687 0.637565
1688 0.637565
1689 0.637565
1690 0.637565
1691 0.637565
1692 0.637565
1693 0.637565
1694 0.637565
1695 0.637565
1696 0.637565
1697 0.637565
1698 0.637565
1699 0.637565
1700 0.637565
1701 0.637565
1702 0.637565
1703 0.637565
1704 0.637565
1705 0.637565
1706 0.637565
1707 0.637565
1708 0.637565
1709 0.637565
1710 0.637565
1711 0.637565
1712 0.637565
1713 0.637565
1714 0.637565
1715 0.637565
1716 0.637565
1717 0.637565
1718 0.637565
1719 0.637565
1720 0.637565
1721 0.637565
1722 0.637565
1723 0.637565
1724 0.637565
1725 0.637565
1726 0.637565
1727 0.637565
1728 0.637565
1729 0.637565
1730 0.637565
1731 0.637565
1732 0.637565
1733 0.637565
1734 0.637565
1735 0.637565
1736 0.637565
1737 0.637565
1738 0.637565
1739 0.637565
1740 0.637565
1741 0.637565
1742 0.637565
1743 0.637565
1744 0.637565
1745 0.637565
1746 0.637565
1747 0.637565
1748 0.637565
1749 0.637565
1750 0.637565
1751 0.637565
1752 0.637565
1753 0.637565
1754 0.637565
1755 0.637565
1756 0.637565
1757 0.637565
1758 0.637565
1759 0.637565
1760 0.637565
1761 0.637565
1762 0.637565
1763 0.637565
1764 0.637565
1765 0.637565
1766 0.637565
1767 0.637565
1768 0.637565
1769 0.637565
1770 0.637565
1771 0.637565
1772 0.637565
1773 0.637565
1774 0.637565
1775 0.637565
1776 0.637565
1777 0.637565
1778 0.637565
1779 0.637565
1780 0.637565
1781 0.637565
1782 0.637565
1783 0.637565
1784 0.637565
1785 0.637565
1786 0.637565
1787 0.637565
1788 0.637565
1789 0.637565
1790 0.637565
1791 0.637565
1792 0.637565
1793 0.637565
1794 0.637565
1795 0.637565
1796 0.637565
1797 0.637565
1798 0.637565
1799 0.637565
1800 0.637565
1801 0.637565
1802 0.637565
1803 0.637565
1804 0.637565
1805 0.637565
1806 0.637565
1807 0.637565
1808 0.637565
1809 0.637565
1810 0.637565
1811 0.637565
1812 0.637565
1813 0.637565
1814 0.637565
1815 0.637565
1816 0.637565
1817 0.637565
1818 0.637565
1819 0.637565
1820 0.637565
1821 0.637565
1822 0.637565
1823 0.637565
1824 0.637565
1825 0.637565
1826 0.637565
1827 0.637565
1828 0.637565
1829 0.637565
1830 0.637565
1831 0.637565
1832 0.637565
1833 0.637565
1834 0.637565
1835 0.637565
1836 0.637565
1837 0.637565
1838 0.637565
1839 0.637565
1840 0.637565
1841 0.637565
1842 0.637565
1843 0.637565
1844 0.637565
1845 0.637565
1846 0.637565
1847 0.637565
1848 0.637565
1849 0.637565
1850 0.637565
1851 0.637565
1852 0.637565
1853 0.637565
1854 0.637565
1855 0.637565
1856 0.637565
1857 0.637565
1858 0.637565
1859 0.637565
1860 0.637565
1861 0.637565
1862 0.637565
1863 0.637565
1864 0.637565
1865 0.637565
1866 0.637565
1867 0.637565
1868 0.637565
1869 0.637565
1870 0.637565
1871 0.637565
1872 0.637565
1873 0.637565
1874 0.637565
1875 0.637565
1876 0.637565
1877 0.637565
1878 0.637565
1879 0.637565
1880 0.637565
1881 0.637565
1882 0.637565
1883 0.637565
1884 0.637565
1885 0.635715
1886 0.635715
1887 0.635715
1888 0.635715
1889 0.635715
1890 0.635715
1891 0.635715
1892 0.635715
1893 0.635715
1894 0.635715
1895 0.635715
1896 0.635715
1897 0.635715
1898 0.635715
1899 0.635715
1900 0.635715
1901 0.635715
1902 0.635715
1903 0.635715
1904 0.635715
1905 0.635715
1906 0.635715
1907 0.635715
1908 0.635715
1909 0.635715
1910 0.635715
1911 0.635715
1912 0.635715
1913 0.635715
1914 0.635715
1915 0.635715
1916 0.635715
1917 0.635715
1918 0.635715
1919 0.635715
1920 0.635715
1921 0.635715
1922 0.635715
1923 0.635715
1924 0.635715
1925 0.635715
1926 0.635715
1927 0.635715
1928 0.635715
1929 0.635715
1930 0.635715
1931 0.635715
1932 0.635715
1933 0.635715
1934 0.635715
1935 0.635715
1936 0.635715
1937 0.635715
1938 0.635715
1939 0.635715
1940 0.635715
1941 0.635715
1942 0.635715
1943 0.635715
1944 0.635715
1945 0.635715
1946 0.635715
1947 0.635715
1948 0.635715
1949 0.635715
1950 0.635715
1951 0.635715
1952 0.635715
1953 0.635715
1954 0.635715
1955 0.635715
1956 0.635715
1957 0.635715
1958 0.635715
1959 0.635715
1960 0.635715
1961 0.635715
1962 0.635715
1963 0.635715
1964 0.635715
1965 0.635715
1966 0.635715
1967 0.635715
1968 0.635715
1969 0.635715
1970 0.635715
1971 0.635715
1972 0.635715
1973 0.635715
1974 0.635715
1975 0.635715
1976 0.635715
1977 0.635715
1978 0.635715
1979 0.635715
1980 0.635715
1981 0.635715
1982 0.635715
1983 0.635715
1984 0.635715
1985 0.635715
1986 0.635715
1987 0.635715
1988 0.635715
1989 0.635715
1990 0.635715
1991 0.635715
1992 0.635715
1993 0.635715
1994 0.635715
1995 0.635715
1996 0.635715
1997 0.635715
1998 0.635715
1999 0.635715
2000 0.635715
2001 0.635715
2002 0.635715
2003 0.635715
2004 0.635715
2005 0.635715
2006 0.635715
2007 0.635715
2008 0.635715
2009 0.635715
2010 0.635715
2011 0.635715
2012 0.635715
2013 0.635715
2014 0.635715
2015 0.635715
2016 0.635715
2017 0.635715
2018 0.635715
2019 0.635715
2020 0.635715
2021 0.635715
2022 0.635715
2023 0.635715
2024 0.635715
2025 0.635715
2026 0.635715
2027 0.635715
2028 0.635715
2029 0.635715
2030 0.635715
2031 0.635715
2032 0.635715
2033 0.635715
2034 0.635715
2035 0.635715
2036 0.635715
2037 0.635715
2038 0.635715
2039 0.635715
2040 0.635715
2041 0.635715
2042 0.635715
2043 0.635715
2044 0.635715
2045 0.635715
2046 0.635715
2047 0.635715
2048 0.635715
2049 0.635715
2050 0.635715
2051 0.635715
2052 0.635715
2053 0.635715
2054 0.635715
2055 0.635715
2056 0.635715
2057 0.635715
2058 0.635715
2059 0.635715
2060 0.635715
2061 0.635715
2062 0.635715
2063 0.635715
2064 0.635715
2065 0.635715
2066 0.635715
2067 0.635715
2068 0.635715
2069 0.635715
2070 0.635715
2071 0.635715
2072 0.635715
2073 0.635715
2074 0.635715
2075 0.635715
2076 0.635715
2077 0.635715
2078 0.635715
2079 0.635715
2080 0.635715
2081 0.635715
2082 0.635715
2083 0.635715
2084 0.635715
2085 0.635715
2086 0.635715
2087 0.635715
2088 0.635715
2089 0.635715
2090 0.635715
2091 0.635715
2092 0.635715
2093 0.635715
2094 0.635715
2095 0.635715
2096 0.635715
2097 0.635715
2098 0.635715
2099 0.635715
2100 0.635715
2101 0.635715
2102 0.635715
2103 0.635715
2104 0.635715
2105 0.635715
2106 0.635715
2107 0.635715
2108 0.635715
2109 0.635715
2110 0.635715
2111 0.635715
2112 0.635715
2113 0.635715
2114 0.635715
2115 0.635715
2116 0.635715
2117 0.635715
2118 0.635715
2119 0.635715
2120 0.635715
2121 0.635715
2122 0.635715
2123 0.635715
2124 0.635715
2125 0.635715
2126 0.635715
2127 0.635715
2128 0.635715
2129 0.635715
2130 0.635715
2131 0.635715
2132 0.635715
2133 0.635715
2134 0.635715
2135 0.635715
2136 0.635715
2137 0.635715
2138 0.635715
2139 0.635715
2140 0.635715
2141 0.635715
2142 0.635715
2143 0.635715
2144 0.635715
2145 0.635715
2146 0.635715
2147 0.635715
2148 0.635715
2149 0.635715
2150 0.635715
2151 0.635715
2152 0.635715
2153 0.635715
2154 0.635715
2155 0.635715
2156 0.635715
2157 0.635715
2158 0.635715
2159 0.635715
2160 0.635715
2161 0.635715
2162 0.635715
2163 0.635715
2164 0.635715
2165 0.635715
2166 0.635715
2167 0.635715
2168 0.635715
2169 0.635715
2170 0.635715
2171 0.635715
2172 0.635715
2173 0.635715
2174 0.635715
2175 0.635715
2176 0.635715
2177 0.635715
2178 0.635715
2179 0.635715
2180 0.635715
2181 0.635715
2182 0.635715
2183 0.635715
2184 0.635715
2185 0.635715
2186 0.635715
2187 0.635715
2188 0.635715
2189 0.635715
2190 0.635715
2191 0.635715
2192 0.635715
2193 0.635715
2194 0.635715
2195 0.635715
2196 0.635715
2197 0.635715
2198 0.635715
2199 0.635715
2200 0.635715
2201 0.635715
2202 0.635715
2203 0.635715
2204 0.635715
2205 0.635715
2206 0.635715
2207 0.635715
2208 0.635715
2209 0.635715
2210 0.635715
2211 0.635715
2212 0.635715
2213 0.635715
2214 0.635715
2215 0.635715
2216 0.635715
2217 0.635715
2218 0.635715
2219 0.635715
2220 0.635715
2221 0.635715
2222 0.635715
2223 0.635715
2224 0.635715
2225 0.635715
2226 0.635715
2227 0.635715
2228 0.635715
2229 0.635715
2230 0.635715
2231 0.635715
2232 0.635715
2233 0.635715
2234 0.635715
2235 0.635715
2236 0.635715
2237 0.635715
2238 0.635715
2239 0.635715
2240 0.635715
2241 0.635715
2242 0.635715
2243 0.635715
2244 0.635715
2245 0.635715
2246 0.635715
2247 0.632667
2248 0.632667
2249 0.632667
2250 0.632667
2251 0.632667
2252 0.632667
2253 0.632667
2254 0.632667
2255 0.632667
2256 0.632667
2257 0.632667
2258 0.632667
2259 0.632667
2260 0.632667
2261 0.632667
2262 0.632667
2263 0.632667
2264 0.632667
2265 0.632667
2266 0.632667
2267 0.632667
2268 0.632667
2269 0.632667
2270 0.632667
2271 0.632667
2272 0.632667
2273 0.632667
2274 0.632667
2275 0.632667
2276 0.632667
2277 0.632667
2278 0.632667
2279 0.632667
2280 0.632667
2281 0.632667
2282 0.632667
2283 0.632667
2284 0.632667
2285 0.632667
2286 0.632667
2287 0.632667
2288 0.632667
2289 0.632667
2290 0.632667
2291 0.632667
2292 0.632667
2293 0.632667
2294 0.632667
2295 0.632667
2296 0.632667
2297 0.632667
2298 0.632667
2299 0.632667
2300 0.632667
2301 0.632667
2302 0.632667
2303 0.632667
2304 0.632667
2305 0.632667
2306 0.632667
2307 0.632667
2308 0.632667
2309 0.632667
2310 0.632667
2311 0.632667
2312 0.632667
2313 0.632667
2314 0.632667
2315 0.632667
2316 0.632667
2317 0.632667
2318 0.632667
2319 0.632667
2320 0.632667
2321 0.632667
2322 0.632667
2323 0.632667
2324 0.632667
2325 0.632667
2326 0.632667
2327 0.632667
2328 0.632667
2329 0.632667
2330 0.632667
2331 0.632667
2332 0.632667
2333 0.632667
2334 0.632667
2335 0.632667
2336 0.632667
2337 0.632667
2338 0.632667
2339 0.632667
2340 0.632667
2341 0.632667
2342 0.632667
2343 0.632667
2344 0.632667
2345 0.632667
2346 0.632667
2347 0.632667
2348 0.632667
2349 0.632667
2350 0.632667
2351 0.632667
2352 0.632667
2353 0.632667
2354 0.632667
2355 0.632667
2356 0.632667
2357 0.632667
2358 0.632667
2359 0.632667
2360 0.632667
2361 0.632667
2362 0.632667
2363 0.632667
2364 0.632667
2365 0.632667
2366 0.632667
2367 0.632667
2368 0.632667
2369 0.632667
2370 0.632667
2371 0.632667
2372 0.632667
2373 0.632667
2374 0.632667
2375 0.632667
2376 0.632667
2377 0.632667
2378 0.632667
2379 0.632667
2380 0.632667
2381 0.632667
2382 0.632667
2383 0.632667
2384 0.632667
2385 0.632667
2386 0.632667
2387 0.632667
2388 0.632667
2389 0.632667
2390 0.632667
2391 0.632667
2392 0.632667
2393 0.632667
2394 0.632667
2395 0.632667
2396 0.632667
2397 0.632667
2398 0.632667
2399 0.632667
2400 0.632667
2401 0.632667
2402 0.632667
2403 0.632667
2404 0.632667
2405 0.632667
2406 0.632667
2407 0.632667
2408 0.632667
2409 0.632667
2410 0.632667
2411 0.632667
2412 0.632667
2413 0.632667
2414 0.632667
2415 0.632667
2416 0.632667
2417 0.632667
2418 0.632667
2419 0.632667
2420 0.632667
2421 0.632667
2422 0.632667
2423 0.632667
2424 0.632667
2425 0.632667
2426 0.632667
2427 0.632667
2428 0.632667
2429 0.632667
2430 0.632667
2431 0.632667
2432 0.632667
2433 0.632667
2434 0.632667
2435 0.632667
2436 0.632667
2437 0.632667
2438 0.632667
2439 0.632667
2440 0.632667
2441 0.632667
2442 0.632667
2443 0.632667
2444 0.632667
2445 0.632667
2446 0.632667
2447 0.632667
2448 0.632667
2449 0.632667
2450 0.632667
2451 0.632667
2452 0.632667
2453 0.632667
2454 0.632667
2455 0.632667
2456 0.632667
2457 0.632667
2458 0.632667
2459 0.632667
2460 0.632667
2461 0.632667
2462 0.632667
2463 0.632667
2464 0.632667
2465 0.632667
2466 0.632667
2467 0.632667
2468 0.632667
2469 0.632667
2470 0.632667
2471 0.632667
2472 0.632667
2473 0.632667
2474 0.632667
2475 0.632667
2476 0.632667
2477 0.632667
2478 0.632667
2479 0.632667
2480 0.632667
2481 0.632667
2482 0.632667
2483 0.632667
2484 0.632667
2485 0.632667
2486 0.632667
2487 0.632667
2488 0.632667
2489 0.632667
2490 0.632667
2491 0.632667
2492 0.632667
2493 0.632667
2494 0.632667
2495 0.632667
2496 0.632667
2497 0.632667
2498 0.632667
2499 0.632667
2500 0.632667
2501 0.632667
2502 0.632667
2503 0.632667
2504 0.632590
2505 0.632590
2506 0.632590
2507 0.632590
2508 0.632590
2509 0.632590
2510 0.632590
2511 0.632590
2512 0.632590
2513 0.632590
2514 0.632590
2515 0.632590
2516 0.632590
2517 0.632590
2518 0.632590
2519 0.632590
2520 0.632590
2521 0.632590
2522 0.632590
2523 0.632590
2524 0.632590
2525 0.632590
2526 0.632590
2527 0.632590
2528 0.632590
2529 0.632590
2530 0.632590
2531 0.632590
2532 0.632590
2533 0.632590
2534 0.632590
2535 0.632590
2536 0.632590
2537 0.632590
2538 0.632590
2539 0.632590
2540 0.632590
2541 0.632590
2542 0.632590
2543 0.632590
2544 0.632590
2545 0.632590
2546 0.632590
2547 0.632590
2548 0.632590
2549 0.632590
2550 0.632590
2551 0.632590
2552 0.632590
2553 0.632344
2554 0.632344
2555 0.632344
2556 0.632344
2557 0.632344
2558 0.632344
2559 0.632344
2560 0.632344
2561 0.632344
2562 0.632344
2563 0.632344
2564 0.632344
2565 0.632344
2566 0.632344
2567 0.632344
2568 0.632344
2569 0.632344
2570 0.632344
2571 0.632344
2572 0.632344
2573 0.632344
2574 0.632344
2575 0.632344
2576 0.632344
2577 0.632344
2578 0.632344
2579 0.632344
2580 0.632344
2581 0.632344
2582 0.632344
2583 0.632344
2584 0.632344
2585 0.632344
2586 0.632344
2587 0.632344
2588 0.632344
2589 0.632344
2590 0.632344
2591 0.632344
2592 0.632344
2593 0.632344
2594 0.632344
2595 0.632344
2596 0.632344
2597 0.632344
2598 0.632344
2599 0.632344
2600 0.632344
2601 0.632344
2602 0.632344
2603 0.632344
2604 0.632344
2605 0.632344
2606 0.632344
2607 0.632344
2608 0.632344
2609 0.632344
2610 0.632344
2611 0.632344
2612 0.632344
2613 0.632344
2614 0.632344
2615 0.632344
2616 0.632344
2617 0.632344
2618 0.632344
2619 0.632344
2620 0.632344
2621 0.632344
2622 0.632344
2623 0.632344
2624 0.632344
2625 0.632344
2626 0.632344
2627 0.632344
2628 0.632344
2629 0.632344
2630 0.632344
2631 0.632344
2632 0.632344
2633 0.632344
2634 0.632344
2635 0.632344
2636 0.632344
2637 0.632344
2638 0.632344
2639 0.632344
2640 0.632344
2641 0.632344
2642 0.632344
2643 0.632344
2644 0.632344
2645 0.632344
2646 0.632344
2647 0.632344
2648 0.632344
2649 0.632344
2650 0.632344
2651 0.632344
2652 0.632344
2653 0.632344
2654 0.632344
2655 0.632344
2656 0.632344
2657 0.632344
2658 0.632344
2659 0.632344
2660 0.632344
2661 0.632344
2662 0.632344
2663 0.632344
2664 0.632344
2665 0.632344
2666 0.632344
2667 0.632344
2668 0.632344
2669 0.632344
2670 0.632344
2671 0.632344
2672 0.632344
2673 0.632344
2674 0.632344
2675 0.632344
2676 0.632344
2677 0.632344
2678 0.632344
2679 0.632344
2680 0.632344
2681 0.632344
2682 0.632344
2683 0.632344
2684 0.632344
2685 0.632344
2686 0.632344
2687 0.632344
2688 0.632344
2689 0.632344
2690 0.632344
2691 0.632344
2692 0.632344
2693 0.632344
2694 0.632344
2695 0.632344
2696 0.632344
2697 0.632344
2698 0.632344
2699 0.632344
2700 0.632344
2701 0.632344
2702 0.632344
2703 0.632344
2704 0.632344
2705 0.632344
2706 0.632344
2707 0.632344
2708 0.632344
2709 0.632344
2710 0.632344
2711 0.632344
2712 0.632344
2713 0.632344
2714 0.632344
2715 0.632344
2716 0.632344
2717 0.632344
2718 0.632344
2719 0.632344
2720 0.632344
2721 0.632344
2722 0.632344
2723 0.632344
2724 0.632344
2725 0.632344
2726 0.632344
2727 0.632344
2728 0.632344
2729 0.632344
2730 0.632344
2731 0.632344
2732 0.632344
2733 0.632344
2734 0.632344
2735 0.632344
2736 0.632344
2737 0.632344
2738 0.632344
2739 0.632344
2740 0.632344
2741 0.632344
2742 0.632344
2743 0.632344
2744 0.632344
2745 0.632344
2746 0.632344
2747 0.632344
2748 0.632344
2749 0.632344
2750 0.632344
2751 0.632344
2752 0.632344
2753 0.632344
2754 0.632344
2755 0.632344
2756 0.632344
2757 0.632344
2758 0.632344
2759 0.632344
2760 0.632344
2761 0.632344
2762 0.632344
2763 0.632344
2764 0.631286
2765 0.631286
2766 0.631286
2767 0.631286
2768 0.631286
2769 0.631286
2770 0.631286
2771 0.631286
2772 0.631286
2773 0.631286
2774 0.631286
2775 0.631286
2776 0.631286
2777 0.631286
2778 0.631286
2779 0.631286
2780 0.631286
2781 0.631286
2782 0.631286
2783 0.631286
2784 0.631286
2785 0.631286
2786 0.631286
2787 0.631286
2788 0.631286
2789 0.631286
2790 0.631286
2791 0.631286
2792 0.631286
2793 0.631286
2794 0.631286
2795 0.631286
2796 0.631286
2797 0.631286
2798 0.631286
2799 0.631286
2800 0.631286
2801 0.631286
2802 0.631286
2803 0.631286
2804 0.631286
2805 0.631286
2806 0.631286
2807 0.631286
2808 0.631286
2809 0.631286
2810 0.631286
2811 0.631051
2812 0.631051
2813 0.631051
2814 0.631051
2815 0.631051
2816 0.631051
2817 0.631051
2818 0.631051
2819 0.631051
2820 0.631051
2821 0.631051
2822 0.631051
2823 0.631051
2824 0.631051
2825 0.631051
2826 0.631051
2827 0.631051
2828 0.631051
2829 0.631051
2830 0.631051
2831 0.631051
2832 0.631051
2833 0.631051
2834 0.631051
2835 0.631051
2836 0.631051
2837 0.631051
2838 0.631051
2839 0.631051
2840 0.631051
2841 0.631051
2842 0.630896
2843 0.630896
2844 0.630896
2845 0.630896
2846 0.630896
2847 0.630896
2848 0.630896
2849 0.630896
2850 0.630896
2851 0.630896
2852 0.630896
2853 0.630896
2854 0.630896
2855 0.630896
2856 0.630896
2857 0.630896
2858 0.630896
2859 0.630896
2860 0.630896
2861 0.630896
2862 0.630896
2863 0.630896
2864 0.630896
2865 0.630896
2866 0.630896
2867 0.630896
2868 0.630896
2869 0.630896
2870 0.630896
2871 0.630896
2872 0.630896
2873 0.630896
2874 0.630896
2875 0.630896
2876 0.630896
2877 0.630896
2878 0.630896
2879 0.630896
2880 0.630896
2881 0.630896
2882 0.630896
2883 0.630896
2884 0.630896
2885 0.630896
2886 0.630896
2887 0.630896
2888 0.630896
2889 0.630896
2890 0.630896
2891 0.630896
2892 0.630896
2893 0.630896
2894 0.630896
2895 0.630896
2896 0.630896
2897 0.630896
2898 0.630896
2899 0.630896
2900 0.630896
2901 0.630896
2902 0.630896
2903 0.630896
2904 0.630896
2905 0.630896
2906 0.630896
2907 0.630896
2908 0.630896
2909 0.630896
2910 0.630896
2911 0.630896
2912 0.630896
2913 0.630896
2914 0.630896
2915 0.630896
2916 0.630896
2917 0.630896
2918 0.630896
2919 0.630896
2920 0.630896
2921 0.630896
2922 0.630896
2923 0.630896
2924 0.630896
2925 0.630896
2926 0.630896
2927 0.630896
2928 0.630896
2929 0.630896
2930 0.630896
2931 0.630896
2932 0.630896
2933 0.630896
2934 0.630896
2935 0.630896
2936 0.630896
2937 0.630896
2938 0.630896
2939 0.630896
2940 0.630896
2941 0.630896
2942 0.630896
2943 0.630896
2944 0.630896
2945 0.630896
2946 0.630896
2947 0.630896
2948 0.630896
2949 0.630896
2950 0.630896
2951 0.630896
2952 0.630896
2953 0.630896
2954 0.630896
2955 0.630896
2956 0.630896
2957 0.630896
2958 0.630896
2959 0.630896
2960 0.630896
2961 0.630896
2962 0.630896
2963 0.630896
2964 0.630896
2965 0.630896
2966 0.630896
2967 0.630896
2968 0.630896
2969 0.630896
2970 0.630896
2971 0.630896
2972 0.630896
2973 0.630896
2974 0.630896
2975 0.630896
2976 0.630896
2977 0.630896
2978 0.630896
2979 0.630896
2980 0.630896
2981 0.630896
2982 0.630896
2983 0.630896
2984 0.630896
2985 0.630896
2986 0.630896
2987 0.630896
2988 0.630896
2989 0.630896
2990 0.630896
2991 0.630896
2992 0.630896
2993 0.630896
2994 0.630896
2995 0.630896
2996 0.630896
2997 0.630896
2998 0.630896
2999 0.630896
3000 0.630896
3001 0.630896
3002 0.630896
3003 0.630896
3004 0.630896
3005 0.630896
3006 0.630896
3007 0.630896
3008 0.630896
3009 0.630896
3010 0.630896
3011 0.630896
3012 0.630896
3013 0.630896
3014 0.630896
3015 0.630896
3016 0.630896
3017 0.630896
3018 0.630896
3019 0.630896
3020 0.630896
3021 0.630896
3022 0.630896
3023 0.630896
3024 0.630896
3025 0.630896
3026 0.630896
3027 0.630896
3028 0.630896
3029 0.630896
3030 0.630896
3031 0.630896
3032 0.630896
3033 0.630896
3034 0.630896
3035 0.630896
3036 0.630896
3037 0.630896
3038 0.630896
3039 0.630896
3040 0.630896
3041 0.630896
3042 0.630896
3043 0.630896
3044 0.630896
3045 0.630896
3046 0.630896
3047 0.630896
3048 0.630896
3049 0.630896
3050 0.630896
3051 0.630896
3052 0.630896
3053 0.630896
3054 0.630896
3055 0.630896
3056 0.630896
3057 0.630896
3058 0.630896
3059 0.630896
3060 0.630896
3061 0.630896
3062 0.630896
3063 0.630896
3064 0.630896
3065 0.630896
3066 0.630896
3067 0.630896
3068 0.630896
3069 0.630896
3070 0.630896
3071 0.630896
3072 0.630896
3073 0.630896
3074 0.630896
3075 0.630896
3076 0.630896
3077 0.630896
3078 0.630896
3079 0.630896
3080 0.630896
3081 0.630896
3082 0.630896
3083 0.630896
3084 0.630896
3085 0.630896
3086 0.630896
3087 0.630896
3088 0.630896
3089 0.630896
3090 0.630896
3091 0.630896
3092 0.630896
3093 0.630896
3094 0.630896
3095 0.630896
3096 0.630896
3097 0.630896
3098 0.630896
3099 0.630896
3100 0.630896
3101 0.630896
3102 0.630896
3103 0.630896
3104 0.630896
3105 0.630896
3106 0.630896
3107 0.630896
3108 0.630896
3109 0.630896
3110 0.630896
3111 0.630896
3112 0.630896
3113 0.630896
3114 0.630896
3115 0.630896
3116 0.630896
3117 0.630896
3118 0.630896
3119 0.630896
3120 0.630896
3121 0.630896
3122 0.630896
3123 0.630896
3124 0.630896
3125 0.630896
3126 0.630896
3127 0.630896
3128 0.630896
3129 0.630896
3130 0.630896
3131 0.630896
3132 0.630896
3133 0.630896
3134 0.630896
3135 0.630896
3136 0.630896
3137 0.630896
3138 0.630896
3139 0.630896
3140 0.630896
3141 0.630896
3142 0.630896
3143 0.630896
3144 0.630896
3145 0.630896
3146 0.630896
3147 0.630896
3148 0.630896
3149 0.630896
3150 0.630896
3151 0.630896
3152 0.630896
3153 0.630896
3154 0.630896
3155 0.630896
3156 0.630896
3157 0.630896
3158 0.630896
3159 0.630896
3160 0.630896
3161 0.630896
3162 0.630896
3163 0.630896
3164 0.630896
3165 0.630896
3166 0.630896
3167 0.630896
3168 0.630896
3169 0.630896
3170 0.630896
3171 0.630896
3172 0.630896
3173 0.630896
3174 0.630896
3175 0.630896
3176 0.630896
3177 0.630896
3178 0.630896
3179 0.630896
3180 0.630896
3181 0.630896
3182 0.630896
3183 0.630896
3184 0.630896
3185 0.630896
3186 0.630896
3187 0.630896
3188 0.630896
3189 0.630896
3190 0.630896
3191 0.630896
3192 0.630896
3193 0.630896
3194 0.630896
3195 0.630896
3196 0.630896
3197 0.630896
3198 0.630896
3199 0.630896
3200 0.630896
3201 0.630896
3202 0.630896
3203 0.630896
3204 0.630896
3205 0.630896
3206 0.630896
3207 0.630896
3208 0.630896
3209 0.630896
3210 0.630896
3211 0.630896
3212 0.630896
3213 0.630896
3214 0.630896
3215 0.630896
3216 0.630896
3217 0.630896
3218 0.630896
3219 0.630896
3220 0.630896
3221 0.630896
3222 0.630896
3223 0.630896
3224 0.630896
3225 0.630896
3226 0.630896
3227 0.630896
3228 0.630896
3229 0.630896
3230 0.630896
3231 0.630896
3232 0.630896
3233 0.630896
3234 0.630896
3235 0.630896
3236 0.630896
3237 0.630896
3238 0.630896
3239 0.630896
3240 0.630896
3241 0.630896
3242 0.630896
3243 0.630896
3244 0.630896
3245 0.630896
3246 0.630896
3247 0.630896
3248 0.630896
3249 0.630896
3250 0.630896
3251 0.630896
3252 0.630896
3253 0.630896
3254 0.630896
3255 0.630896
3256 0.630896
3257 0.630896
3258 0.630896
3259 0.630896
3260 0.630896
3261 0.630896
3262 0.630896
3263 0.630896
3264 0.630896
3265 0.630896
3266 0.630896
3267 0.630896
3268 0.630896
3269 0.630896
3270 0.630896
3271 0.630896
3272 0.630896
3273 0.630896
3274 0.630896
3275 0.630896
3276 0.630896
3277 0.630896
3278 0.630896
3279 0.630896
3280 0.630896
3281 0.630896
3282 0.630896
3283 0.630896
3284 0.630896
3285 0.630896
3286 0.630896
3287 0.630896
3288 0.630896
3289 0.630896
3290 0.630896
3291 0.630896
3292 0.630896
3293 0.630896
3294 0.630896
3295 0.630896
3296 0.630896
3297 0.630896
3298 0.630896
3299 0.630896
3300 0.630896
3301 0.630896
3302 0.630896
3303 0.630896
3304 0.630896
3305 0.630896
3306 0.630896
3307 0.630896
3308 0.630896
3309 0.630896
3310 0.630896
3311 0.630896
3312 0.630896
3313 0.630896
3314 0.630896
3315 0.630896
3316 0.630896
3317 0.630896
3318 0.630896
3319 0.630896
3320 0.630896
3321 0.630896
3322 0.630896
3323 0.630896
3324 0.630896
3325 0.630896
3326 0.630896
3327 0.630896
3328 0.630896
3329 0.630896
3330 0.630896
3331 0.630896
3332 0.630896
3333 0.630896
3334 0.630896
3335 0.630896
3336 0.630896
3337 0.630896
3338 0.630896
3339 0.630896
3340 0.630896
3341 0.630896
3342 0.630896
3343 0.630896
3344 0.630896
3345 0.630896
3346 0.630896
3347 0.630896
3348 0.630896
3349 0.630896
3350 0.630896
3351 0.630896
3352 0.630896
3353 0.630896
3354 0.630896
3355 0.630896
3356 0.630896
3357 0.630896
3358 0.630896
3359 0.630896
3360 0.630896
3361 0.630896
3362 0.630896
3363 0.630896
3364 0.630896
3365 0.630896
3366 0.630896
3367 0.630896
3368 0.630896
3369 0.630896
3370 0.630896
3371 0.630896
3372 0.630896
3373 0.630896
3374 0.630896
3375 0.630896
3376 0.630896
3377 0.630896
3378 0.630896
3379 0.630896
3380 0.630896
3381 0.630896
3382 0.630896
3383 0.630896
3384 0.630896
3385 0.630896
3386 0.630896
3387 0.630896
3388 0.630896
3389 0.630896
3390 0.630896
3391 0.630896
3392 0.630896
3393 0.630896
3394 0.630896
3395 0.630896
3396 0.630896
3397 0.630896
3398 0.630896
3399 0.630896
3400 0.630896
3401 0.630896
3402 0.630896
3403 0.630896
3404 0.630896
3405 0.630896
3406 0.630896
3407 0.630896
3408 0.630896
3409 0.630896
3410 0.630896
3411 0.630896
3412 0.630896
3413 0.630896
3414 0.630896
3415 0.630896
3416 0.630896
3417 0.630896
3418 0.630896
3419 0.630896
3420 0.630896
3421 0.630896
3422 0.630896
3423 0.630896
3424 0.630896
3425 0.630896
3426 0.630896
3427 0.630896
3428 0.630896
3429 0.630896
3430 0.630896
3431 0.630896
3432 0.630896
3433 0.630896
3434 0.630896
3435 0.630896
3436 0.630896
3437 0.630896
3438 0.630896
3439 0.630896
3440 0.630896
3441 0.630896
3442 0.630896
3443 0.630896
3444 0.630896
3445 0.630896
3446 0.630896
3447 0.630896
3448 0.630896
3449 0.630896
3450 0.630896
3451 0.630896
3452 0.630896
3453 0.630896
3454 0.630896
3455 0.630896
3456 0.630896
3457 0.630896
3458 0.630896
3459 0.630896
3460 0.630896
3461 0.630896
3462 0.630896
3463 0.630896
3464 0.630896
3465 0.630896
3466 0.630896
3467 0.630896
3468 0.630896
3469 0.630896
3470 0.630896
3471 0.630896
3472 0.630896
3473 0.630896
3474 0.630896
3475 0.630896
3476 0.630896
3477 0.630896
3478 0.630896
3479 0.630896
3480 0.630896
3481 0.630896
3482 0.630896
3483 0.630896
3484 0.630896
3485 0.630896
3486 0.630896
3487 0.630896
3488 0.630896
3489 0.630896
3490 0.630896
3491 0.630896
3492 0.630896
3493 0.630896
3494 0.630896
3495 0.630896
3496 0.630896
3497 0.630896
3498 0.630896
3499 0.630896
3500 0.630896
3501 0.630896
3502 0.630896
3503 0.630896
3504 0.630896
3505 0.630896
3506 0.630896
3507 0.630896
3508 0.630896
3509 0.630896
3510 0.630896
3511 0.630896
3512 0.630896
3513 0.630896
3514 0.630896
3515 0.630896
3516 0.630896
3517 0.630896
3518 0.630896
3519 0.630896
3520 0.630896
3521 0.630896
3522 0.630896
3523 0.630896
3524 0.630896
3525 0.630896
3526 0.630896
3527 0.630896
3528 0.630896
3529 0.630896
3530 0.630896
3531 0.630896
3532 0.630896
3533 0.630896
3534 0.630896
3535 0.630896
3536 0.630896
3537 0.630896
3538 0.630896
3539 0.630896
3540 0.630896
3541 0.630896
3542 0.630896
3543 0.630896
3544 0.630896
3545 0.630896
3546 0.630896
3547 0.630896
3548 0.630896
3549 0.630896
3550 0.630896
3551 0.630896
3552 0.630896
3553 0.630896
3554 0.630896
3555 0.630896
3556 0.630896
3557 0.630896
3558 0.630896
3559 0.630896
3560 0.630896
3561 0.630896
3562 0.630896
3563 0.630896
3564 0.630896
3565 0.630896
3566 0.630896
3567 0.630896
3568 0.630896
3569 0.630896
3570 0.630896
3571 0.630896
3572 0.630896
3573 0.630896
3574 0.630896
3575 0.630896
3576 0.630896
3577 0.630896
3578 0.630896
3579 0.630896
3580 0.630896
3581 0.630896
3582 0.630896
3583 0.630896
3584 0.630896
3585 0.630896
3586 0.630896
3587 0.630896
3588 0.630896
3589 0.630896
3590 0.630896
3591 0.630896
3592 0.630896
3593 0.630896
3594 0.630896
3595 0.630896
3596 0.630896
3597 0.630896
3598 0.630896
3599 0.630896
3600 0.630896
3601 0.630896
3602 0.630896
3603 0.630896
3604 0.630896
3605 0.630896
3606 0.630896
3607 0.630896
3608 0.630896
3609 0.630896
3610 0.630896
3611 0.630896
3612 0.630896
3613 0.630896
3614 0.630896
3615 0.630896
3616 0.630896
3617 0.630896
3618 0.630896
3619 0.630896
3620 0.630896
3621 0.630896
3622 0.630896
3623 0.630896
3624 0.630896
3625 0.630896
3626 0.630896
3627 0.630896
3628 0.630896
3629 0.630896
3630 0.630896
3631 0.630896
3632 0.630896
3633 0.630896
3634 0.630896
3635 0.630896
3636 0.630896
3637 0.630896
3638 0.630896
3639 0.630896
3640 0.630896
3641 0.630896
3642 0.630896
3643 0.630896
3644 0.630896
3645 0.630896
3646 0.630896
3647 0.630896
3648 0.630896
3649 0.630896
3650 0.630896
3651 0.630896
3652 0.630896
3653 0.630896
3654 0.630896
3655 0.630896
3656 0.630896
3657 0.630896
3658 0.630896
3659 0.630896
3660 0.630896
3661 0.630896
3662 0.630896
3663 0.630896
3664 0.630896
3665 0.630896
3666 0.630896
3667 0.630896
3668 0.630896
3669 0.630896
3670 0.630896
3671 0.630896
3672 0.630896
3673 0.630896
3674 0.630896
3675 0.630896
3676 0.630896
3677 0.630896
3678 0.630896
3679 0.630896
3680 0.630896
3681 0.630896
3682 0.630896
3683 0.630896
3684 0.630896
3685 0.630896
3686 0.630896
3687 0.630896
3688 0.630896
3689 0.630896
3690 0.630896
3691 0.630896
3692 0.630896
3693 0.630896
3694 0.630896
3695 0.630896
3696 0.630896
3697 0.630896
3698 0.630896
3699 0.630896
3700 0.630896
3701 0.630896
3702 0.630896
3703 0.630896
3704 0.630896
3705 0.630896
3706 0.630896
3707 0.630896
3708 0.630896
3709 0.630896
3710 0.630896
3711 0.630896
3712 0.630896
3713 0.630896
3714 0.630896
3715 0.630896
3716 0.630896
3717 0.630896
3718 0.630896
3719 0.624544
3720 0.624544
3721 0.624544
3722 0.624544
3723 0.624544
3724 0.624544
3725 0.624544
3726 0.624544
3727 0.624544
3728 0.624544
3729 0.624544
3730 0.624544
3731 0.624544
3732 0.624544
3733 0.624544
3734 0.624544
3735 0.624544
3736 0.624544
3737 0.624544
3738 0.624544
3739 0.624544
3740 0.624544
3741 0.624544
3742 0.624544
3743 0.624544
3744 0.624544
3745 0.624544
3746 0.624544
3747 0.624544
3748 0.624544
3749 0.624544
3750 0.624544
3751 0.624544
3752 0.624544
3753 0.624544
3754 0.624544
3755 0.624544
3756 0.624544
3757 0.624544
3758 0.624544
3759 0.624544
3760 0.624544
3761 0.624544
3762 0.624544
3763 0.624544
3764 0.624544
3765 0.624544
3766 0.624544
3767 0.624544
3768 0.624544
3769 0.624544
3770 0.624544
3771 0.624544
3772 0.624544
3773 0.624544
3774 0.624544
3775 0.624544
3776 0.624544
3777 0.624544
3778 0.624544
3779 0.624544
3780 0.624544
3781 0.624544
3782 0.624544
3783 0.624544
3784 0.624544
3785 0.624544
3786 0.624544
3787 0.624544
3788 0.624544
3789 0.624544
3790 0.624544
3791 0.624544
3792 0.624544
3793 0.624544
3794 0.624544
3795 0.624544
3796 0.624544
3797 0.624544
3798 0.624544
3799 0.624544
3800 0.624544
3801 0.624544
3802 0.624544
3803 0.624544
3804 0.624544
3805 0.624544
3806 0.624544
3807 0.624544
3808 0.624544
3809 0.624544
3810 0.624544
3811 0.624544
3812 0.624544
3813 0.624544
3814 0.624544
3815 0.624544
3816 0.624544
3817 0.624544
3818 0.624544
3819 0.624544
3820 0.624544
3821 0.624544
3822 0.624544
3823 0.624544
3824 0.624544
3825 0.624544
3826 0.624544
3827 0.624544
3828 0.624544
3829 0.624544
3830 0.624544
3831 0.624544
3832 0.624544
3833 0.624544
3834 0.624544
3835 0.624544
3836 0.624544
3837 0.624544
3838 0.624544
3839 0.624544
3840 0.624544
3841 0.624544
3842 0.624544
3843 0.624544
3844 0.624544
3845 0.624544
3846 0.624544
3847 0.624544
3848 0.624544
3849 0.624544
3850 0.624544
3851 0.624544
3852 0.624544
3853 0.624544
3854 0.624544
3855 0.624544
3856 0.624544
3857 0.624544
3858 0.624544
3859 0.624544
3860 0.624544
3861 0.624544
3862 0.624544
3863 0.624544
3864 0.624544
3865 0.624544
3866 0.624544
3867 0.624544
3868 0.624544
3869 0.624544
3870 0.624544
3871 0.624544
3872 0.624544
3873 0.624544
3874 0.624544
3875 0.624544
3876 0.624544
3877 0.624544
3878 0.624544
3879 0.624544
3880 0.624544
3881 0.624544
3882 0.624544
3883 0.624544
3884 0.624544
3885 0.624544
3886 0.624544
3887 0.624544
3888 0.624544
3889 0.624544
3890 0.624544
3891 0.624544
3892 0.624544
3893 0.624544
3894 0.624544
3895 0.624544
3896 0.624544
3897 0.624544
3898 0.624544
3899 0.624544
3900 0.624544
3901 0.624544
3902 0.624544
3903 0.624544
3904 0.624544
3905 0.624544
3906 0.624544
3907 0.624544
3908 0.624544
3909 0.624544
3910 0.624544
3911 0.624544
3912 0.624544
3913 0.624544
3914 0.624544
3915 0.624544
3916 0.624544
3917 0.624544
3918 0.624544
3919 0.624544
3920 0.624544
3921 0.624544
3922 0.624544
3923 0.624544
3924 0.624544
3925 0.624544
3926 0.624544
3927 0.624544
3928 0.624544
3929 0.624544
3930 0.624544
3931 0.624544
3932 0.624544
3933 0.624544
3934 0.624544
3935 0.624544
3936 0.624544
3937 0.624544
3938 0.624544
3939 0.624544
3940 0.624544
3941 0.624544
3942 0.624544
3943 0.624544
3944 0.624544
3945 0.624544
3946 0.624544
3947 0.624544
3948 0.624544
3949 0.624544
3950 0.624544
3951 0.624544
3952 0.624544
3953 0.624544
3954 0.624544
3955 0.624544
3956 0.624544
3957 0.624544
3958 0.624544
3959 0.624544
3960 0.624544
3961 0.624544
3962 0.624544
3963 0.624544
3964 0.624544
3965 0.624544
3966 0.624544
3967 0.624544
3968 0.624544
3969 0.624544
3970 0.624544
3971 0.624544
3972 0.624544
3973 0.624544
3974 0.624544
3975 0.624544
3976 0.624544
3977 0.624544
3978 0.624544
3979 0.624544
3980 0.624544
3981 0.624544
3982 0.624544
3983 0.624544
3984 0.624544
3985 0.624544
3986 0.624544
3987 0.624544
3988 0.624544
3989 0.624544
3990 0.624544
3991 0.624544
3992 0.624544
3993 0.624544
3994 0.624544
3995 0.624544
3996 0.624544
3997 0.624544
3998 0.624544
3999 0.624544
4000 0.624544
4001 0.624544
4002 0.624544
4003 0.624544
4004 0.624544
4005 0.624544
4006 0.624544
4007 0.624544
4008 0.624544
4009 0.624544
4010 0.624544
4011 0.624544
4012 0.624544
4013 0.624544
4014 0.624544
4015 0.624544
4016 0.624544
4017 0.624544
4018 0.624544
4019 0.624544
4020 0.624544
4021 0.624544
4022 0.624544
4023 0.624544
4024 0.624544
4025 0.624544
4026 0.624544
4027 0.624544
4028 0.624544
4029 0.624544
4030 0.624544
4031 0.624544
4032 0.624544
4033 0.624544
4034 0.624544
4035 0.624544
4036 0.624544
4037 0.624544
4038 0.624544
4039 0.624544
4040 0.624544
4041 0.624544
4042 0.624544
4043 0.624544
4044 0.624544
4045 0.624544
4046 0.624544
4047 0.624544
4048 0.624544
4049 0.624544
4050 0.624544
4051 0.624544
4052 0.624544
4053 0.624544
4054 0.624544
4055 0.624544
4056 0.624544
4057 0.624544
4058 0.624544
4059 0.624544
4060 0.624544
4061 0.624544
4062 0.624544
4063 0.624544
4064 0.624544
4065 0.624544
4066 0.624544
4067 0.624544
4068 0.624544
4069 0.624544
4070 0.624544
4071 0.624544
4072 0.624544
4073 0.624544
4074 0.624544
4075 0.624544
4076 0.624544
4077 0.624544
4078 0.624544
4079 0.624544
4080 0.624544
4081 0.624544
4082 0.624544
4083 0.624544
4084 0.624544
4085 0.624544
4086 0.624544
4087 0.624544
4088 0.624544
4089 0.624544
4090 0.624544
4091 0.624544
4092 0.624544
4093 0.624544
4094 0.624544
4095 0.624544
4096 0.624544
4097 0.624544
4098 0.624544
4099 0.624544
4100 0.624544
4101 0.624544
4102 0.624544
4103 0.624544
4104 0.624544
4105 0.624544
4106 0.624544
4107 0.624544
4108 0.624544
4109 0.624544
4110 0.624544
4111 0.624544
4112 0.624544
4113 0.624544
4114 0.624544
4115 0.624544
4116 0.624544
4117 0.624544
4118 0.624544
4119 0.624544
4120 0.624544
4121 0.624544
4122 0.624544
4123 0.624544
4124 0.624544
4125 0.624544
4126 0.624544
4127 0.624544
4128 0.624544
4129 0.624544
4130 0.624544
4131 0.624544
4132 0.624544
4133 0.624544
4134 0.624544
4135 0.624544
4136 0.624544
4137 0.624544
4138 0.624544
4139 0.624544
4140 0.624544
4141 0.624544
4142 0.624544
4143 0.624544
4144 0.624544
4145 0.624544
4146 0.624544
4147 0.624544
4148 0.624544
4149 0.624544
4150 0.624544
4151 0.624544
4152 0.624544
4153 0.624544
4154 0.624544
4155 0.624544
4156 0.624544
4157 0.624544
4158 0.624544
4159 0.624544
4160 0.624544
4161 0.624544
4162 0.624544
4163 0.624544
4164 0.624544
4165 0.624544
4166 0.624544
4167 0.624544
4168 0.624544
4169 0.624544
4170 0.624544
4171 0.624544
4172 0.624544
4173 0.624544
4174 0.624544
4175 0.624544
4176 0.624544
4177 0.624544
4178 0.624544
4179 0.624544
4180 0.624544
4181 0.624544
4182 0.624544
4183 0.624544
4184 0.624544
4185 0.624544
4186 0.624544
4187 0.624544
4188 0.624544
4189 0.624544
4190 0.624544
4191 0.624544
4192 0.624544
4193 0.624544
4194 0.624544
4195 0.624544
4196 0.624544
4197 0.624544
4198 0.624544
4199 0.624544
4200 0.624544
4201 0.624544
4202 0.624544
4203 0.624544
4204 0.624544
4205 0.624544
4206 0.624544
4207 0.624544
4208 0.624544
4209 0.624544
4210 0.624544
4211 0.624544
4212 0.624544
4213 0.624544
4214 0.624544
4215 0.624544
4216 0.624544
4217 0.624544
4218 0.624544
4219 0.624544
4220 0.624544
4221 0.624544
4222 0.624544
4223 0.624544
4224 0.624544
4225 0.624544
4226 0.624544
4227 0.624544
4228 0.624544
4229 0.624544
4230 0.624544
4231 0.624544
4232 0.624544
4233 0.624544
4234 0.624544
4235 0.624544
4236 0.624544
4237 0.624544
4238 0.624544
4239 0.624544
4240 0.624544
4241 0.624544
4242 0.624544
4243 0.624544
4244 0.624544
4245 0.624544
4246 0.624544
4247 0.624544
4248 0.624544
4249 0.624544
4250 0.624544
4251 0.624544
4252 0.624544
4253 0.624544
4254 0.624544
4255 0.624544
4256 0.624544
4257 0.624544
4258 0.624544
4259 0.624544
4260 0.624544
4261 0.624544
4262 0.624544
4263 0.624544
4264 0.624544
4265 0.624544
4266 0.624544
4267 0.624544
4268 0.624544
4269 0.624544
4270 0.624544
4271 0.624544
4272 0.624544
4273 0.624544
4274 0.624544
4275 0.624544
4276 0.624544
4277 0.624544
4278 0.624544
4279 0.624544
4280 0.624544
4281 0.624544
4282 0.624544
4283 0.624544
4284 0.624544
4285 0.624544
4286 0.624544
4287 0.624544
4288 0.624544
4289 0.624544
4290 0.624544
4291 0.624544
4292 0.624544
4293 0.624544
4294 0.624544
4295 0.624544
4296 0.624544
4297 0.624544
4298 0.624544
4299 0.624544
4300 0.624544
4301 0.624544
4302 0.624544
4303 0.624544
4304 0.624544
4305 0.624544
4306 0.624544
4307 0.624544
4308 0.624544
4309 0.624544
4310 0.624544
4311 0.624544
4312 0.624544
4313 0.624544
4314 0.624544
4315 0.624544
4316 0.624544
4317 0.624544
4318 0.624544
4319 0.624544
4320 0.624544
4321 0.624544
4322 0.624544
4323 0.624544
4324 0.624544
4325 0.624544
4326 0.624544
4327 0.624544
4328 0.624544
4329 0.624544
4330 0.624544
4331 0.624544
4332 0.624544
4333 0.624544
4334 0.624544
4335 0.624544
4336 0.624544
4337 0.624544
4338 0.624544
4339 0.624544
4340 0.624544
4341 0.624544
4342 0.624544
4343 0.624544
4344 0.624544
4345 0.624544
4346 0.624544
4347 0.624544
4348 0.624544
4349 0.624544
4350 0.624544
4351 0.624544
4352 0.624544
4353 0.624544
4354 0.624544
4355 0.624544
4356 0.624544
4357 0.624544
4358 0.624544
4359 0.624544
4360 0.624544
4361 0.624544
4362 0.624544
4363 0.624544
4364 0.624544
4365 0.624544
4366 0.624544
4367 0.624544
4368 0.624544
4369 0.624544
4370 0.624544
4371 0.624544
4372 0.624544
4373 0.624544
4374 0.624544
4375 0.624544
4376 0.624544
4377 0.624544
4378 0.624544
4379 0.624544
4380 0.624544
4381 0.624544
4382 0.624544
4383 0.624544
4384 0.624544
4385 0.624544
4386 0.624544
4387 0.624544
4388 0.624544
4389 0.624544
4390 0.624544
4391 0.624544
4392 0.624544
4393 0.624544
4394 0.624544
4395 0.624544
4396 0.624544
4397 0.624544
4398 0.624544
4399 0.624544
4400 0.624544
4401 0.624544
4402 0.624544
4403 0.624544
4404 0.624544
4405 0.624544
4406 0.624544
4407 0.624544
4408 0.624544
4409 0.624544
4410 0.624544
4411 0.624544
4412 0.624544
4413 0.624544
4414 0.624544
4415 0.624544
4416 0.624544
4417 0.624544
4418 0.624544
4419 0.624544
4420 0.624544
4421 0.624544
4422 0.624544
4423 0.624544
4424 0.624544
4425 0.624544
4426 0.624544
4427 0.624544
4428 0.624544
4429 0.624544
4430 0.624544
4431 0.624544
4432 0.624544
4433 0.624544
4434 0.624544
4435 0.624544
4436 0.624544
4437 0.624544
4438 0.624544
4439 0.624544
4440 0.624544
4441 0.624544
4442 0.624544
4443 0.624544
4444 0.624544
4445 0.624544
4446 0.624544
4447 0.624544
4448 0.624544
4449 0.624544
4450 0.624544
4451 0.624544
4452 0.624544
4453 0.624544
4454 0.624544
4455 0.624544
4456 0.624544
4457 0.624544
4458 0.624544
4459 0.624544
4460 0.624544
4461 0.624544
4462 0.624544
4463 0.624544
4464 0.624544
4465 0.624544
4466 0.624544
4467 0.624544
4468 0.624544
4469 0.624544
4470 0.624544
4471 0.624544
4472 0.624544
4473 0.624544
4474 0.624544
4475 0.624544
4476 0.624544
4477 0.624544
4478 0.624544
4479 0.624544
4480 0.624544
4481 0.624544
4482 0.624544
4483 0.624544
4484 0.624544
4485 0.624544
4486 0.624544
4487 0.624544
4488 0.624544
4489 0.624544
4490 0.624544
4491 0.624544
4492 0.624544
4493 0.624544
4494 0.624544
4495 0.624544
4496 0.624544
4497 0.624544
4498 0.624544
4499 0.624544
4500 0.624544
4501 0.624544
4502 0.624544
4503 0.624544
4504 0.624544
4505 0.624544
4506 0.624544
4507 0.624544
4508 0.624544
4509 0.624544
4510 0.624544
4511 0.624544
4512 0.624544
4513 0.624544
4514 0.624544
4515 0.624544
4516 0.624544
4517 0.624544
4518 0.624544
4519 0.624544
4520 0.624544
4521 0.624544
4522 0.624544
4523 0.624544
4524 0.624544
4525 0.624544
4526 0.624544
4527 0.624544
4528 0.624544
4529 0.624544
4530 0.624544
4531 0.624544
4532 0.624544
4533 0.624544
4534 0.624544
4535 0.624544
4536 0.624544
4537 0.624544
4538 0.624544
4539 0.624544
4540 0.624544
4541 0.624544
4542 0.624544
4543 0.624544
4544 0.624544
4545 0.624544
4546 0.624544
4547 0.624544
4548 0.624544
4549 0.624544
4550 0.624544
4551 0.624544
4552 0.624544
4553 0.624544
4554 0.624544
4555 0.624544
4556 0.624544
4557 0.624544
4558 0.624544
4559 0.624544
4560 0.624544
4561 0.624544
4562 0.624544
4563 0.624544
4564 0.624544
4565 0.624544
4566 0.624544
4567 0.624544
4568 0.624544
4569 0.624544
4570 0.624544
4571 0.624544
4572 0.624544
4573 0.624544
4574 0.624544
4575 0.624544
4576 0.624544
4577 0.624544
4578 0.624544
4579 0.624544
4580 0.624544
4581 0.624544
4582 0.624544
4583 0.624544
4584 0.624544
4585 0.624544
4586 0.624544
4587 0.624544
4588 0.624544
4589 0.624544
4590 0.624544
4591 0.624544
4592 0.624544
4593 0.624544
4594 0.624544
4595 0.624544
4596 0.624544
4597 0.624544
4598 0.624544
4599 0.624544
4600 0.624544
4601 0.624544
4602 0.624544
4603 0.624544
4604 0.624544
4605 0.624544
4606 0.624544
4607 0.624544
4608 0.624544
4609 0.624544
4610 0.624544
4611 0.624544
4612 0.624544
4613 0.624544
4614 0.624544
4615 0.624544
4616 0.624544
4617 0.624544
4618 0.624544
4619 0.624544
4620 0.624544
4621 0.624544
4622 0.624544
4623 0.624544
4624 0.624544
4625 0.624544
4626 0.624544
4627 0.624544
4628 0.624544
4629 0.624544
4630 0.624544
4631 0.624544
4632 0.624544
4633 0.624544
4634 0.624544
4635 0.624544
4636 0.624544
4637 0.624544
4638 0.624544
4639 0.624544
4640 0.624544
4641 0.624544
4642 0.624544
4643 0.624544
4644 0.624544
4645 0.624544
4646 0.624544
4647 0.624544
4648 0.624544
4649 0.624544
4650 0.624544
4651 0.624544
4652 0.624544
4653 0.624544
4654 0.624544
4655 0.624544
4656 0.624544
4657 0.624544
4658 0.624544
4659 0.624544
4660 0.624544
4661 0.624544
4662 0.624544
4663 0.624544
4664 0.624544
4665 0.624544
4666 0.624544
4667 0.624544
4668 0.624544
4669 0.624544
4670 0.624544
4671 0.624544
4672 0.624544
4673 0.624544
4674 0.624544
4675 0.624544
4676 0.624544
4677 0.624544
4678 0.624544
4679 0.624544
4680 0.624544
4681 0.624544
4682 0.624544
4683 0.624544
4684 0.624544
4685 0.624544
4686 0.624544
4687 0.624544
4688 0.624544
4689 0.624544
4690 0.624544
4691 0.624544
4692 0.624544
4693 0.624544
4694 0.624544
4695 0.624544
4696 0.624544
4697 0.624544
4698 0.624544
4699 0.624544
4700 0.624544
4701 0.624544
4702 0.624544
4703 0.624544
4704 0.624544
4705 0.624544
4706 0.624544
4707 0.624544
4708 0.624544
4709 0.624544
4710 0.624544
4711 0.624544
4712 0.624544
4713 0.624544
4714 0.624544
4715 0.624544
4716 0.624544
4717 0.624544
4718 0.624544
4719 0.624544
4720 0.624544
4721 0.624544
4722 0.624544
4723 0.624544
4724 0.624544
4725 0.624544
4726 0.624544
4727 0.624544
4728 0.624544
4729 0.624544
4730 0.624544
4731 0.624544
4732 0.624544
4733 0.624544
4734 0.624544
4735 0.624544
4736 0.624544
4737 0.624544
4738 0.624544
4739 0.624544
4740 0.624544
4741 0.624544
4742 0.624544
4743 0.624544
4744 0.624544
4745 0.624544
4746 0.624544
4747 0.624544
4748 0.624544
4749 0.624544
4750 0.624544
4751 0.624544
4752 0.624544
4753 0.624544
4754 0.624544
4755 0.624544
4756 0.624544
4757 0.624544
4758 0.624544
4759 0.624544
4760 0.624544
4761 0.624544
4762 0.624544
4763 0.624544
4764 0.624544
4765 0.624544
4766 0.624544
4767 0.624544
4768 0.624544
4769 0.624544
4770 0.624544
4771 0.624544
4772 0.624544
4773 0.624544
4774 0.624544
4775 0.624544
4776 0.624544
4777 0.624544
4778 0.624544
4779 0.624544
4780 0.624544
4781 0.624544
4782 0.624544
4783 0.624544
4784 0.624544
4785 0.624544
4786 0.624544
4787 0.624544
4788 0.624544
4789 0.624544
4790 0.624544
4791 0.624544
4792 0.624544
4793 0.624544
4794 0.624544
4795 0.624544
4796 0.624544
4797 0.624544
4798 0.624544
4799 0.624544
4800 0.624544
4801 0.624544
4802 0.624544
4803 0.624544
4804 0.624544
4805 0.624544
4806 0.624544
4807 0.624544
4808 0.624544
4809 0.624544
4810 0.624544
4811 0.624544
4812 0.624544
4813 0.624544
4814 0.624544
4815 0.624544
4816 0.624544
4817 0.624544
4818 0.624544
4819 0.624544
4820 0.624544
4821 0.624544
4822 0.624544
4823 0.624544
4824 0.624544
4825 0.624544
4826 0.624544
4827 0.624544
4828 0.624544
4829 0.624544
4830 0.624544
4831 0.624544
4832 0.624544
4833 0.624544
4834 0.624544
4835 0.624544
4836 0.624544
4837 0.624544
4838 0.624544
4839 0.624544
4840 0.624544
4841 0.624544
4842 0.624544
4843 0.624544
4844 0.624544
4845 0.624544
4846 0.624544
4847 0.624544
4848 0.624544
4849 0.621004
4850 0.621004
4851 0.621004
4852 0.621004
4853 0.621004
4854 0.621004
4855 0.621004
4856 0.621004
4857 0.621004
4858 0.621004
4859 0.621004
4860 0.621004
4861 0.621004
4862 0.621004
4863 0.621004
4864 0.621004
4865 0.621004
4866 0.621004
4867 0.621004
4868 0.621004
4869 0.621004
4870 0.621004
4871 0.621004
4872 0.621004
4873 0.621004
4874 0.621004
4875 0.621004
4876 0.621004
4877 0.621004
4878 0.621004
4879 0.621004
4880 0.621004
4881 0.621004
4882 0.621004
4883 0.621004
4884 0.621004
4885 0.621004
4886 0.621004
4887 0.621004
4888 0.621004
4889 0.621004
4890 0.621004
4891 0.621004
4892 0.621004
4893 0.621004
4894 0.621004
4895 0.621004
4896 0.621004
4897 0.621004
4898 0.621004
4899 0.621004
4900 0.621004
4901 0.621004
4902 0.621004
4903 0.621004
4904 0.621004
4905 0.621004
4906 0.621004
4907 0.621004
4908 0.621004
4909 0.621004
4910 0.621004
4911 0.621004
4912 0.621004
4913 0.621004
4914 0.621004
4915 0.621004
4916 0.621004
4917 0.621004
4918 0.621004
4919 0.621004
4920 0.621004
4921 0.621004
4922 0.621004
4923 0.621004
4924 0.621004
4925 0.621004
4926 0.621004
4927 0.621004
4928 0.621004
4929 0.621004
4930 0.621004
4931 0.621004
4932 0.621004
4933 0.621004
4934 0.621004
4935 0.621004
4936 0.621004
4937 0.621004
4938 0.621004
4939 0.621004
4940 0.621004
4941 0.621004
4942 0.621004
4943 0.621004
4944 0.621004
4945 0.621004
4946 0.621004
4947 0.621004
4948 0.621004
4949 0.621004
4950 0.621004
4951 0.621004
4952 0.621004
4953 0.621004
4954 0.621004
4955 0.621004
4956 0.621004
4957 0.621004
4958 0.621004
4959 0.621004
4960 0.621004
4961 0.621004
4962 0.621004
4963 0.621004
4964 0.621004
4965 0.621004
4966 0.621004
4967 0.621004
4968 0.621004
4969 0.621004
4970 0.621004
4971 0.621004
4972 0.621004
4973 0.621004
4974 0.621004
4975 0.621004
4976 0.621004
4977 0.621004
4978 0.621004
4979 0.621004
4980 0.621004
4981 0.621004
4982 0.621004
4983 0.621004
4984 0.621004
4985 0.621004
4986 0.621004
4987 0.621004
4988 0.621004
4989 0.621004
4990 0.621004
4991 0.621004
4992 0.621004
4993 0.621004
4994 0.621004
4995 0.621004
4996 0.621004
4997 0.621004
4998 0.621004
4999 0.621004
5000 0.621004
5001 0.621004
5002 0.621004
5003 0.621004
5004 0.621004
5005 0.621004
5006 0.621004
5007 0.621004
5008 0.621004
5009 0.621004
5010 0.621004
5011 0.621004
5012 0.621004
5013 0.621004
5014 0.621004
5015 0.621004
5016 0.621004
5017 0.621004
5018 0.621004
5019 0.621004
5020 0.621004
5021 0.621004
5022 0.621004
5023 0.621004
5024 0.621004
5025 0.621004
5026 0.621004
5027 0.621004
5028 0.621004
5029 0.621004
5030 0.621004
5031 0.621004
5032 0.621004
5033 0.621004
5034 0.621004
5035 0.621004
5036 0.621004
5037 0.621004
5038 0.621004
5039 0.621004
5040 0.621004
5041 0.621004
5042 0.621004
5043 0.621004
5044 0.621004
5045 0.621004
5046 0.621004
5047 0.621004
5048 0.621004
5049 0.621004
5050 0.621004
5051 0.621004
5052 0.621004
5053 0.621004
5054 0.621004
5055 0.621004
5056 0.621004
5057 0.621004
5058 0.621004
5059 0.621004
5060 0.621004
5061 0.621004
5062 0.621004
5063 0.621004
5064 0.621004
5065 0.621004
5066 0.621004
5067 0.621004
5068 0.621004
5069 0.621004
5070 0.621004
5071 0.621004
5072 0.621004
5073 0.621004
5074 0.621004
5075 0.621004
5076 0.621004
5077 0.621004
5078 0.621004
5079 0.621004
5080 0.621004
5081 0.621004
5082 0.621004
5083 0.621004
5084 0.621004
5085 0.621004
5086 0.621004
5087 0.621004
5088 0.621004
5089 0.621004
5090 0.621004
5091 0.621004
5092 0.621004
5093 0.621004
5094 0.621004
5095 0.621004
5096 0.621004
5097 0.621004
5098 0.621004
5099 0.621004
5100 0.621004
5101 0.621004
5102 0.621004
5103 0.621004
5104 0.621004
5105 0.621004
5106 0.621004
5107 0.621004
5108 0.621004
5109 0.621004
5110 0.621004
5111 0.621004
5112 0.621004
5113 0.621004
5114 0.621004
5115 0.621004
5116 0.621004
5117 0.621004
5118 0.621004
5119 0.621004
5120 0.621004
5121 0.621004
5122 0.621004
5123 0.621004
5124 0.621004
5125 0.621004
5126 0.621004
5127 0.621004
5128 0.621004
5129 0.621004
5130 0.621004
5131 0.621004
5132 0.621004
5133 0.621004
5134 0.621004
5135 0.621004
5136 0.621004
5137 0.621004
5138 0.621004
5139 0.621004
5140 0.621004
5141 0.621004
5142 0.621004
5143 0.621004
5144 0.621004
5145 0.621004
5146 0.621004
5147 0.621004
5148 0.621004
5149 0.621004
5150 0.621004
5151 0.621004
5152 0.621004
5153 0.621004
5154 0.621004
5155 0.621004
5156 0.621004
5157 0.621004
5158 0.621004
5159 0.621004
5160 0.621004
5161 0.621004
5162 0.621004
5163 0.621004
5164 0.621004
5165 0.621004
5166 0.621004
5167 0.621004
5168 0.621004
5169 0.621004
5170 0.621004
5171 0.621004
5172 0.621004
5173 0.621004
5174 0.621004
5175 0.621004
5176 0.621004
5177 0.621004
5178 0.621004
5179 0.621004
5180 0.621004
5181 0.621004
5182 0.621004
5183 0.621004
5184 0.621004
5185 0.621004
5186 0.621004
5187 0.621004
5188 0.621004
5189 0.621004
5190 0.621004
5191 0.621004
5192 0.621004
5193 0.621004
5194 0.621004
5195 0.621004
5196 0.621004
5197 0.621004
5198 0.621004
5199 0.621004
5200 0.621004
5201 0.621004
5202 0.621004
5203 0.621004
5204 0.621004
5205 0.621004
5206 0.621004
5207 0.621004
5208 0.621004
5209 0.621004
5210 0.621004
5211 0.621004
5212 0.621004
5213 0.621004
5214 0.621004
5215 0.621004
5216 0.621004
5217 0.621004
5218 0.621004
5219 0.621004
5220 0.621004
5221 0.621004
5222 0.621004
5223 0.621004
5224 0.621004
5225 0.621004
5226 0.621004
5227 0.621004
5228 0.621004
5229 0.621004
5230 0.621004
5231 0.621004
5232 0.621004
5233 0.621004
5234 0.621004
5235 0.621004
5236 0.621004
5237 0.621004
5238 0.621004
5239 0.621004
5240 0.621004
5241 0.621004
5242 0.621004
5243 0.621004
5244 0.621004
5245 0.621004
5246 0.621004
5247 0.621004
5248 0.621004
5249 0.621004
5250 0.621004
5251 0.621004
5252 0.621004
5253 0.621004
5254 0.621004
5255 0.621004
5256 0.621004
5257 0.621004
5258 0.621004
5259 0.621004
5260 0.621004
5261 0.621004
5262 0.621004
5263 0.621004
5264 0.621004
5265 0.621004
5266 0.621004
5267 0.621004
5268 0.621004
5269 0.621004
5270 0.621004
5271 0.621004
5272 0.621004
5273 0.621004
5274 0.621004
5275 0.621004
5276 0.621004
5277 0.621004
5278 0.621004
5279 0.621004
5280 0.621004
5281 0.621004
5282 0.621004
5283 0.621004
5284 0.621004
5285 0.621004
5286 0.621004
5287 0.621004
5288 0.621004
5289 0.621004
5290 0.621004
5291 0.621004
5292 0.621004
5293 0.621004
5294 0.621004
5295 0.621004
5296 0.621004
5297 0.621004
5298 0.621004
5299 0.621004
5300 0.621004
5301 0.621004
5302 0.621004
5303 0.621004
5304 0.621004
5305 0.621004
5306 0.621004
5307 0.621004
5308 0.621004
5309 0.621004
5310 0.621004
5311 0.621004
5312 0.621004
5313 0.621004
5314 0.621004
5315 0.621004
5316 0.621004
5317 0.621004
5318 0.621004
5319 0.621004
5320 0.621004
5321 0.621004
5322 0.621004
5323 0.621004
5324 0.621004
5325 0.621004
5326 0.621004
5327 0.621004
5328 0.621004
5329 0.621004
5330 0.621004
5331 0.621004
5332 0.621004
5333 0.621004
5334 0.621004
5335 0.621004
5336 0.621004
5337 0.621004
5338 0.621004
5339 0.621004
5340 0.621004
5341 0.621004
5342 0.621004
5343 0.621004
5344 0.621004
5345 0.621004
5346 0.621004
5347 0.621004
5348 0.621004
5349 0.621004
5350 0.621004
5351 0.621004
5352 0.621004
5353 0.621004
5354 0.621004
5355 0.621004
5356 0.621004
5357 0.621004
5358 0.621004
5359 0.621004
5360 0.621004
5361 0.621004
5362 0.621004
5363 0.621004
5364 0.621004
5365 0.621004
5366 0.621004
5367 0.621004
5368 0.621004
5369 0.621004
5370 0.621004
5371 0.621004
5372 0.621004
5373 0.621004
5374 0.621004
5375 0.621004
5376 0.621004
5377 0.621004
5378 0.621004
5379 0.621004
5380 0.621004
5381 0.621004
5382 0.621004
5383 0.621004
5384 0.621004
5385 0.621004
5386 0.621004
5387 0.621004
5388 0.621004
5389 0.621004
5390 0.621004
5391 0.621004
5392 0.621004
5393 0.621004
5394 0.621004
5395 0.621004
5396 0.621004
5397 0.621004
5398 0.621004
5399 0.621004
5400 0.621004
5401 0.621004
5402 0.621004
5403 0.621004
5404 0.621004
5405 0.621004
5406 0.618309
5407 0.618309
5408 0.618309
5409 0.618309
5410 0.618309
5411 0.618309
5412 0.618309
5413 0.618309
5414 0.618309
5415 0.618309
5416 0.618309
5417 0.618309
5418 0.618309
5419 0.618309
5420 0.618309
5421 0.618309
5422 0.618309
5423 0.618309
5424 0.618309
5425 0.618309
5426 0.618309
5427 0.618309
5428 0.618309
5429 0.618309
5430 0.618309
5431 0.618309
5432 0.618309
5433 0.618309
5434 0.618309
5435 0.618309
5436 0.618309
5437 0.618309
5438 0.618309
5439 0.618309
5440 0.618309
5441 0.618309
5442 0.618309
5443 0.618309
5444 0.618309
5445 0.618309
5446 0.618309
5447 0.618309
5448 0.618309
5449 0.618309
5450 0.618309
5451 0.618309
5452 0.618309
5453 0.618309
5454 0.618309
5455 0.618309
5456 0.618309
5457 0.618309
5458 0.618309
5459 0.618309
5460 0.618309
5461 0.618309
5462 0.618309
5463 0.618309
5464 0.618309
5465 0.618309
5466 0.618309
5467 0.618309
5468 0.618309
5469 0.618309
5470 0.618309
5471 0.618309
5472 0.618309
5473 0.618309
5474 0.618309
5475 0.618309
5476 0.618309
5477 0.618309
5478 0.618309
5479 0.618309
5480 0.618309
5481 0.618309
5482 0.618309
5483 0.618309
5484 0.618309
5485 0.618309
5486 0.618309
5487 0.618309
5488 0.618309
5489 0.618309
5490 0.618309
5491 0.618309
5492 0.618309
5493 0.618309
5494 0.618309
5495 0.618309
5496 0.618309
5497 0.618309
5498 0.618309
5499 0.618309
5500 0.618309
5501 0.618309
5502 0.618309
5503 0.618309
5504 0.618309
5505 0.618309
5506 0.618309
5507 0.618309
5508 0.618309
5509 0.618309
5510 0.618309
5511 0.618309
5512 0.618309
5513 0.618309
5514 0.618309
5515 0.618309
5516 0.618309
5517 0.618309
5518 0.618309
5519 0.618309
5520 0.618309
5521 0.618309
5522 0.618309
5523 0.618309
5524 0.618309
5525 0.618309
5526 0.618309
5527 0.618309
5528 0.618309
5529 0.618309
5530 0.618309
5531 0.618309
5532 0.618309
5533 0.618309
5534 0.618309
5535 0.618309
5536 0.618309
5537 0.618309
5538 0.618309
5539 0.618309
5540 0.618309
5541 0.618309
5542 0.618309
5543 0.618309
5544 0.618309
5545 0.618309
5546 0.618309
5547 0.618309
5548 0.618309
5549 0.618309
5550 0.618309
5551 0.618309
5552 0.618309
5553 0.618309
5554 0.618309
5555 0.618309
5556 0.618309
5557 0.618309
5558 0.618309
5559 0.618309
5560 0.618309
5561 0.618309
5562 0.618309
5563 0.618309
5564 0.618309
5565 0.618309
5566 0.618309
5567 0.618309
5568 0.618309
5569 0.618309
5570 0.618309
5571 0.618309
5572 0.618309
5573 0.618309
5574 0.618309
5575 0.618309
5576 0.618309
5577 0.618309
5578 0.618309
5579 0.618309
5580 0.618309
5581 0.618309
5582 0.618309
5583 0.618309
5584 0.618309
5585 0.618309
5586 0.618309
5587 0.618309
5588 0.618309
5589 0.618309
5590 0.618309
5591 0.618309
5592 0.618309
5593 0.618309
5594 0.618309
5595 0.618309
5596 0.618309
5597 0.618309
5598 0.618309
5599 0.618309
5600 0.618309
5601 0.618309
5602 0.618309
5603 0.618309
5604 0.618309
5605 0.618309
5606 0.618309
5607 0.618309
5608 0.618309
5609 0.618309
5610 0.618309
5611 0.618309
5612 0.618309
5613 0.618309
5614 0.618309
5615 0.618309
5616 0.618309
5617 0.618309
5618 0.618309
5619 0.618309
5620 0.618309
5621 0.618309
5622 0.618309
5623 0.618309
5624 0.618309
5625 0.618309
5626 0.618309
5627 0.618309
5628 0.618309
5629 0.618309
5630 0.618309
5631 0.618309
5632 0.618309
5633 0.618309
5634 0.618309
5635 0.618309
5636 0.618309
5637 0.618309
5638 0.618309
5639 0.618309
5640 0.618309
5641 0.618309
5642 0.618309
5643 0.618309
5644 0.618309
5645 0.618309
5646 0.618309
5647 0.618309
5648 0.618309
5649 0.618309
5650 0.618309
5651 0.618309
5652 0.618309
5653 0.618309
5654 0.618309
5655 0.618309
5656 0.618309
5657 0.618309
5658 0.618309
5659 0.618309
5660 0.618309
5661 0.618309
5662 0.618309
5663 0.618309
5664 0.618309
5665 0.618309
5666 0.618309
5667 0.618309
5668 0.618309
5669 0.618309
5670 0.618309
5671 0.618309
5672 0.618309
5673 0.618309
5674 0.618309
5675 0.618309
5676 0.618309
5677 0.618309
5678 0.618309
5679 0.618309
5680 0.618309
5681 0.618309
5682 0.618309
5683 0.618309
5684 0.618309
5685 0.618309
5686 0.618309
5687 0.618309
5688 0.618309
5689 0.618309
5690 0.618309
5691 0.618309
5692 0.618309
5693 0.618309
5694 0.618309
5695 0.618309
5696 0.618309
5697 0.618309
5698 0.618309
5699 0.618309
5700 0.618309
5701 0.616890
5702 0.616890
5703 0.616890
5704 0.616890
5705 0.616890
5706 0.616890
5707 0.616890
5708 0.616890
5709 0.616890
5710 0.616890
5711 0.616890
5712 0.616890
5713 0.616890
5714 0.616890
5715 0.616890
5716 0.616890
5717 0.616890
5718 0.616890
5719 0.616890
5720 0.616890
5721 0.616890
5722 0.616890
5723 0.616890
5724 0.616890
5725 0.616890
5726 0.616890
5727 0.616890
5728 0.616890
5729 0.616890
5730 0.616890
5731 0.616890
5732 0.616890
5733 0.616890
5734 0.616890
5735 0.616890
5736 0.616890
5737 0.616890
5738 0.616890
5739 0.616890
5740 0.616890
5741 0.616890
5742 0.616890
5743 0.616890
5744 0.616890
5745 0.616890
5746 0.616890
5747 0.616890
5748 0.616890
5749 0.616890
5750 0.616890
5751 0.616890
5752 0.616890
5753 0.616890
5754 0.616890
5755 0.616890
5756 0.616890
5757 0.616890
5758 0.616890
5759 0.616890
5760 0.616890
5761 0.616890
5762 0.616890
5763 0.616890
5764 0.616890
5765 0.616890
5766 0.616890
5767 0.616890
5768 0.616890
5769 0.616890
5770 0.616890
5771 0.616890
5772 0.616890
5773 0.616890
5774 0.616890
5775 0.616890
5776 0.616890
5777 0.616890
5778 0.616890
5779 0.616890
5780 0.616890
5781 0.616890
5782 0.616890
5783 0.616890
5784 0.616890
5785 0.616890
5786 0.616890
5787 0.616890
5788 0.616890
5789 0.616890
5790 0.616890
5791 0.616890
5792 0.616890
5793 0.616890
5794 0.616890
5795 0.616890
5796 0.616890
5797 0.616890
5798 0.613363
5799 0.613363
5800 0.613363
5801 0.613363
5802 0.613363
5803 0.613363
5804 0.613363
5805 0.613363
5806 0.613363
5807 0.613363
5808 0.613363
5809 0.613363
5810 0.613363
5811 0.613363
5812 0.613363
5813 0.613363
5814 0.613363
5815 0.613363
5816 0.613363
5817 0.613363
5818 0.613363
5819 0.613363
5820 0.613363
5821 0.613363
5822 0.613363
5823 0.613363
5824 0.613363
5825 0.613363
5826 0.613363
5827 0.613363
5828 0.613363
5829 0.613363
5830 0.613363
5831 0.613363
5832 0.613363
5833 0.613363
5834 0.613363
5835 0.613363
5836 0.613363
5837 0.613363
5838 0.613363
5839 0.613363
5840 0.613363
5841 0.613363
5842 0.613363
5843 0.613363
5844 0.613363
5845 0.613363
5846 0.613363
5847 0.613363
5848 0.613363
5849 0.613363
5850 0.613363
5851 0.613363
5852 0.613363
5853 0.613363
5854 0.613363
5855 0.613363
5856 0.613363
5857 0.613363
5858 0.613363
5859 0.613363
5860 0.613363
5861 0.613363
5862 0.613363
5863 0.613363
5864 0.613363
5865 0.613363
5866 0.613363
5867 0.613363
5868 0.613363
5869 0.613363
5870 0.613363
5871 0.613363
5872 0.613363
5873 0.613363
5874 0.613363
5875 0.613363
5876 0.613363
5877 0.613363
5878 0.613363
5879 0.613363
5880 0.613363
5881 0.613363
5882 0.613363
5883 0.613363
5884 0.613363
5885 0.613363
5886 0.613363
5887 0.613363
5888 0.613363
5889 0.613363
5890 0.613363
5891 0.613363
5892 0.613363
5893 0.613363
5894 0.613363
5895 0.613363
5896 0.613363
5897 0.613363
5898 0.613363
5899 0.613363
5900 0.613363
5901 0.613363
5902 0.613363
5903 0.613363
5904 0.613363
5905 0.613363
5906 0.613363
5907 0.613363
5908 0.613363
5909 0.613363
5910 0.613363
5911 0.613363
5912 0.613363
5913 0.613363
5914 0.613363
5915 0.613363
5916 0.613363
5917 0.613363
5918 0.613363
5919 0.613363
5920 0.613363
5921 0.613363
5922 0.613363
5923 0.613363
5924 0.613363
5925 0.613363
5926 0.613363
5927 0.613363
5928 0.613363
5929 0.613363
5930 0.613363
5931 0.613363
5932 0.613363
5933 0.613363
5934 0.613363
5935 0.613363
5936 0.613363
5937 0.613363
5938 0.613363
5939 0.613363
5940 0.613363
5941 0.613363
5942 0.613363
5943 0.613363
5944 0.613363
5945 0.613363
5946 0.613363
5947 0.613363
5948 0.613363
5949 0.613363
5950 0.613363
5951 0.613363
5952 0.613363
5953 0.613363
5954 0.613363
5955 0.613363
5956 0.613363
5957 0.613363
5958 0.613363
5959 0.613363
5960 0.613363
5961 0.613363
5962 0.613363
5963 0.613363
5964 0.613363
5965 0.613363
5966 0.613363
5967 0.613363
5968 0.613363
5969 0.613363
5970 0.613363
5971 0.613363
5972 0.613363
5973 0.613363
5974 0.613363
5975 0.613363
5976 0.613363
5977 0.613363
5978 0.613363
5979 0.613363
5980 0.613363
5981 0.613363
5982 0.613363
5983 0.613363
5984 0.613363
5985 0.613363
5986 0.613363
5987 0.613363
5988 0.613363
5989 0.613363
5990 0.613363
5991 0.613363
5992 0.613363
5993 0.613363
5994 0.613363
5995 0.613363
5996 0.613363
5997 0.613363
5998 0.613363
5999 0.613363
6000 0.613363
6001 0.613363
6002 0.613363
6003 0.613363
6004 0.613363
6005 0.613363
6006 0.613363
6007 0.613363
6008 0.613363
6009 0.613363
6010 0.613363
6011 0.613363
6012 0.613363
6013 0.613363
6014 0.613363
6015 0.613363
6016 0.613363
6017 0.613363
6018 0.613363
6019 0.613363
6020 0.613363
6021 0.613363
6022 0.613363
6023 0.613363
6024 0.613363
6025 0.613363
6026 0.613363
6027 0.613363
6028 0.613363
6029 0.613363
6030 0.613363
6031 0.613363
6032 0.613363
6033 0.613363
6034 0.613363
6035 0.613363
6036 0.613363
6037 0.613363
6038 0.613363
6039 0.613363
6040 0.613363
6041 0.613363
6042 0.613363
6043 0.613363
6044 0.613363
6045 0.613363
6046 0.613363
6047 0.613363
6048 0.613363
6049 0.613363
6050 0.613363
6051 0.613363
6052 0.613363
6053 0.613363
6054 0.613363
6055 0.613363
6056 0.613363
6057 0.613363
6058 0.613363
6059 0.613363
6060 0.613363
6061 0.613363
6062 0.613363
6063 0.613363
6064 0.613363
6065 0.613363
6066 0.613363
6067 0.613363
6068 0.613363
6069 0.613363
6070 0.613363
6071 0.613363
6072 0.613363
6073 0.613363
6074 0.613363
6075 0.613363
6076 0.613363
6077 0.613363
6078 0.613363
6079 0.613363
6080 0.613363
6081 0.613363
6082 0.613363
6083 0.613363
6084 0.613363
6085 0.613363
6086 0.613363
6087 0.613363
6088 0.613363
6089 0.613363
6090 0.613363
6091 0.613363
6092 0.613363
6093 0.613363
6094 0.613363
6095 0.613363
6096 0.613363
6097 0.613363
6098 0.613363
6099 0.613363
6100 0.613363
6101 0.613363
6102 0.613363
6103 0.613363
6104 0.613363
6105 0.613363
6106 0.613363
6107 0.613363
6108 0.613363
6109 0.613363
6110 0.613363
6111 0.613363
6112 0.613363
6113 0.613363
6114 0.613363
6115 0.613363
6116 0.613363
6117 0.613363
6118 0.613363
6119 0.613363
6120 0.613363
6121 0.613363
6122 0.613363
6123 0.613363
6124 0.613363
6125 0.613363
6126 0.613363
6127 0.613363
6128 0.613363
6129 0.613363
6130 0.613363
6131 0.613363
6132 0.613363
6133 0.613363
6134 0.613363
6135 0.613363
6136 0.613363
6137 0.613363
6138 0.613363
6139 0.613363
6140 0.613363
6141 0.613363
6142 0.613363
6143 0.613363
6144 0.613363
6145 0.613363
6146 0.613363
6147 0.613363
6148 0.613363
6149 0.613363
6150 0.613363
6151 0.613363
6152 0.613363
6153 0.613363
6154 0.613363
6155 0.613363
6156 0.613363
6157 0.613363
6158 0.613363
6159 0.613363
6160 0.613363
6161 0.613363
6162 0.613363
6163 0.613363
6164 0.613363
6165 0.613363
6166 0.613363
6167 0.613363
6168 0.613363
6169 0.613363
6170 0.613363
6171 0.613363
6172 0.613363
6173 0.613363
6174 0.613363
6175 0.613363
6176 0.613363
6177 0.613363
6178 0.613363
6179 0.613363
6180 0.613363
6181 0.613363
6182 0.613363
6183 0.613363
6184 0.613363
6185 0.613363
6186 0.613363
6187 0.613363
6188 0.613363
6189 0.613363
6190 0.613363
6191 0.613363
6192 0.613363
6193 0.613363
6194 0.613363
6195 0.613363
6196 0.613363
6197 0.613363
6198 0.613363
6199 0.613363
6200 0.613363
6201 0.613363
6202 0.613363
6203 0.613363
6204 0.613363
6205 0.613363
6206 0.613363
6207 0.613363
6208 0.613363
6209 0.613363
6210 0.613363
6211 0.613363
6212 0.613363
6213 0.613363
6214 0.613363
6215 0.613363
6216 0.613363
6217 0.613363
6218 0.613363
6219 0.613363
6220 0.613363
6221 0.613363
6222 0.613363
6223 0.613363
6224 0.613363
6225 0.613363
6226 0.613363
6227 0.613363
6228 0.613363
6229 0.613363
6230 0.613363
6231 0.613363
6232 0.613363
6233 0.613363
6234 0.613363
6235 0.613363
6236 0.613363
6237 0.613363
6238 0.613363
6239 0.613363
6240 0.613363
6241 0.613363
6242 0.613363
6243 0.613363
6244 0.613363
6245 0.613363
6246 0.613363
6247 0.613363
6248 0.613363
6249 0.613363
6250 0.613363
6251 0.613363
6252 0.613363
6253 0.613363
6254 0.613363
6255 0.613363
6256 0.613363
6257 0.613363
6258 0.613363
6259 0.613363
6260 0.613363
6261 0.613363
6262 0.613363
6263 0.613363
6264 0.613363
6265 0.613363
6266 0.613363
6267 0.613363
6268 0.613363
6269 0.613363
6270 0.613363
6271 0.613363
6272 0.613363
6273 0.613363
6274 0.613363
6275 0.613363
6276 0.613363
6277 0.613363
6278 0.613363
6279 0.613363
6280 0.613363
6281 0.613363
6282 0.613363
6283 0.613363
6284 0.613363
6285 0.613363
6286 0.613363
6287 0.613363
6288 0.613363
6289 0.613363
6290 0.613363
6291 0.613363
6292 0.613363
6293 0.613363
6294 0.613363
6295 0.613363
6296 0.613363
6297 0.613363
6298 0.613363
6299 0.613363
6300 0.613363
6301 0.613363
6302 0.613363
6303 0.613363
6304 0.613363
6305 0.613363
6306 0.613363
6307 0.613363
6308 0.613363
6309 0.613363
6310 0.613363
6311 0.613363
6312 0.613363
6313 0.613363
6314 0.613363
6315 0.613363
6316 0.613363
6317 0.613363
6318 0.613363
6319 0.613363
6320 0.613363
6321 0.613363
6322 0.613363
6323 0.613363
6324 0.613363
6325 0.613363
6326 0.613363
6327 0.613363
6328 0.613363
6329 0.613363
6330 0.613363
6331 0.613363
6332 0.613363
6333 0.613363
6334 0.613363
6335 0.613363
6336 0.613363
6337 0.613363
6338 0.613363
6339 0.613363
6340 0.613363
6341 0.613363
6342 0.613363
6343 0.613363
6344 0.613363
6345 0.613363
6346 0.613363
6347 0.613363
6348 0.613363
6349 0.613363
6350 0.613363
6351 0.613363
6352 0.613363
6353 0.613363
6354 0.613363
6355 0.613363
6356 0.613363
6357 0.613363
6358 0.613363
6359 0.613363
6360 0.613363
6361 0.613363
6362 0.613363
6363 0.613363
6364 0.613363
6365 0.613363
6366 0.613363
6367 0.613363
6368 0.613363
6369 0.613363
6370 0.613363
6371 0.613363
6372 0.613363
6373 0.613363
6374 0.613363
6375 0.613363
6376 0.613363
6377 0.613363
6378 0.613363
6379 0.613363
6380 0.613363
6381 0.613363
6382 0.613363
6383 0.613363
6384 0.613363
6385 0.613363
6386 0.613363
6387 0.613363
6388 0.613363
6389 0.613363
6390 0.613363
6391 0.613363
6392 0.613363
6393 0.613363
6394 0.613363
6395 0.613363
6396 0.613363
6397 0.613363
6398 0.613363
6399 0.613363
6400 0.613363
6401 0.613363
6402 0.613363
6403 0.613363
6404 0.613363
6405 0.613363
6406 0.613363
6407 0.613363
6408 0.613363
6409 0.613363
6410 0.613363
6411 0.613363
6412 0.613363
6413 0.613363
6414 0.613363
6415 0.613363
6416 0.613363
6417 0.613363
6418 0.613363
6419 0.613363
6420 0.613363
6421 0.613363
6422 0.613363
6423 0.613363
6424 0.613363
6425 0.613363
6426 0.613363
6427 0.613363
6428 0.613363
6429 0.613363
6430 0.613363
6431 0.613363
6432 0.613363
6433 0.613363
6434 0.613363
6435 0.613363
6436 0.613363
6437 0.613363
6438 0.613363
6439 0.613363
6440 0.613363
6441 0.613363
6442 0.613363
6443 0.613363
6444 0.613363
6445 0.613363
6446 0.613363
6447 0.613363
6448 0.613363
6449 0.613363
6450 0.613363
6451 0.613363
6452 0.613363
6453 0.613363
6454 0.613363
6455 0.613363
6456 0.613363
6457 0.613363
6458 0.613363
6459 0.613363
6460 0.613363
6461 0.613363
6462 0.613363
6463 0.613363
6464 0.613363
6465 0.613363
6466 0.613363
6467 0.613363
6468 0.613363
6469 0.613363
6470 0.613363
6471 0.613363
6472 0.613363
6473 0.613363
6474 0.613363
6475 0.613363
6476 0.613363
6477 0.613363
6478 0.613363
6479 0.613363
6480 0.613363
6481 0.613363
6482 0.613363
6483 0.613363
6484 0.613363
6485 0.613363
6486 0.613363
6487 0.613363
6488 0.613363
6489 0.613363
6490 0.613363
6491 0.613363
6492 0.613363
6493 0.613363
6494 0.613363
6495 0.613363
6496 0.613363
6497 0.613363
6498 0.613363
6499 0.613363
6500 0.613363
6501 0.613363
6502 0.613363
6503 0.613363
6504 0.613363
6505 0.613363
6506 0.613363
6507 0.613363
6508 0.613363
6509 0.613363
6510 0.613363
6511 0.613363
6512 0.613363
6513 0.613363
6514 0.613363
6515 0.613363
6516 0.613363
6517 0.613363
6518 0.613363
6519 0.613363
6520 0.613363
6521 0.613363
6522 0.613363
6523 0.613363
6524 0.613363
6525 0.613363
6526 0.613363
6527 0.613363
6528 0.613363
6529 0.613363
6530 0.613363
6531 0.613363
6532 0.613363
6533 0.613363
6534 0.613363
6535 0.613363
6536 0.613363
6537 0.613363
6538 0.613363
6539 0.613363
6540 0.613363
6541 0.613363
6542 0.613363
6543 0.613363
6544 0.613363
6545 0.613363
6546 0.613363
6547 0.613363
6548 0.613363
6549 0.613363
6550 0.613363
6551 0.613363
6552 0.613363
6553 0.613363
6554 0.613363
6555 0.613363
6556 0.613363
6557 0.613363
6558 0.613363
6559 0.613363
6560 0.613363
6561 0.613363
6562 0.613363
6563 0.613363
6564 0.613363
6565 0.613363
6566 0.613363
6567 0.613363
6568 0.613363
6569 0.613363
6570 0.613363
6571 0.613363
6572 0.613363
6573 0.613363
6574 0.613363
6575 0.613363
6576 0.613363
6577 0.613363
6578 0.613363
6579 0.613363
6580 0.613363
6581 0.613363
6582 0.613363
6583 0.613363
6584 0.613363
6585 0.613363
6586 0.613363
6587 0.613363
6588 0.613363
6589 0.613363
6590 0.613363
6591 0.613363
6592 0.613363
6593 0.613363
6594 0.613363
6595 0.613363
6596 0.613363
6597 0.613363
6598 0.613363
6599 0.613363
6600 0.613363
6601 0.613363
6602 0.613363
6603 0.613363
6604 0.613363
6605 0.613363
6606 0.613363
6607 0.613363
6608 0.613363
6609 0.613363
6610 0.613363
6611 0.613363
6612 0.613363
6613 0.613363
6614 0.613363
6615 0.613363
6616 0.613363
6617 0.613363
6618 0.613363
6619 0.613363
6620 0.613363
6621 0.613363
6622 0.613363
6623 0.613363
6624 0.613363
6625 0.613363
6626 0.613363
6627 0.613363
6628 0.613363
6629 0.613363
6630 0.613363
6631 0.613363
6632 0.613363
6633 0.613363
6634 0.613363
6635 0.613363
6636 0.613363
6637 0.613363
6638 0.613363
6639 0.613363
6640 0.613363
6641 0.613363
6642 0.613363
6643 0.613363
6644 0.613363
6645 0.613363
6646 0.613363
6647 0.613363
6648 0.613363
6649 0.613363
6650 0.613363
6651 0.613363
6652 0.613363
6653 0.613363
6654 0.613363
6655 0.613363
6656 0.613363
6657 0.613363
6658 0.613363
6659 0.613363
6660 0.613363
6661 0.613363
6662 0.613363
6663 0.613363
6664 0.613363
6665 0.613363
6666 0.613363
6667 0.613363
6668 0.613363
6669 0.613363
6670 0.613363
6671 0.613363
6672 0.613363
6673 0.613363
6674 0.613363
6675 0.613363
6676 0.613363
6677 0.613363
6678 0.613363
6679 0.613363
6680 0.613363
6681 0.613363
6682 0.613363
6683 0.613363
6684 0.613363
6685 0.613363
6686 0.613363
6687 0.613363
6688 0.613363
6689 0.613363
6690 0.613363
6691 0.613363
6692 0.613363
6693 0.613363
6694 0.613363
6695 0.613363
6696 0.613363
6697 0.613363
6698 0.613363
6699 0.613363
6700 0.613363
6701 0.613363
6702 0.613363
6703 0.613363
6704 0.613363
6705 0.613363
6706 0.613363
6707 0.613363
6708 0.613363
6709 0.613363
6710 0.613363
6711 0.613363
6712 0.613363
6713 0.613363
6714 0.613363
6715 0.613363
6716 0.613363
6717 0.613363
6718 0.613363
6719 0.613363
6720 0.613363
6721 0.613363
6722 0.613363
6723 0.613363
6724 0.613363
6725 0.613363
6726 0.613363
6727 0.613363
6728 0.613363
6729 0.613363
6730 0.613363
6731 0.613363
6732 0.613363
6733 0.613363
6734 0.613363
6735 0.613363
6736 0.613363
6737 0.613363
6738 0.613363
6739 0.613363
6740 0.613363
6741 0.613363
6742 0.613363
6743 0.613363
6744 0.613363
6745 0.613363
6746 0.613363
6747 0.613363
6748 0.613363
6749 0.613363
6750 0.613363
6751 0.613363
6752 0.613363
6753 0.613363
6754 0.613363
6755 0.613363
6756 0.613363
6757 0.613363
6758 0.613363
6759 0.613363
6760 0.613363
6761 0.613363
6762 0.613363
6763 0.613363
6764 0.613363
6765 0.613363
6766 0.613363
6767 0.613363
6768 0.613363
6769 0.613363
6770 0.613363
6771 0.613363
6772 0.613363
6773 0.613363
6774 0.613363
6775 0.613363
6776 0.613363
6777 0.613363
6778 0.613363
6779 0.613363
6780 0.613363
6781 0.613363
6782 0.613363
6783 0.613363
6784 0.613363
6785 0.613363
6786 0.613363
6787 0.613363
6788 0.613363
6789 0.613363
6790 0.613363
6791 0.613363
6792 0.613363
6793 0.613363
6794 0.613363
6795 0.613363
6796 0.613363
6797 0.613363
6798 0.613363
6799 0.613363
6800 0.613363
6801 0.613363
6802 0.613363
6803 0.613363
6804 0.613363
6805 0.613363
6806 0.613363
6807 0.613363
6808 0.613363
6809 0.613363
6810 0.613363
6811 0.613363
6812 0.613363
6813 0.613363
6814 0.613363
6815 0.613363
6816 0.613363
6817 0.613363
6818 0.613363
6819 0.613363
6820 0.613363
6821 0.613363
6822 0.613363
6823 0.613363
6824 0.613363
6825 0.613363
6826 0.613363
6827 0.613363
6828 0.613363
6829 0.607940
6830 0.607940
6831 0.607940
6832 0.607940
6833 0.607940
6834 0.607940
6835 0.607940
6836 0.607940
6837 0.607940
6838 0.607940
6839 0.607940
6840 0.607940
6841 0.607940
6842 0.607940
6843 0.607940
6844 0.607940
6845 0.607940
6846 0.607940
6847 0.607940
6848 0.607940
6849 0.607940
6850 0.607940
6851 0.607940
6852 0.607940
6853 0.607940
6854 0.607940
6855 0.607940
6856 0.607940
6857 0.607940
6858 0.607940
6859 0.607940
6860 0.607940
6861 0.607940
6862 0.607940
6863 0.607940
6864 0.607940
6865 0.607940
6866 0.607940
6867 0.607940
6868 0.607940
6869 0.607940
6870 0.607940
6871 0.607940
6872 0.607940
6873 0.607940
6874 0.607940
6875 0.607940
6876 0.607940
6877 0.607940
6878 0.607940
6879 0.607940
6880 0.607940
6881 0.607940
6882 0.607940
6883 0.607940
6884 0.607940
6885 0.607940
6886 0.607940
6887 0.607940
6888 0.607940
6889 0.607940
6890 0.607940
6891 0.607940
6892 0.607940
6893 0.607940
6894 0.607940
6895 0.607940
6896 0.607940
6897 0.607940
6898 0.607940
6899 0.607940
6900 0.607940
6901 0.607940
6902 0.607940
6903 0.607940
6904 0.607940
6905 0.607940
6906 0.607940
6907 0.607940
6908 0.607940
6909 0.607940
6910 0.607940
6911 0.607940
6912 0.607940
6913 0.607940
6914 0.607940
6915 0.607940
6916 0.607940
6917 0.607940
6918 0.607940
6919 0.607940
6920 0.607940
6921 0.607940
6922 0.607940
6923 0.607940
6924 0.607940
6925 0.607940
6926 0.607940
6927 0.607940
6928 0.607940
6929 0.607940
6930 0.607940
6931 0.607940
6932 0.607940
6933 0.607940
6934 0.607940
6935 0.607940
6936 0.607940
6937 0.607940
6938 0.607940
6939 0.607940
6940 0.607940
6941 0.607940
6942 0.607940
6943 0.607940
6944 0.607940
6945 0.607940
6946 0.607940
6947 0.607940
6948 0.607940
6949 0.607940
6950 0.607940
6951 0.607940
6952 0.607940
6953 0.607940
6954 0.607940
6955 0.607940
6956 0.607940
6957 0.607940
6958 0.607940
6959 0.607940
6960 0.607940
6961 0.607940
6962 0.607940
6963 0.607940
6964 0.607940
6965 0.607940
6966 0.607940
6967 0.607940
6968 0.607940
6969 0.607940
6970 0.607940
6971 0.607940
6972 0.607940
6973 0.607940
6974 0.607940
6975 0.607940
6976 0.607940
6977 0.607940
6978 0.607940
6979 0.607940
6980 0.607940
6981 0.607940
6982 0.607940
6983 0.607940
6984 0.607940
6985 0.607940
6986 0.607940
6987 0.607940
6988 0.607940
6989 0.607940
6990 0.607940
6991 0.607940
6992 0.607940
6993 0.607940
6994 0.607940
6995 0.607940
6996 0.607940
6997 0.607940
6998 0.607940
6999 0.607940
7000 0.607940
7001 0.607940
7002 0.607940
7003 0.607940
7004 0.607940
7005 0.607940
7006 0.607940
7007 0.607940
7008 0.607940
7009 0.607940
7010 0.607940
7011 0.607940
7012 0.607940
7013 0.607940
7014 0.607940
7015 0.607940
7016 0.607940
7017 0.607940
7018 0.607940
7019 0.607940
7020 0.607940
7021 0.607940
7022 0.607940
7023 0.607940
7024 0.607940
7025 0.607940
7026 0.607940
7027 0.607940
7028 0.607940
7029 0.607940
7030 0.607940
7031 0.607940
7032 0.607940
7033 0.607940
7034 0.607940
7035 0.607940
7036 0.607940
7037 0.607940
7038 0.607940
7039 0.607940
7040 0.607940
7041 0.607940
7042 0.607940
7043 0.607940
7044 0.607940
7045 0.607940
7046 0.607940
7047 0.607940
7048 0.607940
7049 0.607940
7050 0.607940
7051 0.607940
7052 0.607940
7053 0.607940
7054 0.607940
7055 0.607940
7056 0.607940
7057 0.607940
7058 0.607940
7059 0.607940
7060 0.607940
7061 0.607940
7062 0.607940
7063 0.607940
7064 0.607940
7065 0.607940
7066 0.607940
7067 0.607940
7068 0.607940
7069 0.607940
7070 0.607940
7071 0.607940
7072 0.607940
7073 0.607940
7074 0.607940
7075 0.607940
7076 0.607940
7077 0.607940
7078 0.607940
7079 0.607940
7080 0.607940
7081 0.607940
7082 0.607940
7083 0.607940
7084 0.607940
7085 0.607940
7086 0.607940
7087 0.607940
7088 0.607940
7089 0.607940
7090 0.607940
7091 0.607940
7092 0.607940
7093 0.607940
7094 0.607940
7095 0.607940
7096 0.607940
7097 0.607940
7098 0.607940
7099 0.607940
7100 0.607940
7101 0.607940
7102 0.607940
7103 0.607940
7104 0.607940
7105 0.607940
7106 0.607940
7107 0.607940
7108 0.607940
7109 0.607940
7110 0.607940
7111 0.607940
7112 0.607940
7113 0.607940
7114 0.607940
7115 0.607940
7116 0.607940
7117 0.607940
7118 0.607940
7119 0.607940
7120 0.607940
7121 0.607940
7122 0.607940
7123 0.607940
7124 0.607940
7125 0.607940
7126 0.607940
7127 0.607940
7128 0.607940
7129 0.607940
7130 0.607940
7131 0.607940
7132 0.607940
7133 0.607940
7134 0.607940
7135 0.607940
7136 0.607940
7137 0.607940
7138 0.607940
7139 0.607940
7140 0.607940
7141 0.607940
7142 0.607940
7143 0.607940
7144 0.607940
7145 0.607940
7146 0.607940
7147 0.607940
7148 0.607940
7149 0.607940
7150 0.607940
7151 0.607940
7152 0.607940
7153 0.607940
7154 0.607940
7155 0.607940
7156 0.607940
7157 0.607940
7158 0.607940
7159 0.607940
7160 0.607940
7161 0.607940
7162 0.607940
7163 0.607940
7164 0.607940
7165 0.607940
7166 0.607940
7167 0.607940
7168 0.607940
7169 0.607940
7170 0.607940
7171 0.607940
7172 0.607940
7173 0.607940
7174 0.607940
7175 0.607940
7176 0.607940
7177 0.607940
7178 0.607940
7179 0.607940
7180 0.607940
7181 0.607940
7182 0.607940
7183 0.607940
7184 0.607940
7185 0.607940
7186 0.607940
7187 0.607940
7188 0.607940
7189 0.607940
7190 0.607940
7191 0.607940
7192 0.607940
7193 0.607940
7194 0.607940
7195 0.607940
7196 0.607940
7197 0.607940
7198 0.607940
7199 0.607940
7200 0.607940
7201 0.607940
7202 0.607940
7203 0.607940
7204 0.607940
7205 0.607940
7206 0.607940
7207 0.607940
7208 0.607940
7209 0.607940
7210 0.607940
7211 0.607940
7212 0.607940
7213 0.607940
7214 0.607940
7215 0.607940
7216 0.607940
7217 0.607940
7218 0.607940
7219 0.607940
7220 0.607940
7221 0.607940
7222 0.607940
7223 0.607940
7224 0.607940
7225 0.607940
7226 0.607940
7227 0.607940
7228 0.607940
7229 0.607940
7230 0.607940
7231 0.607940
7232 0.607940
7233 0.607940
7234 0.607940
7235 0.607940
7236 0.607940
7237 0.607940
7238 0.607940
7239 0.607940
7240 0.607940
7241 0.607940
7242 0.607940
7243 0.607940
7244 0.607940
7245 0.607940
7246 0.607940
7247 0.607940
7248 0.607940
7249 0.607940
7250 0.607940
7251 0.607940
7252 0.607940
7253 0.607940
7254 0.607940
7255 0.607940
7256 0.607940
7257 0.607940
7258 0.607940
7259 0.607940
7260 0.607940
7261 0.607940
7262 0.607940
7263 0.607940
7264 0.607940
7265 0.607940
7266 0.607940
7267 0.607940
7268 0.607940
7269 0.607940
7270 0.607940
7271 0.607940
7272 0.607940
7273 0.607940
7274 0.607940
7275 0.607940
7276 0.607940
7277 0.607940
7278 0.607940
7279 0.607940
7280 0.607940
7281 0.607940
7282 0.607940
7283 0.607940
7284 0.607940
7285 0.607940
7286 0.607940
7287 0.607940
7288 0.607940
7289 0.607940
7290 0.607940
7291 0.607940
7292 0.607940
7293 0.607940
7294 0.607940
7295 0.607940
7296 0.607940
7297 0.607940
7298 0.607940
7299 0.607940
7300 0.607940
7301 0.607940
7302 0.607940
7303 0.607940
7304 0.607940
7305 0.607940
7306 0.607940
7307 0.607940
7308 0.607940
7309 0.607940
7310 0.607940
7311 0.607940
7312 0.607940
7313 0.607940
7314 0.607940
7315 0.607940
7316 0.607940
7317 0.607940
7318 0.607940
7319 0.607940
7320 0.607940
7321 0.607940
7322 0.607940
7323 0.607940
7324 0.607940
7325 0.607940
7326 0.607940
7327 0.607940
7328 0.607940
7329 0.607940
7330 0.607940
7331 0.607940
7332 0.607940
7333 0.607940
7334 0.607940
7335 0.607940
7336 0.607940
7337 0.607940
7338 0.607940
7339 0.607940
7340 0.607940
7341 0.607940
7342 0.607940
7343 0.607940
7344 0.607940
7345 0.607940
7346 0.607940
7347 0.607940
7348 0.607940
7349 0.607940
7350 0.607940
7351 0.607940
7352 0.607940
7353 0.607940
7354 0.607940
7355 0.607940
7356 0.607940
7357 0.607940
7358 0.607940
7359 0.607940
7360 0.607940
7361 0.607940
7362 0.607940
7363 0.607940
7364 0.607940
7365 0.607940
7366 0.607940
7367 0.607940
7368 0.607940
7369 0.607940
7370 0.607940
7371 0.607940
7372 0.607940
7373 0.607940
7374 0.607940
7375 0.607940
7376 0.607940
7377 0.607940
7378 0.607940
7379 0.607940
7380 0.607940
7381 0.607940
7382 0.607940
7383 0.607940
7384 0.607940
7385 0.607940
7386 0.607940
7387 0.607940
7388 0.607940
7389 0.607940
7390 0.607940
7391 0.607940
7392 0.607940
7393 0.607940
7394 0.607940
7395 0.607940
7396 0.607940
7397 0.607940
7398 0.607940
7399 0.607940
7400 0.607940
7401 0.607940
7402 0.607940
7403 0.607940
7404 0.607940
7405 0.607940
7406 0.607940
7407 0.607940
7408 0.607940
7409 0.607940
7410 0.607940
7411 0.607940
7412 0.607940
7413 0.607940
7414 0.607940
7415 0.607940
7416 0.607940
7417 0.607940
7418 0.607940
7419 0.607940
7420 0.607940
7421 0.607940
7422 0.607940
7423 0.607940
7424 0.607940
7425 0.607940
7426 0.607940
7427 0.607940
7428 0.607940
7429 0.607940
7430 0.607940
7431 0.607940
7432 0.607940
7433 0.607940
7434 0.607940
7435 0.607940
7436 0.607940
7437 0.607940
7438 0.607940
7439 0.607940
7440 0.607940
7441 0.607940
7442 0.607940
7443 0.607940
7444 0.607940
7445 0.607940
7446 0.607940
7447 0.607940
7448 0.607940
7449 0.607940
7450 0.607940
7451 0.607940
7452 0.607940
7453 0.607940
7454 0.607940
7455 0.607940
7456 0.607940
7457 0.607940
7458 0.607940
7459 0.607940
7460 0.607940
7461 0.607940
7462 0.607940
7463 0.607940
7464 0.607940
7465 0.607940
7466 0.607940
7467 0.607940
7468 0.607940
7469 0.607940
7470 0.607940
7471 0.607940
7472 0.607940
7473 0.607940
7474 0.607940
7475 0.607940
7476 0.607940
7477 0.607940
7478 0.607940
7479 0.607940
7480 0.607940
7481 0.607940
7482 0.607940
7483 0.607940
7484 0.607940
7485 0.607940
7486 0.607940
7487 0.607940
7488 0.607940
7489 0.607940
7490 0.607940
7491 0.607940
7492 0.607940
7493 0.607940
7494 0.607940
7495 0.607940
7496 0.607940
7497 0.607940
7498 0.607940
7499 0.607940
7500 0.607940
7501 0.607940
7502 0.607940
7503 0.607940
7504 0.607940
7505 0.607940
7506 0.607940
7507 0.607940
7508 0.607940
7509 0.607940
7510 0.607940
7511 0.607940
7512 0.607940
7513 0.607940
7514 0.607940
7515 0.607940
7516 0.607940
7517 0.607940
7518 0.607940
7519 0.607940
7520 0.607940
7521 0.607940
7522 0.607940
7523 0.607940
7524 0.607940
7525 0.607940
7526 0.607940
7527 0.607940
7528 0.607940
7529 0.607940
7530 0.607940
7531 0.607940
7532 0.607940
7533 0.607940
7534 0.607940
7535 0.607940
7536 0.607940
7537 0.607940
7538 0.607940
7539 0.607940
7540 0.607940
7541 0.607940
7542 0.607940
7543 0.607940
7544 0.607940
7545 0.607940
7546 0.607940
7547 0.607940
7548 0.607940
7549 0.607940
7550 0.607940
7551 0.607940
7552 0.607940
7553 0.607940
7554 0.607940
7555 0.607940
7556 0.607940
7557 0.607940
7558 0.607940
7559 0.607940
7560 0.607940
7561 0.607940
7562 0.607940
7563 0.607940
7564 0.607940
7565 0.607940
7566 0.607940
7567 0.607940
7568 0.607940
7569 0.607940
7570 0.607940
7571 0.607940
7572 0.607940
7573 0.607940
7574 0.607940
7575 0.607940
7576 0.607940
7577 0.607940
7578 0.607940
7579 0.607940
7580 0.607940
7581 0.607940
7582 0.607940
7583 0.607940
7584 0.607940
7585 0.607940
7586 0.607940
7587 0.607940
7588 0.607940
7589 0.607940
7590 0.607940
7591 0.607940
7592 0.607940
7593 0.607940
7594 0.607940
7595 0.607940
7596 0.607940
7597 0.607940
7598 0.607940
7599 0.607940
7600 0.607940
7601 0.607940
7602 0.607940
7603 0.607940
7604 0.607940
7605 0.607940
7606 0.607940
7607 0.607940
7608 0.607940
7609 0.607940
7610 0.607940
7611 0.607940
7612 0.607940
7613 0.607940
7614 0.607940
7615 0.607940
7616 0.607940
7617 0.607940
7618 0.607940
7619 0.607940
7620 0.607940
7621 0.607940
7622 0.607940
7623 0.607940
7624 0.607940
7625 0.607940
7626 0.607940
7627 0.607940
7628 0.607940
7629 0.607940
7630 0.607940
7631 0.607940
7632 0.607940
7633 0.607940
7634 0.607940
7635 0.607940
7636 0.607940
7637 0.607940
7638 0.607940
7639 0.607940
7640 0.607940
7641 0.607940
7642 0.607940
7643 0.607940
7644 0.607940
7645 0.607940
7646 0.607940
7647 0.607940
7648 0.607940
7649 0.607940
7650 0.607940
7651 0.607940
7652 0.607940
7653 0.607940
7654 0.607940
7655 0.607940
7656 0.607940
7657 0.607940
7658 0.607940
7659 0.607940
7660 0.607940
7661 0.607940
7662 0.607940
7663 0.607940
7664 0.607940
7665 0.607940
7666 0.607940
7667 0.607940
7668 0.607940
7669 0.607940
7670 0.607940
7671 0.607940
7672 0.607940
7673 0.607940
7674 0.607940
7675 0.607940
7676 0.607940
7677 0.607940
7678 0.607940
7679 0.607940
7680 0.607940
7681 0.607940
7682 0.607940
7683 0.607940
7684 0.607940
7685 0.607940
7686 0.607940
7687 0.607940
7688 0.607940
7689 0.607940
7690 0.607940
7691 0.607940
7692 0.607940
7693 0.607940
7694 0.607940
7695 0.607940
7696 0.607940
7697 0.607940
7698 0.607940
7699 0.607940
7700 0.607940
7701 0.607940
7702 0.607940
7703 0.607940
7704 0.607940
7705 0.607940
7706 0.607940
7707 0.607940
7708 0.607940
7709 0.607940
7710 0.607940
7711 0.607940
7712 0.607940
7713 0.607940
7714 0.607940
7715 0.607940
7716 0.607940
7717 0.607940
7718 0.607940
7719 0.607940
7720 0.607940
7721 0.607940
7722 0.607940
7723 0.607940
7724 0.607940
7725 0.607940
7726 0.607940
7727 0.607940
7728 0.607940
7729 0.607940
7730 0.607940
7731 0.607940
7732 0.607940
7733 0.607940
7734 0.607940
7735 0.607940
7736 0.607940
7737 0.607940
7738 0.607940
7739 0.607940
7740 0.607940
7741 0.607940
7742 0.607940
7743 0.607940
7744 0.607940
7745 0.607940
7746 0.607940
7747 0.607940
7748 0.607940
7749 0.607940
7750 0.607940
7751 0.607940
7752 0.607940
7753 0.607940
7754 0.607940
7755 0.607940
7756 0.607940
7757 0.607940
7758 0.607940
7759 0.607940
7760 0.607940
7761 0.607940
7762 0.607940
7763 0.607940
7764 0.607940
7765 0.607940
7766 0.607940
7767 0.607940
7768 0.607940
7769 0.607940
7770 0.607940
7771 0.607940
7772 0.607940
7773 0.607940
7774 0.607940
7775 0.607940
7776 0.607940
7777 0.607940
7778 0.607940
7779 0.607940
7780 0.607940
7781 0.607940
7782 0.607940
7783 0.607940
7784 0.607940
7785 0.607940
7786 0.607940
7787 0.607940
7788 0.607940
7789 0.607940
7790 0.607940
7791 0.607940
7792 0.607940
7793 0.607940
7794 0.607940
7795 0.607940
7796 0.606987
7797 0.606987
7798 0.606987
7799 0.606987
7800 0.606987
7801 0.606987
7802 0.606987
7803 0.606987
7804 0.606987
7805 0.606987
7806 0.606987
7807 0.606987
7808 0.606987
7809 0.606987
7810 0.606921
7811 0.606921
7812 0.606921
7813 0.606921
7814 0.606921
7815 0.606921
7816 0.606921
7817 0.606921
7818 0.606921
7819 0.606921
7820 0.606921
7821 0.606921
7822 0.606921
7823 0.606921
7824 0.606921
7825 0.606921
7826 0.606921
7827 0.606921
7828 0.606921
7829 0.606921
7830 0.606921
7831 0.606921
7832 0.606921
7833 0.606921
7834 0.606921
7835 0.606921
7836 0.606921
7837 0.606921
7838 0.606921
7839 0.606921
7840 0.606921
7841 0.606921
7842 0.606921
7843 0.606921
7844 0.606921
7845 0.606921
7846 0.606921
7847 0.606921
7848 0.606921
7849 0.606921
7850 0.606921
7851 0.606921
7852 0.606921
7853 0.606921
7854 0.606921
7855 0.606921
7856 0.606921
7857 0.606921
7858 0.606921
7859 0.606921
7860 0.606921
7861 0.606921
7862 0.606921
7863 0.606921
7864 0.606921
7865 0.606921
7866 0.606921
7867 0.606921
7868 0.606921
7869 0.606921
7870 0.606921
7871 0.606921
7872 0.606921
7873 0.606921
7874 0.606921
7875 0.606921
7876 0.606921
7877 0.606921
7878 0.606921
7879 0.606921
7880 0.606921
7881 0.606921
7882 0.606921
7883 0.606921
7884 0.606921
7885 0.606921
7886 0.606921
7887 0.606921
7888 0.606921
7889 0.606921
7890 0.606921
7891 0.606921
7892 0.606921
7893 0.606921
7894 0.606921
7895 0.606921
7896 0.606921
7897 0.606921
7898 0.606921
7899 0.606921
7900 0.606921
7901 0.606921
7902 0.606921
7903 0.606921
7904 0.606921
7905 0.606921
7906 0.606921
7907 0.606921
7908 0.606921
7909 0.606921
7910 0.606921
7911 0.606921
7912 0.606921
7913 0.606921
7914 0.606921
7915 0.606921
7916 0.606921
7917 0.606921
7918 0.606921
7919 0.606921
7920 0.606921
7921 0.606921
7922 0.606921
7923 0.606921
7924 0.606921
7925 0.606921
7926 0.606921
7927 0.606921
7928 0.606921
7929 0.606921
7930 0.606921
7931 0.606921
7932 0.606921
7933 0.606921
7934 0.606921
7935 0.606921
7936 0.606921
7937 0.606921
7938 0.606921
7939 0.606921
7940 0.606921
7941 0.606921
7942 0.606921
7943 0.606921
7944 0.606921
7945 0.606921
7946 0.606921
7947 0.606921
7948 0.606921
7949 0.606921
7950 0.606921
7951 0.606921
7952 0.606921
7953 0.606921
7954 0.606921
7955 0.606921
7956 0.606921
7957 0.606921
7958 0.606921
7959 0.606921
7960 0.606921
7961 0.606921
7962 0.606921
7963 0.606921
7964 0.606921
7965 0.606921
7966 0.606921
7967 0.606921
7968 0.606921
7969 0.606921
7970 0.606921
7971 0.606921
7972 0.606921
7973 0.606921
7974 0.606921
7975 0.606921
7976 0.606921
7977 0.606921
7978 0.606921
7979 0.606921
7980 0.606921
7981 0.606921
7982 0.606921
7983 0.606921
7984 0.606921
7985 0.606921
7986 0.606921
7987 0.606921
7988 0.606921
7989 0.606921
7990 0.606921
7991 0.606921
7992 0.606921
7993 0.606921
7994 0.606921
7995 0.606921
7996 0.606921
7997 0.606921
7998 0.606921
7999 0.606921
8000 0.606921
8001 0.606921
8002 0.606921
8003 0.606921
8004 0.606921
8005 0.606921
8006 0.606921
8007 0.606921
8008 0.606921
8009 0.606921
8010 0.606921
8011 0.606921
8012 0.606921
8013 0.606921
8014 0.606921
8015 0.606921
8016 0.606921
8017 0.606921
8018 0.606921
8019 0.606921
8020 0.606921
8021 0.606921
8022 0.606921
8023 0.606921
8024 0.606921
8025 0.606921
8026 0.606921
8027 0.606921
8028 0.606921
8029 0.606921
8030 0.606921
8031 0.606921
8032 0.606921
8033 0.606921
8034 0.606921
8035 0.606921
8036 0.606921
8037 0.606921
8038 0.606921
8039 0.606921
8040 0.606921
8041 0.606921
8042 0.606921
8043 0.606921
8044 0.606921
8045 0.606921
8046 0.606921
8047 0.606921
8048 0.606921
8049 0.606921
8050 0.606921
8051 0.606921
8052 0.606921
8053 0.606921
8054 0.606921
8055 0.606921
8056 0.606921
8057 0.606921
8058 0.606921
8059 0.606921
8060 0.606921
8061 0.606921
8062 0.606921
8063 0.606921
8064 0.606921
8065 0.606921
8066 0.606921
8067 0.606921
8068 0.606921
8069 0.606921
8070 0.606921
8071 0.606921
8072 0.606921
8073 0.606921
8074 0.606921
8075 0.606921
8076 0.606921
8077 0.606921
8078 0.606921
8079 0.606921
8080 0.606921
8081 0.606921
8082 0.606921
8083 0.606921
8084 0.606921
8085 0.606921
8086 0.606921
8087 0.606921
8088 0.606921
8089 0.606921
8090 0.606921
8091 0.606921
8092 0.606921
8093 0.606921
8094 0.606921
8095 0.606921
8096 0.606921
8097 0.606921
8098 0.606921
8099 0.606921
8100 0.606921
8101 0.606921
8102 0.606921
8103 0.606921
8104 0.606921
8105 0.606921
8106 0.606921
8107 0.606921
8108 0.606921
8109 0.606921
8110 0.606921
8111 0.606921
8112 0.606921
8113 0.606921
8114 0.606921
8115 0.606921
8116 0.606921
8117 0.606921
8118 0.606921
8119 0.606921
8120 0.606921
8121 0.606921
8122 0.606921
8123 0.606921
8124 0.606921
8125 0.606921
8126 0.606921
8127 0.606921
8128 0.606921
8129 0.606921
8130 0.606921
8131 0.606921
8132 0.606921
8133 0.606921
8134 0.606921
8135 0.606921
8136 0.606921
8137 0.606921
8138 0.606921
8139 0.606921
8140 0.606921
8141 0.606921
8142 0.606921
8143 0.606921
8144 0.606921
8145 0.606921
8146 0.606921
8147 0.606921
8148 0.606921
8149 0.606921
8150 0.606921
8151 0.606921
8152 0.606921
8153 0.606921
8154 0.606921
8155 0.606921
8156 0.606921
8157 0.606921
8158 0.606921
8159 0.606921
8160 0.606921
8161 0.606921
8162 0.606921
8163 0.606921
8164 0.606921
8165 0.606921
8166 0.606921
8167 0.606921
8168 0.606921
8169 0.606921
8170 0.606921
8171 0.606921
8172 0.606921
8173 0.606921
8174 0.606921
8175 0.606921
8176 0.606921
8177 0.606921
8178 0.606921
8179 0.606921
8180 0.606921
8181 0.606921
8182 0.606921
8183 0.606921
8184 0.606921
8185 0.606921
8186 0.606921
8187 0.606921
8188 0.606921
8189 0.606921
8190 0.606921
8191 0.606921
8192 0.606921
8193 0.606921
8194 0.606921
8195 0.606921
8196 0.606921
8197 0.606921
8198 0.606921
8199 0.606921
8200 0.606921
8201 0.606921
8202 0.606921
8203 0.606921
8204 0.606921
8205 0.606921
8206 0.606921
8207 0.606921
8208 0.606921
8209 0.606921
8210 0.606921
8211 0.606921
8212 0.606921
8213 0.606921
8214 0.606921
8215 0.606921
8216 0.606921
8217 0.606921
8218 0.606921
8219 0.606921
8220 0.606921
8221 0.606921
8222 0.606921
8223 0.606921
8224 0.606921
8225 0.606921
8226 0.606921
8227 0.606921
8228 0.606921
8229 0.606921
8230 0.606921
8231 0.606921
8232 0.606921
8233 0.606921
8234 0.606921
8235 0.606921
8236 0.606921
8237 0.606921
8238 0.606921
8239 0.606921
8240 0.606921
8241 0.606921
8242 0.606921
8243 0.606921
8244 0.606921
8245 0.606921
8246 0.606921
8247 0.606921
8248 0.606921
8249 0.606921
8250 0.606921
8251 0.606921
8252 0.606921
8253 0.606921
8254 0.606921
8255 0.606921
8256 0.606921
8257 0.606921
8258 0.606921
8259 0.606921
8260 0.606921
8261 0.606921
8262 0.606921
8263 0.606921
8264 0.606921
8265 0.606921
8266 0.606921
8267 0.606921
8268 0.606921
8269 0.606921
8270 0.606921
8271 0.606921
8272 0.606921
8273 0.606921
8274 0.606921
8275 0.606921
8276 0.606921
8277 0.606921
8278 0.606921
8279 0.606921
8280 0.606921
8281 0.606921
8282 0.606921
8283 0.606921
8284 0.606921
8285 0.606921
8286 0.606921
8287 0.606921
8288 0.606921
8289 0.606921
8290 0.606921
8291 0.606921
8292 0.606921
8293 0.606921
8294 0.606921
8295 0.606921
8296 0.606921
8297 0.606921
8298 0.606921
8299 0.606921
8300 0.606921
8301 0.606921
8302 0.606921
8303 0.606921
8304 0.606921
8305 0.606921
8306 0.606921
8307 0.606921
8308 0.606921
8309 0.606921
8310 0.606921
8311 0.606921
8312 0.606921
8313 0.606921
8314 0.606921
8315 0.600262
8316 0.600262
8317 0.600262
8318 0.600262
8319 0.600262
8320 0.600262
8321 0.600262
8322 0.600262
8323 0.600262
8324 0.600262
8325 0.600262
8326 0.600262
8327 0.600262
8328 0.600262
8329 0.600262
8330 0.600262
8331 0.600262
8332 0.600262
8333 0.600262
8334 0.600262
8335 0.600262
8336 0.600262
8337 0.600262
8338 0.600262
8339 0.600262
8340 0.600262
8341 0.600262
8342 0.600262
8343 0.600262
8344 0.600262
8345 0.600262
8346 0.600262
8347 0.600262
8348 0.600262
8349 0.600262
8350 0.600262
8351 0.600262
8352 0.600262
8353 0.600262
8354 0.600262
8355 0.600262
8356 0.600262
8357 0.600262
8358 0.600262
8359 0.600262
8360 0.600262
8361 0.600262
8362 0.600262
8363 0.600262
8364 0.600262
8365 0.600262
8366 0.600262
8367 0.600262
8368 0.600262
8369 0.600262
8370 0.600262
8371 0.600262
8372 0.600262
8373 0.600262
8374 0.600262
8375 0.600262
8376 0.600262
8377 0.600262
8378 0.600262
8379 0.600262
8380 0.600262
8381 0.600262
8382 0.600262
8383 0.600262
8384 0.600262
8385 0.600262
8386 0.600262
8387 0.600262
8388 0.600262
8389 0.600262
8390 0.600262
8391 0.600262
8392 0.600262
8393 0.600262
8394 0.600262
8395 0.600262
8396 0.600262
8397 0.600262
8398 0.600262
8399 0.600262
8400 0.600262
8401 0.600262
8402 0.600262
8403 0.600262
8404 0.600262
8405 0.600262
8406 0.600262
8407 0.600262
8408 0.600262
8409 0.600262
8410 0.600262
8411 0.600262
8412 0.600262
8413 0.600262
8414 0.600262
8415 0.600262
8416 0.600262
8417 0.600262
8418 0.600262
8419 0.600262
8420 0.600262
8421 0.600262
8422 0.600262
8423 0.600262
8424 0.600262
8425 0.600262
8426 0.600262
8427 0.600262
8428 0.600262
8429 0.600262
8430 0.600262
8431 0.600262
8432 0.600262
8433 0.600262
8434 0.600262
8435 0.600262
8436 0.600262
8437 0.600262
8438 0.600262
8439 0.600262
8440 0.600262
8441 0.600262
8442 0.600262
8443 0.600262
8444 0.600262
8445 0.600262
8446 0.600262
8447 0.600262
8448 0.600262
8449 0.600262
8450 0.600262
8451 0.600262
8452 0.600262
8453 0.600262
8454 0.600262
8455 0.600262
8456 0.600262
8457 0.600262
8458 0.600262
8459 0.600262
8460 0.600262
8461 0.600262
8462 0.600262
8463 0.600262
8464 0.600262
8465 0.600262
8466 0.600262
8467 0.600262
8468 0.600262
8469 0.600262
8470 0.600262
8471 0.600262
8472 0.600262
8473 0.600262
8474 0.600262
8475 0.600262
8476 0.600262
8477 0.600262
8478 0.600262
8479 0.600262
8480 0.600262
8481 0.600262
8482 0.600262
8483 0.600262
8484 0.600262
8485 0.600262
8486 0.600262
8487 0.600262
8488 0.600262
8489 0.600262
8490 0.600262
8491 0.600262
8492 0.600262
8493 0.600262
8494 0.600262
8495 0.600262
8496 0.600262
8497 0.600262
8498 0.600262
8499 0.600262
8500 0.600262
8501 0.600262
8502 0.600262
8503 0.600262
8504 0.600262
8505 0.600262
8506 0.600262
8507 0.600262
8508 0.600262
8509 0.600262
8510 0.600262
8511 0.600262
8512 0.600262
8513 0.600262
8514 0.600262
8515 0.600262
8516 0.599236
8517 0.599236
8518 0.599236
8519 0.599236
8520 0.599236
8521 0.599236
8522 0.599236
8523 0.599236
8524 0.599236
8525 0.599236
8526 0.599236
8527 0.599236
8528 0.599236
8529 0.599236
8530 0.599236
8531 0.599236
8532 0.599236
8533 0.599236
8534 0.599236
8535 0.599236
8536 0.599236
8537 0.599236
8538 0.599236
8539 0.599236
8540 0.599236
8541 0.599236
8542 0.599236
8543 0.599236
8544 0.599236
8545 0.599236
8546 0.599236
8547 0.599236
8548 0.599236
8549 0.599236
8550 0.599236
8551 0.599236
8552 0.599236
8553 0.599236
8554 0.599236
8555 0.599236
8556 0.599236
8557 0.599236
8558 0.599236
8559 0.599236
8560 0.599236
8561 0.599236
8562 0.599236
8563 0.599236
8564 0.599236
8565 0.599236
8566 0.599236
8567 0.599236
8568 0.599236
8569 0.599236
8570 0.599236
8571 0.599236
8572 0.599236
8573 0.599236
8574 0.599236
8575 0.599236
8576 0.599236
8577 0.599236
8578 0.599236
8579 0.599236
8580 0.599236
8581 0.599236
8582 0.599236
8583 0.599236
8584 0.599236
8585 0.599236
8586 0.599236
8587 0.599236
8588 0.599236
8589 0.599236
8590 0.599236
8591 0.599236
8592 0.599236
8593 0.599236
8594 0.599236
8595 0.599236
8596 0.599236
8597 0.599236
8598 0.599236
8599 0.599236
8600 0.599236
8601 0.599236
8602 0.599236
8603 0.599236
8604 0.599236
8605 0.599236
8606 0.599236
8607 0.599236
8608 0.599236
8609 0.599236
8610 0.599236
8611 0.599236
8612 0.599236
8613 0.599236
8614 0.599236
8615 0.599236
8616 0.599236
8617 0.599236
8618 0.599236
8619 0.599236
8620 0.599236
8621 0.599236
8622 0.599236
8623 0.599236
8624 0.599236
8625 0.599236
8626 0.599236
8627 0.599236
8628 0.599236
8629 0.599236
8630 0.599236
8631 0.599236
8632 0.599236
8633 0.599236
8634 0.599236
8635 0.599236
8636 0.599236
8637 0.599236
8638 0.599236
8639 0.599236
8640 0.599236
8641 0.599236
8642 0.599236
8643 0.599236
8644 0.599236
8645 0.599236
8646 0.599236
8647 0.599236
8648 0.599236
8649 0.599236
8650 0.599236
8651 0.599236
8652 0.599236
8653 0.599236
8654 0.599236
8655 0.599236
8656 0.599236
8657 0.599236
8658 0.599236
8659 0.599236
8660 0.599236
8661 0.599236
8662 0.599236
8663 0.599236
8664 0.599236
8665 0.599236
8666 0.599236
8667 0.599236
8668 0.599236
8669 0.599236
8670 0.599236
8671 0.599236
8672 0.599236
8673 0.599236
8674 0.599236
8675 0.599236
8676 0.599236
8677 0.599236
8678 0.599236
8679 0.599236
8680 0.599236
8681 0.599236
8682 0.599236
8683 0.599236
8684 0.599236
8685 0.599236
8686 0.599236
8687 0.599236
8688 0.599236
8689 0.599236
8690 0.599236
8691 0.599236
8692 0.599236
8693 0.599236
8694 0.599236
8695 0.599236
8696 0.599236
8697 0.599236
8698 0.599236
8699 0.599236
8700 0.599236
8701 0.599236
8702 0.599236
8703 0.599236
8704 0.599236
8705 0.599236
8706 0.599236
8707 0.599236
8708 0.599236
8709 0.599236
8710 0.599236
8711 0.599236
8712 0.599236
8713 0.599236
8714 0.599236
8715 0.599236
8716 0.599236
8717 0.599236
8718 0.599236
8719 0.599236
8720 0.599236
8721 0.599236
8722 0.599236
8723 0.599236
8724 0.599236
8725 0.599236
8726 0.599236
8727 0.599236
8728 0.599236
8729 0.599236
8730 0.599236
8731 0.599236
8732 0.599236
8733 0.599236
8734 0.599236
8735 0.599236
8736 0.599236
8737 0.599236
8738 0.599236
8739 0.599236
8740 0.599236
8741 0.599236
8742 0.599236
8743 0.599236
8744 0.599236
8745 0.599236
8746 0.599236
8747 0.599236
8748 0.599236
8749 0.599236
8750 0.599236
8751 0.598040
8752 0.598040
8753 0.598040
8754 0.598040
8755 0.598040
8756 0.598040
8757 0.598040
8758 0.598040
8759 0.598040
8760 0.598040
8761 0.598040
8762 0.598040
8763 0.598040
8764 0.598040
8765 0.598040
8766 0.598040
8767 0.598040
8768 0.598040
8769 0.598040
8770 0.598040
8771 0.598040
8772 0.598040
8773 0.598040
8774 0.598040
8775 0.598040
8776 0.598040
8777 0.598040
8778 0.598040
8779 0.598040
8780 0.598040
8781 0.598040
8782 0.598040
8783 0.598040
8784 0.598040
8785 0.598040
8786 0.598040
8787 0.598040
8788 0.597852
8789 0.597852
8790 0.597852
8791 0.597852
8792 0.597852
8793 0.597852
8794 0.597852
8795 0.597852
8796 0.597852
8797 0.597852
8798 0.597852
8799 0.597852
8800 0.597852
8801 0.597852
8802 0.597852
8803 0.597852
8804 0.597852
8805 0.597852
8806 0.597852
8807 0.597852
8808 0.597852
8809 0.597852
8810 0.597852
8811 0.597852
8812 0.597852
8813 0.597852
8814 0.597852
8815 0.597852
8816 0.597852
8817 0.597852
8818 0.597852
8819 0.597852
8820 0.597852
8821 0.597852
8822 0.597852
8823 0.597852
8824 0.597852
8825 0.597852
8826 0.597852
8827 0.597852
8828 0.597852
8829 0.597852
8830 0.597852
8831 0.597852
8832 0.597852
8833 0.597852
8834 0.597852
8835 0.597852
8836 0.597852
8837 0.597852
8838 0.597852
8839 0.597852
8840 0.597852
8841 0.597852
8842 0.597852
8843 0.597852
8844 0.597852
8845 0.597852
8846 0.597852
8847 0.597852
8848 0.597852
8849 0.597852
8850 0.597852
8851 0.597532
8852 0.597532
8853 0.597532
8854 0.597532
8855 0.597532
8856 0.597532
8857 0.597532
8858 0.597532
8859 0.597532
8860 0.597532
8861 0.597532
8862 0.597532
8863 0.597532
8864 0.597532
8865 0.597532
8866 0.597532
8867 0.597532
8868 0.597532
8869 0.597532
8870 0.597532
8871 0.597532
8872 0.597532
8873 0.597532
8874 0.597532
8875 0.597532
8876 0.597532
8877 0.597532
8878 0.597532
8879 0.597532
8880 0.597532
8881 0.597532
8882 0.597532
8883 0.597532
8884 0.597532
8885 0.597532
8886 0.597532
8887 0.597532
8888 0.597532
8889 0.597532
8890 0.597532
8891 0.597532
8892 0.597532
8893 0.597532
8894 0.597532
8895 0.597532
8896 0.597532
8897 0.597532
8898 0.597532
8899 0.597532
8900 0.597532
8901 0.597532
8902 0.597532
8903 0.597532
8904 0.597532
8905 0.597532
8906 0.597532
8907 0.597532
8908 0.597532
8909 0.597532
8910 0.597532
8911 0.597532
8912 0.597532
8913 0.597532
8914 0.597532
8915 0.597532
8916 0.597532
8917 0.597532
8918 0.597532
8919 0.597532
8920 0.597532
8921 0.597532
8922 0.597532
8923 0.597532
8924 0.597532
8925 0.597532
8926 0.597532
8927 0.597532
8928 0.597532
8929 0.597532
8930 0.597532
8931 0.597532
8932 0.597532
8933 0.597532
8934 0.597532
8935 0.597532
8936 0.597532
8937 0.597532
8938 0.597532
8939 0.597532
8940 0.597532
8941 0.597532
8942 0.597532
8943 0.597532
8944 0.597532
8945 0.597532
8946 0.597532
8947 0.597532
8948 0.597532
8949 0.597532
8950 0.597532
8951 0.597532
8952 0.597532
8953 0.597532
8954 0.597532
8955 0.597532
8956 0.597532
8957 0.597532
8958 0.597532
8959 0.597532
8960 0.597532
8961 0.597532
8962 0.597532
8963 0.597532
8964 0.597532
8965 0.597532
8966 0.597532
8967 0.597532
8968 0.597532
8969 0.597532
8970 0.597532
8971 0.597532
8972 0.597532
8973 0.597532
8974 0.597532
8975 0.597532
8976 0.597532
8977 0.597532
8978 0.597532
8979 0.597532
8980 0.597532
8981 0.597532
8982 0.597532
8983 0.597532
8984 0.597532
8985 0.597532
8986 0.597532
8987 0.597532
8988 0.597532
8989 0.597532
8990 0.597532
8991 0.597532
8992 0.597532
8993 0.597532
8994 0.597532
8995 0.597532
8996 0.597532
8997 0.597532
8998 0.597532
8999 0.597532
9000 0.597532
9001 0.597532
9002 0.597532
9003 0.597532
9004 0.597532
9005 0.597532
9006 0.597532
9007 0.597532
9008 0.597532
9009 0.597532
9010 0.597532
9011 0.597532
9012 0.597532
9013 0.597532
9014 0.597532
9015 0.597532
9016 0.597532
9017 0.597532
9018 0.597532
9019 0.597532
9020 0.597532
9021 0.597532
9022 0.597532
9023 0.597532
9024 0.597532
9025 0.597532
9026 0.597532
9027 0.597532
9028 0.597532
9029 0.597532
9030 0.597532
9031 0.597532
9032 0.597532
9033 0.597532
9034 0.597532
9035 0.597532
9036 0.597532
9037 0.597532
9038 0.597532
9039 0.597532
9040 0.597532
9041 0.597532
9042 0.597532
9043 0.597532
9044 0.597532
9045 0.597532
9046 0.597532
9047 0.597532
9048 0.597532
9049 0.597532
9050 0.597532
9051 0.597532
9052 0.597532
9053 0.597532
9054 0.597532
9055 0.597532
9056 0.597532
9057 0.597532
9058 0.597532
9059 0.597532
9060 0.597532
9061 0.597532
9062 0.597532
9063 0.597532
9064 0.597532
9065 0.597532
9066 0.597532
9067 0.597532
9068 0.597532
9069 0.597532
9070 0.597532
9071 0.597532
9072 0.597532
9073 0.597532
9074 0.597532
9075 0.597532
9076 0.597532
9077 0.597532
9078 0.597532
9079 0.597532
9080 0.597532
9081 0.597532
9082 0.597532
9083 0.597532
9084 0.597532
9085 0.597532
9086 0.597532
9087 0.597532
9088 0.597532
9089 0.597532
9090 0.597532
9091 0.597532
9092 0.597532
9093 0.597532
9094 0.597532
9095 0.597532
9096 0.597532
9097 0.597532
9098 0.597532
9099 0.597532
9100 0.597532
9101 0.597532
9102 0.597532
9103 0.597532
9104 0.597532
9105 0.597532
9106 0.597532
9107 0.597532
9108 0.597532
9109 0.597532
9110 0.597532
9111 0.597532
9112 0.597532
9113 0.597532
9114 0.597532
9115 0.597532
9116 0.597532
9117 0.597532
9118 0.597532
9119 0.597532
9120 0.597532
9121 0.597532
9122 0.597532
9123 0.597532
9124 0.597532
9125 0.597532
9126 0.597532
9127 0.597532
9128 0.597532
9129 0.597532
9130 0.597532
9131 0.597532
9132 0.597532
9133 0.597532
9134 0.597532
9135 0.597532
9136 0.597532
9137 0.597532
9138 0.597532
9139 0.597532
9140 0.597532
9141 0.597532
9142 0.597532
9143 0.597532
9144 0.597532
9145 0.597532
9146 0.597532
9147 0.597532
9148 0.597532
9149 0.597532
9150 0.597532
9151 0.597532
9152 0.597532
9153 0.597532
9154 0.597532
9155 0.597532
9156 0.597532
9157 0.597532
9158 0.597532
9159 0.597532
9160 0.597532
9161 0.597532
9162 0.597532
9163 0.597532
9164 0.597532
9165 0.597532
9166 0.597532
9167 0.597532
9168 0.597532
9169 0.597532
9170 0.597532
9171 0.597532
9172 0.597532
9173 0.597532
9174 0.597532
9175 0.597532
9176 0.597532
9177 0.597532
9178 0.597532
9179 0.597532
9180 0.597532
9181 0.597532
9182 0.597532
9183 0.597532
9184 0.597532
9185 0.597532
9186 0.597532
9187 0.597532
9188 0.597532
9189 0.597532
9190 0.597532
9191 0.597532
9192 0.597532
9193 0.597532
9194 0.597532
9195 0.597532
9196 0.597532
9197 0.597532
9198 0.597532
9199 0.597532
9200 0.597532
9201 0.597532
9202 0.597532
9203 0.597532
9204 0.597532
9205 0.597532
9206 0.597532
9207 0.597532
9208 0.597532
9209 0.597532
9210 0.597532
9211 0.597532
9212 0.597532
9213 0.597532
9214 0.597532
9215 0.597532
9216 0.597532
9217 0.597532
9218 0.597532
9219 0.597532
9220 0.597532
9221 0.597532
9222 0.597532
9223 0.597532
9224 0.597532
9225 0.597532
9226 0.597532
9227 0.597532
9228 0.597532
9229 0.597532
9230 0.597532
9231 0.597532
9232 0.597532
9233 0.597532
9234 0.597532
9235 0.597532
9236 0.597532
9237 0.597532
9238 0.597532
9239 0.597532
9240 0.597532
9241 0.597532
9242 0.597532
9243 0.597532
9244 0.597532
9245 0.597532
9246 0.597532
9247 0.597532
9248 0.597532
9249 0.597532
9250 0.597532
9251 0.597532
9252 0.597532
9253 0.597532
9254 0.597532
9255 0.597532
9256 0.597532
9257 0.597532
9258 0.597532
9259 0.597532
9260 0.597532
9261 0.597532
9262 0.597532
9263 0.597532
9264 0.597532
9265 0.597532
9266 0.597532
9267 0.597532
9268 0.597532
9269 0.597532
9270 0.597532
9271 0.597532
9272 0.597532
9273 0.597532
9274 0.597532
9275 0.597532
9276 0.597532
9277 0.597532
9278 0.597532
9279 0.597532
9280 0.597532
9281 0.597532
9282 0.597532
9283 0.597532
9284 0.597532
9285 0.597532
9286 0.597532
9287 0.597532
9288 0.597532
9289 0.597532
9290 0.597532
9291 0.597532
9292 0.597532
9293 0.597532
9294 0.597532
9295 0.597532
9296 0.597532
9297 0.597532
9298 0.597532
9299 0.597532
9300 0.597532
9301 0.597532
9302 0.597532
9303 0.597532
9304 0.597532
9305 0.597532
9306 0.597532
9307 0.597532
9308 0.597532
9309 0.597532
9310 0.597532
9311 0.597532
9312 0.597532
9313 0.597532
9314 0.597532
9315 0.597532
9316 0.597532
9317 0.597532
9318 0.597532
9319 0.597532
9320 0.597532
9321 0.597532
9322 0.597532
9323 0.597532
9324 0.597532
9325 0.597532
9326 0.597532
9327 0.597532
9328 0.597532
9329 0.597532
9330 0.597532
9331 0.597532
9332 0.597532
9333 0.597532
9334 0.597532
9335 0.597532
9336 0.597532
9337 0.597532
9338 0.597532
9339 0.597532
9340 0.597532
9341 0.597532
9342 0.597532
9343 0.597532
9344 0.597532
9345 0.597532
9346 0.597532
9347 0.597532
9348 0.597532
9349 0.597532
9350 0.597532
9351 0.597532
9352 0.597532
9353 0.597532
9354 0.597532
9355 0.597532
9356 0.597532
9357 0.597532
9358 0.597532
9359 0.597532
9360 0.597532
9361 0.597532
9362 0.597532
9363 0.597532
9364 0.597532
9365 0.597532
9366 0.597532
9367 0.597532
9368 0.597532
9369 0.597532
9370 0.597532
9371 0.597532
9372 0.597532
9373 0.597532
9374 0.597532
9375 0.597532
9376 0.597532
9377 0.597532
9378 0.597532
9379 0.597532
9380 0.597532
9381 0.597532
9382 0.597532
9383 0.597532
9384 0.597532
9385 0.597532
9386 0.597532
9387 0.597532
9388 0.597532
9389 0.597532
9390 0.597532
9391 0.597532
9392 0.597532
9393 0.597532
9394 0.597532
9395 0.597532
9396 0.597532
9397 0.597532
9398 0.597532
9399 0.597532
9400 0.597532
9401 0.597532
9402 0.597532
9403 0.597532
9404 0.597532
9405 0.597532
9406 0.597532
9407 0.597532
9408 0.597532
9409 0.597532
9410 0.597532
9411 0.597532
9412 0.597532
9413 0.597532
9414 0.597532
9415 0.597532
9416 0.597532
9417 0.597532
9418 0.597532
9419 0.597532
9420 0.597532
9421 0.597532
9422 0.597532
9423 0.597532
9424 0.597532
9425 0.597532
9426 0.597532
9427 0.597532
9428 0.597532
9429 0.597532
9430 0.597532
9431 0.597532
9432 0.597532
9433 0.597532
9434 0.597532
9435 0.597532
9436 0.597532
9437 0.597532
9438 0.597532
9439 0.597532
9440 0.597532
9441 0.597532
9442 0.597532
9443 0.597532
9444 0.597532
9445 0.597532
9446 0.597532
9447 0.597532
9448 0.597532
9449 0.597532
9450 0.597532
9451 0.597532
9452 0.597532
9453 0.597532
9454 0.597532
9455 0.597532
9456 0.597532
9457 0.597532
9458 0.597532
9459 0.597532
9460 0.597532
9461 0.597532
9462 0.597532
9463 0.597532
9464 0.597532
9465 0.597532
9466 0.597532
9467 0.597532
9468 0.597532
9469 0.597532
9470 0.597532
9471 0.597532
9472 0.597532
9473 0.597532
9474 0.597532
9475 0.597532
9476 0.597532
9477 0.597532
9478 0.597532
9479 0.597532
9480 0.597532
9481 0.597532
9482 0.597532
9483 0.597532
9484 0.597532
9485 0.597532
9486 0.597532
9487 0.597532
9488 0.597532
9489 0.597532
9490 0.597532
9491 0.597532
9492 0.597532
9493 0.597532
9494 0.597532
9495 0.597532
9496 0.597532
9497 0.597532
9498 0.597532
9499 0.597532
9500 0.597532
9501 0.597532
9502 0.597532
9503 0.597532
9504 0.597532
9505 0.597532
9506 0.597532
9507 0.597532
9508 0.597532
9509 0.597532
9510 0.597532
9511 0.597532
9512 0.597532
9513 0.597532
9514 0.597532
9515 0.597532
9516 0.597532
9517 0.597532
9518 0.597532
9519 0.597532
9520 0.597532
9521 0.597532
9522 0.597532
9523 0.597532
9524 0.597532
9525 0.597532
9526 0.597532
9527 0.597532
9528 0.597532
9529 0.597532
9530 0.597532
9531 0.597532
9532 0.597532
9533 0.597532
9534 0.597532
9535 0.597532
9536 0.597532
9537 0.597532
9538 0.597532
9539 0.597532
9540 0.597532
9541 0.597532
9542 0.597532
9543 0.597532
9544 0.597532
9545 0.597532
9546 0.597532
9547 0.597532
9548 0.597532
9549 0.597532
9550 0.597532
9551 0.597532
9552 0.597532
9553 0.597532
9554 0.597532
9555 0.597532
9556 0.597532
9557 0.597532
9558 0.597532
9559 0.597532
9560 0.597532
9561 0.597532
9562 0.597532
9563 0.597532
9564 0.597532
9565 0.597532
9566 0.597532
9567 0.597532
9568 0.597532
9569 0.597532
9570 0.597532
9571 0.597532
9572 0.597532
9573 0.597532
9574 0.597532
9575 0.597532
9576 0.597532
9577 0.597532
9578 0.597532
9579 0.597532
9580 0.597532
9581 0.597532
9582 0.597532
9583 0.597532
9584 0.597532
9585 0.597532
9586 0.597532
9587 0.597532
9588 0.597532
9589 0.597532
9590 0.597532
9591 0.597532
9592 0.597532
9593 0.597532
9594 0.597532
9595 0.597532
9596 0.597532
9597 0.597532
9598 0.597532
9599 0.597532
9600 0.597532
9601 0.597532
9602 0.597532
9603 0.597532
9604 0.597532
9605 0.597532
9606 0.597532
9607 0.597532
9608 0.597532
9609 0.597532
9610 0.597532
9611 0.597532
9612 0.597532
9613 0.597532
9614 0.597532
9615 0.597532
9616 0.597532
9617 0.597532
9618 0.597532
9619 0.597532
9620 0.597532
9621 0.597532
9622 0.597532
9623 0.597532
9624 0.597532
9625 0.597532
9626 0.597532
9627 0.597532
9628 0.597532
9629 0.597532
9630 0.597532
9631 0.597532
9632 0.597532
9633 0.597532
9634 0.597532
9635 0.597532
9636 0.597532
9637 0.597532
9638 0.597532
9639 0.597532
9640 0.597532
9641 0.597532
9642 0.597532
9643 0.597532
9644 0.597532
9645 0.597532
9646 0.597532
9647 0.597532
9648 0.597532
9649 0.597532
9650 0.597532
9651 0.597532
9652 0.597532
9653 0.597532
9654 0.597532
9655 0.597532
9656 0.597532
9657 0.597532
9658 0.597532
9659 0.597532
9660 0.597532
9661 0.597532
9662 0.597532
9663 0.597532
9664 0.597532
9665 0.597532
9666 0.597532
9667 0.597532
9668 0.597532
9669 0.597532
9670 0.597532
9671 0.597532
9672 0.597532
9673 0.597532
9674 0.597532
9675 0.597532
9676 0.597532
9677 0.597532
9678 0.597532
9679 0.597532
9680 0.597532
9681 0.597532
9682 0.597532
9683 0.597532
9684 0.597532
9685 0.597532
9686 0.597532
9687 0.597532
9688 0.597532
9689 0.597532
9690 0.597532
9691 0.597532
9692 0.597532
9693 0.597532
9694 0.597532
9695 0.597532
9696 0.597532
9697 0.597532
9698 0.597532
9699 0.597532
9700 0.597532
9701 0.597532
9702 0.597532
9703 0.597532
9704 0.597532
9705 0.597532
9706 0.597532
9707 0.597532
9708 0.597532
9709 0.597532
9710 0.597532
9711 0.597532
9712 0.597532
9713 0.597532
9714 0.597532
9715 0.597532
9716 0.597532
9717 0.597532
9718 0.597532
9719 0.597532
9720 0.597532
9721 0.597532
9722 0.597532
9723 0.597532
9724 0.597532
9725 0.597532
9726 0.597532
9727 0.597532
9728 0.597532
9729 0.597532
9730 0.597532
9731 0.597532
9732 0.597532
9733 0.597532
9734 0.597532
9735 0.597532
9736 0.597532
9737 0.597532
9738 0.597532
9739 0.597532
9740 0.597532
9741 0.597532
9742 0.597532
9743 0.597532
9744 0.597532
9745 0.597532
9746 0.597532
9747 0.597532
9748 0.597532
9749 0.597532
9750 0.597532
9751 0.597532
9752 0.597532
9753 0.597532
9754 0.597532
9755 0.597532
9756 0.597532
9757 0.597532
9758 0.597532
9759 0.597532
9760 0.597532
9761 0.597532
9762 0.597532
9763 0.597532
9764 0.597532
9765 0.597532
9766 0.597532
9767 0.597532
9768 0.597532
9769 0.597532
9770 0.597532
9771 0.597532
9772 0.597532
9773 0.597532
9774 0.597532
9775 0.597532
9776 0.597532
9777 0.597532
9778 0.597532
9779 0.597532
9780 0.597532
9781 0.597532
9782 0.597532
9783 0.597532
9784 0.597532
9785 0.597532
9786 0.597532
9787 0.597532
9788 0.597532
9789 0.597532
9790 0.597532
9791 0.597532
9792 0.597532
9793 0.597532
9794 0.597532
9795 0.597532
9796 0.597532
9797 0.597532
9798 0.597532
9799 0.597532
9800 0.597532
9801 0.597532
9802 0.597532
9803 0.597532
9804 0.597532
9805 0.597532
9806 0.597532
9807 0.597532
9808 0.597532
9809 0.597532
9810 0.597532
9811 0.597532
9812 0.597532
9813 0.597532
9814 0.597532
9815 0.597532
9816 0.597532
9817 0.597532
9818 0.597532
9819 0.597532
9820 0.597532
9821 0.597532
9822 0.597532
9823 0.597532
9824 0.597532
9825 0.597532
9826 0.597532
9827 0.597532
9828 0.597532
9829 0.597532
9830 0.597532
9831 0.597532
9832 0.597532
9833 0.597532
9834 0.597532
9835 0.597532
9836 0.597532
9837 0.597532
9838 0.597532
9839 0.597532
9840 0.597532
9841 0.597532
9842 0.597532
9843 0.597532
9844 0.597532
9845 0.597532
9846 0.597532
9847 0.597532
9848 0.597532
9849 0.597532
9850 0.597532
9851 0.597532
9852 0.597532
9853 0.597532
9854 0.597532
9855 0.597532
9856 0.597532
9857 0.597532
9858 0.597532
9859 0.597532
9860 0.597532
9861 0.597532
9862 0.597532
9863 0.597532
9864 0.597532
9865 0.597532
9866 0.597532
9867 0.597532
9868 0.597532
9869 0.597532
9870 0.597532
9871 0.597532
9872 0.597532
9873 0.597532
9874 0.597532
9875 0.597532
9876 0.597532
9877 0.597532
9878 0.597532
9879 0.597532
9880 0.597532
9881 0.597532
9882 0.597532
9883 0.597532
9884 0.597532
9885 0.597532
9886 0.597532
9887 0.597532
9888 0.597532
9889 0.597532
9890 0.597532
9891 0.597532
9892 0.597532
9893 0.597532
9894 0.597532
9895 0.597532
9896 0.597532
9897 0.597532
9898 0.597532
9899 0.597532
9900 0.597532
9901 0.597532
9902 0.597532
9903 0.597532
9904 0.597532
9905 0.597532
9906 0.597532
9907 0.597532
9908 0.597532
9909 0.597532
9910 0.597532
9911 0.597532
9912 0.597532
9913 0.597532
9914 0.597532
9915 0.597532
9916 0.597532
9917 0.597532
9918 0.597532
9919 0.597532
9920 0.597532
9921 0.597532
9922 0.597532
9923 0.597532
9924 0.597532
9925 0.597532
9926 0.597532
9927 0.597532
9928 0.597532
9929 0.597532
9930 0.597532
9931 0.597532
9932 0.597532
9933 0.597532
9934 0.597532
9935 0.597532
9936 0.597532
9937 0.597532
9938 0.597532
9939 0.597532
9940 0.597532
9941 0.597532
9942 0.597532
9943 0.597532
9944 0.597532
9945 0.597532
9946 0.597532
9947 0.597532
9948 0.597532
9949 0.597532
9950 0.597532
9951 0.597532
9952 0.597532
9953 0.597532
9954 0.597532
9955 0.597532
9956 0.597532
9957 0.597532
9958 0.597532
9959 0.597532
9960 0.597532
9961 0.597532
9962 0.597532
9963 0.597532
9964 0.597532
9965 0.597532
9966 0.597532
9967 0.597532
9968 0.597532
9969 0.597532
9970 0.597532
9971 0.597532
9972 0.597532
9973 0.597532
9974 0.597532
9975 0.597532
9976 0.597532
9977 0.597532
9978 0.597532
9979 0.597532
9980 0.597532
9981 0.597532
9982 0.597532
9983 0.597532
9984 0.597532
9985 0.597532
9986 0.597532
9987 0.597532
9988 0.597532
9989 0.597532
9990 0.597532
9991 0.597532
9992 0.597532
9993 0.597532
9994 0.597532
9995 0.597532
9996 0.597532
9997 0.597532
9998 0.597532
9999 0.597532
10000 0.597532
10001 0.597532
10002 0.597532
10003 0.597532
10004 0.597532
10005 0.597532
10006 0.597532
10007 0.597532
10008 0.597532
10009 0.597532
10010 0.597532
10011 0.597532
10012 0.597532
10013 0.597532
10014 0.597532
10015 0.597532
10016 0.597532
10017 0.597532
10018 0.597532
10019 0.597532
10020 0.597532
10021 0.597532
10022 0.597532
10023 0.597532
10024 0.597532
10025 0.597532
10026 0.597532
10027 0.597532
10028 0.597532
10029 0.597532
10030 0.597532
10031 0.597532
10032 0.597532
10033 0.597532
10034 0.597532
10035 0.597532
10036 0.597532
10037 0.597532
10038 0.597532
10039 0.597532
10040 0.597532
10041 0.597532
10042 0.597532
10043 0.597532
10044 0.597532
10045 0.597532
10046 0.597532
10047 0.597532
10048 0.597532
10049 0.597532
10050 0.597532
10051 0.597532
10052 0.597532
10053 0.597532
10054 0.597532
10055 0.597532
10056 0.597532
10057 0.597532
10058 0.597532
10059 0.597532
10060 0.597532
10061 0.597532
10062 0.597532
10063 0.597532
10064 0.597532
10065 0.597532
10066 0.597532
10067 0.597532
10068 0.597532
10069 0.597532
10070 0.597532
10071 0.597532
10072 0.597532
10073 0.597532
10074 0.597532
10075 0.597532
10076 0.597532
10077 0.597532
10078 0.597532
10079 0.597532
10080 0.597532
10081 0.597532
10082 0.597532
10083 0.597532
10084 0.597532
10085 0.597532
10086 0.597532
10087 0.597532
10088 0.597532
10089 0.597532
10090 0.597532
10091 0.597532
10092 0.597532
10093 0.597532
10094 0.597532
10095 0.597532
10096 0.597532
10097 0.597532
10098 0.597532
10099 0.597532
10100 0.597532
10101 0.597532
10102 0.597532
10103 0.597532
10104 0.597532
10105 0.597532
10106 0.597532
10107 0.597532
10108 0.597532
10109 0.597532
10110 0.597532
10111 0.597532
10112 0.597532
10113 0.597532
10114 0.597532
10115 0.597532
10116 0.597532
10117 0.597532
10118 0.597532
10119 0.597532
10120 0.597532
10121 0.597532
10122 0.597532
10123 0.597532
10124 0.597532
10125 0.597532
10126 0.597532
10127 0.597532
10128 0.597532
10129 0.597532
10130 0.597532
10131 0.597532
10132 0.597532
10133 0.597532
10134 0.597532
10135 0.597532
10136 0.597532
10137 0.597532
10138 0.597532
10139 0.597532
10140 0.597532
10141 0.597532
10142 0.597532
10143 0.597532
10144 0.597532
10145 0.597532
10146 0.597532
10147 0.597532
10148 0.597532
10149 0.597532
10150 0.597532
10151 0.597532
10152 0.597532
10153 0.597532
10154 0.597532
10155 0.597532
10156 0.597532
10157 0.597532
10158 0.597532
10159 0.597532
10160 0.597532
10161 0.597532
10162 0.597532
10163 0.597532
10164 0.597532
10165 0.597532
10166 0.597532
10167 0.597532
10168 0.597532
10169 0.597532
10170 0.597532
10171 0.597532
10172 0.597532
10173 0.597532
10174 0.597532
10175 0.597532
10176 0.597532
10177 0.597532
10178 0.597532
10179 0.597532
10180 0.597532
10181 0.597532
10182 0.597532
10183 0.597532
10184 0.597532
10185 0.597532
10186 0.597532
10187 0.597532
10188 0.597532
10189 0.597532
10190 0.597532
10191 0.597532
10192 0.597532
10193 0.597532
10194 0.597532
10195 0.597532
10196 0.597532
10197 0.597532
10198 0.597532
10199 0.597532
10200 0.597532
10201 0.597532
10202 0.597532
10203 0.597532
10204 0.597532
10205 0.597532
10206 0.597532
10207 0.597532
10208 0.597532
10209 0.597532
10210 0.597532
10211 0.597532
10212 0.597532
10213 0.597532
10214 0.597532
10215 0.597532
10216 0.597532
10217 0.597532
10218 0.597532
10219 0.597532
10220 0.597532
10221 0.597532
10222 0.597532
10223 0.597532
10224 0.597532
10225 0.597532
10226 0.597532
10227 0.597532
10228 0.597532
10229 0.597532
10230 0.597532
10231 0.597532
10232 0.597532
10233 0.597532
10234 0.597532
10235 0.597532
10236 0.597532
10237 0.597532
10238 0.597532
10239 0.597532
10240 0.597532
10241 0.597532
10242 0.597532
10243 0.597532
10244 0.597532
10245 0.597532
10246 0.597532
10247 0.597532
10248 0.597532
10249 0.597532
10250 0.597532
10251 0.597532
10252 0.597532
10253 0.597532
10254 0.597532
10255 0.597532
10256 0.597532
10257 0.597532
10258 0.597532
10259 0.597532
10260 0.597532
10261 0.597532
10262 0.597532
10263 0.597532
10264 0.597532
10265 0.597532
10266 0.597532
10267 0.597532
10268 0.597532
10269 0.597532
10270 0.597532
10271 0.597532
10272 0.597532
10273 0.597532
10274 0.597532
10275 0.597532
10276 0.597532
10277 0.597532
10278 0.597532
10279 0.597532
10280 0.597532
10281 0.597532
10282 0.597532
10283 0.597532
10284 0.597532
10285 0.597532
10286 0.597532
10287 0.597532
10288 0.597532
10289 0.597532
10290 0.597532
10291 0.597532
10292 0.597532
10293 0.597532
10294 0.597532
10295 0.597532
10296 0.597532
10297 0.597532
10298 0.597532
10299 0.597532
10300 0.597532
10301 0.597532
10302 0.597532
10303 0.597532
10304 0.597532
10305 0.597532
10306 0.597532
10307 0.597532
10308 0.597532
10309 0.597532
10310 0.597532
10311 0.597532
10312 0.597532
10313 0.597532
10314 0.597532
10315 0.597532
10316 0.597532
10317 0.597532
10318 0.597532
10319 0.597532
10320 0.597532
10321 0.597532
10322 0.597532
10323 0.597532
10324 0.597532
10325 0.597532
10326 0.597532
10327 0.597532
10328 0.597532
10329 0.597532
10330 0.597532
10331 0.597532
10332 0.597532
10333 0.597532
10334 0.597532
10335 0.597532
10336 0.597532
10337 0.597532
10338 0.597532
10339 0.597532
10340 0.597532
10341 0.597532
10342 0.597532
10343 0.597532
10344 0.597532
10345 0.597532
10346 0.597532
10347 0.597532
10348 0.597532
10349 0.597532
10350 0.597532
10351 0.597532
10352 0.597532
10353 0.597532
10354 0.597532
10355 0.597532
10356 0.597532
10357 0.597532
10358 0.597532
10359 0.597532
10360 0.597532
10361 0.597532
10362 0.597532
10363 0.597532
10364 0.597532
10365 0.597532
10366 0.597532
10367 0.597532
10368 0.597532
10369 0.597532
10370 0.597532
10371 0.597532
10372 0.597532
10373 0.597532
10374 0.597532
10375 0.597532
10376 0.597532
10377 0.597532
10378 0.597532
10379 0.597532
10380 0.597532
10381 0.597532
10382 0.597532
10383 0.597532
10384 0.597532
10385 0.597532
10386 0.597532
10387 0.597532
10388 0.597532
10389 0.597532
10390 0.597532
10391 0.597532
10392 0.597532
10393 0.597532
10394 0.597532
10395 0.597532
10396 0.597532
10397 0.597532
10398 0.597532
10399 0.597532
10400 0.597532
10401 0.597532
10402 0.597532
10403 0.597532
10404 0.597532
10405 0.597532
10406 0.589728
10407 0.589728
10408 0.589728
10409 0.589728
10410 0.589728
10411 0.589728
10412 0.589728
10413 0.589728
10414 0.589728
10415 0.589728
10416 0.589728
10417 0.589728
10418 0.589728
10419 0.589728
10420 0.589728
10421 0.589728
10422 0.589728
10423 0.589728
10424 0.589728
10425 0.589728
10426 0.589728
10427 0.589728
10428 0.589728
10429 0.589728
10430 0.589728
10431 0.589728
10432 0.589728
10433 0.589728
10434 0.589728
10435 0.589728
10436 0.589728
10437 0.589728
10438 0.589728
10439 0.589728
10440 0.589728
10441 0.589728
10442 0.589728
10443 0.589728
10444 0.589728
10445 0.589728
10446 0.589728
10447 0.589728
10448 0.589728
10449 0.589728
10450 0.589728
10451 0.589728
10452 0.589728
10453 0.589728
10454 0.589728
10455 0.589728
10456 0.589728
10457 0.589728
10458 0.589728
10459 0.589728
10460 0.589728
10461 0.589728
10462 0.589728
10463 0.589728
10464 0.589728
10465 0.589728
10466 0.589728
10467 0.589728
10468 0.589728
10469 0.589728
10470 0.589728
10471 0.589728
10472 0.589728
10473 0.589728
10474 0.589728
10475 0.589728
10476 0.589728
10477 0.589728
10478 0.589728
10479 0.589728
10480 0.589728
10481 0.589728
10482 0.589728
10483 0.589728
10484 0.589728
10485 0.589728
10486 0.589728
10487 0.589728
10488 0.589728
10489 0.589728
10490 0.589728
10491 0.589728
10492 0.589728
10493 0.589728
10494 0.589728
10495 0.589728
10496 0.589728
10497 0.589728
10498 0.589728
10499 0.589728
10500 0.589728
10501 0.589728
10502 0.589728
10503 0.589728
10504 0.589728
10505 0.589728
10506 0.589728
10507 0.589728
10508 0.589728
10509 0.589728
10510 0.589728
10511 0.589728
10512 0.589728
10513 0.589728
10514 0.589728
10515 0.589728
10516 0.589728
10517 0.589728
10518 0.589728
10519 0.589728
10520 0.589728
10521 0.589728
10522 0.589728
10523 0.589728
10524 0.589728
10525 0.589728
10526 0.589728
10527 0.589728
10528 0.589728
10529 0.589728
10530 0.589728
10531 0.589728
10532 0.589728
10533 0.589728
10534 0.589728
10535 0.589728
10536 0.589728
10537 0.589728
10538 0.589728
10539 0.589728
10540 0.589728
10541 0.589728
10542 0.589728
10543 0.589728
10544 0.589728
10545 0.589728
10546 0.589728
10547 0.589728
10548 0.589728
10549 0.589728
10550 0.589728
10551 0.589728
10552 0.589728
10553 0.589728
10554 0.589728
10555 0.589728
10556 0.589728
10557 0.589728
10558 0.589728
10559 0.589728
10560 0.589728
10561 0.589728
10562 0.589728
10563 0.589728
10564 0.589728
10565 0.589728
10566 0.589728
10567 0.589728
10568 0.589728
10569 0.589728
10570 0.589728
10571 0.589728
10572 0.589728
10573 0.589728
10574 0.589728
10575 0.589728
10576 0.589728
10577 0.589728
10578 0.589728
10579 0.589728
10580 0.589728
10581 0.589728
10582 0.589728
10583 0.589728
10584 0.589728
10585 0.589728
10586 0.589728
10587 0.589728
10588 0.589728
10589 0.589728
10590 0.589728
10591 0.589728
10592 0.589728
10593 0.589728
10594 0.589728
10595 0.589728
10596 0.589728
10597 0.589728
10598 0.589728
10599 0.589728
10600 0.589728
10601 0.589728
10602 0.589728
10603 0.589728
10604 0.589728
10605 0.589728
10606 0.589728
10607 0.589728
10608 0.589728
10609 0.589728
10610 0.589728
10611 0.589728
10612 0.589728
10613 0.589728
10614 0.589728
10615 0.589728
10616 0.589728
10617 0.589728
10618 0.589728
10619 0.589728
10620 0.589728
10621 0.589728
10622 0.589728
10623 0.589728
10624 0.589728
10625 0.589728
10626 0.589728
10627 0.589728
10628 0.589728
10629 0.589728
10630 0.589728
10631 0.589728
10632 0.589728
10633 0.589728
10634 0.589728
10635 0.589728
10636 0.589728
10637 0.589728
10638 0.589728
10639 0.589728
10640 0.589728
10641 0.589728
10642 0.589728
10643 0.589728
10644 0.589728
10645 0.589728
10646 0.589728
10647 0.589728
10648 0.589728
10649 0.589728
10650 0.589728
10651 0.589728
10652 0.589728
10653 0.589728
10654 0.589728
10655 0.589728
10656 0.589728
10657 0.589728
10658 0.589728
10659 0.589728
10660 0.589728
10661 0.589728
10662 0.589728
10663 0.589728
10664 0.589728
10665 0.589728
10666 0.589728
10667 0.589728
10668 0.589728
10669 0.589728
10670 0.589728
10671 0.589728
10672 0.589728
10673 0.589728
10674 0.589728
10675 0.589728
10676 0.589728
10677 0.589728
10678 0.589728
10679 0.589728
10680 0.589728
10681 0.589728
10682 0.589728
10683 0.589728
10684 0.589728
10685 0.589728
10686 0.589728
10687 0.589728
10688 0.589728
10689 0.589728
10690 0.589728
10691 0.589728
10692 0.589728
10693 0.589728
10694 0.589728
10695 0.589728
10696 0.589728
10697 0.589728
10698 0.589728
10699 0.589728
10700 0.589728
10701 0.589728
10702 0.589728
10703 0.589728
10704 0.589728
10705 0.589728
10706 0.589728
10707 0.589728
10708 0.589728
10709 0.589728
10710 0.589728
10711 0.589728
10712 0.589728
10713 0.589728
10714 0.589728
10715 0.589728
10716 0.589728
10717 0.589728
10718 0.589728
10719 0.589728
10720 0.589728
10721 0.589728
10722 0.589728
10723 0.589728
10724 0.589728
10725 0.589728
10726 0.589728
10727 0.589728
10728 0.589728
10729 0.589728
10730 0.589728
10731 0.589728
10732 0.589728
10733 0.589728
10734 0.589728
10735 0.589728
10736 0.589728
10737 0.589728
10738 0.589728
10739 0.589728
10740 0.589728
10741 0.589728
10742 0.589728
10743 0.589728
10744 0.589728
10745 0.589728
10746 0.589728
10747 0.589728
10748 0.589728
10749 0.589728
10750 0.589728
10751 0.589728
10752 0.589728
10753 0.589728
10754 0.589728
10755 0.589728
10756 0.589728
10757 0.589728
10758 0.589728
10759 0.589728
10760 0.589728
10761 0.589728
10762 0.589728
10763 0.589728
10764 0.589728
10765 0.589728
10766 0.589728
10767 0.589728
10768 0.589728
10769 0.589728
10770 0.589728
10771 0.589728
10772 0.589728
10773 0.589728
10774 0.589728
10775 0.589728
10776 0.589728
10777 0.589728
10778 0.589728
10779 0.589728
10780 0.589728
10781 0.589728
10782 0.589728
10783 0.589728
10784 0.589728
10785 0.589728
10786 0.589728
10787 0.589728
10788 0.589728
10789 0.589728
10790 0.589728
10791 0.589728
10792 0.589728
10793 0.589728
10794 0.589728
10795 0.589728
10796 0.589728
10797 0.589728
10798 0.589728
10799 0.589728
10800 0.589728
10801 0.589728
10802 0.589728
10803 0.589728
10804 0.589728
10805 0.589728
10806 0.589728
10807 0.589728
10808 0.589728
10809 0.589728
10810 0.589728
10811 0.589728
10812 0.589728
10813 0.589728
10814 0.589728
10815 0.589728
10816 0.589728
10817 0.589728
10818 0.589728
10819 0.589728
10820 0.589728
10821 0.589728
10822 0.589728
10823 0.589728
10824 0.589728
10825 0.589728
10826 0.589728
10827 0.589728
10828 0.589728
10829 0.589728
10830 0.589728
10831 0.589728
10832 0.589728
10833 0.589728
10834 0.589728
10835 0.589728
10836 0.589728
10837 0.589728
10838 0.589728
10839 0.589728
10840 0.589728
10841 0.589728
10842 0.589728
10843 0.589728
10844 0.589728
10845 0.589728
10846 0.589728
10847 0.589728
10848 0.589728
10849 0.589728
10850 0.589728
10851 0.589728
10852 0.589728
10853 0.589728
10854 0.589728
10855 0.589728
10856 0.589728
10857 0.589728
10858 0.589728
10859 0.589728
10860 0.589728
10861 0.589728
10862 0.589728
10863 0.589728
10864 0.589728
10865 0.589728
10866 0.589728
10867 0.589728
10868 0.589728
10869 0.589728
10870 0.589728
10871 0.589728
10872 0.589728
10873 0.589728
10874 0.589728
10875 0.589728
10876 0.589728
10877 0.589728
10878 0.589728
10879 0.589728
10880 0.589728
10881 0.589728
10882 0.589728
10883 0.589728
10884 0.589728
10885 0.589728
10886 0.589728
10887 0.589728
10888 0.589728
10889 0.589728
10890 0.589728
10891 0.589728
10892 0.589728
10893 0.589728
10894 0.589728
10895 0.589728
10896 0.589728
10897 0.589728
10898 0.589728
10899 0.589728
10900 0.589728
10901 0.589728
10902 0.589728
10903 0.589728
10904 0.589728
10905 0.589728
10906 0.589728
10907 0.589728
10908 0.589728
10909 0.589728
10910 0.589728
10911 0.589728
10912 0.589728
10913 0.589728
10914 0.589728
10915 0.589728
10916 0.589728
10917 0.589728
10918 0.589728
10919 0.589728
10920 0.589728
10921 0.589728
10922 0.589728
10923 0.589728
10924 0.589728
10925 0.589728
10926 0.589728
10927 0.589728
10928 0.589728
10929 0.589728
10930 0.589728
10931 0.589728
10932 0.589728
10933 0.589728
10934 0.589728
10935 0.589728
10936 0.589728
10937 0.589728
10938 0.589728
10939 0.589728
10940 0.589728
10941 0.589728
10942 0.589728
10943 0.589728
10944 0.589728
10945 0.589728
10946 0.589728
10947 0.589728
10948 0.589728
10949 0.589728
10950 0.589728
10951 0.589728
10952 0.589728
10953 0.589728
10954 0.589728
10955 0.589728
10956 0.589728
10957 0.589728
10958 0.589728
10959 0.589728
10960 0.589728
10961 0.589728
10962 0.589728
10963 0.589728
10964 0.589728
10965 0.589728
10966 0.589728
10967 0.589728
10968 0.589728
10969 0.589728
10970 0.589728
10971 0.589728
10972 0.589728
10973 0.589728
10974 0.589728
10975 0.589728
10976 0.589728
10977 0.589728
10978 0.589728
10979 0.589728
10980 0.589728
10981 0.589728
10982 0.589728
10983 0.589728
10984 0.589728
10985 0.589728
10986 0.589728
10987 0.589728
10988 0.589728
10989 0.589728
10990 0.589728
10991 0.589728
10992 0.589728
10993 0.589728
10994 0.589728
10995 0.589728
10996 0.589728
10997 0.589728
10998 0.589728
10999 0.589728
11000 0.589728
11001 0.589728
11002 0.589728
11003 0.589728
11004 0.589728
11005 0.589728
11006 0.589728
11007 0.589728
11008 0.589728
11009 0.589728
11010 0.589728
11011 0.589728
11012 0.589728
11013 0.589728
11014 0.589728
11015 0.589728
11016 0.589728
11017 0.589728
11018 0.589728
11019 0.589728
11020 0.589728
11021 0.589728
11022 0.589728
11023 0.589728
11024 0.589728
11025 0.589728
11026 0.589728
11027 0.589728
11028 0.589728
11029 0.589728
11030 0.589728
11031 0.589728
11032 0.589728
11033 0.589728
11034 0.589728
11035 0.589728
11036 0.589728
11037 0.589728
11038 0.589728
11039 0.589728
11040 0.589728
11041 0.589728
11042 0.586585
11043 0.586585
11044 0.586585
11045 0.586585
11046 0.586585
11047 0.586585
11048 0.586585
11049 0.586585
11050 0.586585
11051 0.586585
11052 0.586585
11053 0.586585
11054 0.586585
11055 0.586585
11056 0.586585
11057 0.586585
11058 0.586585
11059 0.586585
11060 0.586585
11061 0.586585
11062 0.586585
11063 0.586585
11064 0.586585
11065 0.586585
11066 0.586585
11067 0.586585
11068 0.586585
11069 0.586585
11070 0.586585
11071 0.586585
11072 0.586585
11073 0.586585
11074 0.586585
11075 0.586585
11076 0.586585
11077 0.586585
11078 0.586585
11079 0.586585
11080 0.586585
11081 0.586585
11082 0.586585
11083 0.586585
11084 0.586585
11085 0.586585
11086 0.586585
11087 0.586585
11088 0.586585
11089 0.586585
11090 0.586585
11091 0.586585
11092 0.586585
11093 0.586585
11094 0.586585
11095 0.586585
11096 0.586585
11097 0.586585
11098 0.586585
11099 0.586585
11100 0.586585
11101 0.586585
11102 0.586585
11103 0.586585
11104 0.586585
11105 0.586585
11106 0.586585
11107 0.586585
11108 0.586585
11109 0.586585
11110 0.586585
11111 0.586585
11112 0.586585
11113 0.586585
11114 0.586585
11115 0.586585
11116 0.586585
11117 0.586585
11118 0.586585
11119 0.586585
11120 0.586585
11121 0.586585
11122 0.586585
11123 0.586585
11124 0.586585
11125 0.586585
11126 0.586585
11127 0.586585
11128 0.586585
11129 0.586585
11130 0.586585
11131 0.586585
11132 0.586585
11133 0.586585
11134 0.586585
11135 0.586585
11136 0.586585
11137 0.586585
11138 0.586585
11139 0.586585
11140 0.586585
11141 0.586585
11142 0.586585
11143 0.586585
11144 0.586585
11145 0.586585
11146 0.586585
11147 0.586585
11148 0.586585
11149 0.586585
11150 0.586585
11151 0.586585
11152 0.586585
11153 0.586585
11154 0.586585
11155 0.586585
11156 0.586585
11157 0.586585
11158 0.586585
11159 0.586585
11160 0.586585
11161 0.586585
11162 0.586585
11163 0.586585
11164 0.586585
11165 0.586585
11166 0.586585
11167 0.586585
11168 0.586585
11169 0.586585
11170 0.586585
11171 0.586585
11172 0.586585
11173 0.586585
11174 0.585936
11175 0.585936
11176 0.585936
11177 0.585936
11178 0.585936
11179 0.585936
11180 0.585936
11181 0.585936
11182 0.585936
11183 0.585936
11184 0.585936
11185 0.585936
11186 0.585936
11187 0.585936
11188 0.585936
11189 0.585936
11190 0.585936
11191 0.585936
11192 0.585936
11193 0.585936
11194 0.585936
11195 0.585936
11196 0.585936
11197 0.585936
11198 0.585936
11199 0.585936
11200 0.585936
11201 0.585936
11202 0.585936
11203 0.585936
11204 0.585936
11205 0.585936
11206 0.585936
11207 0.585936
11208 0.585936
11209 0.585936
11210 0.585936
11211 0.585936
11212 0.585936
11213 0.585936
11214 0.585936
11215 0.585936
11216 0.585936
11217 0.585936
11218 0.585936
11219 0.585936
11220 0.585936
11221 0.585936
11222 0.585936
11223 0.585936
11224 0.585936
11225 0.585936
11226 0.585936
11227 0.585936
11228 0.585936
11229 0.585936
11230 0.585936
11231 0.585936
11232 0.585936
11233 0.585936
11234 0.585936
11235 0.585936
11236 0.585936
11237 0.585936
11238 0.585936
11239 0.585936
11240 0.585936
11241 0.585936
11242 0.585936
11243 0.585936
11244 0.585936
11245 0.585936
11246 0.585936
11247 0.585936
11248 0.585936
11249 0.585936
11250 0.585936
11251 0.585936
11252 0.585936
11253 0.585936
11254 0.585936
11255 0.585936
11256 0.585936
11257 0.585936
11258 0.585936
11259 0.585936
11260 0.585936
11261 0.585936
11262 0.585936
11263 0.585936
11264 0.585936
11265 0.585936
11266 0.585936
11267 0.585936
11268 0.585936
11269 0.585936
11270 0.585936
11271 0.585936
11272 0.585936
11273 0.585936
11274 0.585936
11275 0.585936
11276 0.585936
11277 0.585936
11278 0.585936
11279 0.585936
11280 0.585936
11281 0.585936
11282 0.585936
11283 0.585936
11284 0.585936
11285 0.585936
11286 0.585936
11287 0.585936
11288 0.585936
11289 0.585936
11290 0.585936
11291 0.585936
11292 0.585936
11293 0.585936
11294 0.585936
11295 0.585936
11296 0.585936
11297 0.585936
11298 0.585936
11299 0.585936
11300 0.585936
11301 0.585936
11302 0.585936
11303 0.585936
11304 0.585936
11305 0.585936
11306 0.585936
11307 0.585936
11308 0.585936
11309 0.585936
11310 0.585936
11311 0.585936
11312 0.585936
11313 0.585936
11314 0.585936
11315 0.585936
11316 0.585936
11317 0.585936
11318 0.585936
11319 0.585936
11320 0.585936
11321 0.585936
11322 0.585936
11323 0.585936
11324 0.585936
11325 0.585936
11326 0.585936
11327 0.585936
11328 0.585936
11329 0.585936
11330 0.585936
11331 0.585166
11332 0.585166
11333 0.585166
11334 0.585166
11335 0.585166
11336 0.585166
11337 0.585166
11338 0.585166
11339 0.585166
11340 0.585166
11341 0.585166
11342 0.585166
11343 0.585166
11344 0.585166
11345 0.585166
11346 0.585166
11347 0.585166
11348 0.585166
11349 0.585166
11350 0.585166
11351 0.585166
11352 0.585166
11353 0.585166
11354 0.585166
11355 0.585166
11356 0.585166
11357 0.585166
11358 0.585166
11359 0.585166
11360 0.585166
11361 0.585166
11362 0.585166
11363 0.585166
11364 0.585166
11365 0.585166
11366 0.585166
11367 0.585166
11368 0.585166
11369 0.585166
11370 0.585166
11371 0.585166
11372 0.585166
11373 0.585166
11374 0.585166
11375 0.585166
11376 0.585166
11377 0.585166
11378 0.585166
11379 0.585166
11380 0.585166
11381 0.585166
11382 0.585166
11383 0.585166
11384 0.585166
11385 0.585166
11386 0.585166
11387 0.585166
11388 0.585166
11389 0.585166
11390 0.585166
11391 0.585166
11392 0.585166
11393 0.585166
11394 0.585166
11395 0.585166
11396 0.585166
11397 0.585166
11398 0.585166
11399 0.585166
11400 0.585166
11401 0.585166
11402 0.585166
11403 0.585166
11404 0.585166
11405 0.585166
11406 0.585166
11407 0.585166
11408 0.585166
11409 0.585166
11410 0.585166
11411 0.585166
11412 0.585166
11413 0.585166
11414 0.585166
11415 0.585166
11416 0.585166
11417 0.585166
11418 0.585166
11419 0.585166
11420 0.585166
11421 0.585166
11422 0.585166
11423 0.585166
11424 0.585166
11425 0.585166
11426 0.585166
11427 0.585166
11428 0.585166
11429 0.585166
11430 0.585166
11431 0.585166
11432 0.585166
11433 0.585166
11434 0.585166
11435 0.585166
11436 0.585166
11437 0.585166
11438 0.585166
11439 0.585166
11440 0.585166
11441 0.585166
11442 0.585166
11443 0.585166
11444 0.585166
11445 0.585166
11446 0.585166
11447 0.585166
11448 0.585166
11449 0.585166
11450 0.585166
11451 0.585166
11452 0.585166
11453 0.585166
11454 0.585166
11455 0.585166
11456 0.585166
11457 0.585166
11458 0.585166
11459 0.585166
11460 0.585166
11461 0.585166
11462 0.585166
11463 0.585166
11464 0.585166
11465 0.585166
11466 0.585166
11467 0.585166
11468 0.585166
11469 0.585166
11470 0.585166
11471 0.585166
11472 0.585166
11473 0.585166
11474 0.585166
11475 0.585166
11476 0.585166
11477 0.585166
11478 0.585166
11479 0.585166
11480 0.585166
11481 0.585166
11482 0.585166
11483 0.585166
11484 0.585166
11485 0.585166
11486 0.585166
11487 0.585166
11488 0.585166
11489 0.585166
11490 0.585166
11491 0.585166
11492 0.585166
11493 0.585166
11494 0.585166
11495 0.585166
11496 0.585166
11497 0.585166
11498 0.585166
11499 0.585166
11500 0.585166
11501 0.585166
11502 0.585166
11503 0.585166
11504 0.585166
11505 0.585166
11506 0.585166
11507 0.585166
11508 0.585166
11509 0.585166
11510 0.585166
11511 0.585166
11512 0.585166
11513 0.585166
11514 0.585166
11515 0.585166
11516 0.585166
11517 0.585166
11518 0.585166
11519 0.585166
11520 0.585166
11521 0.585166
11522 0.585166
11523 0.585166
11524 0.585166
11525 0.585166
11526 0.585166
11527 0.585166
11528 0.585166
11529 0.585166
11530 0.585166
11531 0.585166
11532 0.585166
11533 0.585166
11534 0.585166
11535 0.585166
11536 0.585166
11537 0.585166
11538 0.585166
11539 0.585166
11540 0.585166
11541 0.585166
11542 0.585166
11543 0.585166
11544 0.585166
11545 0.585166
11546 0.585166
11547 0.585166
11548 0.585166
11549 0.585166
11550 0.585166
11551 0.585166
11552 0.585166
11553 0.585166
11554 0.585166
11555 0.585166
11556 0.584065
11557 0.584065
11558 0.584065
11559 0.584065
11560 0.584065
11561 0.584065
11562 0.584065
11563 0.584065
11564 0.584065
11565 0.584065
11566 0.584065
11567 0.584065
11568 0.584065
11569 0.584065
11570 0.584065
11571 0.584065
11572 0.584065
11573 0.584065
11574 0.584065
11575 0.584065
11576 0.584065
11577 0.584065
11578 0.584065
11579 0.584065
11580 0.584065
11581 0.584065
11582 0.584065
11583 0.584065
11584 0.584065
11585 0.584065
11586 0.584065
11587 0.584065
11588 0.584065
11589 0.584065
11590 0.584065
11591 0.584065
11592 0.584065
11593 0.584065
11594 0.584065
11595 0.584065
11596 0.584065
11597 0.584065
11598 0.584065
11599 0.584065
11600 0.584065
11601 0.584065
11602 0.584065
11603 0.584065
11604 0.584065
11605 0.584065
11606 0.584065
11607 0.584065
11608 0.584065
11609 0.584065
11610 0.584065
11611 0.584065
11612 0.584065
11613 0.584065
11614 0.584065
11615 0.584065
11616 0.584065
11617 0.584065
11618 0.584065
11619 0.584065
11620 0.584065
11621 0.584065
11622 0.584065
11623 0.584065
11624 0.584065
11625 0.584065
11626 0.584065
11627 0.584065
11628 0.584065
11629 0.584065
11630 0.584065
11631 0.584065
11632 0.584065
11633 0.584065
11634 0.584065
11635 0.584065
11636 0.584065
11637 0.584065
11638 0.584065
11639 0.584065
11640 0.584065
11641 0.584065
11642 0.584065
11643 0.584065
11644 0.584065
11645 0.584065
11646 0.584065
11647 0.584065
11648 0.584065
11649 0.584065
11650 0.584065
11651 0.584065
11652 0.584065
11653 0.584065
11654 0.584065
11655 0.584065
11656 0.584065
11657 0.584065
11658 0.584065
11659 0.584065
11660 0.584065
11661 0.584065
11662 0.584065
11663 0.584065
11664 0.584065
11665 0.584065
11666 0.584065
11667 0.584065
11668 0.584065
11669 0.584065
11670 0.584065
11671 0.584065
11672 0.584065
11673 0.584065
11674 0.584065
11675 0.584065
11676 0.584065
11677 0.584065
11678 0.584065
11679 0.584065
11680 0.584065
11681 0.584065
11682 0.584065
11683 0.584065
11684 0.584065
11685 0.584065
11686 0.584065
11687 0.584065
11688 0.584065
11689 0.584065
11690 0.584065
11691 0.584065
11692 0.584065
11693 0.584065
11694 0.584065
11695 0.584065
11696 0.584065
11697 0.584065
11698 0.584065
11699 0.584065
11700 0.584065
11701 0.584065
11702 0.584065
11703 0.584065
11704 0.584065
11705 0.584065
11706 0.584065
11707 0.584065
11708 0.584065
11709 0.584065
11710 0.584065
11711 0.584065
11712 0.584065
11713 0.584065
11714 0.584065
11715 0.584065
11716 0.584065
11717 0.584065
11718 0.584065
11719 0.584065
11720 0.584065
11721 0.584065
11722 0.584065
11723 0.584065
11724 0.584065
11725 0.584065
11726 0.584065
11727 0.584065
11728 0.584065
11729 0.584065
11730 0.584065
11731 0.584065
11732 0.584065
11733 0.584065
11734 0.584065
11735 0.584065
11736 0.584065
11737 0.584065
11738 0.584065
11739 0.584065
11740 0.584065
11741 0.584065
11742 0.584065
11743 0.584065
11744 0.584065
11745 0.584065
11746 0.584065
11747 0.584065
11748 0.584065
11749 0.584065
11750 0.584065
11751 0.584065
11752 0.584065
11753 0.584065
11754 0.584065
11755 0.584065
11756 0.584065
11757 0.584065
11758 0.584065
11759 0.584065
11760 0.584065
11761 0.584065
11762 0.584065
11763 0.584065
11764 0.584065
11765 0.584065
11766 0.584065
11767 0.584065
11768 0.584065
11769 0.584065
11770 0.584065
11771 0.584065
11772 0.584065
11773 0.584065
11774 0.584065
11775 0.584065
11776 0.584065
11777 0.584065
11778 0.584065
11779 0.584065
11780 0.584065
11781 0.584065
11782 0.584065
11783 0.584065
11784 0.584065
11785 0.584065
11786 0.584065
11787 0.584065
11788 0.584065
11789 0.584065
11790 0.584065
11791 0.584065
11792 0.584065
11793 0.582909
11794 0.582909
11795 0.582909
11796 0.582909
11797 0.582909
11798 0.582909
11799 0.582909
11800 0.582909
11801 0.582909
11802 0.582909
11803 0.582909
11804 0.582909
11805 0.582909
11806 0.582909
11807 0.582909
11808 0.582909
11809 0.582909
11810 0.582909
11811 0.582909
11812 0.582909
11813 0.582909
11814 0.582909
11815 0.582909
11816 0.582909
11817 0.582909
11818 0.582909
11819 0.582909
11820 0.582909
11821 0.582909
11822 0.582909
11823 0.582909
11824 0.582909
11825 0.582909
11826 0.582909
11827 0.582909
11828 0.582909
11829 0.582909
11830 0.582909
11831 0.582909
11832 0.582909
11833 0.582909
11834 0.582909
11835 0.582909
11836 0.582909
11837 0.582909
11838 0.582909
11839 0.582909
11840 0.582909
11841 0.582909
11842 0.582909
11843 0.582909
11844 0.582909
11845 0.582909
11846 0.582909
11847 0.582909
11848 0.582909
11849 0.582909
11850 0.582909
11851 0.582909
11852 0.582909
11853 0.582909
11854 0.582909
11855 0.582909
11856 0.582909
11857 0.582909
11858 0.582909
11859 0.582909
11860 0.582909
11861 0.582909
11862 0.582909
11863 0.582909
11864 0.582909
11865 0.582909
11866 0.582909
11867 0.582909
11868 0.582909
11869 0.582909
11870 0.582909
11871 0.582909
11872 0.582909
11873 0.582909
11874 0.582909
11875 0.582909
11876 0.582909
11877 0.582909
11878 0.582909
11879 0.582909
11880 0.582909
11881 0.582909
11882 0.582909
11883 0.582909
11884 0.582909
11885 0.582909
11886 0.582909
11887 0.582909
11888 0.582909
11889 0.582909
11890 0.582909
11891 0.582909
11892 0.582909
11893 0.582909
11894 0.582909
11895 0.582909
11896 0.582909
11897 0.582909
11898 0.582909
11899 0.582909
11900 0.582909
11901 0.582909
11902 0.582909
11903 0.582909
11904 0.582909
11905 0.582909
11906 0.582909
11907 0.582909
11908 0.582909
11909 0.582909
11910 0.582909
11911 0.582909
11912 0.582909
11913 0.582909
11914 0.582909
11915 0.582909
11916 0.582909
11917 0.582909
11918 0.582909
11919 0.582909
11920 0.582909
11921 0.582909
11922 0.582909
11923 0.582909
11924 0.582909
11925 0.582909
11926 0.582909
11927 0.582909
11928 0.582909
11929 0.582909
11930 0.582909
11931 0.582909
11932 0.582909
11933 0.582909
11934 0.582909
11935 0.582909
11936 0.582909
11937 0.582909
11938 0.582909
11939 0.582909
11940 0.582909
11941 0.582909
11942 0.582909
11943 0.582909
11944 0.582909
11945 0.582909
11946 0.582909
11947 0.582909
11948 0.582909
11949 0.582909
11950 0.582909
11951 0.582909
11952 0.582909
11953 0.582909
11954 0.582909
11955 0.582909
11956 0.582909
11957 0.582909
11958 0.582909
11959 0.582909
11960 0.582909
11961 0.582909
11962 0.582909
11963 0.582909
11964 0.582909
11965 0.582909
11966 0.582909
11967 0.582909
11968 0.582909
11969 0.582909
11970 0.582909
11971 0.582909
11972 0.582909
11973 0.582909
11974 0.582909
11975 0.582909
11976 0.582909
11977 0.582909
11978 0.582909
11979 0.582909
11980 0.582909
11981 0.582909
11982 0.582909
11983 0.582909
11984 0.582909
11985 0.582909
11986 0.582909
11987 0.582909
11988 0.582909
11989 0.582909
11990 0.582909
11991 0.582909
11992 0.582909
11993 0.582909
11994 0.582909
11995 0.582909
11996 0.582909
11997 0.582909
11998 0.582909
11999 0.582909
12000 0.582909
12001 0.582909
12002 0.582909
12003 0.582909
12004 0.582909
12005 0.582909
12006 0.582909
12007 0.582909
12008 0.582909
12009 0.582909
12010 0.582909
12011 0.582909
12012 0.582909
12013 0.582909
12014 0.582909
12015 0.582909
12016 0.582909
12017 0.582909
12018 0.582909
12019 0.582909
12020 0.582909
12021 0.582909
12022 0.582909
12023 0.582909
12024 0.582909
12025 0.582909
12026 0.582909
12027 0.582909
12028 0.582909
12029 0.582909
12030 0.582909
12031 0.582909
12032 0.582909
12033 0.582909
12034 0.582909
12035 0.582909
12036 0.582909
12037 0.582909
12038 0.582909
12039 0.582909
12040 0.582909
12041 0.582909
12042 0.582909
12043 0.582909
12044 0.582909
12045 0.582909
12046 0.582909
12047 0.582909
12048 0.582909
12049 0.582909
12050 0.582909
12051 0.582909
12052 0.582909
12053 0.582909
12054 0.582909
12055 0.582909
12056 0.582909
12057 0.582909
12058 0.582909
12059 0.582909
12060 0.582909
12061 0.582909
12062 0.582909
12063 0.582909
12064 0.582909
12065 0.582909
12066 0.582909
12067 0.582909
12068 0.582909
12069 0.582909
12070 0.582909
12071 0.582909
12072 0.582909
12073 0.582909
12074 0.582909
12075 0.582909
12076 0.582909
12077 0.582909
12078 0.582909
12079 0.582909
12080 0.582909
12081 0.582909
12082 0.582909
12083 0.582909
12084 0.582909
12085 0.582909
12086 0.582909
12087 0.582909
12088 0.582909
12089 0.582909
12090 0.582909
12091 0.582909
12092 0.582909
12093 0.582909
12094 0.582909
12095 0.582909
12096 0.582909
12097 0.582909
12098 0.582909
12099 0.582909
12100 0.582909
12101 0.582909
12102 0.582909
12103 0.582909
12104 0.582909
12105 0.582909
12106 0.582909
12107 0.582909
12108 0.582909
12109 0.582909
12110 0.582909
12111 0.582909
12112 0.582909
12113 0.582909
12114 0.582909
12115 0.582909
12116 0.582909
12117 0.582909
12118 0.582909
12119 0.582909
12120 0.582909
12121 0.582909
12122 0.582909
12123 0.582909
12124 0.582909
12125 0.582909
12126 0.582909
12127 0.582909
12128 0.582909
12129 0.582909
12130 0.582909
12131 0.582909
12132 0.582909
12133 0.582909
12134 0.582909
12135 0.582909
12136 0.582909
12137 0.582909
12138 0.582909
12139 0.582909
12140 0.582909
12141 0.582909
12142 0.582909
12143 0.582909
12144 0.582909
12145 0.582909
12146 0.582909
12147 0.582909
12148 0.582909
12149 0.582909
12150 0.582909
12151 0.582909
12152 0.582909
12153 0.582909
12154 0.582909
12155 0.582909
12156 0.582909
12157 0.582909
12158 0.582909
12159 0.582909
12160 0.582909
12161 0.582909
12162 0.582909
12163 0.582909
12164 0.582909
12165 0.582909
12166 0.582909
12167 0.582909
12168 0.582909
12169 0.582909
12170 0.582909
12171 0.582909
12172 0.582909
12173 0.582909
12174 0.582909
12175 0.582909
12176 0.582909
12177 0.582909
12178 0.582909
12179 0.582909
12180 0.582909
12181 0.582909
12182 0.582909
12183 0.582909
12184 0.582909
12185 0.582909
12186 0.582909
12187 0.582909
12188 0.582909
12189 0.582909
12190 0.582909
12191 0.582909
12192 0.582909
12193 0.582909
12194 0.582909
12195 0.582909
12196 0.582909
12197 0.582909
12198 0.582909
12199 0.582909
12200 0.582909
12201 0.582909
12202 0.582909
12203 0.582909
12204 0.582909
12205 0.582909
12206 0.582909
12207 0.582909
12208 0.582909
12209 0.582909
12210 0.582909
12211 0.582909
12212 0.582909
12213 0.582909
12214 0.582909
12215 0.582909
12216 0.582909
12217 0.582909
12218 0.582909
12219 0.582909
12220 0.582909
12221 0.582909
12222 0.582909
12223 0.582909
12224 0.582909
12225 0.582909
12226 0.582909
12227 0.582909
12228 0.582909
12229 0.582909
12230 0.582909
12231 0.582909
12232 0.582909
12233 0.582909
12234 0.582909
12235 0.582909
12236 0.582909
12237 0.582909
12238 0.582909
12239 0.582909
12240 0.582909
12241 0.582909
12242 0.582909
12243 0.582909
12244 0.582909
12245 0.582909
12246 0.582909
12247 0.582909
12248 0.582909
12249 0.582909
12250 0.582909
12251 0.582909
12252 0.582909
12253 0.582909
12254 0.582909
12255 0.582909
12256 0.582909
12257 0.582909
12258 0.582909
12259 0.582909
12260 0.582909
12261 0.582909
12262 0.582909
12263 0.582909
12264 0.582909
12265 0.582909
12266 0.582909
12267 0.582909
12268 0.582909
12269 0.582909
12270 0.582909
12271 0.582909
12272 0.582909
12273 0.582909
12274 0.582909
12275 0.582909
12276 0.582909
12277 0.582909
12278 0.582909
12279 0.582909
12280 0.582909
12281 0.582909
12282 0.582909
12283 0.582909
12284 0.582909
12285 0.582909
12286 0.582909
12287 0.582909
12288 0.582909
12289 0.582909
12290 0.582909
12291 0.582909
12292 0.582909
12293 0.582909
12294 0.582909
12295 0.582909
12296 0.582909
12297 0.582909
12298 0.582909
12299 0.582909
12300 0.582909
12301 0.582909
12302 0.582909
12303 0.582909
12304 0.582909
12305 0.582909
12306 0.582909
12307 0.582909
12308 0.582909
12309 0.582909
12310 0.582909
12311 0.582909
12312 0.582909
12313 0.582909
12314 0.582909
12315 0.582909
12316 0.582909
12317 0.582909
12318 0.582909
12319 0.582909
12320 0.582909
12321 0.582909
12322 0.582909
12323 0.582909
12324 0.582909
12325 0.582909
12326 0.582909
12327 0.582909
12328 0.582909
12329 0.582909
12330 0.582909
12331 0.582909
12332 0.582909
12333 0.582909
12334 0.582909
12335 0.582909
12336 0.582909
12337 0.582909
12338 0.582909
12339 0.582909
12340 0.582909
12341 0.582909
12342 0.582909
12343 0.582909
12344 0.582909
12345 0.582909
12346 0.582909
12347 0.582909
12348 0.582909
12349 0.582909
12350 0.582909
12351 0.582909
12352 0.582909
12353 0.582909
12354 0.582909
12355 0.582909
12356 0.582909
12357 0.582909
12358 0.582909
12359 0.582909
12360 0.582909
12361 0.582909
12362 0.582909
12363 0.582909
12364 0.582909
12365 0.582909
12366 0.582909
12367 0.582909
12368 0.582909
12369 0.582909
12370 0.582909
12371 0.582909
12372 0.582909
12373 0.582909
12374 0.582909
12375 0.582909
12376 0.582909
12377 0.582909
12378 0.582909
12379 0.582909
12380 0.582909
12381 0.582909
12382 0.582909
12383 0.582909
12384 0.582909
12385 0.582909
12386 0.582909
12387 0.582909
12388 0.582909
12389 0.582909
12390 0.582909
12391 0.582909
12392 0.582909
12393 0.582909
12394 0.582909
12395 0.582909
12396 0.582909
12397 0.582909
12398 0.582909
12399 0.582909
12400 0.582909
12401 0.582909
12402 0.582909
12403 0.582909
12404 0.582909
12405 0.582909
12406 0.582909
12407 0.582909
12408 0.582909
12409 0.582909
12410 0.582909
12411 0.582909
12412 0.582909
12413 0.582909
12414 0.582909
12415 0.582909
12416 0.582909
12417 0.582909
12418 0.582909
12419 0.582909
12420 0.582909
12421 0.582909
12422 0.582909
12423 0.582909
12424 0.582909
12425 0.582909
12426 0.582909
12427 0.582909
12428 0.582909
12429 0.582909
12430 0.582909
12431 0.582909
12432 0.582909
12433 0.582909
12434 0.582909
12435 0.582909
12436 0.582909
12437 0.582909
12438 0.582909
12439 0.582909
12440 0.582909
12441 0.582909
12442 0.582909
12443 0.582909
12444 0.582909
12445 0.582909
12446 0.582909
12447 0.582909
12448 0.582909
12449 0.582909
12450 0.582909
12451 0.582909
12452 0.582909
12453 0.582909
12454 0.582909
12455 0.582909
12456 0.582909
12457 0.582909
12458 0.582909
12459 0.582909
12460 0.582909
12461 0.582909
12462 0.582909
12463 0.582909
12464 0.582909
12465 0.582909
12466 0.582909
12467 0.582909
12468 0.582909
12469 0.582909
12470 0.582909
12471 0.582909
12472 0.582909
12473 0.582909
12474 0.582909
12475 0.582909
12476 0.582909
12477 0.582909
12478 0.582909
12479 0.582909
12480 0.582909
12481 0.582909
12482 0.582909
12483 0.582909
12484 0.582909
12485 0.582909
12486 0.582909
12487 0.582909
12488 0.582909
12489 0.582909
12490 0.582909
12491 0.582909
12492 0.582909
12493 0.582909
12494 0.582909
12495 0.582909
12496 0.582909
12497 0.582909
12498 0.582909
12499 0.582909
12500 0.582909
12501 0.582909
12502 0.582909
12503 0.582909
12504 0.582909
12505 0.582909
12506 0.582909
12507 0.582909
12508 0.582909
12509 0.582909
12510 0.582909
12511 0.582909
12512 0.582909
12513 0.582909
12514 0.582909
12515 0.582909
12516 0.582909
12517 0.582909
12518 0.582909
12519 0.582909
12520 0.582909
12521 0.582909
12522 0.582909
12523 0.582909
12524 0.582909
12525 0.582909
12526 0.582909
12527 0.582909
12528 0.582909
12529 0.582909
12530 0.582909
12531 0.582909
12532 0.582909
12533 0.582909
12534 0.582909
12535 0.582909
12536 0.582909
12537 0.582909
12538 0.582909
12539 0.582909
12540 0.582909
12541 0.582909
12542 0.582909
12543 0.582909
12544 0.582909
12545 0.582909
12546 0.582909
12547 0.582909
12548 0.582909
12549 0.582909
12550 0.582909
12551 0.582909
12552 0.582909
12553 0.582909
12554 0.582909
12555 0.582909
12556 0.582909
12557 0.582909
12558 0.582909
12559 0.582909
12560 0.582909
12561 0.582909
12562 0.582909
12563 0.582909
12564 0.582909
12565 0.582909
12566 0.582909
12567 0.582909
12568 0.582909
12569 0.582909
12570 0.582909
12571 0.582909
12572 0.582909
12573 0.582909
12574 0.582909
12575 0.582909
12576 0.582909
12577 0.582909
12578 0.582909
12579 0.582909
12580 0.582909
12581 0.582909
12582 0.582909
12583 0.582909
12584 0.582909
12585 0.582909
12586 0.582909
12587 0.582909
12588 0.582909
12589 0.582909
12590 0.582909
12591 0.582909
12592 0.582909
12593 0.582909
12594 0.582909
12595 0.582909
12596 0.582909
12597 0.582909
12598 0.582909
12599 0.582909
12600 0.582909
12601 0.582909
12602 0.582909
12603 0.582909
12604 0.582909
12605 0.582909
12606 0.582909
12607 0.582909
12608 0.582909
12609 0.582909
12610 0.582909
12611 0.582909
12612 0.582909
12613 0.582909
12614 0.582909
12615 0.582909
12616 0.582909
12617 0.582909
12618 0.582909
12619 0.582909
12620 0.582909
12621 0.582909
12622 0.582909
12623 0.582909
12624 0.582909
12625 0.582909
12626 0.582909
12627 0.582909
12628 0.582909
12629 0.582909
12630 0.582909
12631 0.582909
12632 0.582909
12633 0.582909
12634 0.582909
12635 0.582909
12636 0.582909
12637 0.582909
12638 0.582909
12639 0.582909
12640 0.582909
12641 0.582909
12642 0.582909
12643 0.582909
12644 0.582909
12645 0.582909
12646 0.582909
12647 0.582909
12648 0.582909
12649 0.582909
12650 0.582909
12651 0.582909
12652 0.582909
12653 0.582909
12654 0.582909
12655 0.582909
12656 0.582909
12657 0.582909
12658 0.582909
12659 0.582909
12660 0.582909
12661 0.582909
12662 0.582909
12663 0.582909
12664 0.582909
12665 0.582909
12666 0.582909
12667 0.582909
12668 0.582909
12669 0.582909
12670 0.582909
12671 0.582909
12672 0.582909
12673 0.582909
12674 0.582909
12675 0.582909
12676 0.582909
12677 0.582909
12678 0.582909
12679 0.582909
12680 0.582909
12681 0.582909
12682 0.582909
12683 0.582909
12684 0.582909
12685 0.582909
12686 0.582909
12687 0.582909
12688 0.582909
12689 0.582909
12690 0.582909
12691 0.582909
12692 0.582909
12693 0.582909
12694 0.582909
12695 0.582909
12696 0.582909
12697 0.582909
12698 0.582909
12699 0.582909
12700 0.582909
12701 0.582909
12702 0.582909
12703 0.582909
12704 0.582909
12705 0.582909
12706 0.578491
12707 0.578491
12708 0.578491
12709 0.578491
12710 0.578491
12711 0.578491
12712 0.578491
12713 0.578491
12714 0.578491
12715 0.578491
12716 0.578491
12717 0.578491
12718 0.578491
12719 0.578491
12720 0.578491
12721 0.578491
12722 0.578491
12723 0.578491
12724 0.578491
12725 0.578491
12726 0.578491
12727 0.578491
12728 0.578491
12729 0.578491
12730 0.578491
12731 0.578491
12732 0.578491
12733 0.578491
12734 0.578491
12735 0.578491
12736 0.578491
12737 0.578491
12738 0.578491
12739 0.578491
12740 0.578491
12741 0.578491
12742 0.578491
12743 0.578491
12744 0.578491
12745 0.578491
12746 0.578491
12747 0.578491
12748 0.578491
12749 0.578491
12750 0.578491
12751 0.578491
12752 0.578491
12753 0.578491
12754 0.578491
12755 0.578491
12756 0.578491
12757 0.578491
12758 0.578491
12759 0.578491
12760 0.578491
12761 0.578491
12762 0.578491
12763 0.578491
12764 0.578491
12765 0.578491
12766 0.578491
12767 0.578491
12768 0.578491
12769 0.578491
12770 0.578491
12771 0.578491
12772 0.578491
12773 0.578491
12774 0.578491
12775 0.578491
12776 0.578491
12777 0.578491
12778 0.578491
12779 0.578491
12780 0.578491
12781 0.578491
12782 0.578491
12783 0.578491
12784 0.578491
12785 0.578491
12786 0.578491
12787 0.578491
12788 0.578491
12789 0.578491
12790 0.578491
12791 0.578491
12792 0.578491
12793 0.578491
12794 0.578491
12795 0.578491
12796 0.578491
12797 0.578491
12798 0.578491
12799 0.578491
12800 0.578491
12801 0.578491
12802 0.578491
12803 0.578491
12804 0.578491
12805 0.578491
12806 0.578491
12807 0.578491
12808 0.578491
12809 0.578491
12810 0.578491
12811 0.578491
12812 0.578491
12813 0.578491
12814 0.578491
12815 0.578491
12816 0.578491
12817 0.578491
12818 0.578491
12819 0.578491
12820 0.578491
12821 0.578491
12822 0.578491
12823 0.578491
12824 0.578491
12825 0.578491
12826 0.578491
12827 0.578491
12828 0.578491
12829 0.578491
12830 0.578491
12831 0.578491
12832 0.578491
12833 0.578491
12834 0.578491
12835 0.578491
12836 0.578491
12837 0.578491
12838 0.578491
12839 0.578491
12840 0.578491
12841 0.578491
12842 0.578491
12843 0.578491
12844 0.578491
12845 0.578491
12846 0.578491
12847 0.578491
12848 0.578491
12849 0.578491
12850 0.578491
12851 0.578491
12852 0.578491
12853 0.578491
12854 0.578491
12855 0.578491
12856 0.578491
12857 0.578491
12858 0.578491
12859 0.578491
12860 0.578491
12861 0.578491
12862 0.578491
12863 0.578491
12864 0.578491
12865 0.578491
12866 0.578491
12867 0.578491
12868 0.578491
12869 0.578491
12870 0.578491
12871 0.578491
12872 0.578491
12873 0.578491
12874 0.578491
12875 0.578491
12876 0.578491
12877 0.578491
12878 0.578491
12879 0.578491
12880 0.578491
12881 0.578491
12882 0.578491
12883 0.578491
12884 0.578491
12885 0.578491
12886 0.578491
12887 0.578491
12888 0.578491
12889 0.578491
12890 0.578491
12891 0.578491
12892 0.578491
12893 0.578491
12894 0.578491
12895 0.578491
12896 0.578491
12897 0.578491
12898 0.578491
12899 0.578491
12900 0.578491
12901 0.578491
12902 0.578491
12903 0.578491
12904 0.578491
12905 0.578491
12906 0.578491
12907 0.578491
12908 0.578491
12909 0.578491
12910 0.578491
12911 0.578491
12912 0.578491
12913 0.578491
12914 0.578491
12915 0.578491
12916 0.578491
12917 0.578491
12918 0.578491
12919 0.578491
12920 0.578491
12921 0.578491
12922 0.578491
12923 0.578491
12924 0.578491
12925 0.578491
12926 0.578491
12927 0.578491
12928 0.578491
12929 0.578491
12930 0.578491
12931 0.578491
12932 0.578491
12933 0.578491
12934 0.578491
12935 0.578491
12936 0.578491
12937 0.578491
12938 0.578491
12939 0.578491
12940 0.578491
12941 0.578491
12942 0.578491
12943 0.578491
12944 0.578491
12945 0.578491
12946 0.578491
12947 0.578491
12948 0.578491
12949 0.578491
12950 0.578491
12951 0.578491
12952 0.578491
12953 0.578491
12954 0.578491
12955 0.578491
12956 0.578491
12957 0.578491
12958 0.578491
12959 0.578491
12960 0.578491
12961 0.578491
12962 0.578491
12963 0.578491
12964 0.578491
12965 0.578491
12966 0.578491
12967 0.578491
12968 0.578491
12969 0.578491
12970 0.578491
12971 0.578491
12972 0.578491
12973 0.578491
12974 0.578491
12975 0.578491
12976 0.578491
12977 0.578491
12978 0.578491
12979 0.578491
12980 0.578491
12981 0.578491
12982 0.578491
12983 0.578491
12984 0.578491
12985 0.578491
12986 0.578491
12987 0.578491
12988 0.578491
12989 0.578491
12990 0.578491
12991 0.578491
12992 0.578491
12993 0.578491
12994 0.578491
12995 0.578491
12996 0.578491
12997 0.578491
12998 0.578491
12999 0.578491
13000 0.578491
13001 0.578491
13002 0.578491
13003 0.578491
13004 0.578491
13005 0.578491
13006 0.578491
13007 0.578491
13008 0.578491
13009 0.578491
13010 0.578491
13011 0.578491
13012 0.578491
13013 0.578491
13014 0.578491
13015 0.578491
13016 0.578491
13017 0.578491
13018 0.578491
13019 0.578491
13020 0.578491
13021 0.578491
13022 0.578491
13023 0.578491
13024 0.578491
13025 0.578491
13026 0.578491
13027 0.578491
13028 0.578491
13029 0.578491
13030 0.578491
13031 0.578491
13032 0.578491
13033 0.578491
13034 0.578491
13035 0.578491
13036 0.578491
13037 0.578491
13038 0.578491
13039 0.578491
13040 0.578491
13041 0.578491
13042 0.578491
13043 0.578491
13044 0.578491
13045 0.578491
13046 0.578491
13047 0.578491
13048 0.578491
13049 0.578491
13050 0.578491
13051 0.578491
13052 0.578491
13053 0.578491
13054 0.578491
13055 0.578491
13056 0.578491
13057 0.578491
13058 0.578491
13059 0.578491
13060 0.578491
13061 0.578491
13062 0.578491
13063 0.578491
13064 0.578491
13065 0.578491
13066 0.578491
13067 0.578491
13068 0.578491
13069 0.578491
13070 0.578491
13071 0.578491
13072 0.578491
13073 0.578491
13074 0.578491
13075 0.578491
13076 0.578491
13077 0.578491
13078 0.578491
13079 0.578491
13080 0.578491
13081 0.578491
13082 0.578491
13083 0.578491
13084 0.578491
13085 0.578491
13086 0.578491
13087 0.578491
13088 0.578491
13089 0.578491
13090 0.578491
13091 0.578491
13092 0.578491
13093 0.578491
13094 0.578491
13095 0.578491
13096 0.578491
13097 0.578491
13098 0.578491
13099 0.578491
13100 0.578491
13101 0.578491
13102 0.578491
13103 0.578491
13104 0.578491
13105 0.578491
13106 0.578491
13107 0.578491
13108 0.578491
13109 0.578491
13110 0.578491
13111 0.578491
13112 0.578491
13113 0.578491
13114 0.578491
13115 0.578491
13116 0.578491
13117 0.578491
13118 0.578491
13119 0.578491
13120 0.578491
13121 0.578491
13122 0.578491
13123 0.578491
13124 0.578491
13125 0.578491
13126 0.578491
13127 0.578491
13128 0.578491
13129 0.578491
13130 0.578491
13131 0.578491
13132 0.578491
13133 0.578491
13134 0.578491
13135 0.578491
13136 0.578491
13137 0.578491
13138 0.578491
13139 0.578491
13140 0.578491
13141 0.578491
13142 0.578491
13143 0.578491
13144 0.578491
13145 0.578491
13146 0.578491
13147 0.578491
13148 0.578491
13149 0.578491
13150 0.578491
13151 0.578491
13152 0.578491
13153 0.578491
13154 0.578491
13155 0.578491
13156 0.578491
13157 0.578491
13158 0.578491
13159 0.578491
13160 0.578491
13161 0.578491
13162 0.578491
13163 0.578491
13164 0.578491
13165 0.578491
13166 0.578491
13167 0.578491
13168 0.578491
13169 0.578491
13170 0.578491
13171 0.578491
13172 0.578491
13173 0.578491
13174 0.578491
13175 0.578491
13176 0.578491
13177 0.578491
13178 0.578491
13179 0.578491
13180 0.578491
13181 0.578491
13182 0.578491
13183 0.578491
13184 0.578491
13185 0.578491
13186 0.578491
13187 0.578491
13188 0.578491
13189 0.578491
13190 0.578491
13191 0.578491
13192 0.578491
13193 0.578491
13194 0.578491
13195 0.578491
13196 0.578491
13197 0.578491
13198 0.578491
13199 0.578491
13200 0.578491
13201 0.578491
13202 0.578491
13203 0.578491
13204 0.578491
13205 0.578491
13206 0.578491
13207 0.578491
13208 0.578491
13209 0.578491
13210 0.578491
13211 0.578491
13212 0.578491
13213 0.578491
13214 0.578491
13215 0.578491
13216 0.578491
13217 0.578491
13218 0.578491
13219 0.578491
13220 0.578491
13221 0.578491
13222 0.578491
13223 0.578491
13224 0.578491
13225 0.578491
13226 0.578491
13227 0.578491
13228 0.578491
13229 0.578491
13230 0.578491
13231 0.578491
13232 0.578491
13233 0.578491
13234 0.578491
13235 0.578491
13236 0.578491
13237 0.578491
13238 0.578491
13239 0.578491
13240 0.578491
13241 0.578491
13242 0.578491
13243 0.578491
13244 0.578491
13245 0.578491
13246 0.578491
13247 0.578491
13248 0.578491
13249 0.578491
13250 0.578491
13251 0.578491
13252 0.578491
13253 0.578491
13254 0.578491
13255 0.578491
13256 0.578491
13257 0.578491
13258 0.578491
13259 0.578491
13260 0.578491
13261 0.578491
13262 0.578491
13263 0.578491
13264 0.578491
13265 0.578491
13266 0.578491
13267 0.578491
13268 0.578491
13269 0.578491
13270 0.578491
13271 0.578491
13272 0.578491
13273 0.578491
13274 0.578491
13275 0.578491
13276 0.578491
13277 0.578491
13278 0.578491
13279 0.578491
13280 0.578491
13281 0.578491
13282 0.578491
13283 0.578491
13284 0.578491
13285 0.578491
13286 0.578491
13287 0.578491
13288 0.578491
13289 0.578491
13290 0.578491
13291 0.578491
13292 0.578491
13293 0.578491
13294 0.578491
13295 0.578491
13296 0.578491
13297 0.578491
13298 0.578491
13299 0.578491
13300 0.578491
13301 0.578491
13302 0.578491
13303 0.578491
13304 0.578491
13305 0.578491
13306 0.578491
13307 0.578491
13308 0.578491
13309 0.578491
13310 0.578491
13311 0.578491
13312 0.578491
13313 0.578491
13314 0.578491
13315 0.578491
13316 0.578491
13317 0.578491
13318 0.578491
13319 0.578491
13320 0.578491
13321 0.578491
13322 0.578491
13323 0.578491
13324 0.578491
13325 0.578491
13326 0.578491
13327 0.578491
13328 0.578491
13329 0.578491
13330 0.578491
13331 0.578491
13332 0.578491
13333 0.578491
13334 0.578491
13335 0.578491
13336 0.578491
13337 0.578491
13338 0.578491
13339 0.578491
13340 0.578491
13341 0.578491
13342 0.578491
13343 0.578491
13344 0.578491
13345 0.578491
13346 0.578491
13347 0.578491
13348 0.578491
13349 0.578491
13350 0.578491
13351 0.578491
13352 0.578491
13353 0.578491
13354 0.578491
13355 0.578491
13356 0.578491
13357 0.578491
13358 0.578491
13359 0.578491
13360 0.578491
13361 0.578491
13362 0.578491
13363 0.578491
13364 0.578491
13365 0.578491
13366 0.578491
13367 0.578491
13368 0.578491
13369 0.578491
13370 0.578491
13371 0.578491
13372 0.578491
13373 0.578491
13374 0.578491
13375 0.578491
13376 0.578491
13377 0.578491
13378 0.578491
13379 0.578491
13380 0.578491
13381 0.578491
13382 0.578491
13383 0.578491
13384 0.578491
13385 0.578491
13386 0.578491
13387 0.578491
13388 0.578491
13389 0.578491
13390 0.578491
13391 0.578491
13392 0.578491
13393 0.578491
13394 0.578491
13395 0.578491
13396 0.578491
13397 0.578491
13398 0.578491
13399 0.578491
13400 0.578491
13401 0.578491
13402 0.578491
13403 0.578491
13404 0.578491
13405 0.578491
13406 0.578491
13407 0.578491
13408 0.578491
13409 0.578491
13410 0.578491
13411 0.578491
13412 0.578491
13413 0.578491
13414 0.578491
13415 0.578491
13416 0.578491
13417 0.578491
13418 0.578491
13419 0.578491
13420 0.578491
13421 0.578491
13422 0.578491
13423 0.578491
13424 0.578491
13425 0.578491
13426 0.578491
13427 0.578491
13428 0.578491
13429 0.578491
13430 0.578491
13431 0.578491
13432 0.578491
13433 0.578491
13434 0.578491
13435 0.578491
13436 0.578491
13437 0.578491
13438 0.578491
13439 0.578491
13440 0.578491
13441 0.578491
13442 0.578491
13443 0.578491
13444 0.578491
13445 0.578491
13446 0.578491
13447 0.578491
13448 0.578491
13449 0.578491
13450 0.578491
13451 0.578491
13452 0.578491
13453 0.578491
13454 0.578491
13455 0.578491
13456 0.578491
13457 0.578491
13458 0.578491
13459 0.578491
13460 0.578491
13461 0.578491
13462 0.578491
13463 0.578491
13464 0.578491
13465 0.578491
13466 0.578491
13467 0.578491
13468 0.578491
13469 0.578491
13470 0.578491
13471 0.578491
13472 0.578491
13473 0.578491
13474 0.578491
13475 0.578491
13476 0.578491
13477 0.578491
13478 0.578491
13479 0.578491
13480 0.578491
13481 0.578491
13482 0.578491
13483 0.578491
13484 0.578491
13485 0.578491
13486 0.578491
13487 0.578491
13488 0.578491
13489 0.578491
13490 0.578491
13491 0.578491
13492 0.578491
13493 0.578491
13494 0.578491
13495 0.578491
13496 0.578491
13497 0.578491
13498 0.578491
13499 0.578491
13500 0.578491
13501 0.578491
13502 0.578491
13503 0.578491
13504 0.578491
13505 0.578491
13506 0.578491
13507 0.578491
13508 0.578491
13509 0.578491
13510 0.578491
13511 0.578491
13512 0.578491
13513 0.578491
13514 0.578491
13515 0.578491
13516 0.578491
13517 0.578491
13518 0.578491
13519 0.578491
13520 0.578491
13521 0.578491
13522 0.578491
13523 0.578491
13524 0.578491
13525 0.578491
13526 0.578491
13527 0.578491
13528 0.578491
13529 0.578491
13530 0.578491
13531 0.578491
13532 0.578491
13533 0.578491
13534 0.578491
13535 0.578491
13536 0.578491
13537 0.578491
13538 0.578491
13539 0.578491
13540 0.578491
13541 0.578491
13542 0.578491
13543 0.578491
13544 0.578491
13545 0.578491
13546 0.578491
13547 0.578491
13548 0.578491
13549 0.578491
13550 0.578491
13551 0.578491
13552 0.578491
13553 0.578491
13554 0.578491
13555 0.578491
13556 0.578491
13557 0.578491
13558 0.578491
13559 0.578491
13560 0.578491
13561 0.578491
13562 0.578491
13563 0.578491
13564 0.578491
13565 0.578491
13566 0.578491
13567 0.578491
13568 0.578491
13569 0.578491
13570 0.578491
13571 0.578491
13572 0.578491
13573 0.578491
13574 0.578491
13575 0.578491
13576 0.578491
13577 0.578491
13578 0.578491
13579 0.578491
13580 0.578491
13581 0.578491
13582 0.578491
13583 0.578491
13584 0.578491
13585 0.578491
13586 0.578491
13587 0.578491
13588 0.578491
13589 0.578491
13590 0.578491
13591 0.578491
13592 0.578491
13593 0.578491
13594 0.578491
13595 0.578491
13596 0.578491
13597 0.578491
13598 0.578491
13599 0.578491
13600 0.578491
13601 0.578491
13602 0.578491
13603 0.578491
13604 0.578491
13605 0.578491
13606 0.578491
13607 0.578491
13608 0.578491
13609 0.578491
13610 0.578491
13611 0.578491
13612 0.578491
13613 0.578491
13614 0.578491
13615 0.578491
13616 0.578491
13617 0.578491
13618 0.578491
13619 0.578491
13620 0.578491
13621 0.578491
13622 0.578491
13623 0.578491
13624 0.578491
13625 0.578491
13626 0.578491
13627 0.578491
13628 0.578491
13629 0.578491
13630 0.578491
13631 0.578491
13632 0.578491
13633 0.578491
13634 0.578491
13635 0.578491
13636 0.578491
13637 0.578491
13638 0.578491
13639 0.578491
13640 0.578491
13641 0.578491
13642 0.578491
13643 0.578491
13644 0.578491
13645 0.578491
13646 0.578491
13647 0.578491
13648 0.578491
13649 0.578491
13650 0.578491
13651 0.578491
13652 0.578491
13653 0.578491
13654 0.578491
13655 0.578491
13656 0.578491
13657 0.578491
13658 0.578491
13659 0.578491
13660 0.578491
13661 0.578491
13662 0.578491
13663 0.578491
13664 0.578491
13665 0.578491
13666 0.578491
13667 0.578491
13668 0.578491
13669 0.578491
13670 0.578491
13671 0.578491
13672 0.578491
13673 0.578491
13674 0.578491
13675 0.578491
13676 0.578491
13677 0.578491
13678 0.578491
13679 0.578491
13680 0.578491
13681 0.578491
13682 0.578491
13683 0.578491
13684 0.578491
13685 0.578491
13686 0.578491
13687 0.578491
13688 0.578491
13689 0.578491
13690 0.578491
13691 0.578491
13692 0.578491
13693 0.578491
13694 0.578491
13695 0.578491
13696 0.578491
13697 0.578491
13698 0.578491
13699 0.578491
13700 0.578491
13701 0.578491
13702 0.578491
13703 0.578491
13704 0.578491
13705 0.578491
13706 0.578491
13707 0.578491
13708 0.578491
13709 0.578491
13710 0.578491
13711 0.578491
13712 0.578491
13713 0.578491
13714 0.578491
13715 0.578491
13716 0.578491
13717 0.578491
13718 0.578491
13719 0.578491
13720 0.578491
13721 0.578491
13722 0.578491
13723 0.578491
13724 0.578491
13725 0.578491
13726 0.578491
13727 0.578491
13728 0.578491
13729 0.578491
13730 0.578491
13731 0.578491
13732 0.578491
13733 0.578491
13734 0.578491
13735 0.578491
13736 0.578491
13737 0.578491
13738 0.578491
13739 0.578491
13740 0.578491
13741 0.578491
13742 0.578491
13743 0.578491
13744 0.578491
13745 0.578491
13746 0.578491
13747 0.578491
13748 0.578491
13749 0.578491
13750 0.578491
13751 0.578491
13752 0.578491
13753 0.578491
13754 0.578491
13755 0.578491
13756 0.578491
13757 0.578491
13758 0.578491
13759 0.578491
13760 0.578491
13761 0.578491
13762 0.578491
13763 0.578491
13764 0.578491
13765 0.578491
13766 0.578491
13767 0.578491
13768 0.578491
13769 0.578491
13770 0.578491
13771 0.578491
13772 0.578491
13773 0.578491
13774 0.578491
13775 0.578491
13776 0.578491
13777 0.578491
13778 0.578491
13779 0.578491
13780 0.578491
13781 0.578491
13782 0.578491
13783 0.578491
13784 0.578491
13785 0.578491
13786 0.578491
13787 0.578491
13788 0.578491
13789 0.578491
13790 0.578491
13791 0.578491
13792 0.578491
13793 0.578491
13794 0.578491
13795 0.578491
13796 0.578491
13797 0.578491
13798 0.578491
13799 0.578491
13800 0.578491
13801 0.578491
13802 0.578491
13803 0.578491
13804 0.578491
13805 0.578491
13806 0.578491
13807 0.578491
13808 0.578491
13809 0.578491
13810 0.578491
13811 0.578491
13812 0.578491
13813 0.578491
13814 0.578491
13815 0.578491
13816 0.578491
13817 0.578491
13818 0.578491
13819 0.578491
13820 0.578491
13821 0.578491
13822 0.578491
13823 0.578491
13824 0.578491
13825 0.578491
13826 0.578491
13827 0.578491
13828 0.578491
13829 0.578491
13830 0.578491
13831 0.578491
13832 0.578491
13833 0.578491
13834 0.578491
13835 0.578491
13836 0.578491
13837 0.578491
13838 0.578491
13839 0.578491
13840 0.578491
13841 0.578491
13842 0.578491
13843 0.578491
13844 0.578491
13845 0.578491
13846 0.578491
13847 0.578491
13848 0.578491
13849 0.578491
13850 0.578491
13851 0.578491
13852 0.578491
13853 0.578491
13854 0.578491
13855 0.578491
13856 0.578491
13857 0.578491
13858 0.578491
13859 0.578491
13860 0.578491
13861 0.578491
13862 0.578491
13863 0.578491
13864 0.578491
13865 0.578491
13866 0.578491
13867 0.578491
13868 0.578491
13869 0.578491
13870 0.578491
13871 0.578491
13872 0.578491
13873 0.578491
13874 0.578491
13875 0.578491
13876 0.578491
13877 0.578491
13878 0.578491
13879 0.578491
13880 0.578491
13881 0.578491
13882 0.578491
13883 0.578491
13884 0.578491
13885 0.578491
13886 0.578491
13887 0.578491
13888 0.578491
13889 0.578491
13890 0.578491
13891 0.578491
13892 0.578491
13893 0.578491
13894 0.578491
13895 0.578491
13896 0.578491
13897 0.578491
13898 0.578491
13899 0.578491
13900 0.578491
13901 0.578491
13902 0.578491
13903 0.578491
13904 0.578491
13905 0.578491
13906 0.578491
13907 0.578491
13908 0.578491
13909 0.578491
13910 0.578491
13911 0.578491
13912 0.578491
13913 0.578491
13914 0.578491
13915 0.578491
13916 0.578491
13917 0.578491
13918 0.578491
13919 0.578491
13920 0.578491
13921 0.578491
13922 0.578491
13923 0.578491
13924 0.578491
13925 0.578491
13926 0.578491
13927 0.578491
13928 0.578491
13929 0.578491
13930 0.578491
13931 0.578491
13932 0.578491
13933 0.578491
13934 0.578491
13935 0.578491
13936 0.578491
13937 0.578491
13938 0.578491
13939 0.578491
13940 0.578491
13941 0.578491
13942 0.578491
13943 0.578491
13944 0.578491
13945 0.578491
13946 0.578491
13947 0.578491
13948 0.578491
13949 0.578491
13950 0.578491
13951 0.578491
13952 0.578491
13953 0.578491
13954 0.578491
13955 0.578491
13956 0.578491
13957 0.578491
13958 0.578491
13959 0.578491
13960 0.578491
13961 0.578491
13962 0.578491
13963 0.578491
13964 0.578491
13965 0.578491
13966 0.578491
13967 0.578491
13968 0.578491
13969 0.578491
13970 0.578491
13971 0.578491
13972 0.578491
13973 0.578491
13974 0.578491
13975 0.578491
13976 0.578491
13977 0.578491
13978 0.578491
13979 0.578491
13980 0.578491
13981 0.578491
13982 0.578491
13983 0.578491
13984 0.578491
13985 0.578491
13986 0.578491
13987 0.578491
13988 0.578491
13989 0.578491
13990 0.578491
13991 0.578491
13992 0.578491
13993 0.578491
13994 0.578491
13995 0.578491
13996 0.578491
13997 0.578491
13998 0.578491
13999 0.578491
14000 0.578491
14001 0.578491
14002 0.578491
14003 0.578491
14004 0.578491
14005 0.578491
14006 0.578491
14007 0.578491
14008 0.578491
14009 0.578491
14010 0.578491
14011 0.578491
14012 0.578491
14013 0.578491
14014 0.578491
14015 0.578491
14016 0.578491
14017 0.578491
14018 0.578491
14019 0.578491
14020 0.578491
14021 0.578491
14022 0.578491
14023 0.578491
14024 0.578491
14025 0.578491
14026 0.578491
14027 0.578491
14028 0.578491
14029 0.578491
14030 0.578491
14031 0.578491
14032 0.578491
14033 0.578491
14034 0.578491
14035 0.578491
14036 0.578491
14037 0.578491
14038 0.578491
14039 0.578491
14040 0.578491
14041 0.578491
14042 0.578491
14043 0.578491
14044 0.578491
14045 0.578491
14046 0.578491
14047 0.578491
14048 0.578491
14049 0.578491
14050 0.578491
14051 0.578491
14052 0.578491
14053 0.578491
14054 0.578491
14055 0.578491
14056 0.578491
14057 0.578491
14058 0.578491
14059 0.578491
14060 0.578491
14061 0.578491
14062 0.578491
14063 0.578491
14064 0.578491
14065 0.578491
14066 0.578491
14067 0.578491
14068 0.578491
14069 0.578491
14070 0.578491
14071 0.578491
14072 0.578491
14073 0.578491
14074 0.578491
14075 0.578491
14076 0.578491
14077 0.578491
14078 0.578491
14079 0.578491
14080 0.578491
14081 0.578491
14082 0.578491
14083 0.578491
14084 0.578491
14085 0.578491
14086 0.578491
14087 0.578491
14088 0.578491
14089 0.578491
14090 0.578491
14091 0.578491
14092 0.578491
14093 0.578491
14094 0.578491
14095 0.578491
14096 0.578491
14097 0.578491
14098 0.578491
14099 0.578491
14100 0.578491
14101 0.578491
14102 0.578491
14103 0.578491
14104 0.578491
14105 0.578491
14106 0.578491
14107 0.578491
14108 0.578491
14109 0.578491
14110 0.578491
14111 0.578491
14112 0.578491
14113 0.578491
14114 0.578491
14115 0.578491
14116 0.578491
14117 0.578491
14118 0.578491
14119 0.578491
14120 0.578491
14121 0.578491
14122 0.578491
14123 0.578491
14124 0.578491
14125 0.578491
14126 0.578491
14127 0.578491
14128 0.578491
14129 0.578491
14130 0.578491
14131 0.578491
14132 0.578491
14133 0.578491
14134 0.578491
14135 0.578491
14136 0.578491
14137 0.578491
14138 0.578491
14139 0.578491
14140 0.578491
14141 0.578491
14142 0.578491
14143 0.578491
14144 0.578491
14145 0.578491
14146 0.578491
14147 0.578491
14148 0.578491
14149 0.578491
14150 0.578491
14151 0.578491
14152 0.578491
14153 0.578491
14154 0.578491
14155 0.578491
14156 0.578491
14157 0.578491
14158 0.578491
14159 0.578491
14160 0.578491
14161 0.578491
14162 0.578491
14163 0.578491
14164 0.578491
14165 0.578491
14166 0.578491
14167 0.578491
14168 0.578491
14169 0.578491
14170 0.578491
14171 0.578491
14172 0.578491
14173 0.578491
14174 0.578491
14175 0.578491
14176 0.578491
14177 0.578491
14178 0.578491
14179 0.578491
14180 0.578491
14181 0.578491
14182 0.578491
14183 0.578491
14184 0.578491
14185 0.578491
14186 0.578491
14187 0.578491
14188 0.578491
14189 0.578491
14190 0.578491
14191 0.578491
14192 0.578491
14193 0.578491
14194 0.578491
14195 0.578491
14196 0.578491
14197 0.578491
14198 0.578491
14199 0.578491
14200 0.578491
14201 0.578491
14202 0.578491
14203 0.578491
14204 0.578491
14205 0.578491
14206 0.578491
14207 0.578491
14208 0.578491
14209 0.578491
14210 0.578491
14211 0.578491
14212 0.578491
14213 0.578491
14214 0.578491
14215 0.578491
14216 0.578491
14217 0.578491
14218 0.578491
14219 0.578491
14220 0.578491
14221 0.578491
14222 0.578491
14223 0.578491
14224 0.578491
14225 0.578491
14226 0.578491
14227 0.578491
14228 0.578491
14229 0.578491
14230 0.578491
14231 0.578491
14232 0.578491
14233 0.578491
14234 0.578491
14235 0.578491
14236 0.578491
14237 0.578491
14238 0.578491
14239 0.578491
14240 0.578491
14241 0.578491
14242 0.578491
14243 0.578491
14244 0.578491
14245 0.578491
14246 0.578491
14247 0.578491
14248 0.578491
14249 0.578491
14250 0.578491
14251 0.578491
14252 0.578491
14253 0.578491
14254 0.578491
14255 0.578491
14256 0.578491
14257 0.578491
14258 0.578491
14259 0.578491
14260 0.578491
14261 0.578491
14262 0.578491
14263 0.578491
14264 0.578491
14265 0.578491
14266 0.578491
14267 0.578491
14268 0.578491
14269 0.578491
14270 0.578491
14271 0.578491
14272 0.578491
14273 0.578491
14274 0.578491
14275 0.578491
14276 0.578491
14277 0.578491
14278 0.578491
14279 0.578491
14280 0.578491
14281 0.578491
14282 0.578491
14283 0.578491
14284 0.578491
14285 0.578491
14286 0.578491
14287 0.578491
14288 0.578491
14289 0.578491
14290 0.578491
14291 0.578491
14292 0.578491
14293 0.578491
14294 0.578491
14295 0.578491
14296 0.578491
14297 0.578491
14298 0.578491
14299 0.578491
14300 0.578491
14301 0.578491
14302 0.578491
14303 0.578491
14304 0.578491
14305 0.578491
14306 0.578491
14307 0.578491
14308 0.578491
14309 0.578491
14310 0.578491
14311 0.578491
14312 0.578491
14313 0.578491
14314 0.578491
14315 0.578491
14316 0.578491
14317 0.578491
14318 0.578491
14319 0.578491
14320 0.578491
14321 0.578491
14322 0.578491
14323 0.578491
14324 0.578491
14325 0.578491
14326 0.578491
14327 0.578491
14328 0.578491
14329 0.578491
14330 0.578491
14331 0.578491
14332 0.578491
14333 0.578491
14334 0.578491
14335 0.578491
14336 0.578491
14337 0.578491
14338 0.578491
14339 0.578491
14340 0.578491
14341 0.578491
14342 0.578491
14343 0.578491
14344 0.578491
14345 0.578491
14346 0.578491
14347 0.578491
14348 0.578491
14349 0.578491
14350 0.578491
14351 0.578491
14352 0.578491
14353 0.578491
14354 0.578491
14355 0.578491
14356 0.578491
14357 0.578491
14358 0.578491
14359 0.578491
14360 0.578491
14361 0.578491
14362 0.578491
14363 0.578491
14364 0.578491
14365 0.578491
14366 0.578491
14367 0.578491
14368 0.578491
14369 0.578491
14370 0.578491
14371 0.578491
14372 0.578491
14373 0.578491
14374 0.578491
14375 0.578491
14376 0.578491
14377 0.578491
14378 0.578491
14379 0.578491
14380 0.578491
14381 0.578491
14382 0.578491
14383 0.578491
14384 0.578491
14385 0.578491
14386 0.578491
14387 0.578491
14388 0.578491
14389 0.578491
14390 0.578491
14391 0.578491
14392 0.578491
14393 0.578491
14394 0.578491
14395 0.578491
14396 0.578491
14397 0.578491
14398 0.578491
14399 0.578491
14400 0.578491
14401 0.578491
14402 0.578491
14403 0.578491
14404 0.578491
14405 0.578491
14406 0.578491
14407 0.578491
14408 0.578491
14409 0.578491
14410 0.578491
14411 0.578491
14412 0.578491
14413 0.578491
14414 0.578491
14415 0.578491
14416 0.578491
14417 0.578491
14418 0.578491
14419 0.578491
14420 0.578491
14421 0.578491
14422 0.578491
14423 0.578491
14424 0.578491
14425 0.578491
14426 0.578491
14427 0.578491
14428 0.578491
14429 0.578491
14430 0.578491
14431 0.578491
14432 0.578491
14433 0.578491
14434 0.578491
14435 0.578491
14436 0.578491
14437 0.578491
14438 0.578491
14439 0.578491
14440 0.578491
14441 0.578491
14442 0.578491
14443 0.578491
14444 0.578491
14445 0.578491
14446 0.578491
14447 0.578491
14448 0.578491
14449 0.578491
14450 0.578491
14451 0.578491
14452 0.578491
14453 0.578491
14454 0.578491
14455 0.578491
14456 0.578491
14457 0.578491
14458 0.578491
14459 0.578491
14460 0.578491
14461 0.578491
14462 0.578491
14463 0.578491
14464 0.578491
14465 0.578491
14466 0.578491
14467 0.578491
14468 0.578491
14469 0.578491
14470 0.578491
14471 0.578491
14472 0.578491
14473 0.578491
14474 0.578491
14475 0.578491
14476 0.578491
14477 0.578491
14478 0.578491
14479 0.578491
14480 0.578491
14481 0.578491
14482 0.578491
14483 0.578491
14484 0.578491
14485 0.578491
14486 0.578491
14487 0.578491
14488 0.578491
14489 0.578491
14490 0.578491
14491 0.578491
14492 0.578491
14493 0.578491
14494 0.578491
14495 0.578491
14496 0.578491
14497 0.578491
14498 0.578491
14499 0.578491
14500 0.578491
14501 0.578491
14502 0.578491
14503 0.578491
14504 0.578491
14505 0.578491
14506 0.578491
14507 0.578491
14508 0.578491
14509 0.578491
14510 0.578491
14511 0.578491
14512 0.578491
14513 0.578491
14514 0.578491
14515 0.578491
14516 0.578491
14517 0.578491
14518 0.578491
14519 0.578491
14520 0.578491
14521 0.578491
14522 0.578491
14523 0.578491
14524 0.578491
14525 0.578491
14526 0.578491
14527 0.578491
14528 0.578491
14529 0.578491
14530 0.578491
14531 0.578491
14532 0.578491
14533 0.578491
14534 0.578491
14535 0.578491
14536 0.578491
14537 0.578491
14538 0.578491
14539 0.578491
14540 0.578491
14541 0.578491
14542 0.578491
14543 0.578491
14544 0.578491
14545 0.578491
14546 0.578491
14547 0.578491
14548 0.578491
14549 0.578491
14550 0.578491
14551 0.578491
14552 0.578491
14553 0.578491
14554 0.578491
14555 0.578491
14556 0.578491
14557 0.578491
14558 0.578491
14559 0.578491
14560 0.578491
14561 0.578491
14562 0.578491
14563 0.578491
14564 0.578491
14565 0.578491
14566 0.578491
14567 0.578491
14568 0.578491
14569 0.578491
14570 0.578491
14571 0.578491
14572 0.578491
14573 0.578491
14574 0.578491
14575 0.578491
14576 0.578491
14577 0.578491
14578 0.578491
14579 0.578491
14580 0.578491
14581 0.578491
14582 0.578491
14583 0.578491
14584 0.578491
14585 0.578491
14586 0.578491
14587 0.578491
14588 0.578491
14589 0.578491
14590 0.578491
14591 0.578491
14592 0.578491
14593 0.578491
14594 0.578491
14595 0.578491
14596 0.578491
14597 0.578491
14598 0.578491
14599 0.578491
14600 0.578491
14601 0.578491
14602 0.578491
14603 0.578491
14604 0.578491
14605 0.578491
14606 0.578491
14607 0.578491
14608 0.578491
14609 0.578491
14610 0.578491
14611 0.578491
14612 0.578491
14613 0.578491
14614 0.578491
14615 0.578491
14616 0.578491
14617 0.578491
14618 0.578491
14619 0.578491
14620 0.578491
14621 0.578491
14622 0.578491
14623 0.578491
14624 0.578491
14625 0.578491
14626 0.578491
14627 0.578491
14628 0.578491
14629 0.578491
14630 0.578491
14631 0.578491
14632 0.578491
14633 0.578491
14634 0.578491
14635 0.578491
14636 0.578491
14637 0.578491
14638 0.578491
14639 0.578491
14640 0.578491
14641 0.578491
14642 0.578491
14643 0.578491
14644 0.578491
14645 0.578491
14646 0.578491
14647 0.578491
14648 0.578491
14649 0.578491
14650 0.578491
14651 0.578491
14652 0.578491
14653 0.578491
14654 0.578491
14655 0.578491
14656 0.578491
14657 0.578491
14658 0.578491
14659 0.578491
14660 0.578491
14661 0.578491
14662 0.578491
14663 0.578491
14664 0.578491
14665 0.578491
14666 0.578491
14667 0.578491
14668 0.578491
14669 0.578491
14670 0.578491
14671 0.578491
14672 0.578491
14673 0.578491
14674 0.578491
14675 0.578491
14676 0.578491
14677 0.578491
14678 0.578491
14679 0.578491
14680 0.578491
14681 0.578491
14682 0.578491
14683 0.578491
14684 0.578491
14685 0.578491
14686 0.578491
14687 0.578491
14688 0.578491
14689 0.578491
14690 0.578491
14691 0.578491
14692 0.578491
14693 0.578491
14694 0.578491
14695 0.578491
14696 0.578491
14697 0.578491
14698 0.578491
14699 0.578491
14700 0.578491
14701 0.578491
14702 0.578491
14703 0.578491
14704 0.578491
14705 0.578491
14706 0.578491
14707 0.578491
14708 0.578491
14709 0.578491
14710 0.578491
14711 0.578491
14712 0.578491
14713 0.578491
14714 0.578491
14715 0.578491
14716 0.578491
14717 0.578491
14718 0.578491
14719 0.578491
14720 0.578491
14721 0.578491
14722 0.578491
14723 0.578491
14724 0.578491
14725 0.578491
14726 0.578491
14727 0.578491
14728 0.578491
14729 0.578491
14730 0.578491
14731 0.578491
14732 0.578491
14733 0.578491
14734 0.578491
14735 0.578491
14736 0.578491
14737 0.578491
14738 0.578491
14739 0.578491
14740 0.578491
14741 0.578491
14742 0.578491
14743 0.578491
14744 0.578491
14745 0.578491
14746 0.578491
14747 0.578491
14748 0.578491
14749 0.578491
14750 0.578491
14751 0.578491
14752 0.578491
14753 0.578491
14754 0.578491
14755 0.578491
14756 0.578491
14757 0.578491
14758 0.578491
14759 0.578491
14760 0.578491
14761 0.578491
14762 0.578491
14763 0.578491
14764 0.578491
14765 0.578491
14766 0.578491
14767 0.578491
14768 0.578491
14769 0.578491
14770 0.578491
14771 0.578491
14772 0.578491
14773 0.578491
14774 0.578491
14775 0.578491
14776 0.578491
14777 0.578491
14778 0.578491
14779 0.578491
14780 0.578491
14781 0.578491
14782 0.578491
14783 0.578491
14784 0.578491
14785 0.578491
14786 0.578491
14787 0.578491
14788 0.578491
14789 0.578491
14790 0.578491
14791 0.578491
14792 0.578491
14793 0.578491
14794 0.578491
14795 0.578491
14796 0.578491
14797 0.578491
14798 0.578491
14799 0.578491
14800 0.578491
14801 0.578491
14802 0.578491
14803 0.578491
14804 0.578491
14805 0.578491
14806 0.578491
14807 0.578491
14808 0.578491
14809 0.578491
14810 0.578491
14811 0.578491
14812 0.578491
14813 0.578491
14814 0.578491
14815 0.578491
14816 0.578491
14817 0.578491
14818 0.578491
14819 0.578491
14820 0.578491
14821 0.578491
14822 0.578491
14823 0.578491
14824 0.578491
14825 0.578491
14826 0.578491
14827 0.578491
14828 0.578491
14829 0.578491
14830 0.578491
14831 0.578491
14832 0.578491
14833 0.578491
14834 0.578491
14835 0.578491
14836 0.578491
14837 0.578491
14838 0.578491
14839 0.578491
14840 0.578491
14841 0.578491
14842 0.578491
14843 0.578491
14844 0.578491
14845 0.578491
14846 0.578491
14847 0.578491
14848 0.578491
14849 0.578491
14850 0.578491
14851 0.578491
14852 0.578491
14853 0.578491
14854 0.578491
14855 0.578491
14856 0.578491
14857 0.578491
14858 0.578491
14859 0.578491
14860 0.578491
14861 0.578491
14862 0.578491
14863 0.578491
14864 0.578491
14865 0.578491
14866 0.578491
14867 0.578491
14868 0.578491
14869 0.578491
14870 0.578491
14871 0.578491
14872 0.578491
14873 0.578491
14874 0.578491
14875 0.578491
14876 0.578491
14877 0.578491
14878 0.578491
14879 0.578491
14880 0.578491
14881 0.578491
14882 0.578491
14883 0.578491
14884 0.578491
14885 0.578491
14886 0.578491
14887 0.578491
14888 0.578491
14889 0.578491
14890 0.578491
14891 0.578491
14892 0.578491
14893 0.578491
14894 0.578491
14895 0.578491
14896 0.578491
14897 0.578491
14898 0.578491
14899 0.578491
14900 0.578491
14901 0.578491
14902 0.578491
14903 0.578491
14904 0.578491
14905 0.578491
14906 0.578491
14907 0.578491
14908 0.578491
14909 0.578491
14910 0.578491
14911 0.578491
14912 0.578491
14913 0.578491
14914 0.578491
14915 0.578491
14916 0.578491
14917 0.578491
14918 0.578491
14919 0.578491
14920 0.578491
14921 0.578491
14922 0.567998
14923 0.567998
14924 0.567998
14925 0.567998
14926 0.567998
14927 0.567998
14928 0.567998
14929 0.567998
14930 0.567998
14931 0.567998
14932 0.567998
14933 0.567998
14934 0.567998
14935 0.567998
14936 0.567998
14937 0.567998
14938 0.567998
14939 0.567998
14940 0.567998
14941 0.567998
14942 0.567998
14943 0.567998
14944 0.567998
14945 0.567998
14946 0.567998
14947 0.567998
14948 0.567998
14949 0.567998
14950 0.567998
14951 0.567998
14952 0.567998
14953 0.567998
14954 0.567998
14955 0.567998
14956 0.567998
14957 0.567998
14958 0.567998
14959 0.567998
14960 0.567998
14961 0.567998
14962 0.567998
14963 0.567998
14964 0.567998
14965 0.567998
14966 0.567998
14967 0.567998
14968 0.567998
14969 0.567998
14970 0.567998
14971 0.567998
14972 0.567998
14973 0.567998
14974 0.567998
14975 0.567998
14976 0.567998
14977 0.567998
14978 0.567998
14979 0.567998
14980 0.567998
14981 0.567998
14982 0.567998
14983 0.567998
14984 0.567998
14985 0.567998
14986 0.567998
14987 0.567998
14988 0.567998
14989 0.567998
14990 0.567998
14991 0.567998
14992 0.567998
14993 0.567998
14994 0.567998
14995 0.567998
14996 0.567998
14997 0.567998
14998 0.567998
14999 0.567998
15000 0.567998
15001 0.567998
15002 0.567998
15003 0.567998
15004 0.567998
15005 0.567998
15006 0.567998
15007 0.567998
15008 0.567998
15009 0.567998
15010 0.567998
15011 0.567998
15012 0.567998
15013 0.567998
15014 0.567998
15015 0.567998
15016 0.567998
15017 0.567998
15018 0.567998
15019 0.567998
15020 0.567998
15021 0.567998
15022 0.567998
15023 0.567998
15024 0.567998
15025 0.567998
15026 0.567998
15027 0.567998
15028 0.567998
15029 0.567998
15030 0.567998
15031 0.567998
15032 0.567998
15033 0.567998
15034 0.567998
15035 0.567998
15036 0.567998
15037 0.567998
15038 0.567998
15039 0.567998
15040 0.567998
15041 0.567998
15042 0.567998
15043 0.567998
15044 0.567998
15045 0.567998
15046 0.567998
15047 0.567998
15048 0.567998
15049 0.567998
15050 0.567998
15051 0.567998
15052 0.567998
15053 0.567998
15054 0.567998
15055 0.567998
15056 0.567998
15057 0.567998
15058 0.567998
15059 0.567998
15060 0.567998
15061 0.567998
15062 0.567998
15063 0.567998
15064 0.567998
15065 0.567998
15066 0.567998
15067 0.567998
15068 0.567998
15069 0.567998
15070 0.567998
15071 0.567998
15072 0.567998
15073 0.567998
15074 0.567998
15075 0.567998
15076 0.567998
15077 0.567998
15078 0.567998
15079 0.567998
15080 0.567998
15081 0.567998
15082 0.567998
15083 0.567998
15084 0.567998
15085 0.567998
15086 0.567998
15087 0.567998
15088 0.567998
15089 0.567998
15090 0.567998
15091 0.567998
15092 0.567998
15093 0.567998
15094 0.567998
15095 0.567998
15096 0.567998
15097 0.567998
15098 0.567998
15099 0.567998
15100 0.567998
15101 0.567998
15102 0.567998
15103 0.567998
15104 0.567998
15105 0.567998
15106 0.567998
15107 0.567998
15108 0.567998
15109 0.567998
15110 0.567998
15111 0.567998
15112 0.567998
15113 0.567998
15114 0.567998
15115 0.567998
15116 0.567998
15117 0.567998
15118 0.567998
15119 0.567998
15120 0.567998
15121 0.567998
15122 0.567998
15123 0.567998
15124 0.567998
15125 0.567998
15126 0.567998
15127 0.567998
15128 0.567998
15129 0.567998
15130 0.567998
15131 0.567998
15132 0.567998
15133 0.567998
15134 0.567998
15135 0.567998
15136 0.567998
15137 0.567998
15138 0.567998
15139 0.567998
15140 0.567998
15141 0.567998
15142 0.567998
15143 0.567998
15144 0.567998
15145 0.567998
15146 0.567998
15147 0.567998
15148 0.567998
15149 0.567998
15150 0.567998
15151 0.567998
15152 0.567998
15153 0.567998
15154 0.567998
15155 0.567998
15156 0.567998
15157 0.567998
15158 0.567998
15159 0.567998
15160 0.567998
15161 0.567998
15162 0.567998
15163 0.567998
15164 0.567998
15165 0.567998
15166 0.567998
15167 0.567998
15168 0.567998
15169 0.567998
15170 0.567998
15171 0.567998
15172 0.567998
15173 0.567998
15174 0.567998
15175 0.567998
15176 0.567998
15177 0.567998
15178 0.567998
15179 0.567998
15180 0.567998
15181 0.567998
15182 0.567998
15183 0.567998
15184 0.567998
15185 0.567998
15186 0.567998
15187 0.567998
15188 0.567998
15189 0.567998
15190 0.567998
15191 0.567998
15192 0.567998
15193 0.567998
15194 0.567998
15195 0.567998
15196 0.567998
15197 0.567998
15198 0.567998
15199 0.567998
15200 0.567998
15201 0.567998
15202 0.567998
15203 0.567998
15204 0.567998
15205 0.567998
15206 0.567998
15207 0.567998
15208 0.567998
15209 0.567998
15210 0.567998
15211 0.567998
15212 0.567998
15213 0.567998
15214 0.567998
15215 0.567998
15216 0.567998
15217 0.567998
15218 0.567998
15219 0.567998
15220 0.567998
15221 0.567998
15222 0.567998
15223 0.567998
15224 0.567998
15225 0.567998
15226 0.567998
15227 0.567998
15228 0.567998
15229 0.567998
15230 0.567998
15231 0.567998
15232 0.567998
15233 0.567998
15234 0.567998
15235 0.567998
15236 0.567998
15237 0.567998
15238 0.567998
15239 0.567998
15240 0.567998
15241 0.567998
15242 0.567998
15243 0.567998
15244 0.567998
15245 0.567998
15246 0.567998
15247 0.567998
15248 0.567998
15249 0.567998
15250 0.567998
15251 0.567998
15252 0.567998
15253 0.567998
15254 0.567998
15255 0.567998
15256 0.567998
15257 0.567998
15258 0.567998
15259 0.567998
15260 0.567998
15261 0.567998
15262 0.567998
15263 0.567998
15264 0.567998
15265 0.567998
15266 0.567998
15267 0.567998
15268 0.567998
15269 0.567998
15270 0.567998
15271 0.567998
15272 0.567998
15273 0.567998
15274 0.567998
15275 0.567998
15276 0.567998
15277 0.567998
15278 0.567998
15279 0.567998
15280 0.567998
15281 0.567998
15282 0.567998
15283 0.567998
15284 0.567998
15285 0.567998
15286 0.567998
15287 0.567998
15288 0.567998
15289 0.567998
15290 0.567998
15291 0.567998
15292 0.567998
15293 0.567998
15294 0.567998
15295 0.567998
15296 0.567998
15297 0.567998
15298 0.567998
15299 0.567998
15300 0.567998
15301 0.567998
15302 0.567998
15303 0.567998
15304 0.567998
15305 0.567998
15306 0.567998
15307 0.567998
15308 0.567998
15309 0.567998
15310 0.567998
15311 0.567998
15312 0.567998
15313 0.567998
15314 0.567998
15315 0.567998
15316 0.567998
15317 0.567998
15318 0.567998
15319 0.567998
15320 0.567998
15321 0.567998
15322 0.567998
15323 0.567998
15324 0.567998
15325 0.567998
15326 0.567998
15327 0.567998
15328 0.567998
15329 0.567998
15330 0.567998
15331 0.567998
15332 0.567998
15333 0.567998
15334 0.567998
15335 0.567998
15336 0.567998
15337 0.567998
15338 0.567998
15339 0.567998
15340 0.567998
15341 0.567998
15342 0.567998
15343 0.567998
15344 0.567998
15345 0.567998
15346 0.567998
15347 0.567998
15348 0.567998
15349 0.567998
15350 0.567998
15351 0.567998
15352 0.567998
15353 0.567998
15354 0.567998
15355 0.567998
15356 0.567998
15357 0.567998
15358 0.567998
15359 0.567998
15360 0.567998
15361 0.567998
15362 0.567998
15363 0.567998
15364 0.567998
15365 0.567998
15366 0.567998
15367 0.567998
15368 0.567998
15369 0.567998
15370 0.567998
15371 0.567998
15372 0.567998
15373 0.567998
15374 0.567998
15375 0.567998
15376 0.567998
15377 0.567998
15378 0.567998
15379 0.567998
15380 0.567998
15381 0.567998
15382 0.567998
15383 0.567998
15384 0.567998
15385 0.567998
15386 0.567998
15387 0.567998
15388 0.567998
15389 0.567998
15390 0.567998
15391 0.567998
15392 0.567998
15393 0.567998
15394 0.567998
15395 0.567998
15396 0.567998
15397 0.567998
15398 0.567998
15399 0.567998
15400 0.567998
15401 0.567998
15402 0.567998
15403 0.567998
15404 0.567998
15405 0.567998
15406 0.567998
15407 0.567998
15408 0.567998
15409 0.567998
15410 0.567998
15411 0.567998
15412 0.567998
15413 0.567998
15414 0.567998
15415 0.567998
15416 0.567998
15417 0.567998
15418 0.567998
15419 0.567998
15420 0.567998
15421 0.567998
15422 0.567998
15423 0.567998
15424 0.567998
15425 0.567998
15426 0.567998
15427 0.567998
15428 0.567998
15429 0.567998
15430 0.567998
15431 0.567998
15432 0.567998
15433 0.567998
15434 0.567998
15435 0.567998
15436 0.567998
15437 0.567998
15438 0.567998
15439 0.567998
15440 0.567998
15441 0.567998
15442 0.567998
15443 0.567998
15444 0.567998
15445 0.567998
15446 0.567998
15447 0.567998
15448 0.567998
15449 0.567998
15450 0.567998
15451 0.567998
15452 0.567998
15453 0.567998
15454 0.567998
15455 0.567998
15456 0.567998
15457 0.567998
15458 0.567998
15459 0.567998
15460 0.567998
15461 0.567998
15462 0.567998
15463 0.567998
15464 0.567998
15465 0.567998
15466 0.567998
15467 0.567998
15468 0.567998
15469 0.567998
15470 0.567998
15471 0.567998
15472 0.567998
15473 0.567998
15474 0.567998
15475 0.567998
15476 0.567998
15477 0.567998
15478 0.567998
15479 0.567998
15480 0.567998
15481 0.567998
15482 0.567998
15483 0.567998
15484 0.567998
15485 0.567998
15486 0.567998
15487 0.567998
15488 0.567998
15489 0.567998
15490 0.567998
15491 0.567998
15492 0.567998
15493 0.567998
15494 0.567998
15495 0.567998
15496 0.567998
15497 0.567998
15498 0.567998
15499 0.567998
15500 0.567998
15501 0.567998
15502 0.567998
15503 0.567998
15504 0.567998
15505 0.567998
15506 0.567998
15507 0.567998
15508 0.567998
15509 0.567998
15510 0.567998
15511 0.567998
15512 0.567998
15513 0.567998
15514 0.567998
15515 0.567998
15516 0.567998
15517 0.567998
15518 0.567998
15519 0.567998
15520 0.567998
15521 0.567998
15522 0.567998
15523 0.567998
15524 0.567998
15525 0.567998
15526 0.567998
15527 0.567998
15528 0.567998
15529 0.567998
15530 0.567998
15531 0.567998
15532 0.567998
15533 0.567998
15534 0.567998
15535 0.567998
15536 0.567998
15537 0.567998
15538 0.567998
15539 0.567998
15540 0.567998
15541 0.567998
15542 0.567998
15543 0.567998
15544 0.567998
15545 0.567998
15546 0.567998
15547 0.567998
15548 0.567998
15549 0.567998
15550 0.567998
15551 0.567998
15552 0.567998
15553 0.567998
15554 0.567998
15555 0.567998
15556 0.567998
15557 0.565050
15558 0.565050
15559 0.565050
15560 0.565050
15561 0.565050
15562 0.565050
15563 0.565050
15564 0.565050
15565 0.565050
15566 0.565050
15567 0.565050
15568 0.565050
15569 0.565050
15570 0.565050
15571 0.565050
15572 0.565050
15573 0.565050
15574 0.565050
15575 0.565050
15576 0.565050
15577 0.565050
15578 0.565050
15579 0.565050
15580 0.565050
15581 0.565050
15582 0.565050
15583 0.565050
15584 0.565050
15585 0.565050
15586 0.565050
15587 0.565050
15588 0.565050
15589 0.565050
15590 0.565050
15591 0.565050
15592 0.565050
15593 0.565050
15594 0.565050
15595 0.565050
15596 0.565050
15597 0.565050
15598 0.565050
15599 0.565050
15600 0.565050
15601 0.565050
15602 0.565050
15603 0.565050
15604 0.565050
15605 0.565050
15606 0.565050
15607 0.565050
15608 0.565050
15609 0.565050
15610 0.565050
15611 0.565050
15612 0.565050
15613 0.565050
15614 0.565050
15615 0.565050
15616 0.565050
15617 0.565050
15618 0.565050
15619 0.565050
15620 0.565050
15621 0.565050
15622 0.565050
15623 0.565050
15624 0.565050
15625 0.565050
15626 0.565050
15627 0.565050
15628 0.565050
15629 0.565050
15630 0.565050
15631 0.565050
15632 0.565050
15633 0.565050
15634 0.565050
15635 0.565050
15636 0.565050
15637 0.565050
15638 0.565050
15639 0.565050
15640 0.565050
15641 0.565050
15642 0.565050
15643 0.565050
15644 0.565050
15645 0.565050
15646 0.565050
15647 0.565050
15648 0.565050
15649 0.565050
15650 0.565050
15651 0.565050
15652 0.565050
15653 0.565050
15654 0.565050
15655 0.565050
15656 0.565050
15657 0.565050
15658 0.565050
15659 0.565050
15660 0.565050
15661 0.565050
15662 0.565050
15663 0.565050
15664 0.565050
15665 0.565050
15666 0.565050
15667 0.565050
15668 0.565050
15669 0.565050
15670 0.565050
15671 0.565050
15672 0.565050
15673 0.565050
15674 0.565050
15675 0.565050
15676 0.565050
15677 0.565050
15678 0.565050
15679 0.565050
15680 0.565050
15681 0.565050
15682 0.565050
15683 0.565050
15684 0.565050
15685 0.565050
15686 0.565050
15687 0.565050
15688 0.565050
15689 0.565050
15690 0.565050
15691 0.565050
15692 0.565050
15693 0.565050
15694 0.565050
15695 0.565050
15696 0.565050
15697 0.565050
15698 0.565050
15699 0.565050
15700 0.565050
15701 0.565050
15702 0.565050
15703 0.565050
15704 0.565050
15705 0.565050
15706 0.565050
15707 0.565050
15708 0.565050
15709 0.565050
15710 0.565050
15711 0.565050
15712 0.565050
15713 0.565050
15714 0.565050
15715 0.565050
15716 0.565050
15717 0.565050
15718 0.565050
15719 0.565050
15720 0.565050
15721 0.565050
15722 0.565050
15723 0.565050
15724 0.565050
15725 0.564274
15726 0.564274
15727 0.564274
15728 0.564274
15729 0.564274
15730 0.564274
15731 0.564274
15732 0.564274
15733 0.564274
15734 0.564274
15735 0.564274
15736 0.564274
15737 0.564274
15738 0.564274
15739 0.564274
15740 0.564274
15741 0.564274
15742 0.564274
15743 0.564274
15744 0.564274
15745 0.564274
15746 0.564274
15747 0.564274
15748 0.564274
15749 0.564274
15750 0.564274
15751 0.564274
15752 0.564274
15753 0.564274
15754 0.564274
15755 0.564274
15756 0.564274
15757 0.564274
15758 0.564274
15759 0.564274
15760 0.564274
15761 0.564274
15762 0.564274
15763 0.564274
15764 0.564274
15765 0.564274
15766 0.564274
15767 0.564274
15768 0.564274
15769 0.564274
15770 0.564274
15771 0.564274
15772 0.564274
15773 0.564274
15774 0.564274
15775 0.564274
15776 0.564274
15777 0.564274
15778 0.564274
15779 0.564274
15780 0.564274
15781 0.564274
15782 0.564274
15783 0.564274
15784 0.564274
15785 0.564274
15786 0.564274
15787 0.564274
15788 0.564274
15789 0.564274
15790 0.564274
15791 0.564274
15792 0.564274
15793 0.564274
15794 0.564274
15795 0.564274
15796 0.564274
15797 0.564274
15798 0.564274
15799 0.564274
15800 0.564274
15801 0.564274
15802 0.564274
15803 0.564274
15804 0.564274
15805 0.564274
15806 0.564274
15807 0.564274
15808 0.564274
15809 0.564274
15810 0.564274
15811 0.564274
15812 0.564274
15813 0.564274
15814 0.564274
15815 0.564274
15816 0.564274
15817 0.564274
15818 0.564274
15819 0.564274
15820 0.564274
15821 0.564274
15822 0.564274
15823 0.564274
15824 0.564274
15825 0.564274
15826 0.564274
15827 0.564274
15828 0.564274
15829 0.564274
15830 0.564274
15831 0.564274
15832 0.564274
15833 0.564274
15834 0.564274
15835 0.564274
15836 0.564274
15837 0.564274
15838 0.564274
15839 0.564274
15840 0.564274
15841 0.564274
15842 0.564274
15843 0.564274
15844 0.564274
15845 0.564274
15846 0.564274
15847 0.564274
15848 0.564274
15849 0.564274
15850 0.564274
15851 0.564274
15852 0.564274
15853 0.564274
15854 0.564274
15855 0.564274
15856 0.564274
15857 0.564274
15858 0.564274
15859 0.564274
15860 0.564274
15861 0.564274
15862 0.564274
15863 0.564274
15864 0.564274
15865 0.564274
15866 0.564274
15867 0.564274
15868 0.564274
15869 0.564274
15870 0.564274
15871 0.564274
15872 0.564274
15873 0.564274
15874 0.564274
15875 0.564274
15876 0.564274
15877 0.564274
15878 0.564274
15879 0.564274
15880 0.564274
15881 0.564274
15882 0.564274
15883 0.564274
15884 0.564274
15885 0.564274
15886 0.564274
15887 0.564274
15888 0.564274
15889 0.564274
15890 0.564274
15891 0.564274
15892 0.564274
15893 0.564274
15894 0.564274
15895 0.564274
15896 0.564274
15897 0.564274
15898 0.564274
15899 0.564274
15900 0.564274
15901 0.564274
15902 0.564274
15903 0.564274
15904 0.564274
15905 0.564274
15906 0.564274
15907 0.564274
15908 0.564274
15909 0.564274
15910 0.564274
15911 0.564274
15912 0.564274
15913 0.564274
15914 0.564274
15915 0.564274
15916 0.564274
15917 0.564274
15918 0.564274
15919 0.564274
15920 0.564274
15921 0.564274
15922 0.564274
15923 0.564274
15924 0.564274
15925 0.564274
15926 0.564274
15927 0.564274
15928 0.564274
15929 0.564274
15930 0.564274
15931 0.564274
15932 0.564274
15933 0.564274
15934 0.564274
15935 0.564274
15936 0.564274
15937 0.564274
15938 0.564274
15939 0.564274
15940 0.564274
15941 0.564274
15942 0.564274
15943 0.564274
15944 0.564274
15945 0.564274
15946 0.564274
15947 0.564274
15948 0.564274
15949 0.564274
15950 0.564274
15951 0.564274
15952 0.564274
15953 0.564274
15954 0.564274
15955 0.564274
15956 0.564274
15957 0.564274
15958 0.564274
15959 0.564274
15960 0.564274
15961 0.564274
15962 0.564274
15963 0.564274
15964 0.564274
15965 0.564274
15966 0.564274
15967 0.564274
15968 0.564274
15969 0.564274
15970 0.564274
15971 0.564274
15972 0.564274
15973 0.564274
15974 0.564274
15975 0.564274
15976 0.564274
15977 0.564274
15978 0.564274
15979 0.564274
15980 0.564274
15981 0.564274
15982 0.564274
15983 0.564274
15984 0.564274
15985 0.564274
15986 0.564274
15987 0.564274
15988 0.564274
15989 0.564274
15990 0.564274
15991 0.564274
15992 0.564274
15993 0.564274
15994 0.564274
15995 0.564274
15996 0.564274
15997 0.564274
15998 0.564274
15999 0.564274
16000 0.564274
16001 0.564274
16002 0.564274
16003 0.564274
16004 0.564274
16005 0.564274
16006 0.564274
16007 0.564274
16008 0.564274
16009 0.564274
16010 0.564274
16011 0.564274
16012 0.564274
16013 0.564274
16014 0.564274
16015 0.564274
16016 0.564274
16017 0.564274
16018 0.564274
16019 0.564274
16020 0.564274
16021 0.564274
16022 0.564274
16023 0.564274
16024 0.564274
16025 0.564274
16026 0.564274
16027 0.564274
16028 0.564274
16029 0.564274
16030 0.564274
16031 0.564274
16032 0.564274
16033 0.564274
16034 0.564274
16035 0.564274
16036 0.564274
16037 0.564274
16038 0.564274
16039 0.564274
16040 0.564274
16041 0.564274
16042 0.564274
16043 0.564274
16044 0.564274
16045 0.564274
16046 0.564274
16047 0.564274
16048 0.564274
16049 0.564274
16050 0.564274
16051 0.564274
16052 0.564274
16053 0.564274
16054 0.564274
16055 0.564274
16056 0.564274
16057 0.564274
16058 0.564274
16059 0.564274
16060 0.564274
16061 0.564274
16062 0.564274
16063 0.564274
16064 0.564274
16065 0.564274
16066 0.564274
16067 0.564274
16068 0.564274
16069 0.564274
16070 0.564274
16071 0.564274
16072 0.564274
16073 0.564274
16074 0.564274
16075 0.564274
16076 0.564274
16077 0.564274
16078 0.564274
16079 0.564274
16080 0.564274
16081 0.564274
16082 0.564274
16083 0.564274
16084 0.564274
16085 0.564274
16086 0.564274
16087 0.564274
16088 0.564274
16089 0.564274
16090 0.564274
16091 0.564274
16092 0.564274
16093 0.564274
16094 0.564274
16095 0.564274
16096 0.564274
16097 0.564274
16098 0.564274
16099 0.564274
16100 0.564274
16101 0.564274
16102 0.564274
16103 0.564274
16104 0.564274
16105 0.564274
16106 0.564274
16107 0.564274
16108 0.564274
16109 0.564274
16110 0.564274
16111 0.564274
16112 0.564274
16113 0.564274
16114 0.564274
16115 0.564274
16116 0.564274
16117 0.564274
16118 0.564274
16119 0.564274
16120 0.564274
16121 0.564274
16122 0.564274
16123 0.564274
16124 0.564274
16125 0.564274
16126 0.564274
16127 0.564274
16128 0.564274
16129 0.564274
16130 0.564274
16131 0.564274
16132 0.564274
16133 0.564274
16134 0.564274
16135 0.564274
16136 0.564274
16137 0.564274
16138 0.564274
16139 0.564274
16140 0.564274
16141 0.564274
16142 0.564274
16143 0.564274
16144 0.564274
16145 0.564274
16146 0.564274
16147 0.564274
16148 0.564274
16149 0.564274
16150 0.564274
16151 0.564274
16152 0.564274
16153 0.564274
16154 0.564274
16155 0.564274
16156 0.564274
16157 0.564274
16158 0.564274
16159 0.564274
16160 0.564274
16161 0.564274
16162 0.564274
16163 0.564274
16164 0.564274
16165 0.564274
16166 0.564274
16167 0.564274
16168 0.564274
16169 0.564274
16170 0.564274
16171 0.564274
16172 0.564274
16173 0.564274
16174 0.564274
16175 0.564274
16176 0.564274
16177 0.564274
16178 0.564274
16179 0.564274
16180 0.564274
16181 0.564274
16182 0.564274
16183 0.564274
16184 0.564274
16185 0.564274
16186 0.564274
16187 0.564274
16188 0.564274
16189 0.564274
16190 0.564274
16191 0.564274
16192 0.564274
16193 0.564274
16194 0.564274
16195 0.564274
16196 0.564274
16197 0.564274
16198 0.564274
16199 0.564274
16200 0.564274
16201 0.564274
16202 0.564274
16203 0.564274
16204 0.564274
16205 0.564274
16206 0.564274
16207 0.564274
16208 0.564274
16209 0.564274
16210 0.564274
16211 0.564274
16212 0.564274
16213 0.564274
16214 0.564274
16215 0.564274
16216 0.564274
16217 0.564274
16218 0.564274
16219 0.564274
16220 0.564274
16221 0.564274
16222 0.564274
16223 0.564274
16224 0.564274
16225 0.564274
16226 0.564274
16227 0.564274
16228 0.564274
16229 0.564274
16230 0.564274
16231 0.564274
16232 0.564274
16233 0.564274
16234 0.564274
16235 0.564274
16236 0.564274
16237 0.564274
16238 0.564274
16239 0.564274
16240 0.564274
16241 0.564274
16242 0.564274
16243 0.564274
16244 0.564274
16245 0.564274
16246 0.564274
16247 0.564274
16248 0.564274
16249 0.564274
16250 0.564274
16251 0.564274
16252 0.564274
16253 0.564274
16254 0.564274
16255 0.564274
16256 0.564274
16257 0.564274
16258 0.564274
16259 0.564274
16260 0.564274
16261 0.564274
16262 0.564274
16263 0.564274
16264 0.564274
16265 0.564274
16266 0.564274
16267 0.564274
16268 0.564274
16269 0.564274
16270 0.564274
16271 0.564274
16272 0.564274
16273 0.564274
16274 0.564274
16275 0.564274
16276 0.564274
16277 0.564274
16278 0.564274
16279 0.564274
16280 0.564274
16281 0.564274
16282 0.564274
16283 0.564274
16284 0.564274
16285 0.564274
16286 0.564274
16287 0.564274
16288 0.564274
16289 0.564274
16290 0.564274
16291 0.564274
16292 0.564274
16293 0.564274
16294 0.564274
16295 0.564274
16296 0.564274
16297 0.564274
16298 0.564274
16299 0.564274
16300 0.564274
16301 0.564274
16302 0.564274
16303 0.564274
16304 0.564274
16305 0.564274
16306 0.564274
16307 0.564274
16308 0.564274
16309 0.564274
16310 0.564274
16311 0.564274
16312 0.564274
16313 0.564274
16314 0.564274
16315 0.564274
16316 0.564274
16317 0.564274
16318 0.564274
16319 0.564274
16320 0.564274
16321 0.564274
16322 0.564274
16323 0.564274
16324 0.564274
16325 0.564274
16326 0.564274
16327 0.564274
16328 0.564274
16329 0.564274
16330 0.564274
16331 0.564274
16332 0.564274
16333 0.564274
16334 0.564274
16335 0.564274
16336 0.564274
16337 0.564274
16338 0.564274
16339 0.564274
16340 0.564274
16341 0.564274
16342 0.564274
16343 0.564274
16344 0.564274
16345 0.564274
16346 0.564274
16347 0.564274
16348 0.564274
16349 0.564274
16350 0.564274
16351 0.564274
16352 0.564274
16353 0.564274
16354 0.564274
16355 0.564274
16356 0.564274
16357 0.564274
16358 0.564274
16359 0.564274
16360 0.564274
16361 0.564274
16362 0.564274
16363 0.564274
16364 0.564274
16365 0.564274
16366 0.564274
16367 0.564274
16368 0.564274
16369 0.564274
16370 0.564274
16371 0.564274
16372 0.564274
16373 0.564274
16374 0.564274
16375 0.564274
16376 0.564274
16377 0.564274
16378 0.564274
16379 0.564274
16380 0.564274
16381 0.564274
16382 0.564274
16383 0.564274
16384 0.564274
16385 0.564274
16386 0.564274
16387 0.564274
16388 0.564274
16389 0.564274
16390 0.564274
16391 0.564274
16392 0.564274
16393 0.564274
16394 0.564274
16395 0.564274
16396 0.564274
16397 0.564274
16398 0.564274
16399 0.564274
16400 0.564274
16401 0.564274
16402 0.564274
16403 0.564274
16404 0.564274
16405 0.564274
16406 0.564274
16407 0.564274
16408 0.564274
16409 0.564274
16410 0.564274
16411 0.564274
16412 0.564274
16413 0.564274
16414 0.564274
16415 0.564274
16416 0.564274
16417 0.564274
16418 0.564274
16419 0.564274
16420 0.564274
16421 0.564274
16422 0.564274
16423 0.564274
16424 0.564274
16425 0.564274
16426 0.564274
16427 0.564274
16428 0.564274
16429 0.564274
16430 0.564274
16431 0.564274
16432 0.564274
16433 0.564274
16434 0.564274
16435 0.564274
16436 0.564274
16437 0.564274
16438 0.564274
16439 0.564274
16440 0.564274
16441 0.564274
16442 0.564274
16443 0.564274
16444 0.564274
16445 0.564274
16446 0.564274
16447 0.564274
16448 0.564274
16449 0.564274
16450 0.564274
16451 0.564274
16452 0.564274
16453 0.564274
16454 0.564274
16455 0.564274
16456 0.564274
16457 0.564274
16458 0.564274
16459 0.564274
16460 0.564274
16461 0.564274
16462 0.564274
16463 0.564274
16464 0.564274
16465 0.564274
16466 0.564274
16467 0.564274
16468 0.564274
16469 0.564274
16470 0.564274
16471 0.564274
16472 0.564274
16473 0.564274
16474 0.564274
16475 0.564274
16476 0.564274
16477 0.564274
16478 0.564274
16479 0.564274
16480 0.564274
16481 0.564274
16482 0.564274
16483 0.564274
16484 0.564274
16485 0.564274
16486 0.564274
16487 0.564274
16488 0.564274
16489 0.564274
16490 0.564274
16491 0.564274
16492 0.564274
16493 0.564274
16494 0.564274
16495 0.564274
16496 0.564274
16497 0.564274
16498 0.564274
16499 0.564274
16500 0.564274
16501 0.564274
16502 0.564274
16503 0.564274
16504 0.564274
16505 0.564274
16506 0.564274
16507 0.564274
16508 0.564274
16509 0.564274
16510 0.564274
16511 0.564274
16512 0.564274
16513 0.564274
16514 0.564274
16515 0.564274
16516 0.564274
16517 0.564274
16518 0.564274
16519 0.564274
16520 0.564274
16521 0.564274
16522 0.564274
16523 0.564274
16524 0.564274
16525 0.564274
16526 0.564274
16527 0.564274
16528 0.564274
16529 0.564274
16530 0.564274
16531 0.564274
16532 0.564274
16533 0.564274
16534 0.564274
16535 0.564274
16536 0.564274
16537 0.564274
16538 0.564274
16539 0.564274
16540 0.564274
16541 0.564274
16542 0.564274
16543 0.564274
16544 0.564274
16545 0.564274
16546 0.564274
16547 0.564274
16548 0.564274
16549 0.564274
16550 0.564274
16551 0.564274
16552 0.564274
16553 0.564274
16554 0.564274
16555 0.564274
16556 0.564274
16557 0.564274
16558 0.564274
16559 0.564274
16560 0.564274
16561 0.564274
16562 0.564274
16563 0.564274
16564 0.564274
16565 0.564274
16566 0.564274
16567 0.564274
16568 0.564274
16569 0.564274
16570 0.564274
16571 0.564274
16572 0.564274
16573 0.564274
16574 0.564274
16575 0.564274
16576 0.564274
16577 0.564274
16578 0.564274
16579 0.564274
16580 0.564274
16581 0.564274
16582 0.564274
16583 0.564274
16584 0.564274
16585 0.564274
16586 0.564274
16587 0.564274
16588 0.564274
16589 0.564274
16590 0.564274
16591 0.564274
16592 0.564274
16593 0.564274
16594 0.564274
16595 0.564274
16596 0.564274
16597 0.564274
16598 0.564274
16599 0.564274
16600 0.564274
16601 0.564274
16602 0.564274
16603 0.564274
16604 0.564274
16605 0.564274
16606 0.564274
16607 0.564274
16608 0.564274
16609 0.564274
16610 0.564274
16611 0.564274
16612 0.564274
16613 0.564274
16614 0.564274
16615 0.564274
16616 0.564274
16617 0.564274
16618 0.564274
16619 0.564274
16620 0.564274
16621 0.564274
16622 0.564274
16623 0.564274
16624 0.564274
16625 0.564274
16626 0.564274
16627 0.564274
16628 0.564274
16629 0.564274
16630 0.564274
16631 0.564274
16632 0.564274
16633 0.564274
16634 0.564274
16635 0.564274
16636 0.564274
16637 0.564274
16638 0.564274
16639 0.564274
16640 0.564274
16641 0.564274
16642 0.564274
16643 0.564274
16644 0.564274
16645 0.564274
16646 0.564274
16647 0.564274
16648 0.564274
16649 0.564274
16650 0.564274
16651 0.564274
16652 0.564274
16653 0.564274
16654 0.564274
16655 0.564274
16656 0.564274
16657 0.564274
16658 0.564274
16659 0.564274
16660 0.564274
16661 0.564274
16662 0.564274
16663 0.564274
16664 0.564274
16665 0.564274
16666 0.564274
16667 0.564274
16668 0.564274
16669 0.564274
16670 0.564274
16671 0.564274
16672 0.564274
16673 0.564274
16674 0.564274
16675 0.564274
16676 0.564274
16677 0.564274
16678 0.564274
16679 0.564274
16680 0.564274
16681 0.564274
16682 0.564274
16683 0.564274
16684 0.564274
16685 0.564274
16686 0.564274
16687 0.564274
16688 0.564274
16689 0.564274
16690 0.564274
16691 0.564274
16692 0.564274
16693 0.564274
16694 0.564274
16695 0.564274
16696 0.564274
16697 0.564274
16698 0.564274
16699 0.564274
16700 0.564274
16701 0.564274
16702 0.564274
16703 0.564274
16704 0.564274
16705 0.564274
16706 0.564274
16707 0.564274
16708 0.564274
16709 0.564274
16710 0.564274
16711 0.564274
16712 0.564274
16713 0.564274
16714 0.564274
16715 0.564274
16716 0.564274
16717 0.564274
16718 0.564274
16719 0.564274
16720 0.564274
16721 0.564274
16722 0.564274
16723 0.564274
16724 0.564274
16725 0.564274
16726 0.564274
16727 0.564274
16728 0.564274
16729 0.564274
16730 0.564274
16731 0.564274
16732 0.564274
16733 0.564274
16734 0.564274
16735 0.564274
16736 0.564274
16737 0.564274
16738 0.564274
16739 0.564274
16740 0.564274
16741 0.564274
16742 0.564274
16743 0.564274
16744 0.564274
16745 0.564274
16746 0.564274
16747 0.564274
16748 0.564274
16749 0.564274
16750 0.564274
16751 0.564274
16752 0.564274
16753 0.564274
16754 0.564274
16755 0.564274
16756 0.564274
16757 0.564274
16758 0.564274
16759 0.564274
16760 0.564274
16761 0.564274
16762 0.564274
16763 0.564274
16764 0.564274
16765 0.564274
16766 0.564274
16767 0.564274
16768 0.564274
16769 0.564274
16770 0.564274
16771 0.564274
16772 0.564274
16773 0.564274
16774 0.564274
16775 0.564274
16776 0.564274
16777 0.564274
16778 0.564274
16779 0.564274
16780 0.564274
16781 0.564274
16782 0.564274
16783 0.564274
16784 0.564274
16785 0.564274
16786 0.564274
16787 0.564274
16788 0.564274
16789 0.564274
16790 0.564274
16791 0.564274
16792 0.564274
16793 0.564274
16794 0.564274
16795 0.564274
16796 0.564274
16797 0.564274
16798 0.564274
16799 0.564274
16800 0.564274
16801 0.564274
16802 0.564274
16803 0.564274
16804 0.564274
16805 0.564274
16806 0.564274
16807 0.564274
16808 0.564274
16809 0.564274
16810 0.564274
16811 0.564274
16812 0.564274
16813 0.564274
16814 0.564274
16815 0.564274
16816 0.564274
16817 0.564274
16818 0.564274
16819 0.564274
16820 0.564274
16821 0.564274
16822 0.564274
16823 0.564274
16824 0.564274
16825 0.564274
16826 0.564274
16827 0.564274
16828 0.564274
16829 0.564274
16830 0.564274
16831 0.564274
16832 0.564274
16833 0.564274
16834 0.564274
16835 0.564274
16836 0.564274
16837 0.564274
16838 0.564274
16839 0.564274
16840 0.564274
16841 0.564274
16842 0.564274
16843 0.564274
16844 0.564274
16845 0.564274
16846 0.564274
16847 0.564274
16848 0.564274
16849 0.564274
16850 0.564274
16851 0.564274
16852 0.564274
16853 0.564274
16854 0.564274
16855 0.564274
16856 0.564274
16857 0.564274
16858 0.564274
16859 0.564274
16860 0.564274
16861 0.564274
16862 0.564274
16863 0.564274
16864 0.564274
16865 0.564274
16866 0.564274
16867 0.564274
16868 0.564274
16869 0.564274
16870 0.564274
16871 0.564274
16872 0.564274
16873 0.564274
16874 0.564274
16875 0.564274
16876 0.564274
16877 0.564274
16878 0.564274
16879 0.564274
16880 0.564274
16881 0.564274
16882 0.564274
16883 0.564274
16884 0.564274
16885 0.564274
16886 0.564274
16887 0.564274
16888 0.564274
16889 0.564274
16890 0.564274
16891 0.564274
16892 0.564274
16893 0.564274
16894 0.564274
16895 0.564274
16896 0.564274
16897 0.564274
16898 0.564274
16899 0.564274
16900 0.564274
16901 0.564274
16902 0.564274
16903 0.564274
16904 0.564274
16905 0.564274
16906 0.564274
16907 0.564274
16908 0.564274
16909 0.564274
16910 0.564274
16911 0.564274
16912 0.564274
16913 0.564274
16914 0.564274
16915 0.564274
16916 0.564274
16917 0.564274
16918 0.564274
16919 0.564274
16920 0.564274
16921 0.564274
16922 0.564274
16923 0.564274
16924 0.564274
16925 0.564274
16926 0.564274
16927 0.564274
16928 0.564274
16929 0.564274
16930 0.564274
16931 0.564274
16932 0.564274
16933 0.564274
16934 0.564274
16935 0.564274
16936 0.564274
16937 0.564274
16938 0.564274
16939 0.564274
16940 0.564274
16941 0.564274
16942 0.564274
16943 0.564274
16944 0.564274
16945 0.564274
16946 0.564274
16947 0.564274
16948 0.564274
16949 0.564274
16950 0.564274
16951 0.564274
16952 0.564274
16953 0.564274
16954 0.564274
16955 0.564274
16956 0.564274
16957 0.564274
16958 0.564274
16959 0.564274
16960 0.564274
16961 0.564274
16962 0.564274
16963 0.564274
16964 0.558607
16965 0.558607
16966 0.558607
16967 0.558607
16968 0.558607
16969 0.558607
16970 0.558607
16971 0.558607
16972 0.558607
16973 0.558607
16974 0.558607
16975 0.558607
16976 0.558607
16977 0.558607
16978 0.558607
16979 0.558607
16980 0.558607
16981 0.558607
16982 0.558607
16983 0.558607
16984 0.558607
16985 0.558607
16986 0.558607
16987 0.558607
16988 0.558607
16989 0.558607
16990 0.558607
16991 0.558607
16992 0.558607
16993 0.558607
16994 0.558607
16995 0.558607
16996 0.558607
16997 0.558607
16998 0.558607
16999 0.558607
17000 0.558607
17001 0.558607
17002 0.558607
17003 0.558607
17004 0.558607
17005 0.558607
17006 0.558607
17007 0.558607
17008 0.558607
17009 0.558607
17010 0.558607
17011 0.558607
17012 0.558607
17013 0.558607
17014 0.558607
17015 0.558607
17016 0.558607
17017 0.558607
17018 0.558607
17019 0.558607
17020 0.558607
17021 0.558607
17022 0.558607
17023 0.558607
17024 0.558607
17025 0.558607
17026 0.558607
17027 0.558607
17028 0.558607
17029 0.558607
17030 0.558607
17031 0.558607
17032 0.558607
17033 0.558607
17034 0.558607
17035 0.558607
17036 0.558607
17037 0.558607
17038 0.558607
17039 0.558607
17040 0.558607
17041 0.558607
17042 0.558607
17043 0.558607
17044 0.558607
17045 0.558607
17046 0.558607
17047 0.558607
17048 0.558607
17049 0.558607
17050 0.558607
17051 0.558607
17052 0.558607
17053 0.558607
17054 0.558607
17055 0.558607
17056 0.558607
17057 0.558607
17058 0.558607
17059 0.558607
17060 0.558607
17061 0.558607
17062 0.558607
17063 0.558607
17064 0.558607
17065 0.558607
17066 0.558607
17067 0.558607
17068 0.558607
17069 0.558607
17070 0.558607
17071 0.558607
17072 0.558607
17073 0.558607
17074 0.558607
17075 0.558607
17076 0.558607
17077 0.558607
17078 0.558607
17079 0.558607
17080 0.558607
17081 0.558607
17082 0.558607
17083 0.558607
17084 0.558607
17085 0.558607
17086 0.558607
17087 0.558607
17088 0.558607
17089 0.558607
17090 0.558607
17091 0.558607
17092 0.558607
17093 0.558607
17094 0.558607
17095 0.558607
17096 0.558607
17097 0.558607
17098 0.558607
17099 0.558607
17100 0.558607
17101 0.558607
17102 0.558607
17103 0.558607
17104 0.558607
17105 0.558607
17106 0.558607
17107 0.558607
17108 0.558607
17109 0.558607
17110 0.558607
17111 0.558607
17112 0.558607
17113 0.558607
17114 0.558607
17115 0.558607
17116 0.558607
17117 0.558607
17118 0.558607
17119 0.558607
17120 0.558607
17121 0.558607
17122 0.558607
17123 0.558607
17124 0.558607
17125 0.558607
17126 0.558607
17127 0.558607
17128 0.558607
17129 0.558607
17130 0.558607
17131 0.558607
17132 0.558607
17133 0.558607
17134 0.558607
17135 0.558607
17136 0.558607
17137 0.558607
17138 0.558607
17139 0.558607
17140 0.558607
17141 0.558607
17142 0.558607
17143 0.558607
17144 0.558607
17145 0.558607
17146 0.558607
17147 0.558607
17148 0.558607
17149 0.558607
17150 0.558607
17151 0.558607
17152 0.558607
17153 0.558607
17154 0.558607
17155 0.558607
17156 0.558607
17157 0.558607
17158 0.558607
17159 0.558607
17160 0.558607
17161 0.558607
17162 0.558607
17163 0.558607
17164 0.558607
17165 0.558607
17166 0.558607
17167 0.558607
17168 0.558607
17169 0.558607
17170 0.558607
17171 0.558607
17172 0.558607
17173 0.558607
17174 0.558607
17175 0.558607
17176 0.558607
17177 0.558607
17178 0.558607
17179 0.558607
17180 0.558607
17181 0.558607
17182 0.558607
17183 0.558607
17184 0.558607
17185 0.558607
17186 0.558607
17187 0.558607
17188 0.558607
17189 0.558607
17190 0.558607
17191 0.558607
17192 0.558607
17193 0.558607
17194 0.558607
17195 0.558607
17196 0.558607
17197 0.558607
17198 0.558607
17199 0.558607
17200 0.558607
17201 0.558607
17202 0.558607
17203 0.558607
17204 0.558607
17205 0.558607
17206 0.558607
17207 0.558607
17208 0.558607
17209 0.558607
17210 0.558607
17211 0.558607
17212 0.558607
17213 0.558607
17214 0.558607
17215 0.558607
17216 0.558607
17217 0.558607
17218 0.558607
17219 0.558607
17220 0.558607
17221 0.558607
17222 0.558607
17223 0.558607
17224 0.558607
17225 0.558607
17226 0.558607
17227 0.558607
17228 0.558607
17229 0.558607
17230 0.558607
17231 0.558607
17232 0.558607
17233 0.558607
17234 0.558607
17235 0.558607
17236 0.558607
17237 0.558607
17238 0.558607
17239 0.558607
17240 0.558607
17241 0.558607
17242 0.558607
17243 0.558607
17244 0.558607
17245 0.558607
17246 0.558607
17247 0.558607
17248 0.558607
17249 0.558607
17250 0.558607
17251 0.558607
17252 0.558607
17253 0.558607
17254 0.558607
17255 0.558607
17256 0.558607
17257 0.558607
17258 0.558607
17259 0.558607
17260 0.558607
17261 0.558607
17262 0.558607
17263 0.558607
17264 0.558607
17265 0.558607
17266 0.558607
17267 0.558607
17268 0.558607
17269 0.558607
17270 0.558607
17271 0.558607
17272 0.558607
17273 0.558607
17274 0.558607
17275 0.558607
17276 0.558607
17277 0.558607
17278 0.558607
17279 0.558607
17280 0.558607
17281 0.558607
17282 0.558607
17283 0.558607
17284 0.558607
17285 0.558607
17286 0.558607
17287 0.558607
17288 0.558607
17289 0.558607
17290 0.558607
17291 0.558607
17292 0.558607
17293 0.558607
17294 0.558607
17295 0.558607
17296 0.558607
17297 0.558607
17298 0.558607
17299 0.558607
17300 0.558607
17301 0.558607
17302 0.558607
17303 0.558607
17304 0.558607
17305 0.558607
17306 0.558607
17307 0.558607
17308 0.558607
17309 0.558607
17310 0.558607
17311 0.558607
17312 0.558607
17313 0.558607
17314 0.558607
17315 0.558607
17316 0.558607
17317 0.558607
17318 0.558607
17319 0.558607
17320 0.558607
17321 0.558607
17322 0.558607
17323 0.558607
17324 0.558607
17325 0.558607
17326 0.558607
17327 0.558607
17328 0.558607
17329 0.558607
17330 0.558607
17331 0.558607
17332 0.558607
17333 0.558607
17334 0.558607
17335 0.558607
17336 0.558607
17337 0.558607
17338 0.558607
17339 0.558607
17340 0.558607
17341 0.558607
17342 0.558607
17343 0.558607
17344 0.558607
17345 0.558607
17346 0.558607
17347 0.558607
17348 0.558607
17349 0.558607
17350 0.558607
17351 0.558607
17352 0.558607
17353 0.558607
17354 0.558607
17355 0.558607
17356 0.558607
17357 0.558607
17358 0.558607
17359 0.558607
17360 0.558607
17361 0.558607
17362 0.558607
17363 0.558607
17364 0.558607
17365 0.558607
17366 0.558607
17367 0.558607
17368 0.558607
17369 0.558607
17370 0.558607
17371 0.558607
17372 0.558607
17373 0.558607
17374 0.558607
17375 0.558607
17376 0.558607
17377 0.558607
17378 0.558607
17379 0.558607
17380 0.558607
17381 0.558607
17382 0.558607
17383 0.558607
17384 0.558607
17385 0.558607
17386 0.558607
17387 0.558607
17388 0.558607
17389 0.558607
17390 0.558607
17391 0.558607
17392 0.558607
17393 0.558607
17394 0.558607
17395 0.558607
17396 0.558607
17397 0.558607
17398 0.558607
17399 0.558607
17400 0.558607
17401 0.558607
17402 0.558607
17403 0.558607
17404 0.558607
17405 0.558607
17406 0.558607
17407 0.558607
17408 0.558607
17409 0.558607
17410 0.558607
17411 0.558607
17412 0.558607
17413 0.558607
17414 0.558607
17415 0.558607
17416 0.558607
17417 0.558607
17418 0.558607
17419 0.558607
17420 0.558607
17421 0.558607
17422 0.558607
17423 0.558607
17424 0.558607
17425 0.558607
17426 0.558607
17427 0.558607
17428 0.558607
17429 0.558607
17430 0.558607
17431 0.558607
17432 0.558607
17433 0.558607
17434 0.558607
17435 0.558607
17436 0.558607
17437 0.558607
17438 0.558607
17439 0.558607
17440 0.558607
17441 0.558607
17442 0.558607
17443 0.558607
17444 0.558607
17445 0.558607
17446 0.558607
17447 0.558607
17448 0.558607
17449 0.558607
17450 0.558607
17451 0.558607
17452 0.558607
17453 0.558607
17454 0.558607
17455 0.558607
17456 0.558607
17457 0.558607
17458 0.558607
17459 0.558607
17460 0.558607
17461 0.558607
17462 0.558607
17463 0.558607
17464 0.558607
17465 0.558607
17466 0.558607
17467 0.558607
17468 0.558607
17469 0.558607
17470 0.558607
17471 0.558607
17472 0.558607
17473 0.558607
17474 0.558607
17475 0.558607
17476 0.558607
17477 0.558607
17478 0.558607
17479 0.558607
17480 0.558607
17481 0.558607
17482 0.558607
17483 0.558607
17484 0.558607
17485 0.558607
17486 0.558607
17487 0.558607
17488 0.558607
17489 0.558607
17490 0.558607
17491 0.558607
17492 0.558607
17493 0.558607
17494 0.558607
17495 0.558607
17496 0.558607
17497 0.558607
17498 0.558607
17499 0.558607
17500 0.558607
17501 0.558607
17502 0.558607
17503 0.558607
17504 0.558607
17505 0.558607
17506 0.558607
17507 0.558607
17508 0.558607
17509 0.558607
17510 0.558607
17511 0.558607
17512 0.558607
17513 0.558607
17514 0.558607
17515 0.558607
17516 0.558607
17517 0.558607
17518 0.558607
17519 0.558607
17520 0.558607
17521 0.558607
17522 0.558607
17523 0.558607
17524 0.558607
17525 0.558607
17526 0.558607
17527 0.558607
17528 0.558607
17529 0.558607
17530 0.558607
17531 0.558607
17532 0.558607
17533 0.558607
17534 0.558607
17535 0.558607
17536 0.558607
17537 0.558607
17538 0.558607
17539 0.558607
17540 0.558607
17541 0.558607
17542 0.558607
17543 0.558607
17544 0.558607
17545 0.558607
17546 0.558607
17547 0.558607
17548 0.558607
17549 0.558607
17550 0.558607
17551 0.558607
17552 0.558607
17553 0.558607
17554 0.558607
17555 0.558607
17556 0.558607
17557 0.558607
17558 0.558607
17559 0.558607
17560 0.558607
17561 0.558607
17562 0.558607
17563 0.558607
17564 0.558607
17565 0.558607
17566 0.558607
17567 0.558607
17568 0.558607
17569 0.558607
17570 0.558607
17571 0.558607
17572 0.558607
17573 0.558607
17574 0.558607
17575 0.558607
17576 0.558607
17577 0.558607
17578 0.558607
17579 0.558607
17580 0.558607
17581 0.558607
17582 0.558607
17583 0.558607
17584 0.558607
17585 0.558607
17586 0.558607
17587 0.558607
17588 0.558607
17589 0.558607
17590 0.558607
17591 0.558607
17592 0.558607
17593 0.558607
17594 0.558607
17595 0.558607
17596 0.558607
17597 0.558607
17598 0.558607
17599 0.558607
17600 0.558607
17601 0.558607
17602 0.558607
17603 0.558607
17604 0.558607
17605 0.558607
17606 0.558607
17607 0.558607
17608 0.558607
17609 0.558607
17610 0.558607
17611 0.558607
17612 0.558607
17613 0.558607
17614 0.558607
17615 0.558607
17616 0.558607
17617 0.558607
17618 0.558607
17619 0.558607
17620 0.558607
17621 0.558607
17622 0.558607
17623 0.558607
17624 0.558607
17625 0.558607
17626 0.558607
17627 0.558607
17628 0.558607
17629 0.558607
17630 0.558607
17631 0.558607
17632 0.558607
17633 0.558607
17634 0.558607
17635 0.558607
17636 0.558607
17637 0.558607
17638 0.558607
17639 0.558607
17640 0.558607
17641 0.558607
17642 0.558607
17643 0.558607
17644 0.558607
17645 0.558607
17646 0.558607
17647 0.558607
17648 0.558607
17649 0.558607
17650 0.558607
17651 0.558607
17652 0.558607
17653 0.558607
17654 0.558607
17655 0.558607
17656 0.558607
17657 0.558607
17658 0.558607
17659 0.558607
17660 0.558607
17661 0.558607
17662 0.558607
17663 0.558607
17664 0.558607
17665 0.558607
17666 0.558607
17667 0.558607
17668 0.558607
17669 0.558607
17670 0.558607
17671 0.558607
17672 0.558607
17673 0.558607
17674 0.558607
17675 0.558607
17676 0.558607
17677 0.558607
17678 0.558607
17679 0.558607
17680 0.558607
17681 0.558607
17682 0.558607
17683 0.558607
17684 0.555358
17685 0.555358
17686 0.555358
17687 0.555358
17688 0.555358
17689 0.555358
17690 0.555358
17691 0.555358
17692 0.555358
17693 0.555358
17694 0.555358
17695 0.555358
17696 0.555358
17697 0.555358
17698 0.555358
17699 0.555358
17700 0.555358
17701 0.555358
17702 0.555358
17703 0.555358
17704 0.555358
17705 0.555358
17706 0.555358
17707 0.555358
17708 0.555358
17709 0.555358
17710 0.555358
17711 0.555358
17712 0.555358
17713 0.555358
17714 0.555358
17715 0.555358
17716 0.555358
17717 0.555358
17718 0.555358
17719 0.555358
17720 0.555358
17721 0.555358
17722 0.555358
17723 0.555358
17724 0.555358
17725 0.555358
17726 0.555358
17727 0.555358
17728 0.555358
17729 0.555358
17730 0.555358
17731 0.555358
17732 0.555358
17733 0.555358
17734 0.555358
17735 0.555358
17736 0.555358
17737 0.555358
17738 0.555358
17739 0.555358
17740 0.555358
17741 0.555358
17742 0.555358
17743 0.555358
17744 0.555358
17745 0.555358
17746 0.555358
17747 0.555358
17748 0.555358
17749 0.555358
17750 0.555358
17751 0.555358
17752 0.555358
17753 0.555358
17754 0.555358
17755 0.555358
17756 0.555358
17757 0.555358
17758 0.555358
17759 0.555358
17760 0.555358
17761 0.555358
17762 0.555358
17763 0.555358
17764 0.555358
17765 0.555358
17766 0.555358
17767 0.555358
17768 0.555358
17769 0.555358
17770 0.555358
17771 0.555358
17772 0.555358
17773 0.555358
17774 0.555358
17775 0.555358
17776 0.555358
17777 0.555358
17778 0.555358
17779 0.555358
17780 0.555358
17781 0.555358
17782 0.555358
17783 0.555358
17784 0.555358
17785 0.555358
17786 0.555358
17787 0.555358
17788 0.555358
17789 0.555358
17790 0.555358
17791 0.555358
17792 0.555358
17793 0.555358
17794 0.555358
17795 0.555358
17796 0.555358
17797 0.555358
17798 0.555358
17799 0.555358
17800 0.555358
17801 0.555358
17802 0.555358
17803 0.555358
17804 0.555358
17805 0.555358
17806 0.555358
17807 0.555358
17808 0.555358
17809 0.555358
17810 0.555358
17811 0.555358
17812 0.555358
17813 0.555358
17814 0.555358
17815 0.555358
17816 0.555358
17817 0.555358
17818 0.555358
17819 0.555358
17820 0.555358
17821 0.555358
17822 0.555358
17823 0.555358
17824 0.555358
17825 0.555358
17826 0.555358
17827 0.555358
17828 0.555358
17829 0.555358
17830 0.555358
17831 0.555358
17832 0.555358
17833 0.555358
17834 0.555358
17835 0.555358
17836 0.555358
17837 0.555358
17838 0.555358
17839 0.555358
17840 0.555358
17841 0.555358
17842 0.555358
17843 0.555358
17844 0.555358
17845 0.555358
17846 0.555358
17847 0.555358
17848 0.555358
17849 0.555358
17850 0.555358
17851 0.555358
17852 0.555358
17853 0.555358
17854 0.555358
17855 0.555358
17856 0.555358
17857 0.555358
17858 0.555358
17859 0.555358
17860 0.555358
17861 0.555358
17862 0.555358
17863 0.555358
17864 0.555358
17865 0.555358
17866 0.555358
17867 0.555358
17868 0.555358
17869 0.555358
17870 0.555358
17871 0.555358
17872 0.555358
17873 0.555358
17874 0.555358
17875 0.555358
17876 0.555358
17877 0.555358
17878 0.555358
17879 0.555358
17880 0.555358
17881 0.555358
17882 0.555358
17883 0.555358
17884 0.555358
17885 0.555358
17886 0.555358
17887 0.555358
17888 0.555358
17889 0.555358
17890 0.555358
17891 0.555358
17892 0.555358
17893 0.555358
17894 0.555358
17895 0.555358
17896 0.555358
17897 0.555358
17898 0.555358
17899 0.555358
17900 0.555358
17901 0.555358
17902 0.555358
17903 0.555358
17904 0.555358
17905 0.555358
17906 0.555358
17907 0.555358
17908 0.555358
17909 0.555358
17910 0.555358
17911 0.555358
17912 0.555358
17913 0.555358
17914 0.555358
17915 0.555358
17916 0.555358
17917 0.555358
17918 0.555358
17919 0.555358
17920 0.555358
17921 0.555358
17922 0.555358
17923 0.555358
17924 0.555358
17925 0.555358
17926 0.555358
17927 0.555358
17928 0.555358
17929 0.555358
17930 0.555358
17931 0.555358
17932 0.555358
17933 0.555358
17934 0.555358
17935 0.555358
17936 0.555358
17937 0.555358
17938 0.555358
17939 0.555358
17940 0.555358
17941 0.555358
17942 0.555358
17943 0.555358
17944 0.555358
17945 0.555358
17946 0.555358
17947 0.555358
17948 0.555358
17949 0.555358
17950 0.555358
17951 0.555358
17952 0.555358
17953 0.555358
17954 0.555358
17955 0.555358
17956 0.555358
17957 0.555358
17958 0.555358
17959 0.555358
17960 0.555358
17961 0.555358
17962 0.555358
17963 0.555358
17964 0.555358
17965 0.555358
17966 0.555358
17967 0.555358
17968 0.555358
17969 0.555358
17970 0.555358
17971 0.555358
17972 0.555358
17973 0.555358
17974 0.555358
17975 0.555358
17976 0.555358
17977 0.555358
17978 0.555358
17979 0.555358
17980 0.555358
17981 0.555358
17982 0.555358
17983 0.555358
17984 0.555358
17985 0.555358
17986 0.555358
17987 0.555358
17988 0.555358
17989 0.555358
17990 0.555358
17991 0.555358
17992 0.555358
17993 0.555358
17994 0.555358
17995 0.555358
17996 0.555358
17997 0.555358
17998 0.555358
17999 0.555358
18000 0.555358
18001 0.555358
18002 0.555358
18003 0.555358
18004 0.555358
18005 0.555358
18006 0.555358
18007 0.555358
18008 0.555358
18009 0.555358
18010 0.555358
18011 0.555358
18012 0.555358
18013 0.555358
18014 0.555358
18015 0.555358
18016 0.555358
18017 0.555358
18018 0.555358
18019 0.555358
18020 0.555358
18021 0.555358
18022 0.555358
18023 0.555358
18024 0.555358
18025 0.555358
18026 0.555358
18027 0.555358
18028 0.555358
18029 0.555358
18030 0.555358
18031 0.555358
18032 0.555358
18033 0.555358
18034 0.555358
18035 0.555358
18036 0.555358
18037 0.555358
18038 0.555358
18039 0.555358
18040 0.555358
18041 0.555358
18042 0.555358
18043 0.555358
18044 0.555358
18045 0.555358
18046 0.555358
18047 0.555358
18048 0.555358
18049 0.555358
18050 0.555358
18051 0.555358
18052 0.555358
18053 0.555358
18054 0.555358
18055 0.555358
18056 0.555358
18057 0.555358
18058 0.555358
18059 0.555358
18060 0.555358
18061 0.555358
18062 0.555358
18063 0.555358
18064 0.555358
18065 0.555358
18066 0.555358
18067 0.555358
18068 0.555358
18069 0.555358
18070 0.555358
18071 0.555358
18072 0.555358
18073 0.555358
18074 0.555358
18075 0.555358
18076 0.555358
18077 0.555358
18078 0.555358
18079 0.555358
18080 0.555358
18081 0.555358
18082 0.555358
18083 0.555358
18084 0.555358
18085 0.555358
18086 0.555358
18087 0.555358
18088 0.555358
18089 0.555358
18090 0.555358
18091 0.555358
18092 0.555358
18093 0.555358
18094 0.555358
18095 0.555358
18096 0.555358
18097 0.555358
18098 0.555358
18099 0.555358
18100 0.555358
18101 0.555358
18102 0.555358
18103 0.555358
18104 0.555358
18105 0.555358
18106 0.555358
18107 0.555358
18108 0.555358
18109 0.555358
18110 0.555358
18111 0.555358
18112 0.555358
18113 0.555358
18114 0.555358
18115 0.555358
18116 0.555358
18117 0.555358
18118 0.555358
18119 0.555358
18120 0.555358
18121 0.555358
18122 0.555358
18123 0.555358
18124 0.555358
18125 0.555358
18126 0.555358
18127 0.555358
18128 0.555358
18129 0.555358
18130 0.555358
18131 0.555358
18132 0.555358
18133 0.555358
18134 0.555358
18135 0.555358
18136 0.555358
18137 0.555358
18138 0.555358
18139 0.555358
18140 0.555358
18141 0.555358
18142 0.555358
18143 0.555358
18144 0.555358
18145 0.555358
18146 0.555358
18147 0.555358
18148 0.555358
18149 0.555358
18150 0.555358
18151 0.555358
18152 0.555358
18153 0.555358
18154 0.555358
18155 0.555358
18156 0.555358
18157 0.555358
18158 0.555358
18159 0.555358
18160 0.555358
18161 0.555358
18162 0.555358
18163 0.555358
18164 0.555358
18165 0.555358
18166 0.555358
18167 0.555358
18168 0.555358
18169 0.555358
18170 0.555358
18171 0.555358
18172 0.555358
18173 0.555358
18174 0.555358
18175 0.555358
18176 0.555358
18177 0.555358
18178 0.555358
18179 0.555358
18180 0.555358
18181 0.555358
18182 0.555358
18183 0.555358
18184 0.555358
18185 0.555358
18186 0.555358
18187 0.555358
18188 0.555358
18189 0.555358
18190 0.555358
18191 0.555358
18192 0.555358
18193 0.555358
18194 0.555358
18195 0.555358
18196 0.555358
18197 0.555358
18198 0.555358
18199 0.555358
18200 0.555358
18201 0.555358
18202 0.555358
18203 0.555358
18204 0.555358
18205 0.555358
18206 0.555358
18207 0.555358
18208 0.555358
18209 0.555358
18210 0.555358
18211 0.555358
18212 0.555358
18213 0.555358
18214 0.555358
18215 0.555358
18216 0.555358
18217 0.555358
18218 0.555358
18219 0.555358
18220 0.555358
18221 0.555358
18222 0.555358
18223 0.555358
18224 0.555358
18225 0.555358
18226 0.555358
18227 0.555358
18228 0.555358
18229 0.555358
18230 0.555358
18231 0.555358
18232 0.555358
18233 0.555358
18234 0.555358
18235 0.555358
18236 0.555358
18237 0.555358
18238 0.555358
18239 0.555358
18240 0.555358
18241 0.555358
18242 0.555358
18243 0.555358
18244 0.555358
18245 0.555358
18246 0.555358
18247 0.555358
18248 0.555358
18249 0.555358
18250 0.555358
18251 0.555358
18252 0.555358
18253 0.555358
18254 0.555358
18255 0.555358
18256 0.555358
18257 0.555358
18258 0.555358
18259 0.555358
18260 0.555358
18261 0.555358
18262 0.555358
18263 0.555358
18264 0.555358
18265 0.555358
18266 0.555358
18267 0.555358
18268 0.555358
18269 0.555358
18270 0.555358
18271 0.555358
18272 0.555358
18273 0.555358
18274 0.555358
18275 0.555358
18276 0.555358
18277 0.555358
18278 0.555358
18279 0.555358
18280 0.555358
18281 0.555358
18282 0.555358
18283 0.555358
18284 0.555358
18285 0.555358
18286 0.555358
18287 0.555358
18288 0.555358
18289 0.555358
18290 0.555358
18291 0.555358
18292 0.555358
18293 0.555358
18294 0.555358
18295 0.555358
18296 0.555358
18297 0.555358
18298 0.555358
18299 0.555358
18300 0.555358
18301 0.555358
18302 0.555358
18303 0.555358
18304 0.555358
18305 0.555358
18306 0.555358
18307 0.555358
18308 0.555358
18309 0.555358
18310 0.555358
18311 0.555358
18312 0.555358
18313 0.555358
18314 0.555358
18315 0.555358
18316 0.555358
18317 0.555358
18318 0.555358
18319 0.555358
18320 0.555358
18321 0.555358
18322 0.555358
18323 0.555358
18324 0.555358
18325 0.555358
18326 0.555358
18327 0.555358
18328 0.555358
18329 0.555358
18330 0.555358
18331 0.555358
18332 0.555358
18333 0.555358
18334 0.555358
18335 0.555358
18336 0.555358
18337 0.555358
18338 0.555358
18339 0.555358
18340 0.555358
18341 0.555358
18342 0.555358
18343 0.555358
18344 0.555358
18345 0.555358
18346 0.555358
18347 0.555358
18348 0.555358
18349 0.555358
18350 0.555358
18351 0.555358
18352 0.555358
18353 0.555358
18354 0.555358
18355 0.555358
18356 0.555358
18357 0.555358
18358 0.555358
18359 0.555358
18360 0.555358
18361 0.555358
18362 0.555358
18363 0.555358
18364 0.555358
18365 0.555358
18366 0.555358
18367 0.555358
18368 0.555358
18369 0.555358
18370 0.555358
18371 0.555358
18372 0.555358
18373 0.555358
18374 0.555358
18375 0.555358
18376 0.555358
18377 0.555358
18378 0.555358
18379 0.555358
18380 0.555358
18381 0.555358
18382 0.555358
18383 0.555358
18384 0.555358
18385 0.555358
18386 0.555358
18387 0.555358
18388 0.555358
18389 0.555358
18390 0.555358
18391 0.555358
18392 0.555358
18393 0.555358
18394 0.555358
18395 0.555358
18396 0.555358
18397 0.555358
18398 0.555358
18399 0.555358
18400 0.555358
18401 0.555358
18402 0.555358
18403 0.555358
18404 0.555358
18405 0.555358
18406 0.555358
18407 0.555358
18408 0.555358
18409 0.555358
18410 0.555358
18411 0.555358
18412 0.555358
18413 0.555358
18414 0.555358
18415 0.555358
18416 0.555358
18417 0.555358
18418 0.555358
18419 0.555358
18420 0.555358
18421 0.555358
18422 0.555358
18423 0.555358
18424 0.555358
18425 0.555358
18426 0.555358
18427 0.555358
18428 0.555358
18429 0.555358
18430 0.555358
18431 0.555358
18432 0.555358
18433 0.555358
18434 0.555358
18435 0.555358
18436 0.555358
18437 0.555358
18438 0.555358
18439 0.555358
18440 0.555358
18441 0.555358
18442 0.555358
18443 0.555358
18444 0.555358
18445 0.555358
18446 0.555358
18447 0.555358
18448 0.555358
18449 0.555358
18450 0.555358
18451 0.555358
18452 0.555358
18453 0.555358
18454 0.555358
18455 0.555358
18456 0.555358
18457 0.555358
18458 0.555358
18459 0.555358
18460 0.555358
18461 0.555358
18462 0.555358
18463 0.555358
18464 0.555358
18465 0.555358
18466 0.555358
18467 0.555358
18468 0.555358
18469 0.555358
18470 0.555358
18471 0.555358
18472 0.555358
18473 0.555358
18474 0.555358
18475 0.555358
18476 0.555358
18477 0.555358
18478 0.555358
18479 0.555358
18480 0.555358
18481 0.555358
18482 0.555358
18483 0.555358
18484 0.555358
18485 0.555358
18486 0.555358
18487 0.555358
18488 0.555358
18489 0.555358
18490 0.555358
18491 0.555358
18492 0.555358
18493 0.555358
18494 0.555358
18495 0.555358
18496 0.555358
18497 0.555358
18498 0.555358
18499 0.555358
18500 0.555358
18501 0.555358
18502 0.555358
18503 0.555358
18504 0.555358
18505 0.555358
18506 0.555358
18507 0.555358
18508 0.555358
18509 0.555358
18510 0.555358
18511 0.555358
18512 0.555358
18513 0.555358
18514 0.555358
18515 0.555358
18516 0.555358
18517 0.555358
18518 0.555358
18519 0.555358
18520 0.555358
18521 0.555358
18522 0.555358
18523 0.555358
18524 0.555358
18525 0.555358
18526 0.555358
18527 0.555358
18528 0.555358
18529 0.555358
18530 0.555358
18531 0.555358
18532 0.555358
18533 0.555358
18534 0.555358
18535 0.555358
18536 0.555358
18537 0.555358
18538 0.555358
18539 0.555358
18540 0.555358
18541 0.555358
18542 0.555358
18543 0.555358
18544 0.555358
18545 0.555358
18546 0.555358
18547 0.555358
18548 0.555358
18549 0.555358
18550 0.555358
18551 0.555358
18552 0.555358
18553 0.555358
18554 0.555358
18555 0.555358
18556 0.555358
18557 0.555358
18558 0.555358
18559 0.555358
18560 0.555358
18561 0.555358
18562 0.555358
18563 0.555358
18564 0.555358
18565 0.555358
18566 0.555358
18567 0.555358
18568 0.555358
18569 0.555358
18570 0.555358
18571 0.555358
18572 0.555358
18573 0.555358
18574 0.555358
18575 0.555358
18576 0.555358
18577 0.555358
18578 0.555358
18579 0.555358
18580 0.555358
18581 0.555358
18582 0.555358
18583 0.555358
18584 0.555358
18585 0.555358
18586 0.555358
18587 0.555358
18588 0.555358
18589 0.555358
18590 0.555358
18591 0.555358
18592 0.555358
18593 0.555358
18594 0.555358
18595 0.555358
18596 0.555358
18597 0.555358
18598 0.555358
18599 0.555358
18600 0.555358
18601 0.555358
18602 0.555358
18603 0.555358
18604 0.555358
18605 0.555358
18606 0.555358
18607 0.555358
18608 0.555358
18609 0.555358
18610 0.555358
18611 0.555358
18612 0.555358
18613 0.555358
18614 0.555358
18615 0.555358
18616 0.555358
18617 0.555358
18618 0.555358
18619 0.555358
18620 0.555358
18621 0.555358
18622 0.555358
18623 0.555358
18624 0.555358
18625 0.555358
18626 0.555358
18627 0.555358
18628 0.555358
18629 0.555358
18630 0.555358
18631 0.555358
18632 0.555358
18633 0.555358
18634 0.555358
18635 0.555358
18636 0.555358
18637 0.555358
18638 0.555358
18639 0.555358
18640 0.555358
18641 0.555358
18642 0.555358
18643 0.555358
18644 0.555358
18645 0.555358
18646 0.555358
18647 0.555358
18648 0.555358
18649 0.555358
18650 0.555358
18651 0.555358
18652 0.555358
18653 0.555358
18654 0.555358
18655 0.555358
18656 0.555358
18657 0.555358
18658 0.555358
18659 0.555358
18660 0.555358
18661 0.555358
18662 0.555358
18663 0.555358
18664 0.555358
18665 0.555358
18666 0.555358
18667 0.555358
18668 0.555358
18669 0.555358
18670 0.555358
18671 0.555358
18672 0.555358
18673 0.555358
18674 0.555358
18675 0.555358
18676 0.555358
18677 0.555358
18678 0.555358
18679 0.555358
18680 0.555358
18681 0.555358
18682 0.555358
18683 0.555358
18684 0.555358
18685 0.555358
18686 0.555358
18687 0.555358
18688 0.555358
18689 0.555358
18690 0.555358
18691 0.555358
18692 0.555358
18693 0.555358
18694 0.555358
18695 0.555358
18696 0.555358
18697 0.555358
18698 0.555358
18699 0.555358
18700 0.555358
18701 0.555358
18702 0.555358
18703 0.555358
18704 0.555358
18705 0.555358
18706 0.555358
18707 0.555358
18708 0.555358
18709 0.555358
18710 0.555358
18711 0.555358
18712 0.555358
18713 0.555358
18714 0.555358
18715 0.555358
18716 0.555358
18717 0.555358
18718 0.555358
18719 0.555358
18720 0.555358
18721 0.555358
18722 0.555358
18723 0.555358
18724 0.555358
18725 0.555358
18726 0.555358
18727 0.555358
18728 0.555358
18729 0.555358
18730 0.555358
18731 0.555358
18732 0.555358
18733 0.555358
18734 0.555358
18735 0.555358
18736 0.555358
18737 0.555358
18738 0.555358
18739 0.555358
18740 0.555358
18741 0.555358
18742 0.555358
18743 0.555358
18744 0.555358
18745 0.555358
18746 0.555358
18747 0.555358
18748 0.555358
18749 0.555358
18750 0.555358
18751 0.555358
18752 0.555358
18753 0.555358
18754 0.555358
18755 0.555358
18756 0.555358
18757 0.555358
18758 0.555358
18759 0.555358
18760 0.555358
18761 0.555358
18762 0.555358
18763 0.555358
18764 0.555358
18765 0.555358
18766 0.555358
18767 0.555358
18768 0.555358
18769 0.555358
18770 0.555358
18771 0.555358
18772 0.555358
18773 0.555358
18774 0.555358
18775 0.555358
18776 0.555358
18777 0.555358
18778 0.555358
18779 0.555358
18780 0.555358
18781 0.555358
18782 0.555358
18783 0.555358
18784 0.555358
18785 0.555358
18786 0.555358
18787 0.555358
18788 0.555358
18789 0.555358
18790 0.555358
18791 0.555358
18792 0.555358
18793 0.555358
18794 0.555358
18795 0.555358
18796 0.555358
18797 0.555358
18798 0.555358
18799 0.555358
18800 0.555358
18801 0.555358
18802 0.555358
18803 0.555358
18804 0.555358
18805 0.555358
18806 0.555358
18807 0.555358
18808 0.555358
18809 0.555358
18810 0.555358
18811 0.555358
18812 0.555358
18813 0.555358
18814 0.555358
18815 0.555358
18816 0.555358
18817 0.555358
18818 0.555358
18819 0.555358
18820 0.555358
18821 0.555358
18822 0.555358
18823 0.555358
18824 0.555358
18825 0.555358
18826 0.555358
18827 0.555358
18828 0.555358
18829 0.555358
18830 0.555358
18831 0.555358
18832 0.555358
18833 0.555358
18834 0.555358
18835 0.555358
18836 0.555358
18837 0.555358
18838 0.555358
18839 0.555358
18840 0.555358
18841 0.555358
18842 0.555358
18843 0.555358
18844 0.555358
18845 0.555358
18846 0.555358
18847 0.555358
18848 0.555358
18849 0.555358
18850 0.555358
18851 0.555358
18852 0.555358
18853 0.555358
18854 0.555358
18855 0.555358
18856 0.555358
18857 0.555358
18858 0.555358
18859 0.555358
18860 0.555358
18861 0.555358
18862 0.555358
18863 0.555358
18864 0.555358
18865 0.555358
18866 0.555358
18867 0.555358
18868 0.555358
18869 0.555358
18870 0.555358
18871 0.555358
18872 0.555358
18873 0.555358
18874 0.555358
18875 0.555358
18876 0.555358
18877 0.555358
18878 0.555358
18879 0.555358
18880 0.555358
18881 0.555358
18882 0.555358
18883 0.555358
18884 0.555358
18885 0.555358
18886 0.555358
18887 0.555358
18888 0.555358
18889 0.555358
18890 0.555358
18891 0.555358
18892 0.555358
18893 0.555358
18894 0.555358
18895 0.555358
18896 0.555358
18897 0.555358
18898 0.555358
18899 0.555358
18900 0.555358
18901 0.555358
18902 0.555358
18903 0.555358
18904 0.555358
18905 0.555358
18906 0.555358
18907 0.555358
18908 0.555358
18909 0.555358
18910 0.555358
18911 0.555358
18912 0.555358
18913 0.555358
18914 0.555358
18915 0.555358
18916 0.555358
18917 0.555358
18918 0.555358
18919 0.555358
18920 0.555358
18921 0.555358
18922 0.555358
18923 0.555358
18924 0.555358
18925 0.555358
18926 0.555358
18927 0.555358
18928 0.555358
18929 0.555358
18930 0.555358
18931 0.555358
18932 0.555358
18933 0.555358
18934 0.555358
18935 0.555358
18936 0.555358
18937 0.555358
18938 0.555358
18939 0.555358
18940 0.555358
18941 0.555358
18942 0.555358
18943 0.555358
18944 0.555358
18945 0.555358
18946 0.555358
18947 0.555358
18948 0.555358
18949 0.555358
18950 0.555358
18951 0.555358
18952 0.555358
18953 0.555358
18954 0.555358
18955 0.555358
18956 0.555358
18957 0.555358
18958 0.555358
18959 0.555358
18960 0.555358
18961 0.555358
18962 0.555358
18963 0.555358
18964 0.555358
18965 0.555358
18966 0.555358
18967 0.555358
18968 0.555358
18969 0.555358
18970 0.555358
18971 0.555358
18972 0.555358
18973 0.555358
18974 0.555358
18975 0.555358
18976 0.555358
18977 0.555358
18978 0.555358
18979 0.555358
18980 0.555358
18981 0.555358
18982 0.555358
18983 0.555358
18984 0.555358
18985 0.555358
18986 0.555358
18987 0.555358
18988 0.555358
18989 0.555358
18990 0.555358
18991 0.555358
18992 0.555358
18993 0.555358
18994 0.555358
18995 0.555358
18996 0.555358
18997 0.555358
18998 0.555358
18999 0.555358
19000 0.555358
19001 0.555358
19002 0.555358
19003 0.555358
19004 0.555358
19005 0.555358
19006 0.555358
19007 0.555358
19008 0.555358
19009 0.555358
19010 0.555358
19011 0.555358
19012 0.555358
19013 0.555358
19014 0.555358
19015 0.555358
19016 0.555358
19017 0.555358
19018 0.555358
19019 0.555358
19020 0.555358
19021 0.555358
19022 0.555358
19023 0.555358
19024 0.555358
19025 0.555358
19026 0.555358
19027 0.555358
19028 0.555358
19029 0.555358
19030 0.555358
19031 0.555358
19032 0.555358
19033 0.555358
19034 0.555358
19035 0.555358
19036 0.555358
19037 0.555358
19038 0.555358
19039 0.555358
19040 0.555358
19041 0.555358
19042 0.555358
19043 0.555358
19044 0.555358
19045 0.555358
19046 0.555358
19047 0.555358
19048 0.555358
19049 0.555358
19050 0.555358
19051 0.555358
19052 0.555358
19053 0.555358
19054 0.555358
19055 0.555358
19056 0.555358
19057 0.555358
19058 0.555358
19059 0.555358
19060 0.555358
19061 0.555358
19062 0.555358
19063 0.555358
19064 0.555358
19065 0.555358
19066 0.555358
19067 0.555358
19068 0.555358
19069 0.555358
19070 0.555358
19071 0.555358
19072 0.555358
19073 0.555358
19074 0.555358
19075 0.555358
19076 0.555358
19077 0.555358
19078 0.555358
19079 0.555358
19080 0.555358
19081 0.555358
19082 0.555358
19083 0.555358
19084 0.555358
19085 0.555358
19086 0.555358
19087 0.555358
19088 0.555358
19089 0.555358
19090 0.555358
19091 0.555358
19092 0.555358
19093 0.555358
19094 0.555358
19095 0.555358
19096 0.555358
19097 0.555358
19098 0.555358
19099 0.555358
19100 0.555358
19101 0.555358
19102 0.555358
19103 0.555358
19104 0.555358
19105 0.555358
19106 0.555358
19107 0.555358
19108 0.555358
19109 0.555358
19110 0.555358
19111 0.555358
19112 0.555358
19113 0.555358
19114 0.555358
19115 0.555358
19116 0.555358
19117 0.555358
19118 0.555358
19119 0.555358
19120 0.555358
19121 0.555358
19122 0.555358
19123 0.555358
19124 0.555358
19125 0.555358
19126 0.555358
19127 0.555358
19128 0.555358
19129 0.555358
19130 0.555358
19131 0.555358
19132 0.555358
19133 0.555358
19134 0.555358
19135 0.555358
19136 0.555358
19137 0.555358
19138 0.555358
19139 0.555358
19140 0.555358
19141 0.555358
19142 0.555358
19143 0.555358
19144 0.555358
19145 0.555358
19146 0.555358
19147 0.555358
19148 0.555358
19149 0.555358
19150 0.555358
19151 0.555358
19152 0.555358
19153 0.555358
19154 0.555358
19155 0.555358
19156 0.555358
19157 0.555358
19158 0.555358
19159 0.555358
19160 0.555358
19161 0.555358
19162 0.555358
19163 0.555358
19164 0.555358
19165 0.555358
19166 0.555358
19167 0.555358
19168 0.555358
19169 0.555358
19170 0.555358
19171 0.555358
19172 0.555358
19173 0.555358
19174 0.555358
19175 0.555358
19176 0.555358
19177 0.555358
19178 0.555358
19179 0.555358
19180 0.555358
19181 0.555358
19182 0.555358
19183 0.555358
19184 0.555358
19185 0.555358
19186 0.555358
19187 0.555358
19188 0.555358
19189 0.555358
19190 0.555358
19191 0.555358
19192 0.555358
19193 0.555358
19194 0.555358
19195 0.555358
19196 0.555358
19197 0.555358
19198 0.555358
19199 0.555358
19200 0.555358
19201 0.555358
19202 0.555358
19203 0.555358
19204 0.555358
19205 0.555358
19206 0.555358
19207 0.555358
19208 0.555358
19209 0.555358
19210 0.555358
19211 0.555358
19212 0.555358
19213 0.555358
19214 0.555358
19215 0.555358
19216 0.555358
19217 0.555358
19218 0.555358
19219 0.555358
19220 0.555358
19221 0.555358
19222 0.555358
19223 0.555358
19224 0.555358
19225 0.555358
19226 0.555358
19227 0.555358
19228 0.555358
19229 0.555358
19230 0.555358
19231 0.555358
19232 0.555358
19233 0.555358
19234 0.555358
19235 0.555358
19236 0.555358
19237 0.555358
19238 0.555358
19239 0.555358
19240 0.555358
19241 0.555358
19242 0.555358
19243 0.555358
19244 0.555358
19245 0.555358
19246 0.555358
19247 0.555358
19248 0.555358
19249 0.555358
19250 0.555358
19251 0.555358
19252 0.555358
19253 0.555358
19254 0.555358
19255 0.555358
19256 0.555358
19257 0.555358
19258 0.555358
19259 0.555358
19260 0.555358
19261 0.555358
19262 0.555358
19263 0.555358
19264 0.555358
19265 0.555358
19266 0.555358
19267 0.555358
19268 0.555358
19269 0.555358
19270 0.555358
19271 0.555358
19272 0.555358
19273 0.555358
19274 0.555358
19275 0.555358
19276 0.555358
19277 0.555358
19278 0.555358
19279 0.555358
19280 0.555358
19281 0.555358
19282 0.555358
19283 0.555358
19284 0.555358
19285 0.555358
19286 0.555358
19287 0.555358
19288 0.555358
19289 0.555358
19290 0.555358
19291 0.555358
19292 0.555358
19293 0.555358
19294 0.555358
19295 0.555358
19296 0.555358
19297 0.555358
19298 0.555358
19299 0.555358
19300 0.555358
19301 0.555358
19302 0.555358
19303 0.555358
19304 0.555358
19305 0.555358
19306 0.555358
19307 0.555358
19308 0.555358
19309 0.555358
19310 0.555358
19311 0.555358
19312 0.555358
19313 0.555358
19314 0.555358
19315 0.555358
19316 0.555358
19317 0.555358
19318 0.555358
19319 0.555358
19320 0.555358
19321 0.555358
19322 0.555358
19323 0.555358
19324 0.555358
19325 0.555358
19326 0.555358
19327 0.555358
19328 0.555358
19329 0.555358
19330 0.555358
19331 0.555358
19332 0.555358
19333 0.555358
19334 0.555358
19335 0.555358
19336 0.555358
19337 0.555358
19338 0.555358
19339 0.555358
19340 0.555358
19341 0.555358
19342 0.555358
19343 0.555358
19344 0.555358
19345 0.555358
19346 0.555358
19347 0.555358
19348 0.555358
19349 0.555358
19350 0.555358
19351 0.555358
19352 0.555358
19353 0.555358
19354 0.555358
19355 0.555358
19356 0.555358
19357 0.555358
19358 0.555358
19359 0.555358
19360 0.555358
19361 0.555358
19362 0.555358
19363 0.555358
19364 0.555358
19365 0.555358
19366 0.555358
19367 0.555358
19368 0.555358
19369 0.555358
19370 0.555358
19371 0.555358
19372 0.555358
19373 0.555358
19374 0.555358
19375 0.555358
19376 0.555358
19377 0.555358
19378 0.555358
19379 0.555358
19380 0.555358
19381 0.555358
19382 0.555358
19383 0.555358
19384 0.555358
19385 0.555358
19386 0.555358
19387 0.555358
19388 0.555358
19389 0.555358
19390 0.555358
19391 0.555358
19392 0.555358
19393 0.555358
19394 0.555358
19395 0.555358
19396 0.555358
19397 0.555358
19398 0.555358
19399 0.555358
19400 0.555358
19401 0.555358
19402 0.555358
19403 0.555358
19404 0.555358
19405 0.555358
19406 0.555358
19407 0.555358
19408 0.555358
19409 0.555358
19410 0.555358
19411 0.555358
19412 0.555358
19413 0.555358
19414 0.555358
19415 0.555358
19416 0.555358
19417 0.555358
19418 0.555358
19419 0.555358
19420 0.555358
19421 0.555358
19422 0.555358
19423 0.555358
19424 0.555358
19425 0.555358
19426 0.555358
19427 0.555358
19428 0.555358
19429 0.555358
19430 0.555358
19431 0.555358
19432 0.555358
19433 0.555358
19434 0.555358
19435 0.555358
19436 0.555358
19437 0.555358
19438 0.555358
19439 0.555358
19440 0.555358
19441 0.555358
19442 0.555358
19443 0.555358
19444 0.555358
19445 0.555358
19446 0.555358
19447 0.555358
19448 0.555358
19449 0.555358
19450 0.555358
19451 0.555358
19452 0.555358
19453 0.555358
19454 0.555358
19455 0.555358
19456 0.555358
19457 0.555358
19458 0.555358
19459 0.555358
19460 0.555358
19461 0.555358
19462 0.555358
19463 0.555358
19464 0.555358
19465 0.555358
19466 0.555358
19467 0.555358
19468 0.555358
19469 0.555358
19470 0.555358
19471 0.555358
19472 0.555358
19473 0.555358
19474 0.555358
19475 0.555358
19476 0.555358
19477 0.555358
19478 0.555358
19479 0.555358
19480 0.555358
19481 0.555358
19482 0.555358
19483 0.555358
19484 0.555358
19485 0.555358
19486 0.555358
19487 0.555358
19488 0.555358
19489 0.555358
19490 0.555358
19491 0.555358
19492 0.555358
19493 0.555358
19494 0.555358
19495 0.555358
19496 0.555358
19497 0.555358
19498 0.555358
19499 0.555358
19500 0.555358
19501 0.555358
19502 0.555358
19503 0.555358
19504 0.555358
19505 0.555358
19506 0.555358
19507 0.555358
19508 0.555358
19509 0.555358
19510 0.555358
19511 0.555358
19512 0.555358
19513 0.555358
19514 0.555358
19515 0.555358
19516 0.555358
19517 0.555358
19518 0.555358
19519 0.555358
19520 0.555358
19521 0.555358
19522 0.555358
19523 0.555358
19524 0.555358
19525 0.555358
19526 0.555358
19527 0.555358
19528 0.555358
19529 0.555358
19530 0.555358
19531 0.555358
19532 0.555358
19533 0.555358
19534 0.555358
19535 0.555358
19536 0.555358
19537 0.555358
19538 0.555358
19539 0.555358
19540 0.555358
19541 0.555358
19542 0.555358
19543 0.555358
19544 0.555358
19545 0.555358
19546 0.555358
19547 0.555358
19548 0.555358
19549 0.555358
19550 0.555358
19551 0.555358
19552 0.555358
19553 0.555358
19554 0.555358
19555 0.555358
19556 0.555358
19557 0.555358
19558 0.555358
19559 0.555358
19560 0.555358
19561 0.555358
19562 0.555358
19563 0.555358
19564 0.555358
19565 0.555358
19566 0.555358
19567 0.555358
19568 0.555358
19569 0.555358
19570 0.555358
19571 0.555358
19572 0.555358
19573 0.555358
19574 0.555358
19575 0.555358
19576 0.555358
19577 0.555358
19578 0.555358
19579 0.555358
19580 0.555358
19581 0.555358
19582 0.555358
19583 0.555358
19584 0.555358
19585 0.555358
19586 0.555358
19587 0.555358
19588 0.555358
19589 0.555358
19590 0.555358
19591 0.555358
19592 0.555358
19593 0.555358
19594 0.555358
19595 0.555358
19596 0.555358
19597 0.555358
19598 0.555358
19599 0.555358
19600 0.555358
19601 0.555358
19602 0.555358
19603 0.555358
19604 0.555358
19605 0.555358
19606 0.555358
19607 0.555358
19608 0.555358
19609 0.555358
19610 0.555358
19611 0.555358
19612 0.555358
19613 0.555358
19614 0.555358
19615 0.555358
19616 0.555358
19617 0.555358
19618 0.555358
19619 0.555358
19620 0.555358
19621 0.555358
19622 0.555358
19623 0.555358
19624 0.555358
19625 0.555358
19626 0.555358
19627 0.555358
19628 0.555358
19629 0.555358
19630 0.555358
19631 0.555358
19632 0.555358
19633 0.555358
19634 0.555358
19635 0.555358
19636 0.555358
19637 0.555358
19638 0.555358
19639 0.555358
19640 0.555358
19641 0.555358
19642 0.555358
19643 0.555358
19644 0.555358
19645 0.555358
19646 0.555358
19647 0.555358
19648 0.555358
19649 0.555358
19650 0.555358
19651 0.555358
19652 0.555358
19653 0.555358
19654 0.555358
19655 0.555358
19656 0.555358
19657 0.555358
19658 0.555358
19659 0.555358
19660 0.555358
19661 0.555358
19662 0.555358
19663 0.555358
19664 0.555358
19665 0.555358
19666 0.555358
19667 0.555358
19668 0.555358
19669 0.555358
19670 0.555358
19671 0.555358
19672 0.555358
19673 0.555358
19674 0.555358
19675 0.555358
19676 0.555358
19677 0.555358
19678 0.555358
19679 0.555358
19680 0.555358
19681 0.555358
19682 0.555358
19683 0.555358
19684 0.555358
19685 0.555358
19686 0.555358
19687 0.555358
19688 0.555358
19689 0.555358
19690 0.555358
19691 0.555358
19692 0.555358
19693 0.555358
19694 0.555358
19695 0.555358
19696 0.555358
19697 0.555358
19698 0.555358
19699 0.555358
19700 0.555358
19701 0.555358
19702 0.555358
19703 0.555358
19704 0.555358
19705 0.555358
19706 0.555358
19707 0.555358
19708 0.555358
19709 0.555358
19710 0.555358
19711 0.555358
19712 0.555358
19713 0.555358
19714 0.555358
19715 0.555358
19716 0.555358
19717 0.555358
19718 0.555358
19719 0.555358
19720 0.555358
19721 0.555358
19722 0.555358
19723 0.555358
19724 0.555358
19725 0.555358
19726 0.555358
19727 0.555358
19728 0.555358
19729 0.555358
19730 0.555358
19731 0.555358
19732 0.555358
19733 0.555358
19734 0.555358
19735 0.555358
19736 0.555358
19737 0.555358
19738 0.555358
19739 0.555358
19740 0.555358
19741 0.555358
19742 0.555358
19743 0.555358
19744 0.555358
19745 0.555358
19746 0.555358
19747 0.555358
19748 0.555358
19749 0.555358
19750 0.555358
19751 0.555358
19752 0.555358
19753 0.555358
19754 0.555358
19755 0.555358
19756 0.555358
19757 0.555358
19758 0.555358
19759 0.555358
19760 0.555358
19761 0.555358
19762 0.555358
19763 0.555358
19764 0.555358
19765 0.555358
19766 0.555358
19767 0.555358
19768 0.555358
19769 0.555358
19770 0.555358
19771 0.555358
19772 0.555358
19773 0.555358
19774 0.555358
19775 0.555358
19776 0.555358
19777 0.555358
19778 0.555358
19779 0.555358
19780 0.555358
19781 0.555358
19782 0.555358
19783 0.555358
19784 0.555358
19785 0.555358
19786 0.555358
19787 0.555358
19788 0.555358
19789 0.555358
19790 0.555358
19791 0.555358
19792 0.555358
19793 0.555358
19794 0.555358
19795 0.555358
19796 0.555358
19797 0.555358
19798 0.555358
19799 0.555358
19800 0.555358
19801 0.555358
19802 0.555358
19803 0.555358
19804 0.555358
19805 0.555358
19806 0.555358
19807 0.555358
19808 0.555358
19809 0.555358
19810 0.555358
19811 0.555358
19812 0.555358
19813 0.555358
19814 0.555358
19815 0.555358
19816 0.555358
19817 0.555358
19818 0.555358
19819 0.555358
19820 0.555358
19821 0.555358
19822 0.555358
19823 0.555358
19824 0.555358
19825 0.555358
19826 0.555358
19827 0.555358
19828 0.555358
19829 0.555358
19830 0.555358
19831 0.555358
19832 0.555358
19833 0.555358
19834 0.555358
19835 0.555358
19836 0.555358
19837 0.555358
19838 0.555358
19839 0.555358
19840 0.555358
19841 0.555358
19842 0.555358
19843 0.555358
19844 0.555358
19845 0.555358
19846 0.555358
19847 0.555358
19848 0.555358
19849 0.555358
19850 0.555358
19851 0.555358
19852 0.555358
19853 0.555358
19854 0.555358
19855 0.555358
19856 0.555358
19857 0.555358
19858 0.555358
19859 0.555358
19860 0.555358
19861 0.555358
19862 0.555358
19863 0.555358
19864 0.555358
19865 0.555358
19866 0.555358
19867 0.555358
19868 0.555358
19869 0.555358
19870 0.555358
19871 0.555358
19872 0.555358
19873 0.555358
19874 0.555358
19875 0.555358
19876 0.555358
19877 0.555358
19878 0.555358
19879 0.555358
19880 0.555358
19881 0.555358
19882 0.555358
19883 0.555358
19884 0.555358
19885 0.555358
19886 0.555358
19887 0.555358
19888 0.555358
19889 0.555358
19890 0.555358
19891 0.555358
19892 0.555358
19893 0.555358
19894 0.555358
19895 0.555358
19896 0.555358
19897 0.555358
19898 0.555358
19899 0.555358
19900 0.555358
19901 0.555358
19902 0.555358
19903 0.555358
19904 0.555358
19905 0.555358
19906 0.555358
19907 0.555358
19908 0.555358
19909 0.555358
19910 0.555358
19911 0.555358
19912 0.555358
19913 0.555358
19914 0.555358
19915 0.555358
19916 0.555358
19917 0.555358
19918 0.555358
19919 0.555358
19920 0.555358
19921 0.555358
19922 0.555358
19923 0.555358
19924 0.555358
19925 0.555358
19926 0.555358
19927 0.555358
19928 0.555358
19929 0.555358
19930 0.555358
19931 0.555358
19932 0.555358
19933 0.555358
19934 0.555358
19935 0.555358
19936 0.555358
19937 0.555358
19938 0.555358
19939 0.555358
19940 0.555358
19941 0.555358
19942 0.555358
19943 0.555358
19944 0.555358
19945 0.555358
19946 0.555358
19947 0.555358
19948 0.555358
19949 0.555358
19950 0.555358
19951 0.555358
19952 0.555358
19953 0.555358
19954 0.555358
19955 0.555358
19956 0.555358
19957 0.555358
19958 0.555358
19959 0.555358
19960 0.555358
19961 0.555358
19962 0.555358
19963 0.555358
19964 0.555358
19965 0.555358
19966 0.555358
19967 0.555358
19968 0.555358
19969 0.555358
19970 0.555358
19971 0.555358
19972 0.555358
19973 0.555358
19974 0.555358
19975 0.555358
19976 0.555358
19977 0.555358
19978 0.555358
19979 0.555358
19980 0.555358
19981 0.555358
19982 0.555358
19983 0.555358
19984 0.555358
19985 0.555358
19986 0.555358
19987 0.555358
19988 0.555358
19989 0.555358
19990 0.555358
19991 0.555358
19992 0.555358
19993 0.555358
19994 0.555358
19995 0.555358
19996 0.555358
19997 0.555358
19998 0.555358
19999 0.555358
20000 0.555358
20001 0.555358
20002 0.554710
20003 0.554710
20004 0.554710
20005 0.554710
20006 0.554710
20007 0.554710
20008 0.554710
20009 0.554710
20010 0.554710
20011 0.554710
20012 0.554710
20013 0.554710
20014 0.554710
20015 0.554710
20016 0.554710
20017 0.554710
20018 0.554710
20019 0.554710
20020 0.554710
20021 0.554710
20022 0.554710
20023 0.554710
20024 0.554710
20025 0.554710
20026 0.554710
20027 0.554710
20028 0.554710
20029 0.554710
20030 0.554710
20031 0.554710
20032 0.554710
20033 0.554710
20034 0.554710
20035 0.554710
20036 0.554710
20037 0.554710
20038 0.554710
20039 0.554710
20040 0.554710
20041 0.554710
20042 0.554710
20043 0.554710
20044 0.554710
20045 0.554710
20046 0.554710
20047 0.554710
20048 0.554710
20049 0.554710
20050 0.554710
20051 0.554710
20052 0.554710
20053 0.554710
20054 0.554710
20055 0.554710
20056 0.554710
20057 0.554710
20058 0.554710
20059 0.554710
20060 0.554710
20061 0.554710
20062 0.554710
20063 0.554710
20064 0.554710
20065 0.554710
20066 0.554710
20067 0.554710
20068 0.554710
20069 0.554710
20070 0.554710
20071 0.554710
20072 0.554710
20073 0.554710
20074 0.554710
20075 0.554710
20076 0.554710
20077 0.554710
20078 0.554710
20079 0.554710
20080 0.554710
20081 0.554710
20082 0.554710
20083 0.554710
20084 0.554710
20085 0.554710
20086 0.554710
20087 0.554710
20088 0.554710
20089 0.554710
20090 0.554710
20091 0.554710
20092 0.554710
20093 0.554710
20094 0.554710
20095 0.554710
20096 0.554710
20097 0.554710
20098 0.554710
20099 0.554710
20100 0.554710
20101 0.554710
20102 0.554710
20103 0.554710
20104 0.554710
20105 0.554710
20106 0.554710
20107 0.554710
20108 0.554710
20109 0.554710
20110 0.554710
20111 0.554710
20112 0.554710
20113 0.554710
20114 0.554710
20115 0.554710
20116 0.554710
20117 0.554710
20118 0.554710
20119 0.554710
20120 0.554710
20121 0.554710
20122 0.554710
20123 0.554710
20124 0.554710
20125 0.554710
20126 0.554710
20127 0.554710
20128 0.554710
20129 0.554710
20130 0.554710
20131 0.554710
20132 0.554710
20133 0.554710
20134 0.554710
20135 0.554710
20136 0.554710
20137 0.554710
20138 0.554710
20139 0.554710
20140 0.554710
20141 0.554710
20142 0.554710
20143 0.554710
20144 0.554710
20145 0.554710
20146 0.554710
20147 0.554710
20148 0.554710
20149 0.554710
20150 0.554710
20151 0.554710
20152 0.554710
20153 0.554710
20154 0.554710
20155 0.554710
20156 0.554710
20157 0.554710
20158 0.554710
20159 0.554710
20160 0.554710
20161 0.554710
20162 0.554710
20163 0.554710
20164 0.554710
20165 0.554710
20166 0.554710
20167 0.554710
20168 0.554710
20169 0.554710
20170 0.554710
20171 0.554710
20172 0.554710
20173 0.554710
20174 0.554710
20175 0.554710
20176 0.554710
20177 0.554710
20178 0.554710
20179 0.554710
20180 0.554710
20181 0.554710
20182 0.554710
20183 0.554710
20184 0.554710
20185 0.554710
20186 0.554710
20187 0.554710
20188 0.554710
20189 0.554710
20190 0.554710
20191 0.554710
20192 0.554710
20193 0.554710
20194 0.554710
20195 0.554710
20196 0.554710
20197 0.554710
20198 0.554710
20199 0.554710
20200 0.554710
20201 0.554710
20202 0.554710
20203 0.554710
20204 0.554710
20205 0.554710
20206 0.554710
20207 0.554710
20208 0.554710
20209 0.554710
20210 0.554710
20211 0.554710
20212 0.554710
20213 0.554710
20214 0.554710
20215 0.554710
20216 0.554710
20217 0.554710
20218 0.554710
20219 0.554710
20220 0.554710
20221 0.554710
20222 0.554710
20223 0.554710
20224 0.554710
20225 0.554710
20226 0.554710
20227 0.554710
20228 0.554710
20229 0.554710
20230 0.554710
20231 0.554710
20232 0.554710
20233 0.554710
20234 0.554710
20235 0.554710
20236 0.554710
20237 0.554710
20238 0.554710
20239 0.554710
20240 0.554710
20241 0.554710
20242 0.554710
20243 0.554710
20244 0.554710
20245 0.554710
20246 0.554710
20247 0.554710
20248 0.554710
20249 0.554710
20250 0.554710
20251 0.554710
20252 0.554710
20253 0.554710
20254 0.554710
20255 0.554710
20256 0.554710
20257 0.554710
20258 0.554710
20259 0.554710
20260 0.554710
20261 0.554710
20262 0.554710
20263 0.554710
20264 0.554710
20265 0.554710
20266 0.554710
20267 0.554710
20268 0.554710
20269 0.554710
20270 0.554710
20271 0.554710
20272 0.554710
20273 0.554710
20274 0.554710
20275 0.554710
20276 0.554710
20277 0.554710
20278 0.554710
20279 0.554710
20280 0.554710
20281 0.554710
20282 0.554710
20283 0.554710
20284 0.554710
20285 0.554710
20286 0.554710
20287 0.554710
20288 0.554710
20289 0.554710
20290 0.554710
20291 0.554710
20292 0.554710
20293 0.554710
20294 0.554710
20295 0.554710
20296 0.554710
20297 0.554710
20298 0.554710
20299 0.554710
20300 0.554710
20301 0.554710
20302 0.554710
20303 0.554710
20304 0.554710
20305 0.554710
20306 0.554710
20307 0.554710
20308 0.554710
20309 0.554710
20310 0.554710
20311 0.554710
20312 0.554710
20313 0.554710
20314 0.554710
20315 0.554710
20316 0.554710
20317 0.554710
20318 0.554710
20319 0.554710
20320 0.554710
20321 0.554710
20322 0.554710
20323 0.554710
20324 0.554710
20325 0.554710
20326 0.554710
20327 0.554710
20328 0.554710
20329 0.554710
20330 0.554710
20331 0.554710
20332 0.554710
20333 0.554710
20334 0.554710
20335 0.554710
20336 0.554710
20337 0.554710
20338 0.554710
20339 0.554710
20340 0.554710
20341 0.554710
20342 0.554710
20343 0.554710
20344 0.554710
20345 0.554710
20346 0.554710
20347 0.554710
20348 0.554710
20349 0.554710
20350 0.554710
20351 0.554710
20352 0.554710
20353 0.554710
20354 0.554710
20355 0.554710
20356 0.554710
20357 0.554710
20358 0.554710
20359 0.554710
20360 0.554710
20361 0.554710
20362 0.554710
20363 0.554710
20364 0.554710
20365 0.554710
20366 0.554710
20367 0.554710
20368 0.554710
20369 0.554710
20370 0.554710
20371 0.554710
20372 0.554710
20373 0.554710
20374 0.554710
20375 0.554710
20376 0.554710
20377 0.554710
20378 0.554710
20379 0.554710
20380 0.554710
20381 0.554710
20382 0.554710
20383 0.554710
20384 0.554710
20385 0.554710
20386 0.554710
20387 0.554710
20388 0.554710
20389 0.554710
20390 0.554710
20391 0.554710
20392 0.554710
20393 0.554710
20394 0.554710
20395 0.554710
20396 0.554710
20397 0.554710
20398 0.554710
20399 0.554710
20400 0.554710
20401 0.554710
20402 0.554710
20403 0.554710
20404 0.554710
20405 0.554710
20406 0.554710
20407 0.554710
20408 0.554710
20409 0.554710
20410 0.554710
20411 0.554710
20412 0.554710
20413 0.554710
20414 0.554710
20415 0.554710
20416 0.554710
20417 0.554710
20418 0.554710
20419 0.554710
20420 0.554710
20421 0.554710
20422 0.554710
20423 0.554710
20424 0.554710
20425 0.554710
20426 0.554710
20427 0.554710
20428 0.554710
20429 0.554710
20430 0.554710
20431 0.554710
20432 0.554710
20433 0.554710
20434 0.554710
20435 0.554710
20436 0.554710
20437 0.554710
20438 0.554710
20439 0.554710
20440 0.554710
20441 0.554710
20442 0.554710
20443 0.554710
20444 0.554710
20445 0.554710
20446 0.554710
20447 0.554710
20448 0.554710
20449 0.554710
20450 0.554710
20451 0.554710
20452 0.554710
20453 0.554710
20454 0.554710
20455 0.554710
20456 0.554710
20457 0.554710
20458 0.554710
20459 0.554710
20460 0.554710
20461 0.554710
20462 0.554710
20463 0.554710
20464 0.554710
20465 0.554710
20466 0.554710
20467 0.554710
20468 0.554710
20469 0.554710
20470 0.554710
20471 0.554710
20472 0.554710
20473 0.554710
20474 0.554710
20475 0.554710
20476 0.554710
20477 0.554710
20478 0.554710
20479 0.554710
20480 0.554710
20481 0.554710
20482 0.554710
20483 0.554710
20484 0.554710
20485 0.554710
20486 0.554710
20487 0.554710
20488 0.554710
20489 0.554710
20490 0.554710
20491 0.554710
20492 0.554710
20493 0.554710
20494 0.554710
20495 0.554710
20496 0.554710
20497 0.554710
20498 0.554710
20499 0.554710
20500 0.554710
20501 0.554710
20502 0.554710
20503 0.554710
20504 0.554710
20505 0.554710
20506 0.554710
20507 0.554710
20508 0.554710
20509 0.554710
20510 0.554710
20511 0.554710
20512 0.554710
20513 0.554710
20514 0.554710
20515 0.554710
20516 0.554710
20517 0.554710
20518 0.554710
20519 0.554710
20520 0.554710
20521 0.554710
20522 0.554710
20523 0.554710
20524 0.554710
20525 0.554710
20526 0.554710
20527 0.554710
20528 0.554710
20529 0.554710
20530 0.554710
20531 0.554710
20532 0.554710
20533 0.554710
20534 0.554710
20535 0.554710
20536 0.554710
20537 0.554710
20538 0.554710
20539 0.554710
20540 0.554710
20541 0.554710
20542 0.554710
20543 0.554710
20544 0.554710
20545 0.554710
20546 0.554710
20547 0.554710
20548 0.554710
20549 0.554710
20550 0.554710
20551 0.554710
20552 0.554710
20553 0.554710
20554 0.554710
20555 0.554710
20556 0.554710
20557 0.554710
20558 0.554710
20559 0.554710
20560 0.554710
20561 0.554710
20562 0.554710
20563 0.554710
20564 0.554710
20565 0.554710
20566 0.554710
20567 0.554710
20568 0.554710
20569 0.554710
20570 0.554710
20571 0.554710
20572 0.554710
20573 0.554710
20574 0.554710
20575 0.554710
20576 0.554710
20577 0.554710
20578 0.554710
20579 0.554710
20580 0.554710
20581 0.554710
20582 0.554710
20583 0.554710
20584 0.554710
20585 0.554710
20586 0.554710
20587 0.554710
20588 0.554710
20589 0.554710
20590 0.554710
20591 0.554710
20592 0.554710
20593 0.554710
20594 0.554710
20595 0.554710
20596 0.554710
20597 0.554710
20598 0.554710
20599 0.554710
20600 0.554710
20601 0.554710
20602 0.554710
20603 0.554710
20604 0.554710
20605 0.554710
20606 0.554710
20607 0.554710
20608 0.554710
20609 0.554710
20610 0.554710
20611 0.554710
20612 0.554710
20613 0.554710
20614 0.554710
20615 0.554710
20616 0.554710
20617 0.554710
20618 0.554710
20619 0.554710
20620 0.554710
20621 0.554710
20622 0.554710
20623 0.554710
20624 0.554710
20625 0.554710
20626 0.554710
20627 0.554710
20628 0.554710
20629 0.552253
20630 0.552253
20631 0.552253
20632 0.552253
20633 0.552253
20634 0.552253
20635 0.552253
20636 0.552253
20637 0.552253
20638 0.552253
20639 0.552253
20640 0.552253
20641 0.552253
20642 0.552253
20643 0.552253
20644 0.552253
20645 0.552253
20646 0.552253
20647 0.552253
20648 0.552253
20649 0.552253
20650 0.552253
20651 0.552253
20652 0.552253
20653 0.552253
20654 0.552253
20655 0.552253
20656 0.552253
20657 0.552253
20658 0.552253
20659 0.552253
20660 0.552253
20661 0.552253
20662 0.552125
20663 0.552125
20664 0.552125
20665 0.552125
20666 0.552125
20667 0.552125
20668 0.552125
20669 0.552125
20670 0.552125
20671 0.552125
20672 0.552125
20673 0.552125
20674 0.552125
20675 0.552125
20676 0.552125
20677 0.552125
20678 0.552125
20679 0.552125
20680 0.552125
20681 0.552125
20682 0.552125
20683 0.552125
20684 0.552125
20685 0.552125
20686 0.552125
20687 0.552125
20688 0.552125
20689 0.552125
20690 0.552125
20691 0.552125
20692 0.552125
20693 0.552125
20694 0.552125
20695 0.552125
20696 0.552125
20697 0.552125
20698 0.552125
20699 0.552125
20700 0.552125
20701 0.552125
20702 0.552125
20703 0.552125
20704 0.552125
20705 0.552125
20706 0.552125
20707 0.552125
20708 0.552125
20709 0.552125
20710 0.552125
20711 0.552125
20712 0.552125
20713 0.552125
20714 0.552125
20715 0.552125
20716 0.552125
20717 0.552125
20718 0.552125
20719 0.552125
20720 0.552125
20721 0.541993
20722 0.541993
20723 0.541993
20724 0.541993
20725 0.541993
20726 0.541993
20727 0.541993
20728 0.541993
20729 0.541993
20730 0.541993
20731 0.541993
20732 0.541993
20733 0.541993
20734 0.541993
20735 0.541993
20736 0.541993
20737 0.541993
20738 0.541993
20739 0.541993
20740 0.541993
20741 0.541993
20742 0.541993
20743 0.541993
20744 0.541993
20745 0.541993
20746 0.541993
20747 0.541993
20748 0.541993
20749 0.541993
20750 0.541993
20751 0.541993
20752 0.541993
20753 0.541993
20754 0.541993
20755 0.541993
20756 0.541993
20757 0.541993
20758 0.541993
20759 0.541993
20760 0.541993
20761 0.541993
20762 0.541993
20763 0.541993
20764 0.541993
20765 0.541993
20766 0.541993
20767 0.541993
20768 0.541993
20769 0.541993
20770 0.541993
20771 0.541993
20772 0.541993
20773 0.541993
20774 0.541993
20775 0.541993
20776 0.541993
20777 0.541993
20778 0.541993
20779 0.541993
20780 0.541993
20781 0.541993
20782 0.541993
20783 0.541993
20784 0.541993
20785 0.541993
20786 0.541993
20787 0.541993
20788 0.541993
20789 0.541993
20790 0.541993
20791 0.541993
20792 0.541993
20793 0.541993
20794 0.541993
20795 0.541993
20796 0.541993
20797 0.541993
20798 0.541993
20799 0.541993
20800 0.541993
20801 0.541993
20802 0.541993
20803 0.541993
20804 0.541993
20805 0.541993
20806 0.541993
20807 0.541993
20808 0.541993
20809 0.541993
20810 0.541993
20811 0.541993
20812 0.541993
20813 0.541993
20814 0.541993
20815 0.541993
20816 0.541993
20817 0.541993
20818 0.541993
20819 0.541993
20820 0.541993
20821 0.541993
20822 0.541993
20823 0.541993
20824 0.541993
20825 0.541993
20826 0.541993
20827 0.541993
20828 0.541993
20829 0.541993
20830 0.541993
20831 0.541993
20832 0.541993
20833 0.541993
20834 0.541993
20835 0.541993
20836 0.541993
20837 0.541993
20838 0.541993
20839 0.541993
20840 0.541993
20841 0.541993
20842 0.541993
20843 0.541993
20844 0.541993
20845 0.541993
20846 0.541993
20847 0.541993
20848 0.541993
20849 0.541993
20850 0.541993
20851 0.541993
20852 0.541993
20853 0.541993
20854 0.541993
20855 0.541993
20856 0.541993
20857 0.541993
20858 0.541993
20859 0.541993
20860 0.541993
20861 0.541993
20862 0.541993
20863 0.541993
20864 0.541993
20865 0.541993
20866 0.541993
20867 0.541993
20868 0.541993
20869 0.541993
20870 0.541993
20871 0.541993
20872 0.541993
20873 0.541993
20874 0.541993
20875 0.541993
20876 0.541993
20877 0.541993
20878 0.541993
20879 0.541993
20880 0.541993
20881 0.541993
20882 0.541993
20883 0.541993
20884 0.541993
20885 0.541993
20886 0.541993
20887 0.541993
20888 0.541993
20889 0.541993
20890 0.541993
20891 0.541993
20892 0.541993
20893 0.541993
20894 0.541993
20895 0.541993
20896 0.541993
20897 0.541993
20898 0.541993
20899 0.541993
20900 0.541993
20901 0.541993
20902 0.541993
20903 0.541993
20904 0.541993
20905 0.541993
20906 0.541993
20907 0.541993
20908 0.541993
20909 0.541993
20910 0.541993
20911 0.541993
20912 0.541993
20913 0.541993
20914 0.541993
20915 0.541993
20916 0.541993
20917 0.541993
20918 0.541993
20919 0.541993
20920 0.541993
20921 0.541993
20922 0.541993
20923 0.541993
20924 0.541993
20925 0.541993
20926 0.541993
20927 0.541993
20928 0.541993
20929 0.541993
20930 0.541993
20931 0.541993
20932 0.541993
20933 0.541993
20934 0.541993
20935 0.541993
20936 0.541993
20937 0.541993
20938 0.541993
20939 0.541993
20940 0.541993
20941 0.541993
20942 0.541993
20943 0.541993
20944 0.541993
20945 0.541993
20946 0.541993
20947 0.541993
20948 0.541993
20949 0.541993
20950 0.541993
20951 0.541993
20952 0.541993
20953 0.541993
20954 0.541993
20955 0.541993
20956 0.541993
20957 0.541993
20958 0.541993
20959 0.541993
20960 0.541993
20961 0.541993
20962 0.541993
20963 0.541993
20964 0.541993
20965 0.541993
20966 0.541993
20967 0.541993
20968 0.541993
20969 0.541993
20970 0.541993
20971 0.541993
20972 0.541993
20973 0.541993
20974 0.541993
20975 0.541993
20976 0.541993
20977 0.541993
20978 0.541993
20979 0.541993
20980 0.541993
20981 0.541993
20982 0.541993
20983 0.541993
20984 0.541993
20985 0.541993
20986 0.541993
20987 0.541993
20988 0.541993
20989 0.541993
20990 0.541993
20991 0.541993
20992 0.541993
20993 0.541993
20994 0.541993
20995 0.541993
20996 0.541993
20997 0.541993
20998 0.541993
20999 0.541993
21000 0.541993
21001 0.541993
21002 0.541993
21003 0.541993
21004 0.541993
21005 0.541993
21006 0.541993
21007 0.541993
21008 0.541993
21009 0.541993
21010 0.541993
21011 0.541993
21012 0.541993
21013 0.541993
21014 0.541993
21015 0.541993
21016 0.541993
21017 0.541993
21018 0.541993
21019 0.541993
21020 0.541993
21021 0.541993
21022 0.541993
21023 0.541993
21024 0.541993
21025 0.541993
21026 0.541993
21027 0.541993
21028 0.541993
21029 0.541993
21030 0.541993
21031 0.541993
21032 0.541993
21033 0.541993
21034 0.541993
21035 0.541993
21036 0.541993
21037 0.541993
21038 0.541993
21039 0.541993
21040 0.541993
21041 0.541993
21042 0.541993
21043 0.541993
21044 0.541993
21045 0.541993
21046 0.541993
21047 0.541993
21048 0.541993
21049 0.541993
21050 0.541993
21051 0.541993
21052 0.541993
21053 0.541993
21054 0.541993
21055 0.541993
21056 0.541993
21057 0.541993
21058 0.541993
21059 0.541993
21060 0.541993
21061 0.541993
21062 0.541993
21063 0.541993
21064 0.541993
21065 0.541993
21066 0.541993
21067 0.541993
21068 0.541993
21069 0.541993
21070 0.541993
21071 0.541993
21072 0.541993
21073 0.541993
21074 0.541993
21075 0.541993
21076 0.541993
21077 0.541993
21078 0.541993
21079 0.541993
21080 0.541993
21081 0.541993
21082 0.541993
21083 0.541993
21084 0.541993
21085 0.541993
21086 0.541993
21087 0.541993
21088 0.541993
21089 0.541993
21090 0.541993
21091 0.541993
21092 0.541993
21093 0.541993
21094 0.541993
21095 0.541993
21096 0.541993
21097 0.541993
21098 0.541993
21099 0.541993
21100 0.541993
21101 0.541993
21102 0.541993
21103 0.541993
21104 0.541993
21105 0.541993
21106 0.541993
21107 0.541993
21108 0.541993
21109 0.541993
21110 0.541993
21111 0.541993
21112 0.541993
21113 0.541993
21114 0.541993
21115 0.541993
21116 0.541993
21117 0.541993
21118 0.541993
21119 0.541993
21120 0.541993
21121 0.541993
21122 0.541993
21123 0.541993
21124 0.541993
21125 0.541993
21126 0.541993
21127 0.541993
21128 0.541993
21129 0.541993
21130 0.541993
21131 0.541993
21132 0.541993
21133 0.541993
21134 0.541993
21135 0.541993
21136 0.541993
21137 0.541993
21138 0.541993
21139 0.541993
21140 0.541993
21141 0.541993
21142 0.541993
21143 0.541993
21144 0.541993
21145 0.541993
21146 0.541993
21147 0.541993
21148 0.541993
21149 0.541993
21150 0.541993
21151 0.541993
21152 0.541993
21153 0.541993
21154 0.541993
21155 0.541993
21156 0.541993
21157 0.541993
21158 0.541993
21159 0.541993
21160 0.541993
21161 0.541993
21162 0.541993
21163 0.541993
21164 0.541993
21165 0.541993
21166 0.541993
21167 0.541993
21168 0.541993
21169 0.541993
21170 0.541993
21171 0.541993
21172 0.541993
21173 0.541993
21174 0.541993
21175 0.541993
21176 0.541993
21177 0.541993
21178 0.541993
21179 0.541993
21180 0.541993
21181 0.541993
21182 0.541993
21183 0.541993
21184 0.541993
21185 0.541993
21186 0.541993
21187 0.541993
21188 0.541993
21189 0.541993
21190 0.541993
21191 0.541993
21192 0.541993
21193 0.541993
21194 0.541993
21195 0.541993
21196 0.541993
21197 0.541993
21198 0.541993
21199 0.541993
21200 0.541993
21201 0.541993
21202 0.541993
21203 0.541993
21204 0.541993
21205 0.541993
21206 0.541993
21207 0.541993
21208 0.541993
21209 0.541993
21210 0.541993
21211 0.541993
21212 0.541993
21213 0.541993
21214 0.541993
21215 0.541993
21216 0.541993
21217 0.541993
21218 0.541993
21219 0.541993
21220 0.541993
21221 0.541993
21222 0.541993
21223 0.541993
21224 0.541993
21225 0.541993
21226 0.541993
21227 0.541993
21228 0.541993
21229 0.541993
21230 0.541993
21231 0.541993
21232 0.541993
21233 0.541993
21234 0.541993
21235 0.541993
21236 0.541993
21237 0.541993
21238 0.541993
21239 0.541993
21240 0.541993
21241 0.541993
21242 0.541993
21243 0.541993
21244 0.541993
21245 0.541993
21246 0.541993
21247 0.541993
21248 0.541993
21249 0.541993
21250 0.541993
21251 0.541993
21252 0.541993
21253 0.541993
21254 0.541993
21255 0.541993
21256 0.541993
21257 0.541993
21258 0.541993
21259 0.541993
21260 0.541993
21261 0.541993
21262 0.541993
21263 0.541993
21264 0.541993
21265 0.541993
21266 0.541993
21267 0.541993
21268 0.541993
21269 0.541993
21270 0.541993
21271 0.541993
21272 0.541993
21273 0.541993
21274 0.541993
21275 0.541993
21276 0.541993
21277 0.541993
21278 0.541993
21279 0.541993
21280 0.541993
21281 0.541993
21282 0.541993
21283 0.541993
21284 0.541993
21285 0.541993
21286 0.541993
21287 0.541993
21288 0.541993
21289 0.541993
21290 0.541993
21291 0.541993
21292 0.541993
21293 0.541993
21294 0.541993
21295 0.541993
21296 0.541993
21297 0.541993
21298 0.541993
21299 0.541993
21300 0.541993
21301 0.541993
21302 0.541993
21303 0.541993
21304 0.541993
21305 0.541993
21306 0.541993
21307 0.541993
21308 0.541993
21309 0.541993
21310 0.541993
21311 0.541993
21312 0.541993
21313 0.541993
21314 0.541993
21315 0.541993
21316 0.541993
21317 0.541993
21318 0.541993
21319 0.541993
21320 0.541993
21321 0.541993
21322 0.541993
21323 0.541993
21324 0.541993
21325 0.541993
21326 0.541993
21327 0.541993
21328 0.541993
21329 0.541993
21330 0.541993
21331 0.541993
21332 0.541993
21333 0.541993
21334 0.541993
21335 0.541993
21336 0.541993
21337 0.541993
21338 0.541993
21339 0.541993
21340 0.541993
21341 0.541993
21342 0.541993
21343 0.541993
21344 0.541993
21345 0.541993
21346 0.541993
21347 0.541993
21348 0.541993
21349 0.541993
21350 0.541993
21351 0.541993
21352 0.541993
21353 0.541993
21354 0.541993
21355 0.541993
21356 0.541993
21357 0.541993
21358 0.541993
21359 0.541993
21360 0.541993
21361 0.541993
21362 0.541993
21363 0.541993
21364 0.541993
21365 0.541993
21366 0.541993
21367 0.541993
21368 0.541993
21369 0.541993
21370 0.541993
21371 0.541993
21372 0.541993
21373 0.541993
21374 0.541993
21375 0.541993
21376 0.541993
21377 0.541993
21378 0.541993
21379 0.541993
21380 0.541993
21381 0.541993
21382 0.541993
21383 0.541993
21384 0.541993
21385 0.541993
21386 0.541993
21387 0.541993
21388 0.541993
21389 0.541993
21390 0.541993
21391 0.541993
21392 0.541993
21393 0.541993
21394 0.541993
21395 0.541993
21396 0.541993
21397 0.541993
21398 0.541993
21399 0.541993
21400 0.541993
21401 0.541993
21402 0.541993
21403 0.541993
21404 0.541993
21405 0.541993
21406 0.541993
21407 0.541993
21408 0.541993
21409 0.541993
21410 0.541993
21411 0.541993
21412 0.541993
21413 0.541993
21414 0.541993
21415 0.541993
21416 0.541993
21417 0.541993
21418 0.541993
21419 0.541993
21420 0.541993
21421 0.541993
21422 0.541993
21423 0.541993
21424 0.541993
21425 0.541993
21426 0.541993
21427 0.541993
21428 0.541993
21429 0.541993
21430 0.541993
21431 0.541993
21432 0.541993
21433 0.541993
21434 0.541993
21435 0.541993
21436 0.541993
21437 0.541993
21438 0.541993
21439 0.541993
21440 0.541993
21441 0.541993
21442 0.541993
21443 0.541993
21444 0.541993
21445 0.541993
21446 0.541993
21447 0.541993
21448 0.541993
21449 0.541993
21450 0.541993
21451 0.541993
21452 0.541993
21453 0.541993
21454 0.541993
21455 0.541993
21456 0.541993
21457 0.541993
21458 0.541993
21459 0.541993
21460 0.541993
21461 0.541993
21462 0.541993
21463 0.541993
21464 0.541993
21465 0.541993
21466 0.541993
21467 0.541993
21468 0.541993
21469 0.541993
21470 0.541993
21471 0.541993
21472 0.541993
21473 0.541993
21474 0.541993
21475 0.541993
21476 0.541993
21477 0.541993
21478 0.541993
21479 0.541993
21480 0.541993
21481 0.541993
21482 0.541993
21483 0.541993
21484 0.541993
21485 0.541993
21486 0.541993
21487 0.541993
21488 0.541993
21489 0.541993
21490 0.541993
21491 0.541993
21492 0.541993
21493 0.541993
21494 0.541993
21495 0.541993
21496 0.541993
21497 0.541993
21498 0.541993
21499 0.541993
21500 0.541993
21501 0.541993
21502 0.541993
21503 0.541993
21504 0.541993
21505 0.541993
21506 0.541993
21507 0.541993
21508 0.541993
21509 0.541993
21510 0.541993
21511 0.541993
21512 0.541993
21513 0.541993
21514 0.541993
21515 0.541993
21516 0.541993
21517 0.541993
21518 0.541993
21519 0.541993
21520 0.541993
21521 0.541993
21522 0.541993
21523 0.541993
21524 0.541993
21525 0.541993
21526 0.541993
21527 0.541993
21528 0.541993
21529 0.541993
21530 0.541993
21531 0.541993
21532 0.541993
21533 0.541993
21534 0.541993
21535 0.541993
21536 0.541993
21537 0.541993
21538 0.541993
21539 0.541993
21540 0.541993
21541 0.541993
21542 0.541993
21543 0.541993
21544 0.541993
21545 0.541993
21546 0.541993
21547 0.541993
21548 0.541993
21549 0.541993
21550 0.541993
21551 0.541993
21552 0.541993
21553 0.541993
21554 0.541993
21555 0.541993
21556 0.541993
21557 0.541993
21558 0.541993
21559 0.541993
21560 0.541993
21561 0.541993
21562 0.541993
21563 0.541993
21564 0.541993
21565 0.541993
21566 0.541993
21567 0.541993
21568 0.541993
21569 0.541993
21570 0.541993
21571 0.541993
21572 0.541993
21573 0.541993
21574 0.541993
21575 0.541993
21576 0.541993
21577 0.541993
21578 0.541993
21579 0.541993
21580 0.541993
21581 0.541993
21582 0.541993
21583 0.541993
21584 0.541993
21585 0.541993
21586 0.541993
21587 0.541993
21588 0.541993
21589 0.541993
21590 0.541993
21591 0.541993
21592 0.541993
21593 0.541993
21594 0.541993
21595 0.541993
21596 0.541993
21597 0.541993
21598 0.541993
21599 0.541993
21600 0.541993
21601 0.541993
21602 0.541993
21603 0.541993
21604 0.541993
21605 0.541993
21606 0.541993
21607 0.541993
21608 0.541993
21609 0.541993
21610 0.541993
21611 0.541993
21612 0.541993
21613 0.541993
21614 0.541993
21615 0.541993
21616 0.541993
21617 0.541993
21618 0.541993
21619 0.541993
21620 0.541993
21621 0.541993
21622 0.541993
21623 0.541993
21624 0.541993
21625 0.541993
21626 0.541993
21627 0.541993
21628 0.541993
21629 0.541993
21630 0.541993
21631 0.541993
21632 0.541993
21633 0.541993
21634 0.541993
21635 0.541993
21636 0.541993
21637 0.541993
21638 0.541993
21639 0.541993
21640 0.541993
21641 0.541993
21642 0.541993
21643 0.541993
21644 0.541993
21645 0.541993
21646 0.541993
21647 0.541993
21648 0.541993
21649 0.541993
21650 0.541993
21651 0.541993
21652 0.541993
21653 0.541993
21654 0.541993
21655 0.541993
21656 0.541993
21657 0.541993
21658 0.541993
21659 0.541993
21660 0.541993
21661 0.541993
21662 0.541993
21663 0.541993
21664 0.541993
21665 0.541993
21666 0.541993
21667 0.541993
21668 0.541993
21669 0.541993
21670 0.541993
21671 0.541993
21672 0.541993
21673 0.541993
21674 0.541993
21675 0.541993
21676 0.541993
21677 0.541993
21678 0.541993
21679 0.541993
21680 0.541993
21681 0.541993
21682 0.541993
21683 0.541993
21684 0.541993
21685 0.541993
21686 0.541993
21687 0.541993
21688 0.541993
21689 0.541993
21690 0.541993
21691 0.541993
21692 0.541993
21693 0.541993
21694 0.541993
21695 0.541993
21696 0.541993
21697 0.541993
21698 0.541993
21699 0.541993
21700 0.541993
21701 0.541993
21702 0.541993
21703 0.541993
21704 0.541993
21705 0.541993
21706 0.541993
21707 0.541993
21708 0.541993
21709 0.541993
21710 0.541993
21711 0.541993
21712 0.541993
21713 0.541993
21714 0.541993
21715 0.541993
21716 0.541993
21717 0.541993
21718 0.541993
21719 0.541993
21720 0.541993
21721 0.541993
21722 0.541993
21723 0.541993
21724 0.541993
21725 0.541993
21726 0.541993
21727 0.541993
21728 0.541993
21729 0.541993
21730 0.541993
21731 0.541993
21732 0.541993
21733 0.541993
21734 0.541993
21735 0.541993
21736 0.541993
21737 0.541993
21738 0.541993
21739 0.541993
21740 0.541993
21741 0.541993
21742 0.541993
21743 0.541993
21744 0.541993
21745 0.541993
21746 0.541993
21747 0.541993
21748 0.541993
21749 0.541993
21750 0.541993
21751 0.541993
21752 0.541993
21753 0.541993
21754 0.541993
21755 0.541993
21756 0.541993
21757 0.541993
21758 0.541993
21759 0.541993
21760 0.541993
21761 0.541993
21762 0.541993
21763 0.541993
21764 0.541993
21765 0.541993
21766 0.541993
21767 0.541993
21768 0.541993
21769 0.541993
21770 0.541993
21771 0.541993
21772 0.541993
21773 0.541993
21774 0.541993
21775 0.541993
21776 0.541993
21777 0.541993
21778 0.541993
21779 0.541993
21780 0.541993
21781 0.541993
21782 0.541993
21783 0.541993
21784 0.541993
21785 0.541993
21786 0.541993
21787 0.541993
21788 0.541993
21789 0.541993
21790 0.541993
21791 0.541993
21792 0.541993
21793 0.541993
21794 0.541993
21795 0.541993
21796 0.541993
21797 0.541993
21798 0.541993
21799 0.541993
21800 0.541993
21801 0.541993
21802 0.541993
21803 0.541993
21804 0.541993
21805 0.541993
21806 0.541993
21807 0.541993
21808 0.541993
21809 0.541993
21810 0.541993
21811 0.541993
21812 0.541993
21813 0.541993
21814 0.541993
21815 0.541993
21816 0.541993
21817 0.541993
21818 0.541993
21819 0.541993
21820 0.541993
21821 0.541993
21822 0.541993
21823 0.541993
21824 0.541993
21825 0.541993
21826 0.541993
21827 0.541993
21828 0.541993
21829 0.541993
21830 0.541993
21831 0.541993
21832 0.541993
21833 0.541993
21834 0.541993
21835 0.541993
21836 0.541993
21837 0.541993
21838 0.541993
21839 0.541993
21840 0.541993
21841 0.541993
21842 0.541993
21843 0.541993
21844 0.541993
21845 0.541993
21846 0.541993
21847 0.541993
21848 0.541993
21849 0.541993
21850 0.541993
21851 0.541993
21852 0.541993
21853 0.541993
21854 0.541993
21855 0.541993
21856 0.541993
21857 0.541993
21858 0.541993
21859 0.541993
21860 0.541993
21861 0.541993
21862 0.541993
21863 0.541993
21864 0.541993
21865 0.541993
21866 0.541993
21867 0.541993
21868 0.541993
21869 0.541993
21870 0.541993
21871 0.541993
21872 0.541993
21873 0.541993
21874 0.541993
21875 0.541993
21876 0.541993
21877 0.541993
21878 0.541993
21879 0.541993
21880 0.541993
21881 0.541993
21882 0.541993
21883 0.541993
21884 0.541993
21885 0.541993
21886 0.541993
21887 0.541993
21888 0.541993
21889 0.541993
21890 0.541993
21891 0.541993
21892 0.541993
21893 0.541993
21894 0.541993
21895 0.541993
21896 0.541993
21897 0.541993
21898 0.541993
21899 0.541993
21900 0.541993
21901 0.541993
21902 0.541993
21903 0.541993
21904 0.541993
21905 0.541993
21906 0.541993
21907 0.541993
21908 0.541993
21909 0.541993
21910 0.541993
21911 0.541993
21912 0.541993
21913 0.541993
21914 0.541993
21915 0.541993
21916 0.541993
21917 0.541993
21918 0.541993
21919 0.541993
21920 0.541993
21921 0.541993
21922 0.541993
21923 0.541993
21924 0.541993
21925 0.541993
21926 0.541993
21927 0.541993
21928 0.541993
21929 0.541993
21930 0.541993
21931 0.541993
21932 0.541993
21933 0.541993
21934 0.541993
21935 0.541993
21936 0.541993
21937 0.541993
21938 0.541993
21939 0.541993
21940 0.541993
21941 0.541993
21942 0.541993
21943 0.541993
21944 0.541993
21945 0.541993
21946 0.541993
21947 0.541993
21948 0.541993
21949 0.541993
21950 0.541993
21951 0.541993
21952 0.541993
21953 0.541993
21954 0.541993
21955 0.541993
21956 0.541993
21957 0.541993
21958 0.541993
21959 0.536699
21960 0.536699
21961 0.536699
21962 0.536699
21963 0.536699
21964 0.536699
21965 0.536699
21966 0.536699
21967 0.536699
21968 0.536699
21969 0.536699
21970 0.536699
21971 0.536699
21972 0.536699
21973 0.536699
21974 0.536699
21975 0.536699
21976 0.536699
21977 0.536699
21978 0.536699
21979 0.536699
21980 0.536699
21981 0.536699
21982 0.536699
21983 0.536699
21984 0.536699
21985 0.536699
21986 0.536699
21987 0.536699
21988 0.536699
21989 0.536699
21990 0.536699
21991 0.536699
21992 0.536699
21993 0.536699
21994 0.536699
21995 0.536699
21996 0.536699
21997 0.536699
21998 0.536699
21999 0.536699
22000 0.536699
22001 0.536699
22002 0.536699
22003 0.536699
22004 0.536699
22005 0.536699
22006 0.536699
22007 0.536699
22008 0.536699
22009 0.536699
22010 0.536699
22011 0.536699
22012 0.536699
22013 0.536699
22014 0.536699
22015 0.536699
22016 0.536699
22017 0.536699
22018 0.536699
22019 0.536699
22020 0.536699
22021 0.536699
22022 0.536699
22023 0.536699
22024 0.536699
22025 0.536699
22026 0.536699
22027 0.536699
22028 0.536699
22029 0.536699
22030 0.536699
22031 0.536699
22032 0.536699
22033 0.536699
22034 0.536381
22035 0.536381
22036 0.536381
22037 0.536381
22038 0.536381
22039 0.536381
22040 0.536381
22041 0.536381
22042 0.536381
22043 0.536381
22044 0.536381
22045 0.536381
22046 0.536381
22047 0.536381
22048 0.536381
22049 0.536381
22050 0.536381
22051 0.536381
22052 0.536381
22053 0.536381
22054 0.536381
22055 0.536381
22056 0.536381
22057 0.536381
22058 0.536381
22059 0.536381
22060 0.536381
22061 0.536381
22062 0.536381
22063 0.536381
22064 0.536381
22065 0.536381
22066 0.536381
22067 0.536381
22068 0.536381
22069 0.536381
22070 0.536381
22071 0.536381
22072 0.536381
22073 0.536381
22074 0.536381
22075 0.536381
22076 0.536381
22077 0.536381
22078 0.536381
22079 0.536381
22080 0.536381
22081 0.536381
22082 0.536381
22083 0.536381
22084 0.536381
22085 0.536381
22086 0.536381
22087 0.536381
22088 0.536381
22089 0.536381
22090 0.536381
22091 0.536381
22092 0.536381
22093 0.536381
22094 0.536381
22095 0.536381
22096 0.536381
22097 0.536381
22098 0.536381
22099 0.536381
22100 0.536381
22101 0.536381
22102 0.536381
22103 0.536381
22104 0.536381
22105 0.536381
22106 0.536381
22107 0.536381
22108 0.536381
22109 0.536381
22110 0.536381
22111 0.536381
22112 0.536381
22113 0.536381
22114 0.536381
22115 0.536381
22116 0.536381
22117 0.536381
22118 0.536381
22119 0.536381
22120 0.536381
22121 0.536381
22122 0.536381
22123 0.536381
22124 0.536381
22125 0.536381
22126 0.536381
22127 0.536381
22128 0.536381
22129 0.536381
22130 0.536381
22131 0.536381
22132 0.536381
22133 0.536381
22134 0.536381
22135 0.536381
22136 0.536381
22137 0.536381
22138 0.536381
22139 0.536381
22140 0.536381
22141 0.536381
22142 0.536381
22143 0.536381
22144 0.536381
22145 0.536381
22146 0.536381
22147 0.536381
22148 0.536381
22149 0.536381
22150 0.536381
22151 0.536381
22152 0.536381
22153 0.536381
22154 0.536381
22155 0.536381
22156 0.536381
22157 0.536381
22158 0.536381
22159 0.536381
22160 0.536381
22161 0.536381
22162 0.536381
22163 0.536381
22164 0.536381
22165 0.536381
22166 0.536381
22167 0.536381
22168 0.536381
22169 0.536381
22170 0.536381
22171 0.536381
22172 0.536381
22173 0.536381
22174 0.536381
22175 0.536381
22176 0.536381
22177 0.536381
22178 0.536381
22179 0.536381
22180 0.536381
22181 0.536381
22182 0.536381
22183 0.536381
22184 0.536381
22185 0.536381
22186 0.536381
22187 0.536381
22188 0.536381
22189 0.536381
22190 0.536381
22191 0.536381
22192 0.536381
22193 0.536381
22194 0.536381
22195 0.536381
22196 0.536381
22197 0.536381
22198 0.536381
22199 0.536381
22200 0.536381
22201 0.536381
22202 0.536381
22203 0.536381
22204 0.536381
22205 0.536381
22206 0.536381
22207 0.536381
22208 0.536381
22209 0.536381
22210 0.536381
22211 0.536381
22212 0.536381
22213 0.536381
22214 0.536381
22215 0.536381
22216 0.536381
22217 0.536381
22218 0.536381
22219 0.536381
22220 0.536381
22221 0.536381
22222 0.536381
22223 0.536381
22224 0.536381
22225 0.536381
22226 0.536381
22227 0.536381
22228 0.536381
22229 0.536381
22230 0.536381
22231 0.536381
22232 0.536381
22233 0.536381
22234 0.536381
22235 0.536381
22236 0.536381
22237 0.536381
22238 0.536381
22239 0.536381
22240 0.536381
22241 0.536381
22242 0.536381
22243 0.536381
22244 0.536381
22245 0.536381
22246 0.536381
22247 0.536381
22248 0.536381
22249 0.536381
22250 0.536381
22251 0.536381
22252 0.536381
22253 0.536381
22254 0.536381
22255 0.536381
22256 0.536381
22257 0.536381
22258 0.536381
22259 0.536381
22260 0.536381
22261 0.536381
22262 0.536381
22263 0.536381
22264 0.536381
22265 0.536381
22266 0.536381
22267 0.536381
22268 0.536381
22269 0.536381
22270 0.536381
22271 0.536381
22272 0.536381
22273 0.536381
22274 0.536381
22275 0.536381
22276 0.536381
22277 0.536381
22278 0.536381
22279 0.536381
22280 0.536381
22281 0.536381
22282 0.536381
22283 0.536381
22284 0.536381
22285 0.536381
22286 0.536381
22287 0.536381
22288 0.536381
22289 0.536381
22290 0.536381
22291 0.536381
22292 0.536381
22293 0.536381
22294 0.536381
22295 0.536381
22296 0.536381
22297 0.536381
22298 0.536381
22299 0.536381
22300 0.536381
22301 0.536381
22302 0.536381
22303 0.536381
22304 0.536381
22305 0.536381
22306 0.536381
22307 0.536381
22308 0.536381
22309 0.536381
22310 0.536381
22311 0.536381
22312 0.536381
22313 0.536381
22314 0.536381
22315 0.536381
22316 0.536381
22317 0.536381
22318 0.536381
22319 0.536381
22320 0.536381
22321 0.536381
22322 0.536381
22323 0.536381
22324 0.536381
22325 0.536381
22326 0.536381
22327 0.536381
22328 0.536381
22329 0.536381
22330 0.536381
22331 0.536381
22332 0.536381
22333 0.536381
22334 0.536381
22335 0.536381
22336 0.536381
22337 0.536381
22338 0.536381
22339 0.536381
22340 0.536381
22341 0.536381
22342 0.536381
22343 0.536381
22344 0.536381
22345 0.536381
22346 0.536381
22347 0.536381
22348 0.536381
22349 0.536381
22350 0.536381
22351 0.536381
22352 0.536381
22353 0.536381
22354 0.536381
22355 0.536381
22356 0.536381
22357 0.536381
22358 0.536381
22359 0.536381
22360 0.536381
22361 0.536381
22362 0.536381
22363 0.534990
22364 0.534990
22365 0.534990
22366 0.534990
22367 0.534990
22368 0.534990
22369 0.534990
22370 0.534990
22371 0.534990
22372 0.534990
22373 0.534990
22374 0.534990
22375 0.534990
22376 0.534990
22377 0.534990
22378 0.534990
22379 0.534990
22380 0.534990
22381 0.534990
22382 0.534990
22383 0.534990
22384 0.534990
22385 0.534990
22386 0.534990
22387 0.534990
22388 0.534990
22389 0.534990
22390 0.534990
22391 0.534990
22392 0.534990
22393 0.534990
22394 0.534990
22395 0.534990
22396 0.534990
22397 0.534990
22398 0.534990
22399 0.534990
22400 0.534990
22401 0.534990
22402 0.534990
22403 0.534990
22404 0.534990
22405 0.534990
22406 0.534990
22407 0.534990
22408 0.534990
22409 0.534990
22410 0.534990
22411 0.534990
22412 0.534990
22413 0.534990
22414 0.534990
22415 0.534990
22416 0.534990
22417 0.534990
22418 0.534990
22419 0.534990
22420 0.534990
22421 0.534990
22422 0.534990
22423 0.534990
22424 0.534990
22425 0.534990
22426 0.534990
22427 0.534990
22428 0.534990
22429 0.534990
22430 0.534990
22431 0.534990
22432 0.534990
22433 0.534990
22434 0.534990
22435 0.534990
22436 0.534990
22437 0.534990
22438 0.534990
22439 0.534990
22440 0.534990
22441 0.534990
22442 0.534990
22443 0.534990
22444 0.534990
22445 0.534990
22446 0.534990
22447 0.534990
22448 0.534990
22449 0.534990
22450 0.534990
22451 0.534990
22452 0.534990
22453 0.534990
22454 0.534990
22455 0.534990
22456 0.534990
22457 0.534990
22458 0.534990
22459 0.534990
22460 0.534990
22461 0.534990
22462 0.534990
22463 0.534990
22464 0.534990
22465 0.534990
22466 0.534990
22467 0.534990
22468 0.534990
22469 0.534990
22470 0.534990
22471 0.534990
22472 0.534990
22473 0.534990
22474 0.534990
22475 0.534990
22476 0.534990
22477 0.534990
22478 0.534990
22479 0.534990
22480 0.534990
22481 0.534990
22482 0.534990
22483 0.534990
22484 0.534990
22485 0.534990
22486 0.534990
22487 0.534990
22488 0.534990
22489 0.534990
22490 0.534990
22491 0.534990
22492 0.534990
22493 0.534990
22494 0.534990
22495 0.534990
22496 0.534990
22497 0.534990
22498 0.534990
22499 0.534990
22500 0.534990
22501 0.534990
22502 0.534990
22503 0.534990
22504 0.534990
22505 0.534990
22506 0.534990
22507 0.534990
22508 0.534990
22509 0.534990
22510 0.534990
22511 0.534990
22512 0.534990
22513 0.534990
22514 0.534990
22515 0.534990
22516 0.534990
22517 0.534990
22518 0.534990
22519 0.534990
22520 0.534990
22521 0.534990
22522 0.534990
22523 0.534990
22524 0.534990
22525 0.534990
22526 0.534990
22527 0.534990
22528 0.534990
22529 0.534990
22530 0.534990
22531 0.534990
22532 0.534990
22533 0.534990
22534 0.534990
22535 0.534990
22536 0.534990
22537 0.534990
22538 0.534990
22539 0.534990
22540 0.534990
22541 0.534990
22542 0.534990
22543 0.534990
22544 0.534990
22545 0.534990
22546 0.534990
22547 0.534990
22548 0.534990
22549 0.534990
22550 0.534990
22551 0.534990
22552 0.534990
22553 0.534990
22554 0.534990
22555 0.534990
22556 0.534990
22557 0.534990
22558 0.534990
22559 0.534990
22560 0.534990
22561 0.534990
22562 0.534990
22563 0.534990
22564 0.534990
22565 0.534990
22566 0.534990
22567 0.534990
22568 0.534990
22569 0.534990
22570 0.534990
22571 0.534990
22572 0.534990
22573 0.534990
22574 0.534990
22575 0.534990
22576 0.534990
22577 0.534990
22578 0.534990
22579 0.534990
22580 0.534990
22581 0.534990
22582 0.534990
22583 0.534990
22584 0.534990
22585 0.534990
22586 0.534990
22587 0.534990
22588 0.534990
22589 0.534990
22590 0.534990
22591 0.534990
22592 0.534990
22593 0.534990
22594 0.534990
22595 0.534990
22596 0.534990
22597 0.534990
22598 0.534990
22599 0.534990
22600 0.534990
22601 0.534990
22602 0.534990
22603 0.534990
22604 0.534990
22605 0.534990
22606 0.534990
22607 0.534990
22608 0.534990
22609 0.534990
22610 0.534990
22611 0.534990
22612 0.534990
22613 0.534990
22614 0.534990
22615 0.534990
22616 0.534990
22617 0.534990
22618 0.534990
22619 0.534990
22620 0.534990
22621 0.534990
22622 0.534990
22623 0.534990
22624 0.534990
22625 0.534990
22626 0.534990
22627 0.534990
22628 0.534990
22629 0.534990
22630 0.534990
22631 0.534990
22632 0.534990
22633 0.534990
22634 0.534990
22635 0.534990
22636 0.534990
22637 0.534990
22638 0.534990
22639 0.534990
22640 0.534990
22641 0.534990
22642 0.534990
22643 0.534990
22644 0.534990
22645 0.534990
22646 0.534990
22647 0.534990
22648 0.534990
22649 0.534990
22650 0.534990
22651 0.534990
22652 0.534990
22653 0.534990
22654 0.534990
22655 0.534990
22656 0.534990
22657 0.534990
22658 0.534990
22659 0.534990
22660 0.534990
22661 0.534990
22662 0.534990
22663 0.534990
22664 0.534990
22665 0.534990
22666 0.534990
22667 0.534990
22668 0.534990
22669 0.534990
22670 0.534990
22671 0.534990
22672 0.534990
22673 0.534990
22674 0.534990
22675 0.534990
22676 0.534990
22677 0.534990
22678 0.534990
22679 0.534990
22680 0.534990
22681 0.534990
22682 0.534990
22683 0.534990
22684 0.534990
22685 0.534990
22686 0.534990
22687 0.534990
22688 0.534990
22689 0.534990
22690 0.534990
22691 0.534990
22692 0.534990
22693 0.534990
22694 0.534990
22695 0.534990
22696 0.534990
22697 0.534990
22698 0.534990
22699 0.534990
22700 0.534990
22701 0.534990
22702 0.534990
22703 0.534990
22704 0.534990
22705 0.534990
22706 0.534990
22707 0.534990
22708 0.534990
22709 0.534990
22710 0.534990
22711 0.534990
22712 0.534990
22713 0.534990
22714 0.534990
22715 0.534990
22716 0.534990
22717 0.534990
22718 0.534990
22719 0.534990
22720 0.534990
22721 0.534990
22722 0.534990
22723 0.534990
22724 0.534990
22725 0.534990
22726 0.534990
22727 0.534990
22728 0.534990
22729 0.534990
22730 0.534990
22731 0.534990
22732 0.534990
22733 0.534990
22734 0.534990
22735 0.534990
22736 0.534990
22737 0.534990
22738 0.534990
22739 0.534990
22740 0.534990
22741 0.534990
22742 0.534990
22743 0.534990
22744 0.534990
22745 0.534990
22746 0.534990
22747 0.534990
22748 0.534990
22749 0.534990
22750 0.534990
22751 0.534990
22752 0.534990
22753 0.534990
22754 0.534990
22755 0.534990
22756 0.534990
22757 0.534990
22758 0.534990
22759 0.534990
22760 0.534990
22761 0.534990
22762 0.534990
22763 0.534990
22764 0.534990
22765 0.534990
22766 0.534990
22767 0.534990
22768 0.534990
22769 0.534990
22770 0.534990
22771 0.534990
22772 0.534990
22773 0.534990
22774 0.534990
22775 0.534990
22776 0.534990
22777 0.534990
22778 0.534990
22779 0.534990
22780 0.534990
22781 0.534990
22782 0.534990
22783 0.534990
22784 0.534990
22785 0.534990
22786 0.534990
22787 0.534990
22788 0.534990
22789 0.534990
22790 0.534990
22791 0.534990
22792 0.534990
22793 0.534990
22794 0.534990
22795 0.534990
22796 0.534990
22797 0.534990
22798 0.534990
22799 0.534990
22800 0.534990
22801 0.534990
22802 0.534990
22803 0.534990
22804 0.534990
22805 0.534990
22806 0.534990
22807 0.534990
22808 0.534990
22809 0.534990
22810 0.534990
22811 0.534990
22812 0.534990
22813 0.534990
22814 0.534990
22815 0.534990
22816 0.534990
22817 0.534990
22818 0.534990
22819 0.534990
22820 0.534990
22821 0.534990
22822 0.534990
22823 0.534990
22824 0.534990
22825 0.534990
22826 0.534990
22827 0.534990
22828 0.534990
22829 0.534990
22830 0.534990
22831 0.534990
22832 0.534990
22833 0.534990
22834 0.534990
22835 0.534990
22836 0.534990
22837 0.534990
22838 0.534990
22839 0.534990
22840 0.534990
22841 0.534990
22842 0.534990
22843 0.534990
22844 0.534990
22845 0.534990
22846 0.534990
22847 0.534990
22848 0.534990
22849 0.534990
22850 0.534990
22851 0.534990
22852 0.534990
22853 0.534990
22854 0.534990
22855 0.534990
22856 0.534990
22857 0.534990
22858 0.534990
22859 0.534990
22860 0.534990
22861 0.534990
22862 0.534990
22863 0.534990
22864 0.534990
22865 0.534990
22866 0.534990
22867 0.534990
22868 0.534990
22869 0.534990
22870 0.534990
22871 0.534990
22872 0.534990
22873 0.534990
22874 0.534990
22875 0.534990
22876 0.534990
22877 0.534990
22878 0.534990
22879 0.534990
22880 0.534990
22881 0.534990
22882 0.534990
22883 0.534990
22884 0.534990
22885 0.534990
22886 0.534990
22887 0.534990
22888 0.534990
22889 0.534990
22890 0.534990
22891 0.534990
22892 0.534990
22893 0.534990
22894 0.534990
22895 0.534990
22896 0.534990
22897 0.534990
22898 0.534990
22899 0.534990
22900 0.534990
22901 0.534990
22902 0.534990
22903 0.534990
22904 0.534990
22905 0.534990
22906 0.534990
22907 0.534990
22908 0.534990
22909 0.534990
22910 0.534990
22911 0.532687
22912 0.532687
22913 0.532687
22914 0.532687
22915 0.532687
22916 0.532687
22917 0.532687
22918 0.532687
22919 0.532687
22920 0.532687
22921 0.532687
22922 0.532687
22923 0.532687
22924 0.532687
22925 0.532687
22926 0.532687
22927 0.532687
22928 0.532687
22929 0.532687
22930 0.532687
22931 0.532687
22932 0.532687
22933 0.532687
22934 0.532687
22935 0.532687
22936 0.532687
22937 0.532687
22938 0.532687
22939 0.532687
22940 0.532687
22941 0.532687
22942 0.532687
22943 0.532687
22944 0.532687
22945 0.532687
22946 0.532687
22947 0.532687
22948 0.532687
22949 0.532687
22950 0.532687
22951 0.532687
22952 0.532687
22953 0.532687
22954 0.532687
22955 0.532687
22956 0.532687
22957 0.532687
22958 0.532687
22959 0.532687
22960 0.532687
22961 0.532687
22962 0.532687
22963 0.532687
22964 0.532687
22965 0.532687
22966 0.532687
22967 0.532687
22968 0.532687
22969 0.532687
22970 0.532687
22971 0.532687
22972 0.532687
22973 0.532687
22974 0.532687
22975 0.532687
22976 0.532687
22977 0.532687
22978 0.532687
22979 0.532687
22980 0.532687
22981 0.532687
22982 0.532687
22983 0.532687
22984 0.532687
22985 0.532687
22986 0.532687
22987 0.532687
22988 0.532687
22989 0.532687
22990 0.532687
22991 0.532687
22992 0.532687
22993 0.532687
22994 0.532687
22995 0.532687
22996 0.532687
22997 0.532687
22998 0.532687
22999 0.532687
23000 0.532687
23001 0.532687
23002 0.532687
23003 0.532687
23004 0.532687
23005 0.532687
23006 0.532687
23007 0.532687
23008 0.532687
23009 0.532687
23010 0.532687
23011 0.532687
23012 0.532687
23013 0.532687
23014 0.532687
23015 0.532687
23016 0.532687
23017 0.532687
23018 0.532687
23019 0.532687
23020 0.532687
23021 0.532687
23022 0.532687
23023 0.532687
23024 0.532687
23025 0.532687
23026 0.532687
23027 0.532687
23028 0.532687
23029 0.532687
23030 0.532687
23031 0.532687
23032 0.532687
23033 0.532687
23034 0.532687
23035 0.532687
23036 0.532687
23037 0.532687
23038 0.532687
23039 0.532687
23040 0.532687
23041 0.532687
23042 0.532687
23043 0.532687
23044 0.532687
23045 0.532687
23046 0.532687
23047 0.532687
23048 0.532687
23049 0.532687
23050 0.532687
23051 0.532687
23052 0.532687
23053 0.532687
23054 0.532687
23055 0.532687
23056 0.532687
23057 0.532687
23058 0.532687
23059 0.532687
23060 0.532687
23061 0.532687
23062 0.532687
23063 0.532687
23064 0.532687
23065 0.532687
23066 0.532687
23067 0.532687
23068 0.532687
23069 0.532687
23070 0.532687
23071 0.532687
23072 0.532687
23073 0.532687
23074 0.532687
23075 0.532687
23076 0.532687
23077 0.532687
23078 0.532687
23079 0.532687
23080 0.532687
23081 0.532687
23082 0.532687
23083 0.532687
23084 0.532687
23085 0.532687
23086 0.532687
23087 0.532687
23088 0.532687
23089 0.532687
23090 0.532687
23091 0.532687
23092 0.532687
23093 0.532687
23094 0.532687
23095 0.532687
23096 0.532687
23097 0.532687
23098 0.532687
23099 0.532687
23100 0.532687
23101 0.532687
23102 0.532687
23103 0.532687
23104 0.532687
23105 0.532687
23106 0.532687
23107 0.532687
23108 0.532687
23109 0.532687
23110 0.532687
23111 0.532687
23112 0.532687
23113 0.532687
23114 0.532687
23115 0.532687
23116 0.532687
23117 0.532687
23118 0.532687
23119 0.532687
23120 0.532687
23121 0.532687
23122 0.532687
23123 0.532687
23124 0.532687
23125 0.532687
23126 0.532687
23127 0.532687
23128 0.532687
23129 0.532687
23130 0.532687
23131 0.532687
23132 0.532687
23133 0.532687
23134 0.532687
23135 0.532687
23136 0.532687
23137 0.532687
23138 0.532687
23139 0.532687
23140 0.532687
23141 0.532687
23142 0.532687
23143 0.532687
23144 0.532687
23145 0.532687
23146 0.532687
23147 0.532687
23148 0.532687
23149 0.532687
23150 0.532687
23151 0.532687
23152 0.532687
23153 0.532687
23154 0.532687
23155 0.532687
23156 0.532687
23157 0.532687
23158 0.532687
23159 0.532687
23160 0.532687
23161 0.532687
23162 0.532687
23163 0.532687
23164 0.532687
23165 0.532687
23166 0.532687
23167 0.532687
23168 0.532687
23169 0.532687
23170 0.532687
23171 0.532687
23172 0.532687
23173 0.532687
23174 0.532687
23175 0.532687
23176 0.532687
23177 0.532687
23178 0.532687
23179 0.532687
23180 0.532687
23181 0.532687
23182 0.532687
23183 0.532687
23184 0.532687
23185 0.532687
23186 0.532687
23187 0.532687
23188 0.532687
23189 0.532687
23190 0.532687
23191 0.532687
23192 0.532687
23193 0.532687
23194 0.532687
23195 0.532687
23196 0.532687
23197 0.532687
23198 0.532687
23199 0.532687
23200 0.532687
23201 0.532687
23202 0.532687
23203 0.532687
23204 0.532687
23205 0.532687
23206 0.532687
23207 0.532687
23208 0.532687
23209 0.532687
23210 0.532687
23211 0.532687
23212 0.532687
23213 0.532687
23214 0.532687
23215 0.532687
23216 0.532687
23217 0.532687
23218 0.532687
23219 0.532687
23220 0.532687
23221 0.532687
23222 0.532687
23223 0.532687
23224 0.532687
23225 0.532687
23226 0.532687
23227 0.532687
23228 0.532687
23229 0.532687
23230 0.532687
23231 0.532687
23232 0.532687
23233 0.532687
23234 0.532687
23235 0.532687
23236 0.532687
23237 0.532687
23238 0.532687
23239 0.532687
23240 0.532687
23241 0.532687
23242 0.532687
23243 0.532687
23244 0.532687
23245 0.532687
23246 0.532687
23247 0.532687
23248 0.532687
23249 0.532687
23250 0.532687
23251 0.532687
23252 0.532687
23253 0.532687
23254 0.532687
23255 0.532687
23256 0.532687
23257 0.532687
23258 0.532687
23259 0.532687
23260 0.532687
23261 0.532687
23262 0.532687
23263 0.532687
23264 0.532687
23265 0.532687
23266 0.532687
23267 0.532687
23268 0.532687
23269 0.532687
23270 0.532687
23271 0.532687
23272 0.532687
23273 0.532687
23274 0.532687
23275 0.532687
23276 0.532687
23277 0.532687
23278 0.532687
23279 0.532687
23280 0.532687
23281 0.532687
23282 0.532687
23283 0.532687
23284 0.532687
23285 0.532687
23286 0.532687
23287 0.532687
23288 0.532687
23289 0.532687
23290 0.532687
23291 0.532687
23292 0.532687
23293 0.532687
23294 0.532687
23295 0.532687
23296 0.532687
23297 0.532687
23298 0.532687
23299 0.532687
23300 0.532687
23301 0.532687
23302 0.532687
23303 0.532687
23304 0.532687
23305 0.532687
23306 0.532687
23307 0.532687
23308 0.532687
23309 0.532687
23310 0.532687
23311 0.532687
23312 0.532687
23313 0.532687
23314 0.532687
23315 0.532687
23316 0.532687
23317 0.532687
23318 0.532687
23319 0.532687
23320 0.532687
23321 0.532687
23322 0.532687
23323 0.532687
23324 0.532687
23325 0.532687
23326 0.532687
23327 0.532687
23328 0.532687
23329 0.532687
23330 0.532687
23331 0.532687
23332 0.532687
23333 0.532687
23334 0.532687
23335 0.532687
23336 0.532687
23337 0.532687
23338 0.532687
23339 0.532687
23340 0.532687
23341 0.532687
23342 0.532687
23343 0.532687
23344 0.532687
23345 0.532687
23346 0.532687
23347 0.532687
23348 0.532687
23349 0.532687
23350 0.532687
23351 0.532687
23352 0.532687
23353 0.532687
23354 0.532687
23355 0.532687
23356 0.532687
23357 0.532687
23358 0.532687
23359 0.532687
23360 0.532687
23361 0.532687
23362 0.532687
23363 0.532687
23364 0.532687
23365 0.532687
23366 0.532687
23367 0.532687
23368 0.532687
23369 0.532687
23370 0.532687
23371 0.532687
23372 0.532687
23373 0.532687
23374 0.532687
23375 0.532687
23376 0.532687
23377 0.532687
23378 0.532687
23379 0.532687
23380 0.532687
23381 0.532687
23382 0.532687
23383 0.532687
23384 0.532687
23385 0.532687
23386 0.532687
23387 0.532687
23388 0.532687
23389 0.532687
23390 0.532687
23391 0.532687
23392 0.532687
23393 0.532687
23394 0.532687
23395 0.532687
23396 0.532687
23397 0.532687
23398 0.532687
23399 0.532687
23400 0.532687
23401 0.532687
23402 0.532687
23403 0.532687
23404 0.532687
23405 0.532687
23406 0.532687
23407 0.532687
23408 0.532687
23409 0.532687
23410 0.532687
23411 0.532687
23412 0.532687
23413 0.532687
23414 0.532687
23415 0.532687
23416 0.532687
23417 0.532687
23418 0.532687
23419 0.532687
23420 0.532687
23421 0.532687
23422 0.532687
23423 0.532687
23424 0.532687
23425 0.532687
23426 0.532687
23427 0.532687
23428 0.532687
23429 0.532687
23430 0.532687
23431 0.532687
23432 0.532687
23433 0.532687
23434 0.532687
23435 0.532687
23436 0.532687
23437 0.532687
23438 0.532687
23439 0.532687
23440 0.532687
23441 0.532687
23442 0.532687
23443 0.532687
23444 0.532687
23445 0.532687
23446 0.532687
23447 0.532687
23448 0.532687
23449 0.532687
23450 0.532687
23451 0.532687
23452 0.532687
23453 0.532687
23454 0.532687
23455 0.532687
23456 0.532687
23457 0.532687
23458 0.532687
23459 0.532687
23460 0.532687
23461 0.532687
23462 0.532687
23463 0.532687
23464 0.532687
23465 0.532687
23466 0.532687
23467 0.532687
23468 0.532687
23469 0.532687
23470 0.532687
23471 0.532687
23472 0.532687
23473 0.532687
23474 0.532687
23475 0.532687
23476 0.532687
23477 0.532687
23478 0.532687
23479 0.532687
23480 0.532687
23481 0.532687
23482 0.532687
23483 0.532687
23484 0.532687
23485 0.532687
23486 0.532687
23487 0.532687
23488 0.532687
23489 0.532687
23490 0.532687
23491 0.532687
23492 0.532687
23493 0.532687
23494 0.532687
23495 0.532687
23496 0.532687
23497 0.532687
23498 0.532687
23499 0.532687
23500 0.532687
23501 0.532687
23502 0.532687
23503 0.532687
23504 0.532687
23505 0.532687
23506 0.532687
23507 0.532687
23508 0.532687
23509 0.532687
23510 0.532687
23511 0.532687
23512 0.532687
23513 0.532687
23514 0.532687
23515 0.532687
23516 0.532687
23517 0.532687
23518 0.532687
23519 0.532687
23520 0.532687
23521 0.532687
23522 0.532687
23523 0.532687
23524 0.532687
23525 0.532687
23526 0.532687
23527 0.532687
23528 0.532687
23529 0.532687
23530 0.532687
23531 0.532687
23532 0.532687
23533 0.532687
23534 0.532687
23535 0.532687
23536 0.532687
23537 0.532687
23538 0.532687
23539 0.532687
23540 0.532687
23541 0.532687
23542 0.532687
23543 0.532687
23544 0.532687
23545 0.532687
23546 0.532687
23547 0.532687
23548 0.532687
23549 0.532687
23550 0.532687
23551 0.532687
23552 0.532687
23553 0.532687
23554 0.532687
23555 0.532687
23556 0.532687
23557 0.532687
23558 0.532687
23559 0.532687
23560 0.532687
23561 0.532687
23562 0.532687
23563 0.532687
23564 0.532687
23565 0.532687
23566 0.532687
23567 0.532687
23568 0.532687
23569 0.532687
23570 0.532687
23571 0.532687
23572 0.532687
23573 0.532687
23574 0.532687
23575 0.532687
23576 0.532687
23577 0.532687
23578 0.532687
23579 0.532687
23580 0.532687
23581 0.532687
23582 0.532687
23583 0.532687
23584 0.532687
23585 0.532687
23586 0.532687
23587 0.532687
23588 0.532687
23589 0.532687
23590 0.532687
23591 0.532687
23592 0.532687
23593 0.532687
23594 0.532687
23595 0.532687
23596 0.532687
23597 0.532687
23598 0.532687
23599 0.532687
23600 0.532687
23601 0.532687
23602 0.532687
23603 0.532687
23604 0.532687
23605 0.532687
23606 0.532687
23607 0.532687
23608 0.532687
23609 0.532687
23610 0.532687
23611 0.532687
23612 0.532687
23613 0.532687
23614 0.532687
23615 0.532687
23616 0.532687
23617 0.532687
23618 0.532687
23619 0.532687
23620 0.532687
23621 0.532687
23622 0.532687
23623 0.532687
23624 0.532687
23625 0.532687
23626 0.532687
23627 0.532687
23628 0.532687
23629 0.532687
23630 0.532687
23631 0.532687
23632 0.532687
23633 0.532687
23634 0.532687
23635 0.532687
23636 0.532687
23637 0.532687
23638 0.532687
23639 0.532687
23640 0.532687
23641 0.532687
23642 0.532687
23643 0.532687
23644 0.532687
23645 0.532687
23646 0.532687
23647 0.532687
23648 0.532687
23649 0.532687
23650 0.532687
23651 0.532687
23652 0.532687
23653 0.532687
23654 0.532687
23655 0.532687
23656 0.532687
23657 0.532687
23658 0.532687
23659 0.532687
23660 0.532687
23661 0.532687
23662 0.532687
23663 0.532687
23664 0.532687
23665 0.532687
23666 0.532687
23667 0.532687
23668 0.532687
23669 0.532687
23670 0.532687
23671 0.532687
23672 0.532687
23673 0.532687
23674 0.532687
23675 0.532687
23676 0.532687
23677 0.532687
23678 0.532687
23679 0.532687
23680 0.532687
23681 0.532687
23682 0.532687
23683 0.532687
23684 0.532687
23685 0.532687
23686 0.532687
23687 0.532687
23688 0.532687
23689 0.529445
23690 0.529445
23691 0.529445
23692 0.529445
23693 0.529445
23694 0.529445
23695 0.529445
23696 0.529445
23697 0.529445
23698 0.529445
23699 0.529445
23700 0.529445
23701 0.529445
23702 0.529445
23703 0.529445
23704 0.529445
23705 0.529445
23706 0.529445
23707 0.529445
23708 0.529445
23709 0.529445
23710 0.529445
23711 0.529445
23712 0.529445
23713 0.529445
23714 0.529445
23715 0.529445
23716 0.529445
23717 0.529445
23718 0.529445
23719 0.529445
23720 0.529445
23721 0.529445
23722 0.529445
23723 0.529445
23724 0.529445
23725 0.529445
23726 0.529445
23727 0.529445
23728 0.529445
23729 0.529445
23730 0.529445
23731 0.529445
23732 0.529445
23733 0.529445
23734 0.529445
23735 0.529445
23736 0.529445
23737 0.529445
23738 0.529445
23739 0.529445
23740 0.529445
23741 0.529445
23742 0.529445
23743 0.529445
23744 0.529445
23745 0.529445
23746 0.529445
23747 0.529445
23748 0.529445
23749 0.529445
23750 0.529445
23751 0.529445
23752 0.529445
23753 0.529445
23754 0.529445
23755 0.529445
23756 0.529445
23757 0.529445
23758 0.529445
23759 0.529445
23760 0.529445
23761 0.529445
23762 0.529445
23763 0.529445
23764 0.529445
23765 0.529445
23766 0.529445
23767 0.529445
23768 0.529445
23769 0.529445
23770 0.529445
23771 0.529445
23772 0.529445
23773 0.529445
23774 0.529445
23775 0.529445
23776 0.529445
23777 0.529445
23778 0.529445
23779 0.529445
23780 0.529445
23781 0.529445
23782 0.529445
23783 0.529445
23784 0.529445
23785 0.529445
23786 0.529445
23787 0.529445
23788 0.529445
23789 0.529445
23790 0.529445
23791 0.529445
23792 0.529445
23793 0.529445
23794 0.529445
23795 0.529445
23796 0.529445
23797 0.529445
23798 0.529445
23799 0.529445
23800 0.529445
23801 0.529445
23802 0.529445
23803 0.529445
23804 0.529445
23805 0.529445
23806 0.529445
23807 0.529445
23808 0.529445
23809 0.529445
23810 0.529445
23811 0.529445
23812 0.529445
23813 0.529445
23814 0.529445
23815 0.529445
23816 0.529445
23817 0.529445
23818 0.529445
23819 0.529445
23820 0.529445
23821 0.529445
23822 0.529445
23823 0.529445
23824 0.529445
23825 0.529445
23826 0.529445
23827 0.529445
23828 0.529445
23829 0.529445
23830 0.529445
23831 0.529445
23832 0.529445
23833 0.529445
23834 0.529445
23835 0.529445
23836 0.529445
23837 0.529445
23838 0.529445
23839 0.529445
23840 0.529445
23841 0.529445
23842 0.529445
23843 0.529445
23844 0.529445
23845 0.529445
23846 0.529445
23847 0.529445
23848 0.529445
23849 0.529445
23850 0.529445
23851 0.529445
23852 0.529445
23853 0.529445
23854 0.529445
23855 0.529445
23856 0.529445
23857 0.529445
23858 0.529445
23859 0.529445
23860 0.529445
23861 0.529445
23862 0.529445
23863 0.529445
23864 0.529445
23865 0.529445
23866 0.529445
23867 0.529445
23868 0.529445
23869 0.529445
23870 0.529445
23871 0.529445
23872 0.529445
23873 0.529445
23874 0.529445
23875 0.529445
23876 0.529445
23877 0.529445
23878 0.529445
23879 0.529445
23880 0.529445
23881 0.529445
23882 0.529445
23883 0.529445
23884 0.529445
23885 0.529445
23886 0.529445
23887 0.529445
23888 0.529445
23889 0.529445
23890 0.529445
23891 0.529445
23892 0.529445
23893 0.529445
23894 0.529445
23895 0.529445
23896 0.529445
23897 0.529445
23898 0.529445
23899 0.529445
23900 0.529445
23901 0.529445
23902 0.529445
23903 0.529445
23904 0.529445
23905 0.529445
23906 0.529445
23907 0.529445
23908 0.529445
23909 0.529445
23910 0.529445
23911 0.529445
23912 0.529445
23913 0.529445
23914 0.529445
23915 0.529445
23916 0.529445
23917 0.529445
23918 0.529445
23919 0.529445
23920 0.529445
23921 0.529445
23922 0.529445
23923 0.529445
23924 0.529445
23925 0.529445
23926 0.529445
23927 0.529445
23928 0.529445
23929 0.529445
23930 0.529445
23931 0.529445
23932 0.529445
23933 0.529445
23934 0.529445
23935 0.529445
23936 0.529445
23937 0.529445
23938 0.529445
23939 0.529445
23940 0.529445
23941 0.529445
23942 0.529445
23943 0.528394
23944 0.528394
23945 0.528394
23946 0.528394
23947 0.528394
23948 0.528394
23949 0.528394
23950 0.528394
23951 0.528394
23952 0.528394
23953 0.528394
23954 0.528394
23955 0.528394
23956 0.528394
23957 0.528394
23958 0.528394
23959 0.528394
23960 0.528394
23961 0.528394
23962 0.528394
23963 0.528394
23964 0.528394
23965 0.528394
23966 0.528394
23967 0.528394
23968 0.528394
23969 0.528394
23970 0.528394
23971 0.528394
23972 0.528394
23973 0.528394
23974 0.528394
23975 0.528394
23976 0.528394
23977 0.528394
23978 0.528394
23979 0.528394
23980 0.528394
23981 0.528394
23982 0.528394
23983 0.528394
23984 0.528394
23985 0.528394
23986 0.528394
23987 0.528394
23988 0.528394
23989 0.528394
23990 0.528394
23991 0.528394
23992 0.528394
23993 0.528394
23994 0.528394
23995 0.528394
23996 0.528394
23997 0.528394
23998 0.528394
23999 0.528394
24000 0.528394
24001 0.528394
24002 0.528394
24003 0.528394
24004 0.528394
24005 0.528394
24006 0.528394
24007 0.528394
24008 0.528394
24009 0.528394
24010 0.528394
24011 0.528394
24012 0.528394
24013 0.528394
24014 0.528394
24015 0.528394
24016 0.528394
24017 0.528394
24018 0.528394
24019 0.528394
24020 0.528394
24021 0.528394
24022 0.528394
24023 0.528394
24024 0.528394
24025 0.528394
24026 0.528394
24027 0.528394
24028 0.528394
24029 0.528394
24030 0.528394
24031 0.528394
24032 0.528394
24033 0.528394
24034 0.528394
24035 0.528394
24036 0.528394
24037 0.528394
24038 0.528394
24039 0.528394
24040 0.528394
24041 0.528394
24042 0.528394
24043 0.528394
24044 0.528394
24045 0.528394
24046 0.528394
24047 0.528394
24048 0.528394
24049 0.528394
24050 0.528394
24051 0.528394
24052 0.528394
24053 0.528394
24054 0.528394
24055 0.528394
24056 0.528394
24057 0.528394
24058 0.528394
24059 0.528394
24060 0.528394
24061 0.528394
24062 0.528394
24063 0.528394
24064 0.528394
24065 0.528394
24066 0.528394
24067 0.528394
24068 0.528394
24069 0.528394
24070 0.528394
24071 0.528394
24072 0.528394
24073 0.528394
24074 0.528394
24075 0.528394
24076 0.528394
24077 0.528394
24078 0.528394
24079 0.528394
24080 0.528394
24081 0.528394
24082 0.528394
24083 0.528394
24084 0.528394
24085 0.528394
24086 0.528394
24087 0.528394
24088 0.528394
24089 0.528394
24090 0.528394
24091 0.528394
24092 0.528394
24093 0.528394
24094 0.528394
24095 0.528394
24096 0.528394
24097 0.528394
24098 0.528394
24099 0.528394
24100 0.528394
24101 0.528394
24102 0.528394
24103 0.528394
24104 0.528394
24105 0.528394
24106 0.528394
24107 0.528394
24108 0.528394
24109 0.528394
24110 0.528394
24111 0.528394
24112 0.528394
24113 0.528394
24114 0.528394
24115 0.528394
24116 0.528394
24117 0.528394
24118 0.528394
24119 0.528394
24120 0.528394
24121 0.528394
24122 0.528394
24123 0.528394
24124 0.528394
24125 0.528394
24126 0.528394
24127 0.528394
24128 0.528394
24129 0.528394
24130 0.528394
24131 0.528394
24132 0.528394
24133 0.528394
24134 0.528394
24135 0.528394
24136 0.528394
24137 0.528394
24138 0.528394
24139 0.528394
24140 0.528394
24141 0.528394
24142 0.528394
24143 0.528394
24144 0.528394
24145 0.528394
24146 0.528394
24147 0.528394
24148 0.528394
24149 0.528394
24150 0.528394
24151 0.528394
24152 0.528394
24153 0.528394
24154 0.528394
24155 0.528394
24156 0.528394
24157 0.527511
24158 0.527511
24159 0.527511
24160 0.527511
24161 0.527511
24162 0.527511
24163 0.527511
24164 0.527511
24165 0.527511
24166 0.527511
24167 0.527511
24168 0.527511
24169 0.527511
24170 0.527511
24171 0.527511
24172 0.527511
24173 0.527511
24174 0.527511
24175 0.527511
24176 0.527511
24177 0.527511
24178 0.527511
24179 0.527511
24180 0.527511
24181 0.527511
24182 0.527511
24183 0.527511
24184 0.527511
24185 0.527511
24186 0.527511
24187 0.527511
24188 0.527511
24189 0.527511
24190 0.527511
24191 0.527511
24192 0.527511
24193 0.527511
24194 0.527511
24195 0.527511
24196 0.527511
24197 0.527511
24198 0.527511
24199 0.527511
24200 0.527511
24201 0.527511
24202 0.527511
24203 0.527511
24204 0.527511
24205 0.527511
24206 0.527511
24207 0.527511
24208 0.527511
24209 0.527511
24210 0.527511
24211 0.527511
24212 0.527511
24213 0.527511
24214 0.527511
24215 0.527511
24216 0.527511
24217 0.527511
24218 0.527511
24219 0.527511
24220 0.527511
24221 0.527511
24222 0.527511
24223 0.527511
24224 0.527511
24225 0.527511
24226 0.527511
24227 0.527511
24228 0.527511
24229 0.527511
24230 0.527511
24231 0.527511
24232 0.527511
24233 0.527511
24234 0.527511
24235 0.527511
24236 0.527511
24237 0.527511
24238 0.527511
24239 0.527511
24240 0.527511
24241 0.527511
24242 0.527511
24243 0.527511
24244 0.527511
24245 0.527511
24246 0.527511
24247 0.527511
24248 0.527511
24249 0.527511
24250 0.527511
24251 0.527511
24252 0.527511
24253 0.527511
24254 0.527511
24255 0.527511
24256 0.527511
24257 0.527511
24258 0.527511
24259 0.527511
24260 0.527511
24261 0.527511
24262 0.527511
24263 0.527511
24264 0.527511
24265 0.527511
24266 0.527511
24267 0.527511
24268 0.527511
24269 0.527511
24270 0.527511
24271 0.527511
24272 0.527511
24273 0.527511
24274 0.527511
24275 0.527511
24276 0.527511
24277 0.527511
24278 0.527511
24279 0.527511
24280 0.527511
24281 0.527511
24282 0.527511
24283 0.527511
24284 0.527511
24285 0.527511
24286 0.527511
24287 0.527511
24288 0.527511
24289 0.527511
24290 0.527511
24291 0.527511
24292 0.527511
24293 0.527511
24294 0.527511
24295 0.527511
24296 0.527511
24297 0.527511
24298 0.527511
24299 0.527511
24300 0.527511
24301 0.527511
24302 0.527511
24303 0.527511
24304 0.527511
24305 0.527511
24306 0.527511
24307 0.527511
24308 0.527511
24309 0.527511
24310 0.527511
24311 0.527511
24312 0.527511
24313 0.527511
24314 0.527511
24315 0.527511
24316 0.527511
24317 0.527511
24318 0.527511
24319 0.527511
24320 0.527511
24321 0.527511
24322 0.527511
24323 0.527511
24324 0.527511
24325 0.527511
24326 0.527511
24327 0.527511
24328 0.527511
24329 0.527511
24330 0.527511
24331 0.527511
24332 0.527511
24333 0.527511
24334 0.527511
24335 0.527511
24336 0.527511
24337 0.527511
24338 0.527511
24339 0.527511
24340 0.527511
24341 0.527511
24342 0.527511
24343 0.527511
24344 0.527511
24345 0.527511
24346 0.527511
24347 0.526730
24348 0.526730
24349 0.526730
24350 0.526730
24351 0.526730
24352 0.526730
24353 0.526730
24354 0.526730
24355 0.526730
24356 0.526730
24357 0.526730
24358 0.526730
24359 0.526730
24360 0.526730
24361 0.526730
24362 0.526730
24363 0.526730
24364 0.526730
24365 0.526730
24366 0.526730
24367 0.526730
24368 0.526730
24369 0.526730
24370 0.526730
24371 0.526730
24372 0.526730
24373 0.526730
24374 0.526730
24375 0.526730
24376 0.526730
24377 0.526730
24378 0.526730
24379 0.526730
24380 0.526730
24381 0.526730
24382 0.526730
24383 0.526730
24384 0.526730
24385 0.526730
24386 0.526730
24387 0.526730
24388 0.526730
24389 0.526730
24390 0.526730
24391 0.526730
24392 0.526730
24393 0.526730
24394 0.526730
24395 0.526730
24396 0.526730
24397 0.526730
24398 0.526730
24399 0.526730
24400 0.526730
24401 0.526730
24402 0.526730
24403 0.526730
24404 0.526730
24405 0.526730
24406 0.526730
24407 0.526730
24408 0.526730
24409 0.526730
24410 0.526730
24411 0.526730
24412 0.526730
24413 0.526730
24414 0.526730
24415 0.526730
24416 0.526730
24417 0.526730
24418 0.526730
24419 0.526730
24420 0.526730
24421 0.526730
24422 0.526730
24423 0.526730
24424 0.526730
24425 0.526730
24426 0.526730
24427 0.526730
24428 0.526730
24429 0.526730
24430 0.526730
24431 0.526730
24432 0.526730
24433 0.526730
24434 0.526730
24435 0.526730
24436 0.526730
24437 0.526730
24438 0.526730
24439 0.526730
24440 0.526730
24441 0.526730
24442 0.526730
24443 0.526730
24444 0.526730
24445 0.526730
24446 0.526730
24447 0.526730
24448 0.526730
24449 0.526730
24450 0.526730
24451 0.526730
24452 0.526730
24453 0.526730
24454 0.526730
24455 0.526730
24456 0.526730
24457 0.526730
24458 0.526730
24459 0.526730
24460 0.526730
24461 0.526730
24462 0.526730
24463 0.526730
24464 0.526730
24465 0.526730
24466 0.526730
24467 0.526730
24468 0.526730
24469 0.526730
24470 0.526730
24471 0.526730
24472 0.526730
24473 0.526730
24474 0.526730
24475 0.526730
24476 0.526730
24477 0.526730
24478 0.526730
24479 0.526730
24480 0.526730
24481 0.526730
24482 0.526730
24483 0.526730
24484 0.526730
24485 0.526730
24486 0.526730
24487 0.526730
24488 0.526730
24489 0.526730
24490 0.526730
24491 0.526730
24492 0.526730
24493 0.526730
24494 0.526730
24495 0.526730
24496 0.526730
24497 0.526730
24498 0.526730
24499 0.526730
24500 0.526730
24501 0.526730
24502 0.526730
24503 0.526730
24504 0.526730
24505 0.526730
24506 0.526730
24507 0.526730
24508 0.526730
24509 0.526730
24510 0.526730
24511 0.526730
24512 0.526730
24513 0.526730
24514 0.526730
24515 0.526730
24516 0.526730
24517 0.526730
24518 0.526730
24519 0.526730
24520 0.526730
24521 0.526730
24522 0.526730
24523 0.526730
24524 0.526730
24525 0.526730
24526 0.526730
24527 0.526730
24528 0.526730
24529 0.526730
24530 0.526730
24531 0.526730
24532 0.526730
24533 0.526730
24534 0.526730
24535 0.526730
24536 0.526730
24537 0.526730
24538 0.526730
24539 0.526730
24540 0.526730
24541 0.526730
24542 0.526730
24543 0.526730
24544 0.526730
24545 0.526730
24546 0.526730
24547 0.526730
24548 0.526730
24549 0.526730
24550 0.526730
24551 0.526730
24552 0.526730
24553 0.526730
24554 0.526730
24555 0.526730
24556 0.526730
24557 0.526730
24558 0.526730
24559 0.526730
24560 0.526730
24561 0.526730
24562 0.526730
24563 0.526730
24564 0.526730
24565 0.526730
24566 0.526730
24567 0.526730
24568 0.526730
24569 0.526730
24570 0.526730
24571 0.526730
24572 0.526730
24573 0.526730
24574 0.526730
24575 0.526730
24576 0.526730
24577 0.526730
24578 0.526730
24579 0.526730
24580 0.526730
24581 0.526730
24582 0.526730
24583 0.526730
24584 0.526730
24585 0.526730
24586 0.526730
24587 0.526730
24588 0.526730
24589 0.526730
24590 0.526730
24591 0.526730
24592 0.526730
24593 0.526730
24594 0.526730
24595 0.526730
24596 0.526730
24597 0.526730
24598 0.526730
24599 0.526730
24600 0.526730
24601 0.526730
24602 0.526730
24603 0.526730
24604 0.526730
24605 0.526730
24606 0.526730
24607 0.526730
24608 0.526730
24609 0.526730
24610 0.526730
24611 0.526730
24612 0.526730
24613 0.526730
24614 0.526730
24615 0.526730
24616 0.526730
24617 0.526730
24618 0.526730
24619 0.526730
24620 0.526730
24621 0.526730
24622 0.526730
24623 0.526730
24624 0.526730
24625 0.526730
24626 0.526730
24627 0.526730
24628 0.526730
24629 0.526730
24630 0.526730
24631 0.526730
24632 0.526730
24633 0.526730
24634 0.526730
24635 0.526730
24636 0.526730
24637 0.526730
24638 0.526730
24639 0.526730
24640 0.526730
24641 0.526730
24642 0.526730
24643 0.526730
24644 0.526730
24645 0.526730
24646 0.526730
24647 0.526730
24648 0.526730
24649 0.526730
24650 0.526730
24651 0.526730
24652 0.526730
24653 0.526730
24654 0.526730
24655 0.526730
24656 0.526730
24657 0.526730
24658 0.526730
24659 0.526730
24660 0.526730
24661 0.526730
24662 0.526730
24663 0.526730
24664 0.526730
24665 0.526730
24666 0.526730
24667 0.526730
24668 0.526730
24669 0.526730
24670 0.526730
24671 0.526730
24672 0.526730
24673 0.526730
24674 0.526730
24675 0.526730
24676 0.526730
24677 0.526730
24678 0.526730
24679 0.526730
24680 0.526730
24681 0.526730
24682 0.526730
24683 0.526730
24684 0.526730
24685 0.526730
24686 0.526730
24687 0.526730
24688 0.526730
24689 0.526730
24690 0.526730
24691 0.526730
24692 0.526730
24693 0.526730
24694 0.526730
24695 0.526730
24696 0.526730
24697 0.526730
24698 0.526730
24699 0.526730
24700 0.526730
24701 0.526730
24702 0.526730
24703 0.526730
24704 0.526730
24705 0.526730
24706 0.526730
24707 0.526730
24708 0.526730
24709 0.526730
24710 0.526730
24711 0.526730
24712 0.526730
24713 0.526730
24714 0.526730
24715 0.526730
24716 0.526730
24717 0.526730
24718 0.526730
24719 0.526730
24720 0.526730
24721 0.526730
24722 0.526730
24723 0.526730
24724 0.526730
24725 0.526730
24726 0.526730
24727 0.526730
24728 0.526730
24729 0.526730
24730 0.526730
24731 0.526730
24732 0.526730
24733 0.526730
24734 0.526730
24735 0.526730
24736 0.526730
24737 0.526730
24738 0.526730
24739 0.526730
24740 0.526730
24741 0.526730
24742 0.526730
24743 0.526730
24744 0.526730
24745 0.526730
24746 0.526730
24747 0.526730
24748 0.526730
24749 0.526730
24750 0.526730
24751 0.526730
24752 0.526730
24753 0.526730
24754 0.526730
24755 0.526730
24756 0.526730
24757 0.526730
24758 0.526730
24759 0.526730
24760 0.526730
24761 0.526730
24762 0.526730
24763 0.526730
24764 0.526730
24765 0.526730
24766 0.526730
24767 0.526730
24768 0.526730
24769 0.526730
24770 0.526730
24771 0.526730
24772 0.526730
24773 0.526730
24774 0.526730
24775 0.526730
24776 0.526730
24777 0.526730
24778 0.526730
24779 0.526730
24780 0.526730
24781 0.526730
24782 0.526730
24783 0.526730
24784 0.526730
24785 0.526730
24786 0.526730
24787 0.526730
24788 0.526730
24789 0.526730
24790 0.526730
24791 0.526730
24792 0.526730
24793 0.526730
24794 0.526730
24795 0.526730
24796 0.526730
24797 0.526730
24798 0.526730
24799 0.526730
24800 0.526730
24801 0.526730
24802 0.526730
24803 0.526730
24804 0.526730
24805 0.526730
24806 0.526730
24807 0.526730
24808 0.526730
24809 0.526730
24810 0.526730
24811 0.526730
24812 0.526730
24813 0.526730
24814 0.526730
24815 0.526730
24816 0.526730
24817 0.526730
24818 0.526730
24819 0.526730
24820 0.526730
24821 0.526730
24822 0.526730
24823 0.526730
24824 0.526730
24825 0.526730
24826 0.526730
24827 0.526730
24828 0.526730
24829 0.526730
24830 0.526730
24831 0.526730
24832 0.526730
24833 0.526730
24834 0.526730
24835 0.526730
24836 0.526730
24837 0.526730
24838 0.526730
24839 0.526730
24840 0.526730
24841 0.526730
24842 0.526730
24843 0.526730
24844 0.526730
24845 0.526730
24846 0.526730
24847 0.526730
24848 0.526730
24849 0.526730
24850 0.526730
24851 0.526730
24852 0.526730
24853 0.526730
24854 0.526730
24855 0.526730
24856 0.526730
24857 0.526730
24858 0.526730
24859 0.526730
24860 0.526730
24861 0.526730
24862 0.526730
24863 0.526730
24864 0.526730
24865 0.526730
24866 0.526730
24867 0.526730
24868 0.526730
24869 0.526730
24870 0.526730
24871 0.526730
24872 0.526730
24873 0.526730
24874 0.526730
24875 0.526730
24876 0.526730
24877 0.526730
24878 0.526730
24879 0.526730
24880 0.526730
24881 0.526730
24882 0.526730
24883 0.526730
24884 0.526730
24885 0.526730
24886 0.526730
24887 0.526730
24888 0.526730
24889 0.526730
24890 0.526730
24891 0.526730
24892 0.526730
24893 0.526730
24894 0.526730
24895 0.526730
24896 0.526730
24897 0.526730
24898 0.526730
24899 0.526730
24900 0.526730
24901 0.526730
24902 0.526730
24903 0.526730
24904 0.526730
24905 0.526730
24906 0.526730
24907 0.526730
24908 0.526730
24909 0.526730
24910 0.526730
24911 0.526730
24912 0.526730
24913 0.526730
24914 0.526730
24915 0.526730
24916 0.526730
24917 0.526730
24918 0.526730
24919 0.526730
24920 0.526730
24921 0.526730
24922 0.526730
24923 0.526730
24924 0.526730
24925 0.526730
24926 0.526730
24927 0.526730
24928 0.526730
24929 0.526730
24930 0.526730
24931 0.526730
24932 0.526730
24933 0.526730
24934 0.526730
24935 0.526730
24936 0.526730
24937 0.526730
24938 0.526730
24939 0.526730
24940 0.526730
24941 0.526730
24942 0.526730
24943 0.526730
24944 0.526730
24945 0.526730
24946 0.526730
24947 0.526730
24948 0.526730
24949 0.526730
24950 0.526730
24951 0.526730
24952 0.526730
24953 0.526730
24954 0.526730
24955 0.526730
24956 0.526730
24957 0.526730
24958 0.526730
24959 0.526730
24960 0.526730
24961 0.526730
24962 0.526730
24963 0.526730
24964 0.526730
24965 0.526730
24966 0.526730
24967 0.526730
24968 0.526730
24969 0.526730
24970 0.526730
24971 0.526730
24972 0.526730
24973 0.526730
24974 0.526730
24975 0.526730
24976 0.526730
24977 0.526730
24978 0.526730
24979 0.526730
24980 0.526730
24981 0.526730
24982 0.526730
24983 0.526730
24984 0.526730
24985 0.526730
24986 0.526730
24987 0.526730
24988 0.526730
24989 0.526730
24990 0.526730
24991 0.526730
24992 0.526730
24993 0.526730
24994 0.526730
24995 0.526730
24996 0.526730
24997 0.526730
24998 0.526730
24999 0.526730
25000 0.526730
25001 0.526730
25002 0.526730
25003 0.526730
25004 0.526730
25005 0.526730
25006 0.526730
25007 0.526730
25008 0.526730
25009 0.526730
25010 0.526730
25011 0.526730
25012 0.526730
25013 0.526730
25014 0.526730
25015 0.526730
25016 0.526730
25017 0.526730
25018 0.526730
25019 0.526730
25020 0.526730
25021 0.526730
25022 0.526730
25023 0.526730
25024 0.526730
25025 0.526730
25026 0.526730
25027 0.526730
25028 0.526730
25029 0.526730
25030 0.526730
25031 0.526730
25032 0.526730
25033 0.526730
25034 0.526730
25035 0.526730
25036 0.526730
25037 0.526730
25038 0.526730
25039 0.526730
25040 0.526730
25041 0.526730
25042 0.526730
25043 0.526730
25044 0.526730
25045 0.526730
25046 0.526730
25047 0.526730
25048 0.526730
25049 0.526730
25050 0.526730
25051 0.526730
25052 0.526730
25053 0.526730
25054 0.526730
25055 0.526730
25056 0.526730
25057 0.526730
25058 0.526730
25059 0.526730
25060 0.526730
25061 0.526730
25062 0.526730
25063 0.526730
25064 0.526730
25065 0.526730
25066 0.526730
25067 0.526730
25068 0.526730
25069 0.526730
25070 0.526730
25071 0.526730
25072 0.526730
25073 0.526730
25074 0.526730
25075 0.526730
25076 0.526730
25077 0.526730
25078 0.526730
25079 0.526730
25080 0.526730
25081 0.526730
25082 0.526730
25083 0.526730
25084 0.526730
25085 0.526730
25086 0.526730
25087 0.526730
25088 0.526730
25089 0.526730
25090 0.526730
25091 0.526730
25092 0.526730
25093 0.526730
25094 0.526730
25095 0.526730
25096 0.526730
25097 0.526730
25098 0.526730
25099 0.526730
25100 0.526730
25101 0.526730
25102 0.526730
25103 0.526730
25104 0.526730
25105 0.526730
25106 0.526730
25107 0.526730
25108 0.526730
25109 0.526730
25110 0.526730
25111 0.526730
25112 0.526730
25113 0.526730
25114 0.526730
25115 0.526730
25116 0.526730
25117 0.526730
25118 0.526730
25119 0.526730
25120 0.526730
25121 0.526730
25122 0.526730
25123 0.526730
25124 0.526730
25125 0.526730
25126 0.526730
25127 0.526730
25128 0.526730
25129 0.526730
25130 0.526730
25131 0.526730
25132 0.526730
25133 0.526730
25134 0.526730
25135 0.526730
25136 0.526730
25137 0.526730
25138 0.526730
25139 0.526730
25140 0.526730
25141 0.526730
25142 0.526730
25143 0.526730
25144 0.526730
25145 0.526730
25146 0.526730
25147 0.526730
25148 0.526730
25149 0.526730
25150 0.526730
25151 0.526730
25152 0.526730
25153 0.526730
25154 0.526730
25155 0.526730
25156 0.526730
25157 0.526730
25158 0.526730
25159 0.526730
25160 0.526730
25161 0.526730
25162 0.526730
25163 0.526730
25164 0.526730
25165 0.526730
25166 0.526730
25167 0.526730
25168 0.526730
25169 0.526730
25170 0.526730
25171 0.526730
25172 0.526730
25173 0.526730
25174 0.526730
25175 0.526730
25176 0.526730
25177 0.526730
25178 0.526730
25179 0.526730
25180 0.526730
25181 0.526730
25182 0.526730
25183 0.526730
25184 0.526730
25185 0.526730
25186 0.526730
25187 0.526730
25188 0.526730
25189 0.526730
25190 0.526730
25191 0.526730
25192 0.526730
25193 0.526730
25194 0.526730
25195 0.526730
25196 0.526730
25197 0.526730
25198 0.526730
25199 0.526730
25200 0.526730
25201 0.526730
25202 0.526730
25203 0.526730
25204 0.526730
25205 0.526730
25206 0.526730
25207 0.526730
25208 0.526730
25209 0.526730
25210 0.526730
25211 0.526730
25212 0.526730
25213 0.526730
25214 0.526730
25215 0.526730
25216 0.526730
25217 0.526730
25218 0.526730
25219 0.526730
25220 0.526730
25221 0.526730
25222 0.526730
25223 0.526730
25224 0.526730
25225 0.526730
25226 0.526730
25227 0.526730
25228 0.526730
25229 0.526730
25230 0.526730
25231 0.526730
25232 0.526730
25233 0.526730
25234 0.526730
25235 0.526730
25236 0.526730
25237 0.526730
25238 0.526730
25239 0.526730
25240 0.526730
25241 0.526730
25242 0.526730
25243 0.526730
25244 0.526730
25245 0.526730
25246 0.526730
25247 0.526730
25248 0.526730
25249 0.526730
25250 0.526730
25251 0.526730
25252 0.526730
25253 0.526730
25254 0.526730
25255 0.526730
25256 0.526730
25257 0.526730
25258 0.526730
25259 0.526730
25260 0.526730
25261 0.526730
25262 0.526730
25263 0.526730
25264 0.526730
25265 0.526730
25266 0.526730
25267 0.526730
25268 0.526730
25269 0.526730
25270 0.526730
25271 0.526730
25272 0.526730
25273 0.526730
25274 0.526730
25275 0.526730
25276 0.526730
25277 0.526730
25278 0.526730
25279 0.526730
25280 0.526730
25281 0.526730
25282 0.526730
25283 0.526730
25284 0.526730
25285 0.526730
25286 0.526730
25287 0.526730
25288 0.526730
25289 0.526730
25290 0.526730
25291 0.526730
25292 0.526730
25293 0.526730
25294 0.526730
25295 0.526730
25296 0.526730
25297 0.526730
25298 0.526730
25299 0.526730
25300 0.526730
25301 0.526730
25302 0.526730
25303 0.526730
25304 0.526730
25305 0.526730
25306 0.526730
25307 0.526730
25308 0.526730
25309 0.526730
25310 0.526730
25311 0.526730
25312 0.526730
25313 0.526730
25314 0.526730
25315 0.526730
25316 0.526730
25317 0.526730
25318 0.526730
25319 0.526730
25320 0.526730
25321 0.526730
25322 0.526730
25323 0.526730
25324 0.526730
25325 0.526730
25326 0.526730
25327 0.526730
25328 0.526730
25329 0.526730
25330 0.526730
25331 0.526730
25332 0.526730
25333 0.526730
25334 0.526730
25335 0.526730
25336 0.526730
25337 0.526730
25338 0.526730
25339 0.526730
25340 0.526730
25341 0.526730
25342 0.526730
25343 0.526730
25344 0.526730
25345 0.526730
25346 0.526730
25347 0.526730
25348 0.526730
25349 0.526730
25350 0.526730
25351 0.526730
25352 0.526730
25353 0.526730
25354 0.526730
25355 0.526730
25356 0.526730
25357 0.526730
25358 0.526730
25359 0.526730
25360 0.526730
25361 0.526730
25362 0.526730
25363 0.526730
25364 0.526730
25365 0.526730
25366 0.526730
25367 0.526730
25368 0.526730
25369 0.526730
25370 0.526730
25371 0.526730
25372 0.526730
25373 0.526730
25374 0.526730
25375 0.526730
25376 0.526730
25377 0.526730
25378 0.526730
25379 0.526730
25380 0.526730
25381 0.526730
25382 0.526730
25383 0.526730
25384 0.526730
25385 0.526730
25386 0.526730
25387 0.526730
25388 0.526730
25389 0.526730
25390 0.526730
25391 0.526730
25392 0.526730
25393 0.526730
25394 0.526730
25395 0.526730
25396 0.526730
25397 0.526730
25398 0.526730
25399 0.526730
25400 0.526730
25401 0.526730
25402 0.526730
25403 0.526730
25404 0.526730
25405 0.526730
25406 0.526730
25407 0.526730
25408 0.526730
25409 0.526730
25410 0.526730
25411 0.526730
25412 0.526730
25413 0.526730
25414 0.526730
25415 0.526730
25416 0.526730
25417 0.526730
25418 0.526730
25419 0.526730
25420 0.526730
25421 0.526730
25422 0.526730
25423 0.526730
25424 0.526730
25425 0.526730
25426 0.526730
25427 0.526730
25428 0.526730
25429 0.526730
25430 0.526730
25431 0.526730
25432 0.526730
25433 0.526730
25434 0.526730
25435 0.526730
25436 0.526730
25437 0.526730
25438 0.526730
25439 0.526730
25440 0.526730
25441 0.526730
25442 0.526730
25443 0.526730
25444 0.526730
25445 0.526730
25446 0.526730
25447 0.526730
25448 0.526730
25449 0.526730
25450 0.526730
25451 0.526730
25452 0.526730
25453 0.526730
25454 0.526730
25455 0.526730
25456 0.526730
25457 0.526730
25458 0.526730
25459 0.526730
25460 0.526730
25461 0.526730
25462 0.526730
25463 0.526730
25464 0.526730
25465 0.526730
25466 0.526730
25467 0.526730
25468 0.526730
25469 0.526730
25470 0.526730
25471 0.526730
25472 0.526730
25473 0.526730
25474 0.526730
25475 0.526730
25476 0.526730
25477 0.526730
25478 0.526730
25479 0.526730
25480 0.526730
25481 0.526730
25482 0.526730
25483 0.526730
25484 0.526730
25485 0.526730
25486 0.526730
25487 0.526730
25488 0.526730
25489 0.526730
25490 0.526730
25491 0.526730
25492 0.526730
25493 0.526730
25494 0.526730
25495 0.526730
25496 0.526730
25497 0.526730
25498 0.526730
25499 0.526730
25500 0.526730
25501 0.526730
25502 0.526730
25503 0.526730
25504 0.526730
25505 0.526730
25506 0.526730
25507 0.526730
25508 0.526730
25509 0.526730
25510 0.526730
25511 0.526730
25512 0.526730
25513 0.526730
25514 0.526730
25515 0.526730
25516 0.526730
25517 0.526730
25518 0.526730
25519 0.526730
25520 0.526730
25521 0.526730
25522 0.526730
25523 0.526730
25524 0.526730
25525 0.526730
25526 0.526730
25527 0.526730
25528 0.526730
25529 0.526730
25530 0.526730
25531 0.526730
25532 0.526730
25533 0.526730
25534 0.526730
25535 0.526730
25536 0.526730
25537 0.526730
25538 0.526730
25539 0.526730
25540 0.526730
25541 0.526730
25542 0.526730
25543 0.526730
25544 0.526730
25545 0.526730
25546 0.526730
25547 0.526730
25548 0.526730
25549 0.526730
25550 0.526730
25551 0.526730
25552 0.526730
25553 0.526730
25554 0.526730
25555 0.526730
25556 0.526730
25557 0.526730
25558 0.526730
25559 0.526730
25560 0.526730
25561 0.526730
25562 0.526730
25563 0.526730
25564 0.526730
25565 0.526730
25566 0.526730
25567 0.526730
25568 0.526730
25569 0.526730
25570 0.526730
25571 0.526730
25572 0.526730
25573 0.526730
25574 0.526730
25575 0.526730
25576 0.526730
25577 0.526730
25578 0.526730
25579 0.526730
25580 0.526730
25581 0.526730
25582 0.526730
25583 0.526730
25584 0.526730
25585 0.526730
25586 0.526730
25587 0.526730
25588 0.526730
25589 0.526730
25590 0.526730
25591 0.526730
25592 0.526730
25593 0.526730
25594 0.526730
25595 0.526730
25596 0.526730
25597 0.526730
25598 0.526730
25599 0.526730
25600 0.526730
25601 0.526730
25602 0.526730
25603 0.526730
25604 0.526730
25605 0.526730
25606 0.526730
25607 0.526730
25608 0.526730
25609 0.526730
25610 0.526730
25611 0.526730
25612 0.526730
25613 0.526730
25614 0.526730
25615 0.526730
25616 0.526730
25617 0.526730
25618 0.526730
25619 0.526730
25620 0.526730
25621 0.526730
25622 0.526730
25623 0.526730
25624 0.526730
25625 0.526730
25626 0.526730
25627 0.526730
25628 0.526730
25629 0.526730
25630 0.526730
25631 0.526730
25632 0.526730
25633 0.526730
25634 0.526730
25635 0.526730
25636 0.526730
25637 0.526730
25638 0.526730
25639 0.526730
25640 0.526730
25641 0.526730
25642 0.526730
25643 0.526730
25644 0.526730
25645 0.526730
25646 0.526730
25647 0.526730
25648 0.526730
25649 0.526730
25650 0.526730
25651 0.526730
25652 0.526730
25653 0.526730
25654 0.526730
25655 0.526730
25656 0.526730
25657 0.526730
25658 0.526730
25659 0.526730
25660 0.521380
25661 0.521380
25662 0.521380
25663 0.521380
25664 0.521380
25665 0.521380
25666 0.521380
25667 0.521380
25668 0.521380
25669 0.521380
25670 0.521380
25671 0.521380
25672 0.521380
25673 0.521380
25674 0.521380
25675 0.521380
25676 0.521380
25677 0.521380
25678 0.521380
25679 0.521380
25680 0.521380
25681 0.521380
25682 0.521380
25683 0.521380
25684 0.521380
25685 0.521380
25686 0.521380
25687 0.521380
25688 0.521380
25689 0.521380
25690 0.521380
25691 0.521380
25692 0.521380
25693 0.521380
25694 0.521380
25695 0.521380
25696 0.521380
25697 0.521380
25698 0.521380
25699 0.521380
25700 0.521380
25701 0.521380
25702 0.521380
25703 0.521380
25704 0.521380
25705 0.521380
25706 0.521380
25707 0.521380
25708 0.521380
25709 0.521380
25710 0.521380
25711 0.521380
25712 0.521380
25713 0.521380
25714 0.521380
25715 0.521380
25716 0.521380
25717 0.521380
25718 0.521380
25719 0.521380
25720 0.521380
25721 0.521380
25722 0.521380
25723 0.521380
25724 0.521380
25725 0.521380
25726 0.521380
25727 0.521380
25728 0.521380
25729 0.521380
25730 0.521380
25731 0.521380
25732 0.521380
25733 0.521380
25734 0.521380
25735 0.521380
25736 0.521380
25737 0.521380
25738 0.521380
25739 0.521380
25740 0.521380
25741 0.521380
25742 0.521380
25743 0.521380
25744 0.521380
25745 0.521380
25746 0.521380
25747 0.521380
25748 0.521380
25749 0.521380
25750 0.521380
25751 0.521380
25752 0.521380
25753 0.521380
25754 0.521380
25755 0.521380
25756 0.521380
25757 0.521380
25758 0.521380
25759 0.521380
25760 0.521380
25761 0.521380
25762 0.521380
25763 0.521380
25764 0.521380
25765 0.521380
25766 0.521380
25767 0.521380
25768 0.521380
25769 0.521380
25770 0.521380
25771 0.521380
25772 0.521380
25773 0.521380
25774 0.521380
25775 0.521380
25776 0.521380
25777 0.521380
25778 0.521380
25779 0.521380
25780 0.521380
25781 0.521380
25782 0.521380
25783 0.521380
25784 0.521380
25785 0.521380
25786 0.521380
25787 0.521380
25788 0.521380
25789 0.521380
25790 0.521380
25791 0.521380
25792 0.521380
25793 0.521380
25794 0.521380
25795 0.521380
25796 0.521380
25797 0.521380
25798 0.521380
25799 0.521380
25800 0.521380
25801 0.521380
25802 0.521380
25803 0.521380
25804 0.521380
25805 0.521380
25806 0.521380
25807 0.521380
25808 0.521380
25809 0.521380
25810 0.521380
25811 0.521380
25812 0.521380
25813 0.521380
25814 0.521380
25815 0.521380
25816 0.521380
25817 0.521380
25818 0.521380
25819 0.521380
25820 0.521380
25821 0.521380
25822 0.521380
25823 0.521380
25824 0.521380
25825 0.521380
25826 0.521380
25827 0.521380
25828 0.521380
25829 0.521380
25830 0.521380
25831 0.521380
25832 0.521380
25833 0.521380
25834 0.521380
25835 0.521380
25836 0.521380
25837 0.521380
25838 0.521380
25839 0.521380
25840 0.521380
25841 0.521380
25842 0.521380
25843 0.521380
25844 0.521380
25845 0.521380
25846 0.521380
25847 0.521380
25848 0.521380
25849 0.521380
25850 0.521380
25851 0.521380
25852 0.521380
25853 0.521380
25854 0.521380
25855 0.521380
25856 0.521380
25857 0.521380
25858 0.521380
25859 0.521380
25860 0.521380
25861 0.521380
25862 0.521380
25863 0.521380
25864 0.521380
25865 0.521380
25866 0.521380
25867 0.521380
25868 0.521380
25869 0.521380
25870 0.521380
25871 0.521380
25872 0.521380
25873 0.521380
25874 0.521380
25875 0.521380
25876 0.521380
25877 0.521380
25878 0.521380
25879 0.521380
25880 0.521380
25881 0.521380
25882 0.521380
25883 0.521380
25884 0.521380
25885 0.521380
25886 0.521380
25887 0.521380
25888 0.521380
25889 0.521380
25890 0.521380
25891 0.521380
25892 0.521380
25893 0.521380
25894 0.521380
25895 0.521380
25896 0.521380
25897 0.521380
25898 0.521380
25899 0.521380
25900 0.521380
25901 0.521380
25902 0.521380
25903 0.521380
25904 0.521380
25905 0.521380
25906 0.521380
25907 0.521380
25908 0.521380
25909 0.521380
25910 0.521380
25911 0.521380
25912 0.521380
25913 0.521380
25914 0.521380
25915 0.521380
25916 0.521380
25917 0.521380
25918 0.521380
25919 0.521380
25920 0.521380
25921 0.521380
25922 0.521380
25923 0.521380
25924 0.521380
25925 0.521380
25926 0.521380
25927 0.521380
25928 0.521380
25929 0.520295
25930 0.520295
25931 0.520295
25932 0.520295
25933 0.520295
25934 0.520295
25935 0.520295
25936 0.520295
25937 0.520295
25938 0.520295
25939 0.520295
25940 0.520295
25941 0.520295
25942 0.520295
25943 0.520295
25944 0.520295
25945 0.520295
25946 0.520295
25947 0.520295
25948 0.520295
25949 0.520295
25950 0.520295
25951 0.520295
25952 0.520295
25953 0.520295
25954 0.520295
25955 0.520295
25956 0.520295
25957 0.520295
25958 0.520295
25959 0.520295
25960 0.520295
25961 0.520295
25962 0.520295
25963 0.520295
25964 0.520295
25965 0.520295
25966 0.520295
25967 0.520295
25968 0.520295
25969 0.520295
25970 0.520295
25971 0.520295
25972 0.520295
25973 0.520295
25974 0.520295
25975 0.520295
25976 0.520295
25977 0.520295
25978 0.520295
25979 0.520295
25980 0.520295
25981 0.520295
25982 0.520295
25983 0.520295
25984 0.520295
25985 0.520295
25986 0.520295
25987 0.520295
25988 0.520295
25989 0.520295
25990 0.520295
25991 0.520295
25992 0.520295
25993 0.520295
25994 0.520295
25995 0.520295
25996 0.520295
25997 0.520295
25998 0.520295
25999 0.520295
26000 0.520295
26001 0.520295
26002 0.520295
26003 0.520295
26004 0.520295
26005 0.520295
26006 0.520295
26007 0.520295
26008 0.520295
26009 0.520295
26010 0.520295
26011 0.520295
26012 0.520295
26013 0.520295
26014 0.520295
26015 0.520295
26016 0.520295
26017 0.520295
26018 0.520295
26019 0.520295
26020 0.520295
26021 0.520295
26022 0.520295
26023 0.520295
26024 0.520295
26025 0.520295
26026 0.520295
26027 0.520295
26028 0.520295
26029 0.520295
26030 0.520295
26031 0.520295
26032 0.520295
26033 0.520295
26034 0.520295
26035 0.520295
26036 0.520295
26037 0.520295
26038 0.520295
26039 0.520295
26040 0.520295
26041 0.520295
26042 0.520295
26043 0.520295
26044 0.520295
26045 0.520295
26046 0.520295
26047 0.520295
26048 0.520295
26049 0.520295
26050 0.520295
26051 0.520295
26052 0.520295
26053 0.520295
26054 0.520295
26055 0.520295
26056 0.520295
26057 0.520295
26058 0.520295
26059 0.520295
26060 0.520295
26061 0.520295
26062 0.520295
26063 0.520295
26064 0.520295
26065 0.520295
26066 0.520295
26067 0.520295
26068 0.520295
26069 0.520295
26070 0.520295
26071 0.520295
26072 0.520295
26073 0.520295
26074 0.520295
26075 0.520295
26076 0.520295
26077 0.520295
26078 0.520295
26079 0.520295
26080 0.520295
26081 0.520295
26082 0.520295
26083 0.520295
26084 0.520295
26085 0.520295
26086 0.520295
26087 0.520295
26088 0.520295
26089 0.520295
26090 0.520295
26091 0.520295
26092 0.520295
26093 0.520295
26094 0.520295
26095 0.520295
26096 0.520295
26097 0.520295
26098 0.520295
26099 0.520295
26100 0.520295
26101 0.520295
26102 0.520295
26103 0.520295
26104 0.520295
26105 0.520295
26106 0.520295
26107 0.520295
26108 0.520295
26109 0.520295
26110 0.520295
26111 0.520295
26112 0.520295
26113 0.520295
26114 0.520295
26115 0.520295
26116 0.520295
26117 0.520295
26118 0.520295
26119 0.520295
26120 0.520295
26121 0.520295
26122 0.520295
26123 0.520295
26124 0.520295
26125 0.520295
26126 0.520295
26127 0.520295
26128 0.520295
26129 0.520295
26130 0.520295
26131 0.520295
26132 0.520295
26133 0.520295
26134 0.520295
26135 0.520295
26136 0.520295
26137 0.520295
26138 0.520295
26139 0.520295
26140 0.520295
26141 0.520295
26142 0.520295
26143 0.520295
26144 0.520295
26145 0.520295
26146 0.520295
26147 0.520295
26148 0.520295
26149 0.520295
26150 0.520295
26151 0.520295
26152 0.520295
26153 0.520295
26154 0.520295
26155 0.520295
26156 0.520295
26157 0.520295
26158 0.520295
26159 0.520295
26160 0.520295
26161 0.520295
26162 0.520295
26163 0.520295
26164 0.520295
26165 0.520295
26166 0.520295
26167 0.520295
26168 0.520295
26169 0.520295
26170 0.520295
26171 0.520295
26172 0.520295
26173 0.520295
26174 0.520295
26175 0.520295
26176 0.520295
26177 0.520295
26178 0.520295
26179 0.520295
26180 0.520295
26181 0.520295
26182 0.520295
26183 0.520295
26184 0.520295
26185 0.520295
26186 0.520295
26187 0.520295
26188 0.520295
26189 0.520295
26190 0.520295
26191 0.520295
26192 0.520295
26193 0.520295
26194 0.520295
26195 0.520295
26196 0.520295
26197 0.520295
26198 0.520295
26199 0.520295
26200 0.520295
26201 0.520295
26202 0.520295
26203 0.520295
26204 0.520295
26205 0.520295
26206 0.520295
26207 0.520295
26208 0.520295
26209 0.520295
26210 0.520295
26211 0.520295
26212 0.520295
26213 0.520295
26214 0.520295
26215 0.520295
26216 0.520295
26217 0.520295
26218 0.520295
26219 0.520295
26220 0.520295
26221 0.520295
26222 0.520295
26223 0.520295
26224 0.520295
26225 0.520295
26226 0.520295
26227 0.520295
26228 0.520295
26229 0.520295
26230 0.520295
26231 0.520295
26232 0.520295
26233 0.520295
26234 0.520295
26235 0.520295
26236 0.520295
26237 0.520295
26238 0.520295
26239 0.520295
26240 0.520295
26241 0.520295
26242 0.520295
26243 0.520295
26244 0.520295
26245 0.520295
26246 0.520295
26247 0.520295
26248 0.520295
26249 0.520295
26250 0.520295
26251 0.520295
26252 0.520295
26253 0.520295
26254 0.520295
26255 0.520295
26256 0.520295
26257 0.520295
26258 0.520295
26259 0.520295
26260 0.520295
26261 0.520295
26262 0.520295
26263 0.520295
26264 0.520295
26265 0.520295
26266 0.520295
26267 0.520295
26268 0.520295
26269 0.520295
26270 0.520295
26271 0.520295
26272 0.520295
26273 0.520295
26274 0.520295
26275 0.520295
26276 0.520295
26277 0.520295
26278 0.520295
26279 0.520295
26280 0.520295
26281 0.520295
26282 0.520295
26283 0.520295
26284 0.518870
26285 0.518870
26286 0.518870
26287 0.518870
26288 0.518870
26289 0.518870
26290 0.518870
26291 0.518870
26292 0.518870
26293 0.518870
26294 0.518870
26295 0.518870
26296 0.518870
26297 0.518870
26298 0.518870
26299 0.518870
26300 0.518870
26301 0.518870
26302 0.518870
26303 0.518870
26304 0.518870
26305 0.518870
26306 0.518870
26307 0.518870
26308 0.518870
26309 0.518870
26310 0.518870
26311 0.518870
26312 0.518870
26313 0.518870
26314 0.518870
26315 0.518870
26316 0.518870
26317 0.518870
26318 0.518870
26319 0.518870
26320 0.518870
26321 0.518870
26322 0.518870
26323 0.518870
26324 0.518870
26325 0.518870
26326 0.518870
26327 0.518870
26328 0.518870
26329 0.518870
26330 0.518870
26331 0.518870
26332 0.518870
26333 0.518870
26334 0.518870
26335 0.518870
26336 0.518870
26337 0.518870
26338 0.518870
26339 0.518870
26340 0.518870
26341 0.518870
26342 0.518870
26343 0.518870
26344 0.518870
26345 0.518870
26346 0.518870
26347 0.518870
26348 0.518870
26349 0.518870
26350 0.518870
26351 0.518870
26352 0.518870
26353 0.518870
26354 0.518870
26355 0.518870
26356 0.518870
26357 0.518870
26358 0.518870
26359 0.518870
26360 0.518870
26361 0.518870
26362 0.518870
26363 0.518870
26364 0.518870
26365 0.518870
26366 0.518870
26367 0.518870
26368 0.518870
26369 0.518870
26370 0.518870
26371 0.518870
26372 0.518870
26373 0.518870
26374 0.518870
26375 0.518870
26376 0.518870
26377 0.518870
26378 0.518870
26379 0.518870
26380 0.518870
26381 0.518870
26382 0.518870
26383 0.518870
26384 0.518870
26385 0.518870
26386 0.518870
26387 0.518870
26388 0.518870
26389 0.518870
26390 0.518870
26391 0.518870
26392 0.518870
26393 0.518870
26394 0.518870
26395 0.518870
26396 0.518870
26397 0.518870
26398 0.518870
26399 0.518870
26400 0.518870
26401 0.518870
26402 0.518870
26403 0.518870
26404 0.518870
26405 0.518870
26406 0.518870
26407 0.518870
26408 0.518870
26409 0.518870
26410 0.518870
26411 0.518870
26412 0.518870
26413 0.518870
26414 0.518870
26415 0.518870
26416 0.518870
26417 0.518870
26418 0.518870
26419 0.518870
26420 0.518870
26421 0.518870
26422 0.518870
26423 0.518870
26424 0.518870
26425 0.518870
26426 0.518870
26427 0.518870
26428 0.518870
26429 0.518870
26430 0.518870
26431 0.518870
26432 0.518870
26433 0.518870
26434 0.518870
26435 0.518870
26436 0.518870
26437 0.518870
26438 0.518870
26439 0.518870
26440 0.518870
26441 0.518870
26442 0.518870
26443 0.518870
26444 0.518870
26445 0.518870
26446 0.518870
26447 0.518870
26448 0.518870
26449 0.518870
26450 0.518870
26451 0.518870
26452 0.518870
26453 0.518870
26454 0.518870
26455 0.518870
26456 0.518870
26457 0.518870
26458 0.518870
26459 0.518870
26460 0.518870
26461 0.518870
26462 0.518870
26463 0.518870
26464 0.518870
26465 0.518870
26466 0.518870
26467 0.518870
26468 0.518870
26469 0.518870
26470 0.518870
26471 0.518870
26472 0.518870
26473 0.518870
26474 0.518870
26475 0.518870
26476 0.518870
26477 0.518870
26478 0.518870
26479 0.518870
26480 0.518870
26481 0.518870
26482 0.518870
26483 0.518870
26484 0.518870
26485 0.518870
26486 0.518870
26487 0.518870
26488 0.518870
26489 0.518870
26490 0.518870
26491 0.518870
26492 0.518870
26493 0.518870
26494 0.518870
26495 0.518870
26496 0.518870
26497 0.518870
26498 0.518870
26499 0.518870
26500 0.518870
26501 0.518870
26502 0.518870
26503 0.518870
26504 0.518870
26505 0.518870
26506 0.518870
26507 0.518870
26508 0.518870
26509 0.518870
26510 0.518870
26511 0.518870
26512 0.518870
26513 0.518870
26514 0.518870
26515 0.518870
26516 0.518870
26517 0.518870
26518 0.518870
26519 0.518870
26520 0.518870
26521 0.518870
26522 0.518870
26523 0.518870
26524 0.518870
26525 0.518870
26526 0.518870
26527 0.518870
26528 0.518870
26529 0.518870
26530 0.518870
26531 0.518870
26532 0.518870
26533 0.518870
26534 0.518870
26535 0.518870
26536 0.518870
26537 0.518870
26538 0.518870
26539 0.518870
26540 0.518870
26541 0.518870
26542 0.518870
26543 0.518870
26544 0.518870
26545 0.518870
26546 0.518870
26547 0.518870
26548 0.518870
26549 0.518870
26550 0.518870
26551 0.518870
26552 0.518870
26553 0.518870
26554 0.518870
26555 0.518870
26556 0.518870
26557 0.518870
26558 0.518870
26559 0.518870
26560 0.518870
26561 0.518870
26562 0.518870
26563 0.518870
26564 0.518870
26565 0.518870
26566 0.518870
26567 0.518870
26568 0.518870
26569 0.518870
26570 0.518870
26571 0.518870
26572 0.518870
26573 0.518870
26574 0.518870
26575 0.518870
26576 0.518870
26577 0.518870
26578 0.518870
26579 0.518870
26580 0.518870
26581 0.518870
26582 0.518870
26583 0.518870
26584 0.518870
26585 0.518870
26586 0.518870
26587 0.518870
26588 0.518870
26589 0.518870
26590 0.518870
26591 0.518870
26592 0.518870
26593 0.518870
26594 0.518870
26595 0.518870
26596 0.518870
26597 0.518870
26598 0.518870
26599 0.518870
26600 0.518870
26601 0.518870
26602 0.518870
26603 0.518870
26604 0.518870
26605 0.518870
26606 0.518870
26607 0.518870
26608 0.518870
26609 0.518870
26610 0.518870
26611 0.518870
26612 0.518870
26613 0.518870
26614 0.518870
26615 0.518870
26616 0.518870
26617 0.518870
26618 0.518870
26619 0.518870
26620 0.518870
26621 0.518870
26622 0.518870
26623 0.518870
26624 0.518870
26625 0.518870
26626 0.518870
26627 0.518870
26628 0.518870
26629 0.518870
26630 0.518870
26631 0.518870
26632 0.518870
26633 0.518870
26634 0.518870
26635 0.518870
26636 0.518870
26637 0.518870
26638 0.518870
26639 0.518870
26640 0.518870
26641 0.518870
26642 0.518870
26643 0.518870
26644 0.518870
26645 0.518870
26646 0.518870
26647 0.518870
26648 0.518870
26649 0.518870
26650 0.518870
26651 0.518870
26652 0.518870
26653 0.518870
26654 0.518870
26655 0.518870
26656 0.518870
26657 0.518870
26658 0.518870
26659 0.518870
26660 0.518870
26661 0.518870
26662 0.518870
26663 0.518870
26664 0.518870
26665 0.518870
26666 0.518870
26667 0.518870
26668 0.518870
26669 0.518870
26670 0.518870
26671 0.518870
26672 0.518870
26673 0.518870
26674 0.518870
26675 0.518870
26676 0.518870
26677 0.518870
26678 0.518870
26679 0.518870
26680 0.518870
26681 0.518870
26682 0.518870
26683 0.518870
26684 0.518870
26685 0.518870
26686 0.518870
26687 0.518870
26688 0.518870
26689 0.518870
26690 0.518870
26691 0.518870
26692 0.518870
26693 0.518870
26694 0.518870
26695 0.518870
26696 0.518870
26697 0.518870
26698 0.518870
26699 0.518870
26700 0.518870
26701 0.518870
26702 0.518870
26703 0.518870
26704 0.518870
26705 0.518870
26706 0.518870
26707 0.518870
26708 0.518870
26709 0.518870
26710 0.518870
26711 0.518870
26712 0.518870
26713 0.518870
26714 0.518870
26715 0.518870
26716 0.518870
26717 0.518870
26718 0.518870
26719 0.518870
26720 0.518870
26721 0.518870
26722 0.518870
26723 0.518870
26724 0.518870
26725 0.518870
26726 0.518870
26727 0.518870
26728 0.518870
26729 0.518870
26730 0.518870
26731 0.518870
26732 0.518870
26733 0.518870
26734 0.518870
26735 0.518870
26736 0.518870
26737 0.518870
26738 0.518870
26739 0.518870
26740 0.518870
26741 0.518870
26742 0.518870
26743 0.518870
26744 0.518870
26745 0.518870
26746 0.518870
26747 0.518870
26748 0.518870
26749 0.518870
26750 0.518870
26751 0.518870
26752 0.518870
26753 0.518870
26754 0.518870
26755 0.518870
26756 0.518870
26757 0.518870
26758 0.518870
26759 0.518870
26760 0.518870
26761 0.518870
26762 0.518870
26763 0.518870
26764 0.518870
26765 0.518870
26766 0.518870
26767 0.518870
26768 0.518870
26769 0.518870
26770 0.518870
26771 0.518870
26772 0.518870
26773 0.518870
26774 0.518870
26775 0.518870
26776 0.518870
26777 0.518870
26778 0.518870
26779 0.518870
26780 0.518870
26781 0.518870
26782 0.518870
26783 0.518870
26784 0.518870
26785 0.518870
26786 0.518870
26787 0.518870
26788 0.518870
26789 0.518870
26790 0.518870
26791 0.518870
26792 0.518870
26793 0.518870
26794 0.518870
26795 0.518870
26796 0.518870
26797 0.518870
26798 0.518870
26799 0.518870
26800 0.518870
26801 0.518870
26802 0.518870
26803 0.518870
26804 0.518870
26805 0.518870
26806 0.518870
26807 0.518870
26808 0.518870
26809 0.518870
26810 0.518870
26811 0.518870
26812 0.518870
26813 0.518870
26814 0.518870
26815 0.518870
26816 0.518870
26817 0.518870
26818 0.518870
26819 0.518870
26820 0.518870
26821 0.518870
26822 0.518870
26823 0.518870
26824 0.518870
26825 0.518870
26826 0.518870
26827 0.518870
26828 0.518870
26829 0.518870
26830 0.518870
26831 0.518870
26832 0.518870
26833 0.518870
26834 0.518870
26835 0.518870
26836 0.518870
26837 0.518870
26838 0.518870
26839 0.518870
26840 0.518870
26841 0.518870
26842 0.518870
26843 0.518870
26844 0.518870
26845 0.518870
26846 0.518870
26847 0.518870
26848 0.518870
26849 0.518870
26850 0.518870
26851 0.518870
26852 0.518870
26853 0.518870
26854 0.518870
26855 0.518870
26856 0.518870
26857 0.518870
26858 0.518870
26859 0.518870
26860 0.518870
26861 0.518870
26862 0.518870
26863 0.518870
26864 0.518870
26865 0.518870
26866 0.518870
26867 0.518870
26868 0.518870
26869 0.518870
26870 0.518870
26871 0.518870
26872 0.518870
26873 0.518870
26874 0.518870
26875 0.518870
26876 0.518870
26877 0.518870
26878 0.518870
26879 0.518870
26880 0.518870
26881 0.518870
26882 0.518870
26883 0.518870
26884 0.518870
26885 0.518870
26886 0.518870
26887 0.518870
26888 0.518870
26889 0.518870
26890 0.518870
26891 0.518870
26892 0.518870
26893 0.518870
26894 0.518870
26895 0.518870
26896 0.518870
26897 0.518870
26898 0.518870
26899 0.518870
26900 0.518870
26901 0.518870
26902 0.518870
26903 0.518870
26904 0.518870
26905 0.518870
26906 0.518870
26907 0.518870
26908 0.518870
26909 0.518870
26910 0.518870
26911 0.518870
26912 0.518870
26913 0.518870
26914 0.518870
26915 0.518870
26916 0.518870
26917 0.518870
26918 0.518870
26919 0.518870
26920 0.518870
26921 0.518870
26922 0.518870
26923 0.518870
26924 0.518870
26925 0.518870
26926 0.518870
26927 0.518870
26928 0.518870
26929 0.518870
26930 0.518870
26931 0.518870
26932 0.518870
26933 0.518870
26934 0.518870
26935 0.518870
26936 0.518870
26937 0.518870
26938 0.518870
26939 0.518870
26940 0.518870
26941 0.518870
26942 0.518870
26943 0.518870
26944 0.518870
26945 0.518870
26946 0.518870
26947 0.518870
26948 0.518870
26949 0.518870
26950 0.518870
26951 0.518870
26952 0.518870
26953 0.518870
26954 0.518870
26955 0.518870
26956 0.518870
26957 0.518870
26958 0.518870
26959 0.518870
26960 0.518870
26961 0.518870
26962 0.518870
26963 0.518870
26964 0.518870
26965 0.518870
26966 0.518870
26967 0.518870
26968 0.518870
26969 0.518870
26970 0.518870
26971 0.518870
26972 0.518870
26973 0.518870
26974 0.518870
26975 0.518870
26976 0.518870
26977 0.518870
26978 0.518870
26979 0.518870
26980 0.518870
26981 0.518870
26982 0.518870
26983 0.518870
26984 0.518870
26985 0.518870
26986 0.518870
26987 0.518870
26988 0.518870
26989 0.518870
26990 0.518870
26991 0.518870
26992 0.518870
26993 0.518870
26994 0.518870
26995 0.518870
26996 0.518870
26997 0.518870
26998 0.518870
26999 0.518870
27000 0.518870
27001 0.518870
27002 0.518870
27003 0.518870
27004 0.518870
27005 0.518870
27006 0.518870
27007 0.518870
27008 0.518870
27009 0.518870
27010 0.518870
27011 0.518870
27012 0.518870
27013 0.518870
27014 0.518870
27015 0.518870
27016 0.518870
27017 0.518870
27018 0.518870
27019 0.518870
27020 0.518870
27021 0.518870
27022 0.518870
27023 0.518870
27024 0.518870
27025 0.518870
27026 0.518870
27027 0.518870
27028 0.518870
27029 0.518870
27030 0.518870
27031 0.518870
27032 0.518870
27033 0.518870
27034 0.518870
27035 0.518870
27036 0.518870
27037 0.518870
27038 0.518870
27039 0.518870
27040 0.518870
27041 0.518870
27042 0.518870
27043 0.518870
27044 0.518870
27045 0.518870
27046 0.518870
27047 0.518870
27048 0.518870
27049 0.518870
27050 0.518870
27051 0.518870
27052 0.518870
27053 0.518870
27054 0.518870
27055 0.518870
27056 0.518870
27057 0.518870
27058 0.518870
27059 0.518870
27060 0.518870
27061 0.518870
27062 0.518870
27063 0.518870
27064 0.518870
27065 0.518870
27066 0.518870
27067 0.518870
27068 0.518870
27069 0.518870
27070 0.518870
27071 0.518870
27072 0.518870
27073 0.518870
27074 0.518870
27075 0.518870
27076 0.518870
27077 0.518870
27078 0.518870
27079 0.518870
27080 0.518870
27081 0.518870
27082 0.518870
27083 0.518870
27084 0.518870
27085 0.518870
27086 0.518870
27087 0.518870
27088 0.518870
27089 0.518870
27090 0.518870
27091 0.518870
27092 0.518870
27093 0.518870
27094 0.518870
27095 0.518870
27096 0.518870
27097 0.518870
27098 0.518870
27099 0.518870
27100 0.518870
27101 0.518870
27102 0.518870
27103 0.518870
27104 0.518870
27105 0.518870
27106 0.518870
27107 0.518870
27108 0.518870
27109 0.518870
27110 0.518870
27111 0.518870
27112 0.518870
27113 0.518870
27114 0.518870
27115 0.518870
27116 0.518870
27117 0.518870
27118 0.518870
27119 0.518870
27120 0.518870
27121 0.518870
27122 0.518870
27123 0.518870
27124 0.518870
27125 0.518870
27126 0.518870
27127 0.518870
27128 0.518870
27129 0.518870
27130 0.518870
27131 0.518870
27132 0.518870
27133 0.518870
27134 0.518870
27135 0.518870
27136 0.518870
27137 0.518870
27138 0.518870
27139 0.518870
27140 0.518870
27141 0.518870
27142 0.518870
27143 0.518870
27144 0.518870
27145 0.518870
27146 0.518870
27147 0.518870
27148 0.518870
27149 0.518870
27150 0.518870
27151 0.518870
27152 0.518870
27153 0.518870
27154 0.518870
27155 0.518870
27156 0.518870
27157 0.518870
27158 0.518870
27159 0.518870
27160 0.518870
27161 0.518870
27162 0.518870
27163 0.518870
27164 0.518870
27165 0.518870
27166 0.518870
27167 0.518870
27168 0.518870
27169 0.518870
27170 0.518870
27171 0.518870
27172 0.518870
27173 0.518870
27174 0.518870
27175 0.518870
27176 0.518870
27177 0.518870
27178 0.518870
27179 0.518870
27180 0.518870
27181 0.518870
27182 0.518870
27183 0.518870
27184 0.518870
27185 0.518870
27186 0.518870
27187 0.518870
27188 0.518870
27189 0.518870
27190 0.518870
27191 0.518870
27192 0.518870
27193 0.518870
27194 0.518870
27195 0.518870
27196 0.518870
27197 0.518870
27198 0.518870
27199 0.518870
27200 0.518870
27201 0.518870
27202 0.518870
27203 0.518870
27204 0.518870
27205 0.518870
27206 0.518870
27207 0.518870
27208 0.518870
27209 0.518870
27210 0.518870
27211 0.518870
27212 0.518870
27213 0.518870
27214 0.518870
27215 0.518870
27216 0.518870
27217 0.518870
27218 0.518870
27219 0.518870
27220 0.518870
27221 0.518870
27222 0.518870
27223 0.518870
27224 0.518870
27225 0.518870
27226 0.518870
27227 0.518870
27228 0.518870
27229 0.518870
27230 0.518870
27231 0.518870
27232 0.518870
27233 0.518870
27234 0.518870
27235 0.518870
27236 0.518870
27237 0.518870
27238 0.518870
27239 0.518870
27240 0.518870
27241 0.518870
27242 0.518870
27243 0.518870
27244 0.518870
27245 0.518870
27246 0.518870
27247 0.518870
27248 0.518870
27249 0.518870
27250 0.518870
27251 0.518870
27252 0.518870
27253 0.518870
27254 0.518870
27255 0.518870
27256 0.518870
27257 0.518870
27258 0.518870
27259 0.518870
27260 0.518870
27261 0.518870
27262 0.518870
27263 0.518870
27264 0.518870
27265 0.518870
27266 0.518870
27267 0.518870
27268 0.518870
27269 0.518870
27270 0.518870
27271 0.518870
27272 0.518870
27273 0.518870
27274 0.518870
27275 0.518870
27276 0.518870
27277 0.518870
27278 0.518870
27279 0.518870
27280 0.518870
27281 0.518870
27282 0.518870
27283 0.518870
27284 0.518870
27285 0.518870
27286 0.518870
27287 0.518870
27288 0.518870
27289 0.518870
27290 0.518870
27291 0.518870
27292 0.518870
27293 0.518870
27294 0.518870
27295 0.518870
27296 0.518870
27297 0.518870
27298 0.518870
27299 0.518870
27300 0.518870
27301 0.518870
27302 0.518870
27303 0.518870
27304 0.518870
27305 0.518870
27306 0.518870
27307 0.518870
27308 0.518870
27309 0.518870
27310 0.518870
27311 0.518870
27312 0.518870
27313 0.518870
27314 0.518870
27315 0.518870
27316 0.518870
27317 0.518870
27318 0.518870
27319 0.518870
27320 0.518870
27321 0.518870
27322 0.518870
27323 0.518870
27324 0.518870
27325 0.518870
27326 0.518870
27327 0.518870
27328 0.518870
27329 0.518870
27330 0.518870
27331 0.518870
27332 0.518870
27333 0.518870
27334 0.518870
27335 0.518870
27336 0.518870
27337 0.518870
27338 0.518870
27339 0.518870
27340 0.518870
27341 0.518870
27342 0.518870
27343 0.518870
27344 0.518870
27345 0.518870
27346 0.518870
27347 0.518870
27348 0.518870
27349 0.518870
27350 0.518870
27351 0.518870
27352 0.518870
27353 0.518870
27354 0.518870
27355 0.518870
27356 0.518870
27357 0.518870
27358 0.518870
27359 0.518870
27360 0.518870
27361 0.518870
27362 0.518870
27363 0.518870
27364 0.518870
27365 0.518870
27366 0.518870
27367 0.518870
27368 0.518870
27369 0.518870
27370 0.518870
27371 0.518870
27372 0.518870
27373 0.518870
27374 0.518870
27375 0.518870
27376 0.518870
27377 0.518870
27378 0.518870
27379 0.518870
27380 0.518870
27381 0.518870
27382 0.518870
27383 0.518870
27384 0.518870
27385 0.518870
27386 0.518870
27387 0.518870
27388 0.518870
27389 0.518870
27390 0.518870
27391 0.518870
27392 0.518870
27393 0.518870
27394 0.518870
27395 0.518870
27396 0.518870
27397 0.518870
27398 0.518870
27399 0.518870
27400 0.518870
27401 0.518870
27402 0.518870
27403 0.518870
27404 0.518870
27405 0.518870
27406 0.518870
27407 0.518870
27408 0.518870
27409 0.518870
27410 0.518870
27411 0.518870
27412 0.518870
27413 0.518870
27414 0.518870
27415 0.518870
27416 0.518870
27417 0.518870
27418 0.518870
27419 0.518870
27420 0.518870
27421 0.518870
27422 0.518870
27423 0.518870
27424 0.518870
27425 0.518870
27426 0.518870
27427 0.518870
27428 0.518870
27429 0.518870
27430 0.518870
27431 0.518870
27432 0.518870
27433 0.518870
27434 0.518870
27435 0.518870
27436 0.518870
27437 0.518870
27438 0.518870
27439 0.518870
27440 0.518870
27441 0.518870
27442 0.518870
27443 0.518870
27444 0.518870
27445 0.518870
27446 0.518870
27447 0.518870
27448 0.518870
27449 0.518870
27450 0.518870
27451 0.518870
27452 0.518870
27453 0.518870
27454 0.518870
27455 0.518870
27456 0.518870
27457 0.518870
27458 0.518870
27459 0.518870
27460 0.518870
27461 0.518870
27462 0.518870
27463 0.518870
27464 0.518870
27465 0.518870
27466 0.518870
27467 0.518870
27468 0.518870
27469 0.518870
27470 0.518870
27471 0.518870
27472 0.518870
27473 0.518870
27474 0.518870
27475 0.518870
27476 0.518870
27477 0.518870
27478 0.518870
27479 0.518870
27480 0.518870
27481 0.518870
27482 0.518870
27483 0.518870
27484 0.518870
27485 0.518870
27486 0.518870
27487 0.518870
27488 0.518870
27489 0.518870
27490 0.518870
27491 0.518870
27492 0.518870
27493 0.518870
27494 0.518870
27495 0.518870
27496 0.518870
27497 0.518870
27498 0.518870
27499 0.518870
27500 0.518870
27501 0.518870
27502 0.518870
27503 0.518870
27504 0.518870
27505 0.518870
27506 0.518870
27507 0.518870
27508 0.518870
27509 0.518870
27510 0.518870
27511 0.518870
27512 0.518870
27513 0.518870
27514 0.518870
27515 0.518870
27516 0.518870
27517 0.518870
27518 0.518870
27519 0.518870
27520 0.518870
27521 0.518870
27522 0.518870
27523 0.518870
27524 0.518870
27525 0.518870
27526 0.518870
27527 0.518870
27528 0.518870
27529 0.518870
27530 0.518870
27531 0.518870
27532 0.518870
27533 0.518870
27534 0.518870
27535 0.518870
27536 0.518870
27537 0.518870
27538 0.518870
27539 0.518870
27540 0.518870
27541 0.518870
27542 0.518870
27543 0.518870
27544 0.518870
27545 0.518870
27546 0.518870
27547 0.518870
27548 0.518870
27549 0.518870
27550 0.518870
27551 0.518870
27552 0.518870
27553 0.518870
27554 0.518870
27555 0.518870
27556 0.518870
27557 0.518870
27558 0.518870
27559 0.518870
27560 0.518870
27561 0.518870
27562 0.518870
27563 0.518870
27564 0.518870
27565 0.518870
27566 0.518870
27567 0.518870
27568 0.518870
27569 0.518870
27570 0.518870
27571 0.518870
27572 0.518870
27573 0.518870
27574 0.518870
27575 0.518870
27576 0.518870
27577 0.518870
27578 0.518870
27579 0.518870
27580 0.518870
27581 0.518870
27582 0.518870
27583 0.518870
27584 0.518870
27585 0.518870
27586 0.518870
27587 0.518870
27588 0.518870
27589 0.518870
27590 0.518870
27591 0.518870
27592 0.518870
27593 0.518870
27594 0.518870
27595 0.518870
27596 0.518870
27597 0.518870
27598 0.518870
27599 0.518870
27600 0.518870
27601 0.518870
27602 0.518870
27603 0.518870
27604 0.518870
27605 0.518870
27606 0.518870
27607 0.518870
27608 0.518870
27609 0.518870
27610 0.518870
27611 0.518870
27612 0.518870
27613 0.518870
27614 0.518870
27615 0.518870
27616 0.518870
27617 0.518870
27618 0.518870
27619 0.518870
27620 0.518870
27621 0.518870
27622 0.518870
27623 0.518870
27624 0.518870
27625 0.518870
27626 0.518870
27627 0.518870
27628 0.518870
27629 0.518870
27630 0.518870
27631 0.518870
27632 0.518870
27633 0.518870
27634 0.518870
27635 0.518870
27636 0.518870
27637 0.518870
27638 0.518870
27639 0.518870
27640 0.518870
27641 0.518870
27642 0.518870
27643 0.518870
27644 0.518870
27645 0.518870
27646 0.518870
27647 0.518870
27648 0.518870
27649 0.518870
27650 0.518870
27651 0.518870
27652 0.518870
27653 0.518870
27654 0.518870
27655 0.518870
27656 0.518870
27657 0.518870
27658 0.518870
27659 0.518870
27660 0.518870
27661 0.518870
27662 0.518870
27663 0.518870
27664 0.518870
27665 0.518870
27666 0.518870
27667 0.518870
27668 0.518870
27669 0.518870
27670 0.518870
27671 0.518870
27672 0.518870
27673 0.518870
27674 0.518870
27675 0.518870
27676 0.518870
27677 0.518870
27678 0.518870
27679 0.518870
27680 0.518870
27681 0.518870
27682 0.518870
27683 0.518870
27684 0.518870
27685 0.518870
27686 0.518870
27687 0.518870
27688 0.518870
27689 0.518870
27690 0.518870
27691 0.518870
27692 0.518870
27693 0.518870
27694 0.518870
27695 0.518870
27696 0.518870
27697 0.518870
27698 0.518870
27699 0.518870
27700 0.518870
27701 0.518870
27702 0.518870
27703 0.518870
27704 0.518870
27705 0.518870
27706 0.518870
27707 0.518870
27708 0.518870
27709 0.518870
27710 0.518870
27711 0.518870
27712 0.518870
27713 0.518870
27714 0.518870
27715 0.518870
27716 0.518870
27717 0.518870
27718 0.518870
27719 0.518870
27720 0.518870
27721 0.518870
27722 0.518870
27723 0.518870
27724 0.518870
27725 0.518870
27726 0.518870
27727 0.518870
27728 0.518870
27729 0.518870
27730 0.518870
27731 0.518870
27732 0.518870
27733 0.518870
27734 0.518870
27735 0.518870
27736 0.518870
27737 0.518870
27738 0.518870
27739 0.518870
27740 0.518870
27741 0.518870
27742 0.518870
27743 0.518870
27744 0.518870
27745 0.518870
27746 0.518870
27747 0.518870
27748 0.518870
27749 0.518870
27750 0.518870
27751 0.518870
27752 0.518870
27753 0.518870
27754 0.518870
27755 0.518870
27756 0.518870
27757 0.518870
27758 0.518870
27759 0.518870
27760 0.518870
27761 0.518870
27762 0.518870
27763 0.518870
27764 0.518870
27765 0.518870
27766 0.518870
27767 0.518870
27768 0.518870
27769 0.518870
27770 0.518870
27771 0.518870
27772 0.518870
27773 0.518870
27774 0.518870
27775 0.518870
27776 0.518870
27777 0.518870
27778 0.518870
27779 0.518870
27780 0.518870
27781 0.518870
27782 0.518870
27783 0.518870
27784 0.518870
27785 0.518870
27786 0.518870
27787 0.518870
27788 0.518870
27789 0.518870
27790 0.518870
27791 0.518870
27792 0.518870
27793 0.518870
27794 0.518870
27795 0.518870
27796 0.518870
27797 0.518870
27798 0.518870
27799 0.518870
27800 0.518870
27801 0.518870
27802 0.518870
27803 0.518870
27804 0.518870
27805 0.518870
27806 0.518870
27807 0.518870
27808 0.518870
27809 0.518870
27810 0.518870
27811 0.518870
27812 0.518870
27813 0.518870
27814 0.518870
27815 0.518870
27816 0.518870
27817 0.518870
27818 0.518870
27819 0.518870
27820 0.518870
27821 0.518870
27822 0.518870
27823 0.518870
27824 0.518870
27825 0.518870
27826 0.518870
27827 0.518870
27828 0.518870
27829 0.518870
27830 0.518870
27831 0.518870
27832 0.518870
27833 0.518870
27834 0.518870
27835 0.518870
27836 0.518870
27837 0.518870
27838 0.518870
27839 0.518870
27840 0.518870
27841 0.518870
27842 0.518870
27843 0.518870
27844 0.518870
27845 0.518870
27846 0.518870
27847 0.518870
27848 0.518870
27849 0.518870
27850 0.518870
27851 0.518870
27852 0.518870
27853 0.518870
27854 0.518870
27855 0.518870
27856 0.518870
27857 0.518870
27858 0.518870
27859 0.518870
27860 0.518870
27861 0.518870
27862 0.518870
27863 0.518870
27864 0.518870
27865 0.518870
27866 0.518870
27867 0.518870
27868 0.518870
27869 0.518870
27870 0.518870
27871 0.518870
27872 0.518870
27873 0.518870
27874 0.518870
27875 0.518870
27876 0.518870
27877 0.518870
27878 0.518870
27879 0.518870
27880 0.518870
27881 0.518870
27882 0.518870
27883 0.518870
27884 0.518870
27885 0.518870
27886 0.518870
27887 0.518870
27888 0.518870
27889 0.518870
27890 0.518870
27891 0.518870
27892 0.518870
27893 0.518870
27894 0.518870
27895 0.518870
27896 0.518870
27897 0.518870
27898 0.518870
27899 0.518870
27900 0.518870
27901 0.518870
27902 0.518870
27903 0.518870
27904 0.518870
27905 0.518870
27906 0.518870
27907 0.518870
27908 0.518870
27909 0.518870
27910 0.518870
27911 0.518870
27912 0.518870
27913 0.518870
27914 0.518870
27915 0.518870
27916 0.518870
27917 0.518870
27918 0.518870
27919 0.518870
27920 0.518870
27921 0.518870
27922 0.518870
27923 0.518870
27924 0.518870
27925 0.518870
27926 0.518870
27927 0.518870
27928 0.518870
27929 0.518870
27930 0.518870
27931 0.518870
27932 0.518870
27933 0.518870
27934 0.518870
27935 0.518870
27936 0.518870
27937 0.518870
27938 0.518870
27939 0.518870
27940 0.518870
27941 0.518870
27942 0.518870
27943 0.518870
27944 0.518870
27945 0.518870
27946 0.518870
27947 0.518870
27948 0.518870
27949 0.518870
27950 0.518870
27951 0.518870
27952 0.518870
27953 0.518870
27954 0.518870
27955 0.518870
27956 0.518870
27957 0.518870
27958 0.518870
27959 0.518870
27960 0.518870
27961 0.518870
27962 0.518870
27963 0.518870
27964 0.518870
27965 0.518870
27966 0.518870
27967 0.518870
27968 0.518870
27969 0.518870
27970 0.518870
27971 0.518870
27972 0.518870
27973 0.518870
27974 0.518870
27975 0.518870
27976 0.518870
27977 0.518870
27978 0.518870
27979 0.518870
27980 0.518870
27981 0.518870
27982 0.518870
27983 0.518870
27984 0.518870
27985 0.518870
27986 0.518870
27987 0.518870
27988 0.518870
27989 0.518870
27990 0.518870
27991 0.518870
27992 0.518870
27993 0.518870
27994 0.518870
27995 0.518870
27996 0.518870
27997 0.518870
27998 0.518870
27999 0.518870
28000 0.518870
28001 0.518870
28002 0.518870
28003 0.518870
28004 0.518870
28005 0.518870
28006 0.518870
28007 0.518870
28008 0.518870
28009 0.518870
28010 0.518870
28011 0.518870
28012 0.518870
28013 0.518870
28014 0.518870
28015 0.518870
28016 0.518870
28017 0.518870
28018 0.518870
28019 0.518870
28020 0.518870
28021 0.518870
28022 0.518870
28023 0.518870
28024 0.518870
28025 0.518870
28026 0.518870
28027 0.518870
28028 0.518870
28029 0.518870
28030 0.518870
28031 0.518870
28032 0.518870
28033 0.518870
28034 0.518870
28035 0.518870
28036 0.518870
28037 0.518870
28038 0.518870
28039 0.518870
28040 0.518870
28041 0.518870
28042 0.518870
28043 0.518870
28044 0.518870
28045 0.518870
28046 0.518870
28047 0.518870
28048 0.518870
28049 0.518870
28050 0.518870
28051 0.518870
28052 0.518870
28053 0.518870
28054 0.518870
28055 0.518870
28056 0.518870
28057 0.518870
28058 0.518870
28059 0.518870
28060 0.518870
28061 0.518870
28062 0.518870
28063 0.518870
28064 0.518870
28065 0.518870
28066 0.518870
28067 0.518870
28068 0.518870
28069 0.518870
28070 0.518870
28071 0.518870
28072 0.518870
28073 0.518870
28074 0.518870
28075 0.518870
28076 0.518870
28077 0.518870
28078 0.518870
28079 0.518870
28080 0.518870
28081 0.518870
28082 0.518870
28083 0.518870
28084 0.518870
28085 0.518870
28086 0.518870
28087 0.518870
28088 0.518870
28089 0.518870
28090 0.518870
28091 0.518870
28092 0.518870
28093 0.518870
28094 0.518870
28095 0.518870
28096 0.518870
28097 0.518870
28098 0.518870
28099 0.518870
28100 0.518870
28101 0.518870
28102 0.518870
28103 0.518870
28104 0.518870
28105 0.518870
28106 0.518870
28107 0.518870
28108 0.518870
28109 0.518870
28110 0.518870
28111 0.518870
28112 0.518870
28113 0.518870
28114 0.518870
28115 0.518870
28116 0.518870
28117 0.518870
28118 0.518870
28119 0.518870
28120 0.518870
28121 0.518870
28122 0.518870
28123 0.518870
28124 0.518870
28125 0.518870
28126 0.518870
28127 0.518870
28128 0.518870
28129 0.518870
28130 0.518870
28131 0.518870
28132 0.518870
28133 0.518870
28134 0.518870
28135 0.518870
28136 0.518870
28137 0.518870
28138 0.518870
28139 0.518870
28140 0.518870
28141 0.518870
28142 0.518870
28143 0.518870
28144 0.518870
28145 0.518870
28146 0.518870
28147 0.518870
28148 0.518870
28149 0.518870
28150 0.518870
28151 0.518870
28152 0.518870
28153 0.518870
28154 0.518870
28155 0.518870
28156 0.511460
28157 0.511460
28158 0.511460
28159 0.511460
28160 0.511460
28161 0.511460
28162 0.511460
28163 0.511460
28164 0.511460
28165 0.511460
28166 0.511460
28167 0.511460
28168 0.511460
28169 0.511460
28170 0.511460
28171 0.511460
28172 0.511460
28173 0.511460
28174 0.511460
28175 0.511460
28176 0.511460
28177 0.511460
28178 0.511460
28179 0.511460
28180 0.511460
28181 0.511460
28182 0.511460
28183 0.511460
28184 0.511460
28185 0.511460
28186 0.511460
28187 0.511460
28188 0.511460
28189 0.511460
28190 0.511460
28191 0.511460
28192 0.511460
28193 0.511460
28194 0.511460
28195 0.511460
28196 0.511460
28197 0.511460
28198 0.511460
28199 0.511460
28200 0.511460
28201 0.511460
28202 0.511460
28203 0.511460
28204 0.511460
28205 0.511460
28206 0.511460
28207 0.511460
28208 0.511460
28209 0.511460
28210 0.511460
28211 0.511460
28212 0.511460
28213 0.511460
28214 0.511460
28215 0.511460
28216 0.511460
28217 0.511460
28218 0.511460
28219 0.511460
28220 0.511460
28221 0.511460
28222 0.511460
28223 0.511460
28224 0.511460
28225 0.511460
28226 0.511460
28227 0.511460
28228 0.511460
28229 0.511460
28230 0.511460
28231 0.511460
28232 0.511460
28233 0.511460
28234 0.511460
28235 0.511460
28236 0.511460
28237 0.511460
28238 0.511460
28239 0.511460
28240 0.511460
28241 0.511460
28242 0.511460
28243 0.511460
28244 0.511460
28245 0.511460
28246 0.511460
28247 0.511460
28248 0.511460
28249 0.511460
28250 0.511460
28251 0.511460
28252 0.511460
28253 0.511460
28254 0.511460
28255 0.511460
28256 0.511460
28257 0.511460
28258 0.511460
28259 0.511460
28260 0.511460
28261 0.511460
28262 0.511460
28263 0.511460
28264 0.511460
28265 0.511460
28266 0.511460
28267 0.511460
28268 0.511460
28269 0.511460
28270 0.511460
28271 0.511460
28272 0.511460
28273 0.511460
28274 0.511460
28275 0.511460
28276 0.511460
28277 0.511460
28278 0.511460
28279 0.511460
28280 0.511460
28281 0.511460
28282 0.511460
28283 0.511460
28284 0.511460
28285 0.511460
28286 0.511460
28287 0.511460
28288 0.511460
28289 0.511460
28290 0.511460
28291 0.511460
28292 0.511460
28293 0.511460
28294 0.511460
28295 0.511460
28296 0.511460
28297 0.511460
28298 0.511460
28299 0.511460
28300 0.511460
28301 0.511460
28302 0.511460
28303 0.511460
28304 0.511460
28305 0.511460
28306 0.511460
28307 0.511460
28308 0.511460
28309 0.511460
28310 0.511460
28311 0.511460
28312 0.511460
28313 0.511460
28314 0.511460
28315 0.511460
28316 0.511460
28317 0.511460
28318 0.511460
28319 0.511460
28320 0.511460
28321 0.511460
28322 0.511460
28323 0.511460
28324 0.511460
28325 0.511460
28326 0.511460
28327 0.511460
28328 0.511460
28329 0.511460
28330 0.511460
28331 0.511460
28332 0.511460
28333 0.511460
28334 0.511460
28335 0.511460
28336 0.511460
28337 0.511460
28338 0.511460
28339 0.511460
28340 0.511460
28341 0.511460
28342 0.511460
28343 0.511460
28344 0.511460
28345 0.511460
28346 0.511460
28347 0.511460
28348 0.511460
28349 0.511460
28350 0.511460
28351 0.511460
28352 0.511460
28353 0.511460
28354 0.511460
28355 0.511460
28356 0.511460
28357 0.511460
28358 0.511460
28359 0.511460
28360 0.511460
28361 0.511460
28362 0.511460
28363 0.511460
28364 0.511460
28365 0.511460
28366 0.511460
28367 0.511460
28368 0.511460
28369 0.511460
28370 0.511460
28371 0.511460
28372 0.511460
28373 0.511460
28374 0.511460
28375 0.511460
28376 0.511460
28377 0.511460
28378 0.511460
28379 0.511460
28380 0.511460
28381 0.511460
28382 0.511460
28383 0.511460
28384 0.511460
28385 0.511460
28386 0.511460
28387 0.511460
28388 0.511460
28389 0.511460
28390 0.511460
28391 0.511460
28392 0.511460
28393 0.511460
28394 0.511460
28395 0.511460
28396 0.511460
28397 0.511460
28398 0.511460
28399 0.511460
28400 0.511460
28401 0.511460
28402 0.511460
28403 0.511460
28404 0.511460
28405 0.511460
28406 0.511460
28407 0.511460
28408 0.511460
28409 0.511460
28410 0.511460
28411 0.511460
28412 0.511460
28413 0.511460
28414 0.511460
28415 0.511460
28416 0.511460
28417 0.511460
28418 0.511460
28419 0.511460
28420 0.511460
28421 0.511460
28422 0.511460
28423 0.511460
28424 0.511460
28425 0.511460
28426 0.511460
28427 0.511460
28428 0.511460
28429 0.511460
28430 0.511460
28431 0.511460
28432 0.511460
28433 0.511460
28434 0.511460
28435 0.511460
28436 0.511460
28437 0.511460
28438 0.511460
28439 0.511460
28440 0.511460
28441 0.511460
28442 0.511460
28443 0.511460
28444 0.511460
28445 0.511460
28446 0.511460
28447 0.511460
28448 0.511460
28449 0.511460
28450 0.511460
28451 0.511460
28452 0.511460
28453 0.511460
28454 0.511460
28455 0.511460
28456 0.511460
28457 0.511460
28458 0.511460
28459 0.511460
28460 0.511460
28461 0.511460
28462 0.511460
28463 0.511460
28464 0.511460
28465 0.511460
28466 0.511460
28467 0.511460
28468 0.511460
28469 0.511460
28470 0.511460
28471 0.511460
28472 0.511460
28473 0.511460
28474 0.511460
28475 0.511460
28476 0.511460
28477 0.511460
28478 0.511460
28479 0.511460
28480 0.511460
28481 0.511460
28482 0.511460
28483 0.511460
28484 0.511460
28485 0.511460
28486 0.511460
28487 0.511460
28488 0.511460
28489 0.511460
28490 0.511460
28491 0.511460
28492 0.511460
28493 0.511460
28494 0.511460
28495 0.511460
28496 0.511460
28497 0.511460
28498 0.511460
28499 0.511460
28500 0.511460
28501 0.511460
28502 0.511460
28503 0.511460
28504 0.511460
28505 0.511460
28506 0.511460
28507 0.511460
28508 0.511460
28509 0.511460
28510 0.511460
28511 0.511460
28512 0.511460
28513 0.511460
28514 0.511460
28515 0.511460
28516 0.511460
28517 0.511460
28518 0.511460
28519 0.511460
28520 0.511460
28521 0.511460
28522 0.511460
28523 0.511460
28524 0.511460
28525 0.511460
28526 0.511460
28527 0.511460
28528 0.511460
28529 0.511460
28530 0.511460
28531 0.511460
28532 0.511460
28533 0.511460
28534 0.511460
28535 0.511460
28536 0.511460
28537 0.511460
28538 0.511460
28539 0.511460
28540 0.511460
28541 0.511460
28542 0.511460
28543 0.511460
28544 0.511460
28545 0.511460
28546 0.511460
28547 0.511460
28548 0.511460
28549 0.511460
28550 0.511460
28551 0.511460
28552 0.511460
28553 0.511460
28554 0.511460
28555 0.511460
28556 0.511460
28557 0.511460
28558 0.511460
28559 0.511460
28560 0.511460
28561 0.511460
28562 0.511460
28563 0.511460
28564 0.511460
28565 0.511460
28566 0.511460
28567 0.511460
28568 0.511460
28569 0.511460
28570 0.511460
28571 0.511460
28572 0.511460
28573 0.511460
28574 0.511460
28575 0.511460
28576 0.511460
28577 0.511460
28578 0.511460
28579 0.511460
28580 0.511460
28581 0.511460
28582 0.511460
28583 0.511460
28584 0.511460
28585 0.511460
28586 0.511460
28587 0.511460
28588 0.511460
28589 0.511460
28590 0.511460
28591 0.511460
28592 0.511460
28593 0.511460
28594 0.511460
28595 0.511460
28596 0.511460
28597 0.511460
28598 0.511460
28599 0.511460
28600 0.511460
28601 0.511460
28602 0.511460
28603 0.511460
28604 0.511460
28605 0.511460
28606 0.511460
28607 0.511460
28608 0.511460
28609 0.511460
28610 0.511460
28611 0.511460
28612 0.511460
28613 0.511460
28614 0.511460
28615 0.511460
28616 0.511460
28617 0.511460
28618 0.511460
28619 0.511460
28620 0.511460
28621 0.511460
28622 0.511460
28623 0.511460
28624 0.511460
28625 0.511460
28626 0.511460
28627 0.511460
28628 0.511460
28629 0.511460
28630 0.511460
28631 0.511460
28632 0.511460
28633 0.511460
28634 0.511460
28635 0.511460
28636 0.511460
28637 0.511460
28638 0.511460
28639 0.511460
28640 0.511460
28641 0.511460
28642 0.511460
28643 0.511460
28644 0.511460
28645 0.511460
28646 0.511460
28647 0.511460
28648 0.511460
28649 0.511460
28650 0.511460
28651 0.511460
28652 0.511460
28653 0.511460
28654 0.511460
28655 0.511460
28656 0.511460
28657 0.511460
28658 0.511460
28659 0.511460
28660 0.511460
28661 0.511460
28662 0.511460
28663 0.511460
28664 0.511460
28665 0.511460
28666 0.511460
28667 0.511460
28668 0.511460
28669 0.511460
28670 0.511460
28671 0.511460
28672 0.511460
28673 0.511460
28674 0.511460
28675 0.511460
28676 0.511460
28677 0.511460
28678 0.511460
28679 0.511460
28680 0.511460
28681 0.511460
28682 0.511460
28683 0.511460
28684 0.511460
28685 0.511460
28686 0.511460
28687 0.511460
28688 0.511460
28689 0.511460
28690 0.511460
28691 0.511460
28692 0.511460
28693 0.511460
28694 0.511460
28695 0.511460
28696 0.511460
28697 0.511460
28698 0.511460
28699 0.511460
28700 0.511460
28701 0.511460
28702 0.511460
28703 0.511460
28704 0.511460
28705 0.511460
28706 0.511460
28707 0.511460
28708 0.511460
28709 0.511460
28710 0.511460
28711 0.511460
28712 0.511460
28713 0.511460
28714 0.511460
28715 0.511460
28716 0.511460
28717 0.511460
28718 0.511460
28719 0.511460
28720 0.511460
28721 0.511460
28722 0.511460
28723 0.511460
28724 0.511460
28725 0.511460
28726 0.511460
28727 0.511460
28728 0.511460
28729 0.511460
28730 0.511460
28731 0.511460
28732 0.511460
28733 0.511460
28734 0.511460
28735 0.511460
28736 0.511460
28737 0.511460
28738 0.511460
28739 0.511460
28740 0.511460
28741 0.511460
28742 0.511460
28743 0.511460
28744 0.511460
28745 0.511460
28746 0.511460
28747 0.511460
28748 0.511460
28749 0.511460
28750 0.511460
28751 0.511460
28752 0.511460
28753 0.511460
28754 0.511460
28755 0.511460
28756 0.511460
28757 0.511460
28758 0.511460
28759 0.511460
28760 0.511460
28761 0.511460
28762 0.511460
28763 0.511460
28764 0.511460
28765 0.511460
28766 0.511460
28767 0.511460
28768 0.511460
28769 0.511460
28770 0.511460
28771 0.511460
28772 0.511460
28773 0.511460
28774 0.511460
28775 0.511460
28776 0.511460
28777 0.511460
28778 0.511460
28779 0.511460
28780 0.511460
28781 0.511460
28782 0.511460
28783 0.511460
28784 0.511460
28785 0.511460
28786 0.511460
28787 0.511460
28788 0.511460
28789 0.511460
28790 0.511460
28791 0.511460
28792 0.511460
28793 0.511460
28794 0.511460
28795 0.511460
28796 0.511460
28797 0.511460
28798 0.511460
28799 0.511460
28800 0.511460
28801 0.511460
28802 0.511460
28803 0.511460
28804 0.511460
28805 0.511460
28806 0.511460
28807 0.511460
28808 0.511460
28809 0.511460
28810 0.511460
28811 0.511460
28812 0.511460
28813 0.511460
28814 0.511460
28815 0.511460
28816 0.511460
28817 0.511460
28818 0.511460
28819 0.511460
28820 0.511460
28821 0.511460
28822 0.511460
28823 0.511460
28824 0.511460
28825 0.511460
28826 0.511460
28827 0.511460
28828 0.511460
28829 0.511460
28830 0.511460
28831 0.511460
28832 0.511460
28833 0.511460
28834 0.511460
28835 0.511460
28836 0.511460
28837 0.511460
28838 0.511460
28839 0.511460
28840 0.511460
28841 0.511460
28842 0.511460
28843 0.511460
28844 0.511460
28845 0.511460
28846 0.511460
28847 0.511460
28848 0.511460
28849 0.511460
28850 0.511460
28851 0.511460
28852 0.511460
28853 0.511460
28854 0.511460
28855 0.511460
28856 0.511460
28857 0.511460
28858 0.511460
28859 0.511460
28860 0.511460
28861 0.511460
28862 0.511460
28863 0.511460
28864 0.511460
28865 0.511460
28866 0.511460
28867 0.511460
28868 0.511460
28869 0.511460
28870 0.511460
28871 0.511460
28872 0.511460
28873 0.511460
28874 0.511460
28875 0.511460
28876 0.511460
28877 0.511460
28878 0.511460
28879 0.511460
28880 0.511460
28881 0.511460
28882 0.511460
28883 0.511460
28884 0.511460
28885 0.511460
28886 0.511460
28887 0.511460
28888 0.511460
28889 0.511460
28890 0.511460
28891 0.511460
28892 0.511460
28893 0.511460
28894 0.511460
28895 0.511460
28896 0.511460
28897 0.511460
28898 0.511460
28899 0.511460
28900 0.511460
28901 0.511460
28902 0.511460
28903 0.511460
28904 0.511460
28905 0.511460
28906 0.511460
28907 0.511460
28908 0.511460
28909 0.511460
28910 0.511460
28911 0.511460
28912 0.511460
28913 0.511460
28914 0.511460
28915 0.511460
28916 0.511460
28917 0.511460
28918 0.511460
28919 0.511460
28920 0.511460
28921 0.511460
28922 0.511460
28923 0.511460
28924 0.511460
28925 0.511460
28926 0.511460
28927 0.511460
28928 0.511460
28929 0.511460
28930 0.511460
28931 0.511460
28932 0.511460
28933 0.511460
28934 0.511460
28935 0.511460
28936 0.511460
28937 0.511460
28938 0.511460
28939 0.511460
28940 0.511460
28941 0.511460
28942 0.511460
28943 0.511460
28944 0.511460
28945 0.511460
28946 0.511460
28947 0.511460
28948 0.511460
28949 0.511460
28950 0.511460
28951 0.511460
28952 0.511460
28953 0.511460
28954 0.511460
28955 0.511460
28956 0.511460
28957 0.511460
28958 0.511460
28959 0.511460
28960 0.511460
28961 0.511460
28962 0.511460
28963 0.511460
28964 0.511460
28965 0.511460
28966 0.511460
28967 0.511460
28968 0.511460
28969 0.511460
28970 0.511460
28971 0.511460
28972 0.511460
28973 0.511460
28974 0.511460
28975 0.511460
28976 0.511460
28977 0.511460
28978 0.511460
28979 0.511460
28980 0.511460
28981 0.511460
28982 0.511460
28983 0.511460
28984 0.511460
28985 0.511460
28986 0.511460
28987 0.508227
28988 0.508227
28989 0.508227
28990 0.508227
28991 0.508227
28992 0.508227
28993 0.508227
28994 0.508227
28995 0.508227
28996 0.508227
28997 0.508227
28998 0.508227
28999 0.508227
29000 0.508227
29001 0.508227
29002 0.508227
29003 0.508227
29004 0.508227
29005 0.508227
29006 0.508227
29007 0.508227
29008 0.508227
29009 0.508227
29010 0.508227
29011 0.508227
29012 0.508227
29013 0.508227
29014 0.508227
29015 0.508227
29016 0.508227
29017 0.508227
29018 0.508227
29019 0.508227
29020 0.508227
29021 0.508227
29022 0.508227
29023 0.508227
29024 0.508227
29025 0.508227
29026 0.508227
29027 0.508227
29028 0.508227
29029 0.508227
29030 0.508227
29031 0.508227
29032 0.508227
29033 0.508227
29034 0.508227
29035 0.508227
29036 0.508227
29037 0.508227
29038 0.508227
29039 0.508227
29040 0.508227
29041 0.508227
29042 0.508227
29043 0.508227
29044 0.508227
29045 0.508227
29046 0.508227
29047 0.508227
29048 0.508227
29049 0.508227
29050 0.508227
29051 0.508227
29052 0.508227
29053 0.508227
29054 0.508227
29055 0.508227
29056 0.508227
29057 0.508227
29058 0.508227
29059 0.508227
29060 0.508227
29061 0.508227
29062 0.508227
29063 0.508227
29064 0.508227
29065 0.508227
29066 0.508227
29067 0.508227
29068 0.508227
29069 0.508227
29070 0.508227
29071 0.508227
29072 0.508227
29073 0.508227
29074 0.508227
29075 0.508227
29076 0.508227
29077 0.508227
29078 0.508227
29079 0.508227
29080 0.508227
29081 0.508227
29082 0.508227
29083 0.508227
29084 0.508227
29085 0.508227
29086 0.508227
29087 0.508227
29088 0.508227
29089 0.508227
29090 0.508227
29091 0.508227
29092 0.508227
29093 0.508227
29094 0.508227
29095 0.508227
29096 0.508227
29097 0.508227
29098 0.508227
29099 0.508227
29100 0.508227
29101 0.508227
29102 0.508227
29103 0.508227
29104 0.508227
29105 0.508227
29106 0.508227
29107 0.508227
29108 0.508227
29109 0.508227
29110 0.508227
29111 0.508227
29112 0.508227
29113 0.508227
29114 0.508227
29115 0.508227
29116 0.508227
29117 0.508227
29118 0.508227
29119 0.508227
29120 0.508227
29121 0.508227
29122 0.508227
29123 0.508227
29124 0.508227
29125 0.508227
29126 0.508227
29127 0.508227
29128 0.508227
29129 0.508227
29130 0.508227
29131 0.508227
29132 0.508227
29133 0.508227
29134 0.508227
29135 0.508227
29136 0.508227
29137 0.508227
29138 0.508227
29139 0.508227
29140 0.508227
29141 0.508227
29142 0.508227
29143 0.508227
29144 0.508227
29145 0.508227
29146 0.508227
29147 0.508227
29148 0.508227
29149 0.508227
29150 0.508227
29151 0.508227
29152 0.508227
29153 0.508227
29154 0.508227
29155 0.508227
29156 0.508227
29157 0.508227
29158 0.508227
29159 0.508227
29160 0.508227
29161 0.508227
29162 0.508227
29163 0.508227
29164 0.508227
29165 0.508227
29166 0.508227
29167 0.508227
29168 0.508227
29169 0.508227
29170 0.508227
29171 0.508227
29172 0.508227
29173 0.508227
29174 0.508227
29175 0.508227
29176 0.508227
29177 0.508227
29178 0.508227
29179 0.508227
29180 0.508227
29181 0.508227
29182 0.508227
29183 0.508227
29184 0.508227
29185 0.508227
29186 0.508227
29187 0.508227
29188 0.508227
29189 0.508227
29190 0.508227
29191 0.508227
29192 0.508227
29193 0.508227
29194 0.508227
29195 0.508227
29196 0.508227
29197 0.508227
29198 0.508227
29199 0.508227
29200 0.508227
29201 0.508227
29202 0.508227
29203 0.508227
29204 0.508227
29205 0.508227
29206 0.508227
29207 0.508227
29208 0.508227
29209 0.508227
29210 0.508227
29211 0.508227
29212 0.508227
29213 0.508227
29214 0.508227
29215 0.508227
29216 0.508227
29217 0.508227
29218 0.508227
29219 0.508227
29220 0.508227
29221 0.508227
29222 0.508227
29223 0.508227
29224 0.508227
29225 0.508227
29226 0.508227
29227 0.508227
29228 0.508227
29229 0.508227
29230 0.508227
29231 0.508227
29232 0.508227
29233 0.508227
29234 0.508227
29235 0.508227
29236 0.508227
29237 0.508227
29238 0.508227
29239 0.508227
29240 0.508227
29241 0.508227
29242 0.508227
29243 0.508227
29244 0.508227
29245 0.508227
29246 0.508227
29247 0.508227
29248 0.508227
29249 0.508227
29250 0.508227
29251 0.508227
29252 0.508227
29253 0.508227
29254 0.508227
29255 0.508227
29256 0.508227
29257 0.508227
29258 0.508227
29259 0.508227
29260 0.508227
29261 0.508227
29262 0.508227
29263 0.508227
29264 0.508227
29265 0.508227
29266 0.508227
29267 0.508227
29268 0.508227
29269 0.508227
29270 0.508227
29271 0.508227
29272 0.508227
29273 0.508227
29274 0.508227
29275 0.508227
29276 0.508227
29277 0.508227
29278 0.508227
29279 0.508227
29280 0.508227
29281 0.508227
29282 0.508227
29283 0.508227
29284 0.508227
29285 0.508227
29286 0.508227
29287 0.508227
29288 0.508227
29289 0.508227
29290 0.508227
29291 0.508227
29292 0.508227
29293 0.508227
29294 0.508227
29295 0.508227
29296 0.508227
29297 0.508227
29298 0.508227
29299 0.508227
29300 0.508227
29301 0.508227
29302 0.508227
29303 0.508227
29304 0.508227
29305 0.508227
29306 0.508227
29307 0.508227
29308 0.508227
29309 0.508227
29310 0.508227
29311 0.508227
29312 0.508227
29313 0.508227
29314 0.508227
29315 0.508227
29316 0.508227
29317 0.508227
29318 0.508227
29319 0.508227
29320 0.508227
29321 0.508227
29322 0.508227
29323 0.508227
29324 0.508227
29325 0.508227
29326 0.508227
29327 0.508227
29328 0.508227
29329 0.508227
29330 0.508227
29331 0.508227
29332 0.508227
29333 0.508227
29334 0.508227
29335 0.508227
29336 0.508227
29337 0.508227
29338 0.508227
29339 0.508227
29340 0.508227
29341 0.508227
29342 0.508227
29343 0.508227
29344 0.508227
29345 0.508227
29346 0.508227
29347 0.508227
29348 0.508227
29349 0.508227
29350 0.508227
29351 0.508227
29352 0.508227
29353 0.508227
29354 0.508227
29355 0.508227
29356 0.508227
29357 0.508227
29358 0.508227
29359 0.508227
29360 0.508227
29361 0.508227
29362 0.508227
29363 0.508227
29364 0.508227
29365 0.508227
29366 0.508227
29367 0.508227
29368 0.508227
29369 0.508227
29370 0.508227
29371 0.508227
29372 0.508227
29373 0.508227
29374 0.508227
29375 0.508227
29376 0.508227
29377 0.508227
29378 0.508227
29379 0.508227
29380 0.508227
29381 0.508227
29382 0.508227
29383 0.508227
29384 0.508227
29385 0.508227
29386 0.508227
29387 0.508227
29388 0.508227
29389 0.508227
29390 0.508227
29391 0.508227
29392 0.508227
29393 0.508227
29394 0.508227
29395 0.508227
29396 0.508227
29397 0.508227
29398 0.508227
29399 0.508227
29400 0.508227
29401 0.508227
29402 0.508227
29403 0.508227
29404 0.508227
29405 0.508227
29406 0.508227
29407 0.508227
29408 0.508227
29409 0.508227
29410 0.508227
29411 0.508227
29412 0.508227
29413 0.508227
29414 0.508227
29415 0.508227
29416 0.508227
29417 0.508227
29418 0.508227
29419 0.508227
29420 0.508227
29421 0.508227
29422 0.508227
29423 0.508227
29424 0.508227
29425 0.508227
29426 0.508227
29427 0.508227
29428 0.508227
29429 0.508227
29430 0.508227
29431 0.508227
29432 0.508227
29433 0.508227
29434 0.508227
29435 0.508227
29436 0.508227
29437 0.508227
29438 0.508227
29439 0.508227
29440 0.508227
29441 0.508227
29442 0.508227
29443 0.508227
29444 0.508227
29445 0.508227
29446 0.508227
29447 0.508227
29448 0.508227
29449 0.508227
29450 0.508227
29451 0.508227
29452 0.508227
29453 0.508227
29454 0.508227
29455 0.508227
29456 0.508227
29457 0.508227
29458 0.508227
29459 0.508227
29460 0.508227
29461 0.508227
29462 0.508227
29463 0.508227
29464 0.508227
29465 0.508227
29466 0.508227
29467 0.508227
29468 0.508227
29469 0.508227
29470 0.508227
29471 0.508227
29472 0.508227
29473 0.508227
29474 0.508227
29475 0.508227
29476 0.508227
29477 0.508227
29478 0.508227
29479 0.508227
29480 0.508227
29481 0.508227
29482 0.508227
29483 0.508227
29484 0.508227
29485 0.508227
29486 0.508227
29487 0.508227
29488 0.508227
29489 0.508227
29490 0.508227
29491 0.508227
29492 0.508227
29493 0.508227
29494 0.508227
29495 0.508227
29496 0.508227
29497 0.508227
29498 0.508227
29499 0.508227
29500 0.508227
29501 0.508227
29502 0.508227
29503 0.508227
29504 0.508227
29505 0.508227
29506 0.508227
29507 0.508227
29508 0.508227
29509 0.508227
29510 0.508227
29511 0.508227
29512 0.508227
29513 0.508227
29514 0.508227
29515 0.508227
29516 0.508227
29517 0.508227
29518 0.508227
29519 0.508227
29520 0.508227
29521 0.508227
29522 0.508227
29523 0.508227
29524 0.508227
29525 0.508227
29526 0.508227
29527 0.508227
29528 0.508227
29529 0.508227
29530 0.508227
29531 0.508227
29532 0.508227
29533 0.508227
29534 0.508227
29535 0.508227
29536 0.508227
29537 0.508227
29538 0.508227
29539 0.508227
29540 0.508227
29541 0.508227
29542 0.508227
29543 0.508227
29544 0.508227
29545 0.508227
29546 0.508227
29547 0.508227
29548 0.508227
29549 0.508227
29550 0.508227
29551 0.508227
29552 0.508227
29553 0.508227
29554 0.508227
29555 0.508227
29556 0.508227
29557 0.508227
29558 0.508227
29559 0.508227
29560 0.508227
29561 0.508227
29562 0.508227
29563 0.508227
29564 0.508227
29565 0.508227
29566 0.508227
29567 0.508227
29568 0.508227
29569 0.508227
29570 0.508227
29571 0.508227
29572 0.508227
29573 0.508227
29574 0.508227
29575 0.508227
29576 0.508227
29577 0.508227
29578 0.508227
29579 0.508227
29580 0.508227
29581 0.508227
29582 0.508227
29583 0.508227
29584 0.508227
29585 0.508227
29586 0.508227
29587 0.508227
29588 0.508227
29589 0.508227
29590 0.508227
29591 0.508227
29592 0.508227
29593 0.508227
29594 0.508227
29595 0.508227
29596 0.508227
29597 0.508227
29598 0.508227
29599 0.508227
29600 0.508227
29601 0.508227
29602 0.508227
29603 0.508227
29604 0.508227
29605 0.508227
29606 0.508227
29607 0.508227
29608 0.508227
29609 0.508227
29610 0.508227
29611 0.508227
29612 0.508227
29613 0.508227
29614 0.508227
29615 0.508227
29616 0.508227
29617 0.508227
29618 0.508227
29619 0.508227
29620 0.508227
29621 0.508227
29622 0.508227
29623 0.508227
29624 0.508227
29625 0.508227
29626 0.508227
29627 0.508227
29628 0.508227
29629 0.508227
29630 0.508227
29631 0.508227
29632 0.508227
29633 0.508227
29634 0.508227
29635 0.508227
29636 0.508227
29637 0.508227
29638 0.508227
29639 0.508227
29640 0.508227
29641 0.508227
29642 0.508227
29643 0.508227
29644 0.508227
29645 0.508227
29646 0.508227
29647 0.508227
29648 0.508227
29649 0.508227
29650 0.508227
29651 0.508227
29652 0.508227
29653 0.508227
29654 0.508227
29655 0.508227
29656 0.508227
29657 0.508227
29658 0.508227
29659 0.508227
29660 0.508227
29661 0.508227
29662 0.508227
29663 0.508227
29664 0.508227
29665 0.508227
29666 0.508227
29667 0.508227
29668 0.508227
29669 0.508227
29670 0.508227
29671 0.508227
29672 0.508227
29673 0.508227
29674 0.508227
29675 0.508227
29676 0.508227
29677 0.508227
29678 0.508227
29679 0.508227
29680 0.508227
29681 0.508227
29682 0.508227
29683 0.508227
29684 0.508227
29685 0.508227
29686 0.508227
29687 0.508227
29688 0.508227
29689 0.508227
29690 0.508227
29691 0.508227
29692 0.508227
29693 0.508227
29694 0.508227
29695 0.508227
29696 0.508227
29697 0.508227
29698 0.508227
29699 0.508227
29700 0.508227
29701 0.508227
29702 0.508227
29703 0.508227
29704 0.508227
29705 0.508227
29706 0.508227
29707 0.505455
29708 0.505455
29709 0.505455
29710 0.505455
29711 0.505455
29712 0.505455
29713 0.505455
29714 0.505455
29715 0.505455
29716 0.505455
29717 0.505455
29718 0.505455
29719 0.505455
29720 0.505455
29721 0.505455
29722 0.505455
29723 0.505455
29724 0.505455
29725 0.505455
29726 0.505455
29727 0.505455
29728 0.505455
29729 0.505455
29730 0.505455
29731 0.505455
29732 0.505455
29733 0.505455
29734 0.505455
29735 0.505455
29736 0.505455
29737 0.505455
29738 0.505455
29739 0.505455
29740 0.505455
29741 0.505455
29742 0.505455
29743 0.505455
29744 0.505455
29745 0.505455
29746 0.505455
29747 0.505455
29748 0.505455
29749 0.505455
29750 0.505455
29751 0.505455
29752 0.505455
29753 0.505455
29754 0.505455
29755 0.505455
29756 0.505455
29757 0.505455
29758 0.505455
29759 0.505455
29760 0.505455
29761 0.505455
29762 0.505455
29763 0.505455
29764 0.505455
29765 0.505455
29766 0.505455
29767 0.505455
29768 0.505455
29769 0.505455
29770 0.505455
29771 0.505455
29772 0.505455
29773 0.505455
29774 0.505455
29775 0.505455
29776 0.505455
29777 0.505455
29778 0.505455
29779 0.505455
29780 0.505455
29781 0.505455
29782 0.505455
29783 0.505455
29784 0.505455
29785 0.505455
29786 0.505455
29787 0.505455
29788 0.505455
29789 0.505455
29790 0.505455
29791 0.505455
29792 0.505455
29793 0.505455
29794 0.505455
29795 0.505455
29796 0.505455
29797 0.505455
29798 0.505455
29799 0.505455
29800 0.505455
29801 0.505455
29802 0.505455
29803 0.505455
29804 0.505455
29805 0.505455
29806 0.505455
29807 0.505455
29808 0.505455
29809 0.505455
29810 0.505455
29811 0.505455
29812 0.505455
29813 0.505455
29814 0.505455
29815 0.505455
29816 0.505455
29817 0.505455
29818 0.505455
29819 0.505455
29820 0.505455
29821 0.505455
29822 0.505455
29823 0.505455
29824 0.505455
29825 0.505455
29826 0.505455
29827 0.505455
29828 0.505455
29829 0.505455
29830 0.505455
29831 0.505455
29832 0.505455
29833 0.505455
29834 0.505455
29835 0.505455
29836 0.505455
29837 0.505455
29838 0.505455
29839 0.505455
29840 0.505455
29841 0.505455
29842 0.505455
29843 0.505455
29844 0.505455
29845 0.505455
29846 0.505455
29847 0.505455
29848 0.505455
29849 0.505455
29850 0.505455
29851 0.505455
29852 0.505455
29853 0.505455
29854 0.505455
29855 0.505455
29856 0.505455
29857 0.505455
29858 0.505455
29859 0.505455
29860 0.505455
29861 0.505455
29862 0.505455
29863 0.505455
29864 0.505455
29865 0.505455
29866 0.505455
29867 0.505455
29868 0.505455
29869 0.505455
29870 0.505455
29871 0.505455
29872 0.505455
29873 0.505455
29874 0.505455
29875 0.505455
29876 0.505455
29877 0.505455
29878 0.505455
29879 0.505455
29880 0.505455
29881 0.505455
29882 0.505455
29883 0.505455
29884 0.505455
29885 0.505455
29886 0.505455
29887 0.505455
29888 0.505455
29889 0.505455
29890 0.505455
29891 0.505455
29892 0.505455
29893 0.505455
29894 0.505455
29895 0.505455
29896 0.505455
29897 0.505455
29898 0.505455
29899 0.505455
29900 0.505455
29901 0.505455
29902 0.505455
29903 0.505455
29904 0.505455
29905 0.505455
29906 0.505455
29907 0.505455
29908 0.505455
29909 0.505455
29910 0.505455
29911 0.505455
29912 0.505455
29913 0.505455
29914 0.505455
29915 0.505455
29916 0.505455
29917 0.505455
29918 0.505455
29919 0.505455
29920 0.505455
29921 0.505455
29922 0.505455
29923 0.505455
29924 0.505455
29925 0.505455
29926 0.505455
29927 0.505455
29928 0.505455
29929 0.505455
29930 0.505455
29931 0.505455
29932 0.505455
29933 0.505455
29934 0.505455
29935 0.505455
29936 0.505455
29937 0.505455
29938 0.505455
29939 0.505455
29940 0.505455
29941 0.505455
29942 0.505455
29943 0.505455
29944 0.505455
29945 0.505455
29946 0.505455
29947 0.505455
29948 0.505455
29949 0.505455
29950 0.505455
29951 0.505455
29952 0.505455
29953 0.505455
29954 0.505455
29955 0.505455
29956 0.505455
29957 0.505455
29958 0.505455
29959 0.505455
29960 0.505455
29961 0.505455
29962 0.505455
29963 0.505455
29964 0.505455
29965 0.505455
29966 0.505455
29967 0.505455
29968 0.505455
29969 0.505455
29970 0.505455
29971 0.505455
29972 0.505455
29973 0.505455
29974 0.505455
29975 0.505455
29976 0.505455
29977 0.505455
29978 0.505455
29979 0.505455
29980 0.505455
29981 0.505455
29982 0.505455
29983 0.505455
29984 0.505455
29985 0.505455
29986 0.505455
29987 0.505455
29988 0.505455
29989 0.505455
29990 0.505455
29991 0.505455
29992 0.505455
29993 0.505455
29994 0.505455
29995 0.505455
29996 0.505455
29997 0.505455
29998 0.505455
29999 0.505455
30000 0.505455
30001 0.505455
30002 0.505455
30003 0.505455
30004 0.505455
30005 0.505455
30006 0.505455
30007 0.505455
30008 0.505455
30009 0.505455
30010 0.505455
30011 0.505455
30012 0.505455
30013 0.505455
30014 0.505455
30015 0.505455
30016 0.505455
30017 0.505455
30018 0.505455
30019 0.505455
30020 0.505455
30021 0.505455
30022 0.505455
30023 0.505455
30024 0.505455
30025 0.505455
30026 0.505455
30027 0.505455
30028 0.505455
30029 0.505455
30030 0.505455
30031 0.505455
30032 0.505455
30033 0.505455
30034 0.505455
30035 0.505455
30036 0.505455
30037 0.505455
30038 0.505455
30039 0.505455
30040 0.505455
30041 0.505455
30042 0.505455
30043 0.505455
30044 0.505455
30045 0.505455
30046 0.505455
30047 0.505455
30048 0.505455
30049 0.505455
30050 0.505455
30051 0.505455
30052 0.505455
30053 0.505455
30054 0.505455
30055 0.505455
30056 0.505455
30057 0.505455
30058 0.505455
30059 0.505455
30060 0.505455
30061 0.505455
30062 0.505455
30063 0.505455
30064 0.505455
30065 0.505455
30066 0.505455
30067 0.505455
30068 0.505455
30069 0.505455
30070 0.505455
30071 0.505455
30072 0.505455
30073 0.505455
30074 0.505455
30075 0.505455
30076 0.505455
30077 0.505455
30078 0.505455
30079 0.505455
30080 0.505455
30081 0.505455
30082 0.505455
30083 0.505455
30084 0.505455
30085 0.505455
30086 0.505455
30087 0.505455
30088 0.505455
30089 0.505455
30090 0.505455
30091 0.505455
30092 0.505455
30093 0.505455
30094 0.505455
30095 0.505455
30096 0.505455
30097 0.505455
30098 0.505455
30099 0.505455
30100 0.505455
30101 0.505455
30102 0.505455
30103 0.505455
30104 0.505455
30105 0.505455
30106 0.505455
30107 0.505455
30108 0.505455
30109 0.505455
30110 0.505455
30111 0.505455
30112 0.505455
30113 0.505455
30114 0.505455
30115 0.505455
30116 0.505455
30117 0.505455
30118 0.505455
30119 0.505455
30120 0.505455
30121 0.505455
30122 0.505455
30123 0.505455
30124 0.505455
30125 0.505455
30126 0.505455
30127 0.505455
30128 0.505455
30129 0.505455
30130 0.505455
30131 0.505455
30132 0.505455
30133 0.505455
30134 0.505455
30135 0.505455
30136 0.505455
30137 0.505455
30138 0.505455
30139 0.505455
30140 0.505455
30141 0.505455
30142 0.505455
30143 0.505455
30144 0.505455
30145 0.505455
30146 0.505455
30147 0.505455
30148 0.505455
30149 0.505455
30150 0.505455
30151 0.505455
30152 0.505455
30153 0.505455
30154 0.505455
30155 0.505455
30156 0.505455
30157 0.505455
30158 0.505455
30159 0.505455
30160 0.505455
30161 0.505455
30162 0.505455
30163 0.505455
30164 0.505455
30165 0.505455
30166 0.505455
30167 0.505455
30168 0.505455
30169 0.505455
30170 0.505455
30171 0.505455
30172 0.505455
30173 0.505455
30174 0.505455
30175 0.505455
30176 0.505455
30177 0.505455
30178 0.505455
30179 0.505455
30180 0.505455
30181 0.505455
30182 0.505455
30183 0.505455
30184 0.505455
30185 0.505455
30186 0.505455
30187 0.505455
30188 0.505455
30189 0.505455
30190 0.505455
30191 0.505455
30192 0.505455
30193 0.505455
30194 0.505455
30195 0.503590
30196 0.503590
30197 0.503590
30198 0.503590
30199 0.503590
30200 0.503590
30201 0.503590
30202 0.503590
30203 0.503590
30204 0.503590
30205 0.503590
30206 0.503590
30207 0.503590
30208 0.503590
30209 0.503590
30210 0.503590
30211 0.503590
30212 0.503590
30213 0.503590
30214 0.503590
30215 0.503590
30216 0.503590
30217 0.503590
30218 0.503590
30219 0.503590
30220 0.503590
30221 0.503590
30222 0.503590
30223 0.503590
30224 0.503590
30225 0.503590
30226 0.503590
30227 0.503590
30228 0.503590
30229 0.503590
30230 0.503590
30231 0.503590
30232 0.503590
30233 0.503590
30234 0.503590
30235 0.503590
30236 0.503590
30237 0.503590
30238 0.503590
30239 0.503590
30240 0.503590
30241 0.503590
30242 0.503590
30243 0.503590
30244 0.503590
30245 0.503590
30246 0.503590
30247 0.503590
30248 0.503590
30249 0.503590
30250 0.503590
30251 0.503590
30252 0.503590
30253 0.503590
30254 0.503590
30255 0.503590
30256 0.503590
30257 0.503590
30258 0.503590
30259 0.503590
30260 0.503590
30261 0.503590
30262 0.503590
30263 0.503590
30264 0.503590
30265 0.503590
30266 0.503590
30267 0.503590
30268 0.503590
30269 0.503590
30270 0.503590
30271 0.503590
30272 0.503590
30273 0.503590
30274 0.503590
30275 0.503590
30276 0.503590
30277 0.503590
30278 0.503590
30279 0.503590
30280 0.503590
30281 0.503590
30282 0.503590
30283 0.503590
30284 0.503590
30285 0.503590
30286 0.503590
30287 0.503590
30288 0.503590
30289 0.503590
30290 0.503590
30291 0.503590
30292 0.503590
30293 0.503590
30294 0.503590
30295 0.503590
30296 0.503590
30297 0.503590
30298 0.503590
30299 0.503590
30300 0.503590
30301 0.503590
30302 0.503590
30303 0.503590
30304 0.503590
30305 0.503590
30306 0.503590
30307 0.503590
30308 0.503590
30309 0.503590
30310 0.503590
30311 0.503590
30312 0.503590
30313 0.503590
30314 0.503590
30315 0.503590
30316 0.503590
30317 0.503590
30318 0.503590
30319 0.503590
30320 0.503590
30321 0.503590
30322 0.503590
30323 0.503590
30324 0.503590
30325 0.503590
30326 0.503590
30327 0.503590
30328 0.503590
30329 0.503590
30330 0.503590
30331 0.503590
30332 0.503590
30333 0.503590
30334 0.503590
30335 0.503590
30336 0.503590
30337 0.503590
30338 0.503590
30339 0.503590
30340 0.503590
30341 0.503590
30342 0.503590
30343 0.503590
30344 0.503590
30345 0.503590
30346 0.503590
30347 0.503590
30348 0.503590
30349 0.503590
30350 0.503590
30351 0.503590
30352 0.503590
30353 0.503590
30354 0.503590
30355 0.503590
30356 0.503590
30357 0.503590
30358 0.503590
30359 0.503590
30360 0.503590
30361 0.503590
30362 0.503590
30363 0.503590
30364 0.503590
30365 0.503590
30366 0.503590
30367 0.503590
30368 0.503590
30369 0.503590
30370 0.503590
30371 0.503590
30372 0.503590
30373 0.503590
30374 0.503590
30375 0.503590
30376 0.503590
30377 0.503590
30378 0.503590
30379 0.503590
30380 0.503590
30381 0.503590
30382 0.503590
30383 0.503590
30384 0.503590
30385 0.503590
30386 0.503590
30387 0.503590
30388 0.503590
30389 0.503590
30390 0.503590
30391 0.503590
30392 0.503590
30393 0.503590
30394 0.503590
30395 0.503590
30396 0.503590
30397 0.503590
30398 0.503590
30399 0.503590
30400 0.503590
30401 0.503590
30402 0.503590
30403 0.503590
30404 0.503590
30405 0.503590
30406 0.503590
30407 0.503590
30408 0.503590
30409 0.503590
30410 0.503590
30411 0.503590
30412 0.503590
30413 0.503590
30414 0.503590
30415 0.503590
30416 0.503590
30417 0.503590
30418 0.503590
30419 0.503590
30420 0.503590
30421 0.503590
30422 0.503590
30423 0.503590
30424 0.503590
30425 0.503590
30426 0.503590
30427 0.503590
30428 0.503590
30429 0.503590
30430 0.503590
30431 0.503590
30432 0.503590
30433 0.503590
30434 0.503590
30435 0.503590
30436 0.503590
30437 0.503590
30438 0.503590
30439 0.503590
30440 0.503590
30441 0.503590
30442 0.503590
30443 0.503590
30444 0.503590
30445 0.503590
30446 0.503590
30447 0.503590
30448 0.503590
30449 0.503590
30450 0.503590
30451 0.503590
30452 0.503590
30453 0.503590
30454 0.503590
30455 0.503590
30456 0.503590
30457 0.503590
30458 0.503590
30459 0.503590
30460 0.503590
30461 0.503590
30462 0.503590
30463 0.503590
30464 0.503590
30465 0.503590
30466 0.503590
30467 0.503590
30468 0.503590
30469 0.503590
30470 0.503590
30471 0.503590
30472 0.503590
30473 0.503590
30474 0.503590
30475 0.503590
30476 0.503590
30477 0.503590
30478 0.503590
30479 0.503590
30480 0.503590
30481 0.503590
30482 0.503590
30483 0.503590
30484 0.503590
30485 0.503590
30486 0.503590
30487 0.503590
30488 0.503590
30489 0.503590
30490 0.503590
30491 0.503590
30492 0.503590
30493 0.503590
30494 0.503590
30495 0.503590
30496 0.503590
30497 0.503590
30498 0.503590
30499 0.503590
30500 0.503590
30501 0.503590
30502 0.503590
30503 0.503590
30504 0.503590
30505 0.503590
30506 0.503590
30507 0.503590
30508 0.503590
30509 0.503590
30510 0.503590
30511 0.503590
30512 0.503590
30513 0.503590
30514 0.503590
30515 0.503590
30516 0.503590
30517 0.503590
30518 0.503590
30519 0.503590
30520 0.503590
30521 0.503590
30522 0.503590
30523 0.503590
30524 0.503590
30525 0.503590
30526 0.503590
30527 0.503590
30528 0.503590
30529 0.503590
30530 0.503590
30531 0.503590
30532 0.503590
30533 0.503590
30534 0.503590
30535 0.503590
30536 0.503590
30537 0.503590
30538 0.503590
30539 0.503590
30540 0.503590
30541 0.503590
30542 0.503590
30543 0.503590
30544 0.503590
30545 0.503590
30546 0.503590
30547 0.503590
30548 0.503590
30549 0.503590
30550 0.503590
30551 0.503590
30552 0.503590
30553 0.503590
30554 0.503590
30555 0.503590
30556 0.503590
30557 0.503590
30558 0.503590
30559 0.503590
30560 0.503590
30561 0.503590
30562 0.503590
30563 0.503590
30564 0.503590
30565 0.503590
30566 0.503590
30567 0.503590
30568 0.503590
30569 0.503590
30570 0.503590
30571 0.503590
30572 0.503590
30573 0.503590
30574 0.503590
30575 0.503590
30576 0.503590
30577 0.503590
30578 0.503590
30579 0.503590
30580 0.503590
30581 0.503590
30582 0.503590
30583 0.503590
30584 0.503590
30585 0.503590
30586 0.503590
30587 0.503590
30588 0.503590
30589 0.503590
30590 0.503590
30591 0.503590
30592 0.503590
30593 0.503590
30594 0.503590
30595 0.503590
30596 0.503590
30597 0.503590
30598 0.503590
30599 0.503590
30600 0.503590
30601 0.503590
30602 0.503590
30603 0.503590
30604 0.503590
30605 0.503590
30606 0.503590
30607 0.503590
30608 0.503590
30609 0.503590
30610 0.503590
30611 0.503590
30612 0.503590
30613 0.503590
30614 0.503590
30615 0.503590
30616 0.503590
30617 0.503590
30618 0.503590
30619 0.503590
30620 0.503590
30621 0.503590
30622 0.503590
30623 0.503590
30624 0.503590
30625 0.503590
30626 0.503590
30627 0.503590
30628 0.503590
30629 0.503590
30630 0.503590
30631 0.503590
30632 0.503590
30633 0.503590
30634 0.503590
30635 0.503590
30636 0.503590
30637 0.503590
30638 0.503590
30639 0.503590
30640 0.503590
30641 0.503590
30642 0.503590
30643 0.503590
30644 0.503590
30645 0.503590
30646 0.503590
30647 0.503590
30648 0.503590
30649 0.503590
30650 0.503590
30651 0.503590
30652 0.503590
30653 0.503590
30654 0.503590
30655 0.503590
30656 0.503590
30657 0.503590
30658 0.503590
30659 0.503590
30660 0.503590
30661 0.503590
30662 0.503590
30663 0.503590
30664 0.503590
30665 0.503590
30666 0.503590
30667 0.503590
30668 0.503590
30669 0.503590
30670 0.503590
30671 0.503590
30672 0.503590
30673 0.503590
30674 0.503590
30675 0.503590
30676 0.503590
30677 0.503590
30678 0.503590
30679 0.503590
30680 0.503590
30681 0.503590
30682 0.503590
30683 0.503590
30684 0.503590
30685 0.503590
30686 0.503590
30687 0.503590
30688 0.503590
30689 0.503590
30690 0.503590
30691 0.503590
30692 0.503590
30693 0.503590
30694 0.503590
30695 0.503590
30696 0.503590
30697 0.503590
30698 0.503590
30699 0.503590
30700 0.503590
30701 0.503590
30702 0.503590
30703 0.503590
30704 0.503590
30705 0.503590
30706 0.503590
30707 0.503590
30708 0.503590
30709 0.503590
30710 0.503590
30711 0.503590
30712 0.503590
30713 0.503590
30714 0.503590
30715 0.503590
30716 0.503590
30717 0.503590
30718 0.503590
30719 0.503590
30720 0.503590
30721 0.503590
30722 0.503590
30723 0.503590
30724 0.503590
30725 0.503590
30726 0.503590
30727 0.503590
30728 0.503590
30729 0.503590
30730 0.503590
30731 0.503590
30732 0.503590
30733 0.503590
30734 0.503590
30735 0.503590
30736 0.503590
30737 0.503590
30738 0.503590
30739 0.503590
30740 0.503590
30741 0.503590
30742 0.503590
30743 0.503590
30744 0.503590
30745 0.503590
30746 0.503590
30747 0.503590
30748 0.503590
30749 0.503590
30750 0.503590
30751 0.503590
30752 0.503590
30753 0.503590
30754 0.503590
30755 0.503590
30756 0.503590
30757 0.503590
30758 0.503590
30759 0.503590
30760 0.503590
30761 0.503590
30762 0.503590
30763 0.503590
30764 0.503590
30765 0.503590
30766 0.503590
30767 0.503590
30768 0.503590
30769 0.503590
30770 0.503590
30771 0.503590
30772 0.503590
30773 0.503590
30774 0.503590
30775 0.503590
30776 0.503590
30777 0.503590
30778 0.503590
30779 0.503590
30780 0.501370
30781 0.501370
30782 0.501370
30783 0.501370
30784 0.501370
30785 0.501370
30786 0.501370
30787 0.501370
30788 0.501370
30789 0.501370
30790 0.501370
30791 0.501370
30792 0.501370
30793 0.501370
30794 0.501370
30795 0.501370
30796 0.501370
30797 0.501370
30798 0.501370
30799 0.501370
30800 0.501370
30801 0.501370
30802 0.501370
30803 0.501370
30804 0.501370
30805 0.501370
30806 0.501370
30807 0.501370
30808 0.501370
30809 0.501370
30810 0.501370
30811 0.501370
30812 0.501370
30813 0.501370
30814 0.501370
30815 0.501370
30816 0.501370
30817 0.501370
30818 0.501370
30819 0.501370
30820 0.501370
30821 0.501370
30822 0.501370
30823 0.501370
30824 0.501370
30825 0.501370
30826 0.501370
30827 0.501370
30828 0.501370
30829 0.501370
30830 0.501370
30831 0.501370
30832 0.501370
30833 0.501370
30834 0.501370
30835 0.501370
30836 0.501370
30837 0.501370
30838 0.501370
30839 0.501370
30840 0.501370
30841 0.501370
30842 0.501370
30843 0.501370
30844 0.501370
30845 0.501370
30846 0.501370
30847 0.501370
30848 0.501370
30849 0.501370
30850 0.501370
30851 0.501370
30852 0.501370
30853 0.501370
30854 0.501370
30855 0.501370
30856 0.501370
30857 0.501370
30858 0.501370
30859 0.501370
30860 0.501370
30861 0.501370
30862 0.501370
30863 0.501370
30864 0.501370
30865 0.501370
30866 0.501370
30867 0.501370
30868 0.501370
30869 0.501370
30870 0.501370
30871 0.501370
30872 0.501370
30873 0.501370
30874 0.501370
30875 0.501370
30876 0.501370
30877 0.501370
30878 0.501370
30879 0.501370
30880 0.501370
30881 0.501370
30882 0.501370
30883 0.501370
30884 0.501370
30885 0.501370
30886 0.501370
30887 0.501370
30888 0.501370
30889 0.501370
30890 0.501370
30891 0.501370
30892 0.501370
30893 0.501370
30894 0.501370
30895 0.501370
30896 0.501370
30897 0.501370
30898 0.501370
30899 0.501370
30900 0.501370
30901 0.501370
30902 0.501370
30903 0.501370
30904 0.501370
30905 0.501370
30906 0.501370
30907 0.501370
30908 0.501370
30909 0.501370
30910 0.501370
30911 0.501370
30912 0.501370
30913 0.501370
30914 0.501370
30915 0.501370
30916 0.501370
30917 0.501370
30918 0.501370
30919 0.501370
30920 0.501370
30921 0.501370
30922 0.501370
30923 0.501370
30924 0.501370
30925 0.501370
30926 0.501370
30927 0.501370
30928 0.501370
30929 0.501370
30930 0.501370
30931 0.501370
30932 0.501370
30933 0.501370
30934 0.501370
30935 0.501370
30936 0.501370
30937 0.501370
30938 0.501370
30939 0.501370
30940 0.501370
30941 0.501370
30942 0.501370
30943 0.501370
30944 0.501370
30945 0.501370
30946 0.501370
30947 0.501370
30948 0.501370
30949 0.501370
30950 0.501370
30951 0.501370
30952 0.501370
30953 0.501370
30954 0.501370
30955 0.501370
30956 0.501370
30957 0.501370
30958 0.501370
30959 0.501370
30960 0.501370
30961 0.501370
30962 0.501370
30963 0.501370
30964 0.501370
30965 0.501370
30966 0.501370
30967 0.501370
30968 0.501370
30969 0.501370
30970 0.501370
30971 0.501370
30972 0.501370
30973 0.501370
30974 0.501370
30975 0.501370
30976 0.501370
30977 0.501370
30978 0.501370
30979 0.501370
30980 0.501370
30981 0.501370
30982 0.501370
30983 0.501370
30984 0.501370
30985 0.501370
30986 0.501370
30987 0.501370
30988 0.501370
30989 0.501370
30990 0.501370
30991 0.501370
30992 0.501370
30993 0.501370
30994 0.501370
30995 0.501370
30996 0.501370
30997 0.501370
30998 0.501370
30999 0.501370
31000 0.501370
31001 0.501370
31002 0.501370
31003 0.501370
31004 0.501370
31005 0.501370
31006 0.501370
31007 0.501370
31008 0.501370
31009 0.501370
31010 0.501370
31011 0.501370
31012 0.501370
31013 0.501370
31014 0.501370
31015 0.501370
31016 0.501370
31017 0.501370
31018 0.501370
31019 0.501370
31020 0.501370
31021 0.501370
31022 0.501370
31023 0.501370
31024 0.501370
31025 0.501370
31026 0.501370
31027 0.501370
31028 0.501370
31029 0.501370
31030 0.501370
31031 0.501370
31032 0.501370
31033 0.501370
31034 0.501370
31035 0.501370
31036 0.501370
31037 0.501370
31038 0.501370
31039 0.501370
31040 0.501370
31041 0.501370
31042 0.501370
31043 0.501370
31044 0.501370
31045 0.501370
31046 0.501370
31047 0.501370
31048 0.501370
31049 0.501370
31050 0.501370
31051 0.501370
31052 0.501370
31053 0.501370
31054 0.501370
31055 0.501370
31056 0.501370
31057 0.501370
31058 0.501370
31059 0.501370
31060 0.501370
31061 0.501370
31062 0.501370
31063 0.501370
31064 0.501370
31065 0.501370
31066 0.501370
31067 0.501370
31068 0.501370
31069 0.501370
31070 0.501370
31071 0.501370
31072 0.501370
31073 0.501370
31074 0.501370
31075 0.501370
31076 0.501370
31077 0.501370
31078 0.501370
31079 0.501370
31080 0.501370
31081 0.501370
31082 0.501370
31083 0.501370
31084 0.501370
31085 0.501370
31086 0.501370
31087 0.501370
31088 0.501370
31089 0.501370
31090 0.501370
31091 0.501370
31092 0.501370
31093 0.501370
31094 0.501370
31095 0.501370
31096 0.501370
31097 0.501370
31098 0.501370
31099 0.501370
31100 0.501370
31101 0.501370
31102 0.501370
31103 0.501370
31104 0.501370
31105 0.501370
31106 0.501370
31107 0.501370
31108 0.501370
31109 0.501370
31110 0.501370
31111 0.501370
31112 0.501370
31113 0.501370
31114 0.501370
31115 0.501370
31116 0.501370
31117 0.501370
31118 0.501370
31119 0.501370
31120 0.501370
31121 0.501370
31122 0.501370
31123 0.501370
31124 0.501370
31125 0.501370
31126 0.501370
31127 0.501370
31128 0.501370
31129 0.501370
31130 0.501370
31131 0.501370
31132 0.501370
31133 0.501370
31134 0.501370
31135 0.501370
31136 0.501370
31137 0.501370
31138 0.501370
31139 0.501370
31140 0.501370
31141 0.501370
31142 0.501370
31143 0.501370
31144 0.501370
31145 0.501370
31146 0.501370
31147 0.501370
31148 0.501370
31149 0.501370
31150 0.501370
31151 0.501370
31152 0.501370
31153 0.501370
31154 0.501370
31155 0.501370
31156 0.501370
31157 0.501370
31158 0.501370
31159 0.501370
31160 0.501370
31161 0.501370
31162 0.501370
31163 0.501370
31164 0.501370
31165 0.501370
31166 0.501370
31167 0.501370
31168 0.501370
31169 0.501370
31170 0.501370
31171 0.501370
31172 0.501370
31173 0.501370
31174 0.501370
31175 0.501370
31176 0.501370
31177 0.501370
31178 0.501370
31179 0.501370
31180 0.501370
31181 0.501370
31182 0.501370
31183 0.501370
31184 0.501370
31185 0.501370
31186 0.501370
31187 0.501370
31188 0.501370
31189 0.501370
31190 0.501370
31191 0.501370
31192 0.501370
31193 0.501370
31194 0.501370
31195 0.501370
31196 0.501370
31197 0.501370
31198 0.501370
31199 0.501370
31200 0.501370
31201 0.501370
31202 0.501370
31203 0.501370
31204 0.501370
31205 0.501370
31206 0.501370
31207 0.501370
31208 0.501370
31209 0.501370
31210 0.501370
31211 0.501370
31212 0.501370
31213 0.501370
31214 0.501370
31215 0.501370
31216 0.501370
31217 0.501370
31218 0.501370
31219 0.501370
31220 0.501370
31221 0.501370
31222 0.501370
31223 0.501370
31224 0.501370
31225 0.501370
31226 0.501370
31227 0.501370
31228 0.501370
31229 0.501370
31230 0.501370
31231 0.501370
31232 0.501370
31233 0.501370
31234 0.501370
31235 0.501370
31236 0.501370
31237 0.501370
31238 0.501370
31239 0.501370
31240 0.501370
31241 0.501370
31242 0.501370
31243 0.501370
31244 0.501370
31245 0.501370
31246 0.501370
31247 0.501370
31248 0.501370
31249 0.501370
31250 0.501370
31251 0.501370
31252 0.501370
31253 0.501370
31254 0.501370
31255 0.501370
31256 0.501370
31257 0.501370
31258 0.501370
31259 0.501370
31260 0.501370
31261 0.501370
31262 0.501370
31263 0.501370
31264 0.501370
31265 0.501370
31266 0.501370
31267 0.501370
31268 0.501370
31269 0.501370
31270 0.501370
31271 0.501370
31272 0.501370
31273 0.501370
31274 0.501370
31275 0.501370
31276 0.501370
31277 0.501370
31278 0.501370
31279 0.501370
31280 0.501370
31281 0.501370
31282 0.501370
31283 0.501370
31284 0.501370
31285 0.501370
31286 0.501370
31287 0.501370
31288 0.501370
31289 0.499452
31290 0.499452
31291 0.499452
31292 0.499452
31293 0.499452
31294 0.499452
31295 0.499452
31296 0.499452
31297 0.499452
31298 0.499452
31299 0.499452
31300 0.499452
31301 0.499452
31302 0.499452
31303 0.499452
31304 0.499452
31305 0.499452
31306 0.499452
31307 0.499452
31308 0.499452
31309 0.499452
31310 0.499452
31311 0.499452
31312 0.499452
31313 0.499452
31314 0.499452
31315 0.499452
31316 0.499452
31317 0.499452
31318 0.499452
31319 0.499452
31320 0.499452
31321 0.499452
31322 0.499452
31323 0.499452
31324 0.499452
31325 0.499452
31326 0.499452
31327 0.499452
31328 0.499452
31329 0.499452
31330 0.499452
31331 0.499452
31332 0.499452
31333 0.499452
31334 0.499452
31335 0.499452
31336 0.499452
31337 0.499452
31338 0.499452
31339 0.499452
31340 0.499452
31341 0.499452
31342 0.499452
31343 0.499452
31344 0.499452
31345 0.499452
31346 0.499452
31347 0.499452
31348 0.499452
31349 0.499452
31350 0.499452
31351 0.499452
31352 0.499452
31353 0.499452
31354 0.499452
31355 0.499452
31356 0.499452
31357 0.499452
31358 0.499452
31359 0.499452
31360 0.499452
31361 0.499452
31362 0.499452
31363 0.499452
31364 0.499452
31365 0.499452
31366 0.499452
31367 0.499452
31368 0.499452
31369 0.499452
31370 0.499452
31371 0.499452
31372 0.499452
31373 0.499452
31374 0.499452
31375 0.499452
31376 0.499452
31377 0.499452
31378 0.499452
31379 0.499452
31380 0.499452
31381 0.499452
31382 0.499452
31383 0.499452
31384 0.499452
31385 0.499452
31386 0.499452
31387 0.499452
31388 0.499452
31389 0.499452
31390 0.499452
31391 0.499452
31392 0.499452
31393 0.499452
31394 0.499452
31395 0.499452
31396 0.499452
31397 0.499452
31398 0.499452
31399 0.499452
31400 0.499452
31401 0.499452
31402 0.499452
31403 0.499452
31404 0.499452
31405 0.499452
31406 0.499452
31407 0.499452
31408 0.499452
31409 0.499452
31410 0.499452
31411 0.499452
31412 0.499452
31413 0.499452
31414 0.499452
31415 0.499452
31416 0.499452
31417 0.499452
31418 0.499452
31419 0.499452
31420 0.499452
31421 0.499452
31422 0.499452
31423 0.499452
31424 0.499452
31425 0.499452
31426 0.499452
31427 0.499452
31428 0.499452
31429 0.499452
31430 0.499452
31431 0.499452
31432 0.499452
31433 0.499452
31434 0.499452
31435 0.499452
31436 0.499452
31437 0.499452
31438 0.499452
31439 0.499452
31440 0.499452
31441 0.499452
31442 0.499452
31443 0.499452
31444 0.499452
31445 0.499452
31446 0.499452
31447 0.499452
31448 0.499452
31449 0.499452
31450 0.499452
31451 0.499452
31452 0.499452
31453 0.499452
31454 0.499452
31455 0.499452
31456 0.499452
31457 0.499452
31458 0.499452
31459 0.499452
31460 0.499452
31461 0.499452
31462 0.499452
31463 0.499452
31464 0.499452
31465 0.499452
31466 0.499452
31467 0.499452
31468 0.499452
31469 0.499452
31470 0.499452
31471 0.499452
31472 0.499452
31473 0.499452
31474 0.499452
31475 0.499452
31476 0.499452
31477 0.499452
31478 0.499452
31479 0.499452
31480 0.499452
31481 0.499452
31482 0.499452
31483 0.499452
31484 0.499452
31485 0.499452
31486 0.499452
31487 0.499452
31488 0.499452
31489 0.499452
31490 0.499452
31491 0.499452
31492 0.499452
31493 0.499452
31494 0.499452
31495 0.499452
31496 0.499452
31497 0.499452
31498 0.499452
31499 0.499452
31500 0.499452
31501 0.499452
31502 0.499452
31503 0.499452
31504 0.499452
31505 0.499452
31506 0.499452
31507 0.499452
31508 0.499452
31509 0.499452
31510 0.499452
31511 0.499452
31512 0.499452
31513 0.499452
31514 0.499452
31515 0.499452
31516 0.499452
31517 0.499452
31518 0.499452
31519 0.499452
31520 0.499452
31521 0.499452
31522 0.499452
31523 0.499452
31524 0.499452
31525 0.499452
31526 0.499452
31527 0.499452
31528 0.499452
31529 0.499452
31530 0.499452
31531 0.499452
31532 0.499452
31533 0.499452
31534 0.499452
31535 0.499452
31536 0.499452
31537 0.499452
31538 0.499452
31539 0.499452
31540 0.499452
31541 0.499452
31542 0.499452
31543 0.499452
31544 0.499452
31545 0.499452
31546 0.499452
31547 0.499452
31548 0.499452
31549 0.499452
31550 0.499452
31551 0.499452
31552 0.499452
31553 0.499452
31554 0.499452
31555 0.499452
31556 0.499452
31557 0.499452
31558 0.499452
31559 0.499452
31560 0.499452
31561 0.499452
31562 0.499452
31563 0.499452
31564 0.499452
31565 0.499452
31566 0.499452
31567 0.499452
31568 0.499452
31569 0.499452
31570 0.499452
31571 0.499452
31572 0.499452
31573 0.499452
31574 0.499452
31575 0.499452
31576 0.499452
31577 0.499452
31578 0.499452
31579 0.499452
31580 0.499452
31581 0.499452
31582 0.499452
31583 0.499452
31584 0.499452
31585 0.499452
31586 0.499452
31587 0.499452
31588 0.499452
31589 0.499452
31590 0.499452
31591 0.499452
31592 0.499452
31593 0.499452
31594 0.499452
31595 0.499452
31596 0.499452
31597 0.499452
31598 0.499452
31599 0.499452
31600 0.499452
31601 0.499452
31602 0.499452
31603 0.499452
31604 0.499452
31605 0.499452
31606 0.499452
31607 0.499452
31608 0.499452
31609 0.499452
31610 0.499452
31611 0.499452
31612 0.499452
31613 0.499452
31614 0.499452
31615 0.499452
31616 0.499452
31617 0.499452
31618 0.499452
31619 0.499452
31620 0.499452
31621 0.499452
31622 0.499452
31623 0.499452
31624 0.499452
31625 0.499452
31626 0.499452
31627 0.499452
31628 0.499452
31629 0.499452
31630 0.499452
31631 0.499452
31632 0.499452
31633 0.499452
31634 0.499452
31635 0.499452
31636 0.499452
31637 0.499452
31638 0.499452
31639 0.499452
31640 0.499452
31641 0.499452
31642 0.499452
31643 0.499452
31644 0.499452
31645 0.499452
31646 0.499452
31647 0.499452
31648 0.499452
31649 0.499452
31650 0.499452
31651 0.499452
31652 0.499452
31653 0.499452
31654 0.499452
31655 0.499452
31656 0.499452
31657 0.499452
31658 0.499452
31659 0.499452
31660 0.499452
31661 0.499452
31662 0.499452
31663 0.499452
31664 0.499452
31665 0.499452
31666 0.499452
31667 0.499452
31668 0.499452
31669 0.499452
31670 0.499452
31671 0.499452
31672 0.499452
31673 0.499452
31674 0.499452
31675 0.499452
31676 0.499452
31677 0.499452
31678 0.499452
31679 0.499452
31680 0.499452
31681 0.499452
31682 0.499452
31683 0.499452
31684 0.499452
31685 0.499452
31686 0.499452
31687 0.499452
31688 0.499452
31689 0.499452
31690 0.499452
31691 0.499452
31692 0.499452
31693 0.499452
31694 0.499452
31695 0.499452
31696 0.499452
31697 0.499452
31698 0.499452
31699 0.499452
31700 0.499452
31701 0.499452
31702 0.499452
31703 0.499452
31704 0.499452
31705 0.499452
31706 0.499452
31707 0.499452
31708 0.499452
31709 0.499452
31710 0.499452
31711 0.499452
31712 0.499452
31713 0.499452
31714 0.499452
31715 0.499452
31716 0.499452
31717 0.499452
31718 0.499452
31719 0.499452
31720 0.499452
31721 0.499452
31722 0.499452
31723 0.499452
31724 0.499452
31725 0.499452
31726 0.499452
31727 0.499452
31728 0.499452
31729 0.499452
31730 0.497800
31731 0.497800
31732 0.497800
31733 0.497800
31734 0.497800
31735 0.497800
31736 0.497800
31737 0.497800
31738 0.497800
31739 0.497800
31740 0.497800
31741 0.497800
31742 0.497800
31743 0.497800
31744 0.497800
31745 0.497800
31746 0.497800
31747 0.497800
31748 0.497800
31749 0.497800
31750 0.497800
31751 0.497800
31752 0.497800
31753 0.497800
31754 0.497800
31755 0.497800
31756 0.497800
31757 0.497800
31758 0.497800
31759 0.497800
31760 0.497800
31761 0.497800
31762 0.497800
31763 0.497800
31764 0.497800
31765 0.497800
31766 0.497800
31767 0.497800
31768 0.497800
31769 0.497800
31770 0.497800
31771 0.497800
31772 0.497800
31773 0.497800
31774 0.497800
31775 0.497800
31776 0.497800
31777 0.497800
31778 0.497800
31779 0.497800
31780 0.497800
31781 0.497800
31782 0.497800
31783 0.497800
31784 0.497800
31785 0.497800
31786 0.497800
31787 0.497800
31788 0.497800
31789 0.497800
31790 0.497800
31791 0.497800
31792 0.497800
31793 0.497800
31794 0.497800
31795 0.497800
31796 0.497800
31797 0.497800
31798 0.497800
31799 0.497800
31800 0.497800
31801 0.497800
31802 0.497800
31803 0.497800
31804 0.497800
31805 0.497800
31806 0.497800
31807 0.497800
31808 0.497800
31809 0.497800
31810 0.497800
31811 0.497800
31812 0.497800
31813 0.497800
31814 0.497800
31815 0.497800
31816 0.497800
31817 0.497800
31818 0.497800
31819 0.497800
31820 0.497800
31821 0.497800
31822 0.497800
31823 0.497800
31824 0.497800
31825 0.497800
31826 0.497800
31827 0.497800
31828 0.497800
31829 0.497800
31830 0.497800
31831 0.497800
31832 0.497800
31833 0.497800
31834 0.497800
31835 0.497800
31836 0.497800
31837 0.497800
31838 0.497800
31839 0.497800
31840 0.497800
31841 0.497800
31842 0.497800
31843 0.497800
31844 0.497800
31845 0.497800
31846 0.497800
31847 0.497800
31848 0.497800
31849 0.497800
31850 0.497800
31851 0.497800
31852 0.497800
31853 0.497800
31854 0.497800
31855 0.497800
31856 0.497800
31857 0.497800
31858 0.497800
31859 0.497800
31860 0.497800
31861 0.497800
31862 0.497800
31863 0.497800
31864 0.497800
31865 0.497800
31866 0.497800
31867 0.497800
31868 0.497800
31869 0.497800
31870 0.497800
31871 0.497800
31872 0.497800
31873 0.497800
31874 0.497800
31875 0.497800
31876 0.497800
31877 0.497800
31878 0.497800
31879 0.497800
31880 0.497800
31881 0.497800
31882 0.497800
31883 0.497800
31884 0.497800
31885 0.497800
31886 0.497800
31887 0.497800
31888 0.497800
31889 0.497800
31890 0.497800
31891 0.497800
31892 0.497800
31893 0.497800
31894 0.497800
31895 0.497800
31896 0.497800
31897 0.497800
31898 0.497800
31899 0.497800
31900 0.497800
31901 0.497800
31902 0.497800
31903 0.497800
31904 0.497800
31905 0.497800
31906 0.497800
31907 0.497800
31908 0.497800
31909 0.497800
31910 0.497800
31911 0.497800
31912 0.497800
31913 0.497800
31914 0.497800
31915 0.497800
31916 0.497800
31917 0.497800
31918 0.497800
31919 0.497800
31920 0.497800
31921 0.497800
31922 0.497800
31923 0.497800
31924 0.497800
31925 0.497800
31926 0.497800
31927 0.497800
31928 0.497800
31929 0.497800
31930 0.497800
31931 0.497800
31932 0.497800
31933 0.497800
31934 0.497800
31935 0.497800
31936 0.497800
31937 0.497800
31938 0.497800
31939 0.497800
31940 0.497800
31941 0.497800
31942 0.497800
31943 0.497800
31944 0.497800
31945 0.497800
31946 0.497800
31947 0.497800
31948 0.497800
31949 0.497800
31950 0.497800
31951 0.497800
31952 0.497800
31953 0.497800
31954 0.497800
31955 0.497800
31956 0.497800
31957 0.497800
31958 0.497800
31959 0.497800
31960 0.497800
31961 0.497800
31962 0.497800
31963 0.497800
31964 0.497800
31965 0.497800
31966 0.497800
31967 0.497800
31968 0.497800
31969 0.497800
31970 0.497800
31971 0.497800
31972 0.497800
31973 0.497800
31974 0.497800
31975 0.497800
31976 0.497800
31977 0.497800
31978 0.497800
31979 0.497800
31980 0.497800
31981 0.497800
31982 0.497800
31983 0.497800
31984 0.497800
31985 0.497800
31986 0.497800
31987 0.497800
31988 0.497800
31989 0.497800
31990 0.497800
31991 0.497800
31992 0.497800
31993 0.497800
31994 0.497800
31995 0.497800
31996 0.497800
31997 0.497800
31998 0.497800
31999 0.497800
32000 0.497800
32001 0.497800
32002 0.497800
32003 0.497800
32004 0.497800
32005 0.497800
32006 0.497800
32007 0.497800
32008 0.497800
32009 0.497800
32010 0.497800
32011 0.497800
32012 0.497800
32013 0.497800
32014 0.497800
32015 0.497800
32016 0.497800
32017 0.497800
32018 0.497800
32019 0.497800
32020 0.497800
32021 0.497800
32022 0.497800
32023 0.497800
32024 0.497800
32025 0.497800
32026 0.497800
32027 0.497800
32028 0.497800
32029 0.497800
32030 0.497800
32031 0.497800
32032 0.497800
32033 0.497800
32034 0.497800
32035 0.497800
32036 0.497800
32037 0.497800
32038 0.497800
32039 0.497800
32040 0.497800
32041 0.497800
32042 0.497800
32043 0.497800
32044 0.497800
32045 0.497800
32046 0.497800
32047 0.497800
32048 0.497800
32049 0.497800
32050 0.497800
32051 0.497800
32052 0.497800
32053 0.497800
32054 0.497800
32055 0.497800
32056 0.497800
32057 0.497800
32058 0.497800
32059 0.497800
32060 0.497800
32061 0.497800
32062 0.497800
32063 0.497800
32064 0.497800
32065 0.497800
32066 0.497800
32067 0.497800
32068 0.497800
32069 0.497800
32070 0.497800
32071 0.497800
32072 0.497800
32073 0.497800
32074 0.497800
32075 0.497800
32076 0.497800
32077 0.497800
32078 0.497800
32079 0.497800
32080 0.497800
32081 0.497800
32082 0.497800
32083 0.497800
32084 0.497800
32085 0.497800
32086 0.497800
32087 0.497800
32088 0.497800
32089 0.497800
32090 0.497800
32091 0.497800
32092 0.497800
32093 0.497800
32094 0.497800
32095 0.497800
32096 0.497800
32097 0.497800
32098 0.497800
32099 0.497800
32100 0.497800
32101 0.497800
32102 0.497800
32103 0.497800
32104 0.497800
32105 0.497800
32106 0.497800
32107 0.497800
32108 0.497800
32109 0.497800
32110 0.497800
32111 0.497800
32112 0.497800
32113 0.497800
32114 0.497800
32115 0.497800
32116 0.497800
32117 0.497800
32118 0.497800
32119 0.497800
32120 0.497800
32121 0.497800
32122 0.497800
32123 0.497800
32124 0.497800
32125 0.497800
32126 0.496324
32127 0.496324
32128 0.496324
32129 0.496324
32130 0.496324
32131 0.496324
32132 0.496324
32133 0.496324
32134 0.496324
32135 0.496324
32136 0.496324
32137 0.496324
32138 0.496324
32139 0.496324
32140 0.496324
32141 0.496324
32142 0.496324
32143 0.496324
32144 0.496324
32145 0.496324
32146 0.496324
32147 0.496324
32148 0.496324
32149 0.496324
32150 0.496324
32151 0.496324
32152 0.496324
32153 0.496324
32154 0.496324
32155 0.496324
32156 0.496324
32157 0.496324
32158 0.496324
32159 0.496324
32160 0.496324
32161 0.496324
32162 0.496324
32163 0.496324
32164 0.496324
32165 0.496324
32166 0.496324
32167 0.496324
32168 0.496324
32169 0.496324
32170 0.496324
32171 0.496324
32172 0.496324
32173 0.496324
32174 0.496324
32175 0.496324
32176 0.496324
32177 0.496324
32178 0.496324
32179 0.496324
32180 0.496324
32181 0.496324
32182 0.496324
32183 0.496324
32184 0.496324
32185 0.496324
32186 0.496324
32187 0.496324
32188 0.496324
32189 0.496324
32190 0.496324
32191 0.496324
32192 0.496324
32193 0.496324
32194 0.496324
32195 0.496324
32196 0.496324
32197 0.496324
32198 0.496324
32199 0.496324
32200 0.496324
32201 0.496324
32202 0.496324
32203 0.496324
32204 0.496324
32205 0.496324
32206 0.496324
32207 0.496324
32208 0.496324
32209 0.496324
32210 0.496324
32211 0.496324
32212 0.496324
32213 0.496324
32214 0.496324
32215 0.496324
32216 0.496324
32217 0.496324
32218 0.496324
32219 0.496324
32220 0.496324
32221 0.496324
32222 0.496324
32223 0.496324
32224 0.496324
32225 0.496324
32226 0.496324
32227 0.496324
32228 0.496324
32229 0.496324
32230 0.496324
32231 0.496324
32232 0.496324
32233 0.496324
32234 0.496324
32235 0.496324
32236 0.496324
32237 0.496324
32238 0.496324
32239 0.496324
32240 0.496324
32241 0.496324
32242 0.496324
32243 0.496324
32244 0.496324
32245 0.496324
32246 0.496324
32247 0.496324
32248 0.496324
32249 0.496324
32250 0.496324
32251 0.496324
32252 0.496324
32253 0.496324
32254 0.496324
32255 0.496324
32256 0.496324
32257 0.496324
32258 0.496324
32259 0.496324
32260 0.496324
32261 0.496324
32262 0.496324
32263 0.496324
32264 0.496324
32265 0.496324
32266 0.496324
32267 0.496324
32268 0.496324
32269 0.496324
32270 0.496324
32271 0.496324
32272 0.496324
32273 0.496324
32274 0.496324
32275 0.496324
32276 0.496324
32277 0.496324
32278 0.496324
32279 0.496324
32280 0.496324
32281 0.496324
32282 0.496324
32283 0.496324
32284 0.496324
32285 0.496324
32286 0.496324
32287 0.496324
32288 0.496324
32289 0.496324
32290 0.496324
32291 0.496324
32292 0.496324
32293 0.496324
32294 0.496324
32295 0.496324
32296 0.496324
32297 0.496324
32298 0.496324
32299 0.496324
32300 0.496324
32301 0.496324
32302 0.496324
32303 0.496324
32304 0.496324
32305 0.496324
32306 0.496324
32307 0.496324
32308 0.496324
32309 0.496324
32310 0.496324
32311 0.496324
32312 0.496324
32313 0.496324
32314 0.496324
32315 0.496324
32316 0.496324
32317 0.496324
32318 0.496324
32319 0.496324
32320 0.496324
32321 0.496324
32322 0.496324
32323 0.496324
32324 0.496324
32325 0.496324
32326 0.496324
32327 0.496324
32328 0.496324
32329 0.496324
32330 0.496324
32331 0.496324
32332 0.496324
32333 0.496324
32334 0.496324
32335 0.496324
32336 0.496324
32337 0.496324
32338 0.496324
32339 0.495534
32340 0.495534
32341 0.495534
32342 0.495534
32343 0.495534
32344 0.495534
32345 0.495534
32346 0.495534
32347 0.495534
32348 0.495534
32349 0.495534
32350 0.495534
32351 0.495534
32352 0.495534
32353 0.495534
32354 0.495534
32355 0.495534
32356 0.495534
32357 0.495534
32358 0.495534
32359 0.495534
32360 0.495534
32361 0.495534
32362 0.495534
32363 0.495534
32364 0.495534
32365 0.495534
32366 0.495534
32367 0.495534
32368 0.495534
32369 0.495534
32370 0.495534
32371 0.495534
32372 0.495534
32373 0.495534
32374 0.495534
32375 0.495534
32376 0.495534
32377 0.495534
32378 0.495534
32379 0.495534
32380 0.495534
32381 0.495534
32382 0.495534
32383 0.495534
32384 0.495534
32385 0.495534
32386 0.495534
32387 0.495534
32388 0.495534
32389 0.495534
32390 0.495534
32391 0.495534
32392 0.495534
32393 0.495534
32394 0.495534
32395 0.495534
32396 0.495534
32397 0.495534
32398 0.495534
32399 0.495534
32400 0.495534
32401 0.495534
32402 0.495534
32403 0.495534
32404 0.495534
32405 0.495534
32406 0.495534
32407 0.495534
32408 0.495534
32409 0.495534
32410 0.495534
32411 0.495534
32412 0.495534
32413 0.495534
32414 0.495534
32415 0.495534
32416 0.495534
32417 0.495534
32418 0.495534
32419 0.495534
32420 0.495534
32421 0.495534
32422 0.495534
32423 0.495534
32424 0.495534
32425 0.495534
32426 0.495534
32427 0.495534
32428 0.495534
32429 0.495534
32430 0.495534
32431 0.495534
32432 0.495534
32433 0.495534
32434 0.495534
32435 0.495534
32436 0.495534
32437 0.495534
32438 0.495534
32439 0.495534
32440 0.495534
32441 0.495534
32442 0.495534
32443 0.495534
32444 0.495534
32445 0.495534
32446 0.495534
32447 0.495534
32448 0.495534
32449 0.495534
32450 0.495534
32451 0.495534
32452 0.495534
32453 0.495534
32454 0.495534
32455 0.495534
32456 0.495534
32457 0.495534
32458 0.495534
32459 0.495534
32460 0.495534
32461 0.495534
32462 0.495534
32463 0.495534
32464 0.495534
32465 0.495534
32466 0.495534
32467 0.495534
32468 0.495534
32469 0.495534
32470 0.495534
32471 0.495534
32472 0.495534
32473 0.495534
32474 0.495534
32475 0.495534
32476 0.495534
32477 0.495534
32478 0.495534
32479 0.495534
32480 0.495534
32481 0.495534
32482 0.495534
32483 0.495534
32484 0.495534
32485 0.495534
32486 0.495534
32487 0.495534
32488 0.495534
32489 0.495534
32490 0.495534
32491 0.495534
32492 0.495534
32493 0.495534
32494 0.495534
32495 0.495534
32496 0.495534
32497 0.495534
32498 0.495534
32499 0.495534
32500 0.495534
32501 0.495534
32502 0.495534
32503 0.495534
32504 0.495534
32505 0.495534
32506 0.495534
32507 0.495534
32508 0.495534
32509 0.495534
32510 0.495534
32511 0.495534
32512 0.495534
32513 0.495534
32514 0.495534
32515 0.495534
32516 0.495534
32517 0.495534
32518 0.495534
32519 0.495534
32520 0.495534
32521 0.495534
32522 0.495534
32523 0.495534
32524 0.495534
32525 0.495534
32526 0.495534
32527 0.495534
32528 0.495534
32529 0.495534
32530 0.495534
32531 0.495534
32532 0.495534
32533 0.495534
32534 0.495534
32535 0.495534
32536 0.495534
32537 0.495534
32538 0.495534
32539 0.495534
32540 0.495534
32541 0.495534
32542 0.495534
32543 0.495534
32544 0.495534
32545 0.495534
32546 0.495534
32547 0.495534
32548 0.495534
32549 0.495534
32550 0.495534
32551 0.495534
32552 0.495534
32553 0.495534
32554 0.495534
32555 0.495534
32556 0.495534
32557 0.495534
32558 0.495534
32559 0.495534
32560 0.495534
32561 0.495534
32562 0.495534
32563 0.495534
32564 0.495534
32565 0.495534
32566 0.495534
32567 0.495534
32568 0.495534
32569 0.495534
32570 0.495534
32571 0.495534
32572 0.495534
32573 0.495534
32574 0.495534
32575 0.495534
32576 0.495534
32577 0.495534
32578 0.495534
32579 0.495534
32580 0.495534
32581 0.495534
32582 0.495534
32583 0.495534
32584 0.495534
32585 0.495534
32586 0.495534
32587 0.495534
32588 0.495534
32589 0.495534
32590 0.495534
32591 0.495534
32592 0.495534
32593 0.495534
32594 0.495534
32595 0.495534
32596 0.495534
32597 0.495534
32598 0.495534
32599 0.495534
32600 0.495534
32601 0.495534
32602 0.495534
32603 0.495534
32604 0.495534
32605 0.495534
32606 0.495534
32607 0.495534
32608 0.495534
32609 0.495534
32610 0.495534
32611 0.495534
32612 0.495534
32613 0.495534
32614 0.495534
32615 0.495534
32616 0.495534
32617 0.495534
32618 0.495534
32619 0.495534
32620 0.495534
32621 0.495534
32622 0.495534
32623 0.495534
32624 0.495534
32625 0.495534
32626 0.495534
32627 0.495534
32628 0.495534
32629 0.495534
32630 0.495534
32631 0.495534
32632 0.495534
32633 0.495534
32634 0.495534
32635 0.495534
32636 0.495534
32637 0.495534
32638 0.495534
32639 0.495534
32640 0.495534
32641 0.495534
32642 0.495534
32643 0.495534
32644 0.495534
32645 0.495534
32646 0.495534
32647 0.495534
32648 0.495534
32649 0.495534
32650 0.495534
32651 0.495534
32652 0.495534
32653 0.495534
32654 0.495534
32655 0.495534
32656 0.495534
32657 0.495534
32658 0.495534
32659 0.495534
32660 0.495534
32661 0.495534
32662 0.495534
32663 0.495534
32664 0.495534
32665 0.495534
32666 0.495534
32667 0.495534
32668 0.495534
32669 0.495534
32670 0.495534
32671 0.495534
32672 0.495534
32673 0.495534
32674 0.495534
32675 0.495534
32676 0.495534
32677 0.495534
32678 0.495534
32679 0.495534
32680 0.495534
32681 0.495534
32682 0.495534
32683 0.495534
32684 0.495534
32685 0.495534
32686 0.495534
32687 0.495534
32688 0.495534
32689 0.495534
32690 0.495534
32691 0.495534
32692 0.495534
32693 0.495534
32694 0.495534
32695 0.495534
32696 0.495534
32697 0.495534
32698 0.495534
32699 0.495534
32700 0.495534
32701 0.495534
32702 0.495534
32703 0.495534
32704 0.495534
32705 0.495534
32706 0.495534
32707 0.495534
32708 0.495534
32709 0.495534
32710 0.495534
32711 0.495534
32712 0.495534
32713 0.495534
32714 0.495534
32715 0.495534
32716 0.495534
32717 0.495534
32718 0.495534
32719 0.495534
32720 0.495534
32721 0.495534
32722 0.495534
32723 0.495534
32724 0.495534
32725 0.495534
32726 0.495534
32727 0.495534
32728 0.495534
32729 0.495534
32730 0.495534
32731 0.495534
32732 0.495534
32733 0.495534
32734 0.495534
32735 0.495534
32736 0.495534
32737 0.495534
32738 0.495534
32739 0.495534
32740 0.495534
32741 0.495534
32742 0.495534
32743 0.495534
32744 0.495534
32745 0.495534
32746 0.495534
32747 0.495534
32748 0.495534
32749 0.495534
32750 0.495534
32751 0.495534
32752 0.495534
32753 0.495534
32754 0.495534
32755 0.495534
32756 0.495534
32757 0.495534
32758 0.495534
32759 0.495534
32760 0.495534
32761 0.495534
32762 0.495534
32763 0.495534
32764 0.495534
32765 0.495534
32766 0.495534
32767 0.495534
32768 0.495534
32769 0.495534
32770 0.495534
32771 0.495534
32772 0.495534
32773 0.495534
32774 0.495534
32775 0.495534
32776 0.495534
32777 0.495534
32778 0.495534
32779 0.495534
32780 0.495534
32781 0.495534
32782 0.495534
32783 0.495534
32784 0.495534
32785 0.495534
32786 0.495534
32787 0.495534
32788 0.495534
32789 0.495534
32790 0.495534
32791 0.495534
32792 0.495534
32793 0.495534
32794 0.495534
32795 0.495534
32796 0.495534
32797 0.495534
32798 0.495534
32799 0.495534
32800 0.495534
32801 0.495534
32802 0.495534
32803 0.495534
32804 0.495534
32805 0.495534
32806 0.495534
32807 0.495534
32808 0.495534
32809 0.495534
32810 0.495534
32811 0.495534
32812 0.495534
32813 0.495534
32814 0.495534
32815 0.495534
32816 0.495534
32817 0.495534
32818 0.495534
32819 0.495534
32820 0.495534
32821 0.495534
32822 0.495534
32823 0.495534
32824 0.495534
32825 0.495534
32826 0.495534
32827 0.495534
32828 0.495534
32829 0.495534
32830 0.495534
32831 0.495534
32832 0.495534
32833 0.495534
32834 0.495534
32835 0.495534
32836 0.495534
32837 0.495534
32838 0.495534
32839 0.495534
32840 0.495534
32841 0.495534
32842 0.495534
32843 0.495534
32844 0.495534
32845 0.495534
32846 0.495534
32847 0.495534
32848 0.495534
32849 0.495534
32850 0.495534
32851 0.495534
32852 0.495534
32853 0.495534
32854 0.495534
32855 0.495534
32856 0.495534
32857 0.495534
32858 0.495534
32859 0.495534
32860 0.495534
32861 0.495534
32862 0.495534
32863 0.495534
32864 0.495534
32865 0.495534
32866 0.495534
32867 0.495534
32868 0.495534
32869 0.495534
32870 0.495534
32871 0.495534
32872 0.495534
32873 0.495534
32874 0.495534
32875 0.495534
32876 0.495534
32877 0.495534
32878 0.495534
32879 0.495534
32880 0.495534
32881 0.495534
32882 0.495534
32883 0.495534
32884 0.495534
32885 0.495534
32886 0.495534
32887 0.495534
32888 0.495534
32889 0.495534
32890 0.495534
32891 0.495534
32892 0.495534
32893 0.495534
32894 0.495534
32895 0.495534
32896 0.495534
32897 0.495534
32898 0.495534
32899 0.495534
32900 0.495534
32901 0.495534
32902 0.495534
32903 0.495534
32904 0.495534
32905 0.495534
32906 0.495534
32907 0.495534
32908 0.495534
32909 0.495534
32910 0.495534
32911 0.495534
32912 0.495534
32913 0.495534
32914 0.495534
32915 0.495534
32916 0.495534
32917 0.495534
32918 0.495534
32919 0.495534
32920 0.495534
32921 0.495534
32922 0.495534
32923 0.495534
32924 0.495534
32925 0.495534
32926 0.495534
32927 0.495534
32928 0.495534
32929 0.495534
32930 0.495534
32931 0.495534
32932 0.495534
32933 0.495534
32934 0.495534
32935 0.495534
32936 0.495534
32937 0.495534
32938 0.495534
32939 0.495534
32940 0.495534
32941 0.495534
32942 0.495534
32943 0.495534
32944 0.495534
32945 0.495534
32946 0.495534
32947 0.495534
32948 0.495534
32949 0.495534
32950 0.495534
32951 0.495534
32952 0.495534
32953 0.495534
32954 0.495534
32955 0.495534
32956 0.495534
32957 0.495534
32958 0.495534
32959 0.495534
32960 0.495534
32961 0.495534
32962 0.495534
32963 0.495534
32964 0.495534
32965 0.495534
32966 0.495534
32967 0.495534
32968 0.495534
32969 0.495534
32970 0.495534
32971 0.495534
32972 0.495534
32973 0.495534
32974 0.495534
32975 0.495534
32976 0.495534
32977 0.495534
32978 0.495534
32979 0.495534
32980 0.495534
32981 0.495534
32982 0.495534
32983 0.495534
32984 0.495534
32985 0.495534
32986 0.495534
32987 0.495534
32988 0.495534
32989 0.495534
32990 0.495534
32991 0.495534
32992 0.495534
32993 0.495534
32994 0.495534
32995 0.495534
32996 0.495534
32997 0.495534
32998 0.495534
32999 0.495534
33000 0.495534
33001 0.495534
33002 0.495534
33003 0.495534
33004 0.495534
33005 0.495534
33006 0.495534
33007 0.495534
33008 0.495534
33009 0.495534
33010 0.495534
33011 0.495534
33012 0.495534
33013 0.495534
33014 0.495534
33015 0.495534
33016 0.495534
33017 0.495534
33018 0.495534
33019 0.495534
33020 0.495534
33021 0.495534
33022 0.495534
33023 0.495534
33024 0.495534
33025 0.495534
33026 0.495534
33027 0.495534
33028 0.495534
33029 0.495534
33030 0.495534
33031 0.495534
33032 0.495534
33033 0.495534
33034 0.495534
33035 0.495534
33036 0.495534
33037 0.495534
33038 0.495534
33039 0.495534
33040 0.495534
33041 0.495534
33042 0.495534
33043 0.495534
33044 0.495534
33045 0.495534
33046 0.495534
33047 0.495534
33048 0.495534
33049 0.495534
33050 0.495534
33051 0.495534
33052 0.495534
33053 0.495534
33054 0.495534
33055 0.495534
33056 0.495534
33057 0.495534
33058 0.495534
33059 0.495534
33060 0.495534
33061 0.495534
33062 0.495534
33063 0.495534
33064 0.495534
33065 0.495534
33066 0.495534
33067 0.495534
33068 0.495534
33069 0.495534
33070 0.495534
33071 0.495534
33072 0.495534
33073 0.495534
33074 0.495534
33075 0.495534
33076 0.495534
33077 0.495534
33078 0.495534
33079 0.495534
33080 0.495534
33081 0.495534
33082 0.495534
33083 0.495534
33084 0.495534
33085 0.495534
33086 0.495534
33087 0.495534
33088 0.495534
33089 0.495534
33090 0.495534
33091 0.495534
33092 0.495534
33093 0.495534
33094 0.495534
33095 0.495534
33096 0.495534
33097 0.495534
33098 0.495534
33099 0.495534
33100 0.495534
33101 0.495534
33102 0.495534
33103 0.495534
33104 0.495534
33105 0.495534
33106 0.495534
33107 0.495534
33108 0.495534
33109 0.495534
33110 0.495534
33111 0.495534
33112 0.495534
33113 0.495534
33114 0.495534
33115 0.495534
33116 0.495534
33117 0.495534
33118 0.495534
33119 0.495534
33120 0.495534
33121 0.495534
33122 0.495534
33123 0.495534
33124 0.495534
33125 0.495534
33126 0.495534
33127 0.495534
33128 0.495534
33129 0.495534
33130 0.495534
33131 0.495534
33132 0.495534
33133 0.495534
33134 0.495534
33135 0.495534
33136 0.495534
33137 0.495534
33138 0.495534
33139 0.495534
33140 0.495534
33141 0.495534
33142 0.495534
33143 0.495534
33144 0.495534
33145 0.495534
33146 0.495534
33147 0.495534
33148 0.495534
33149 0.495534
33150 0.495534
33151 0.495534
33152 0.495534
33153 0.495534
33154 0.495534
33155 0.495534
33156 0.495534
33157 0.495534
33158 0.495534
33159 0.495534
33160 0.495534
33161 0.495534
33162 0.495534
33163 0.495534
33164 0.495534
33165 0.495534
33166 0.495534
33167 0.495534
33168 0.495534
33169 0.495534
33170 0.495534
33171 0.495534
33172 0.495534
33173 0.495534
33174 0.495534
33175 0.495534
33176 0.495534
33177 0.495534
33178 0.495534
33179 0.495534
33180 0.495534
33181 0.495534
33182 0.495534
33183 0.495534
33184 0.495534
33185 0.495534
33186 0.495534
33187 0.495534
33188 0.495534
33189 0.495534
33190 0.495534
33191 0.495534
33192 0.495534
33193 0.495534
33194 0.495534
33195 0.495534
33196 0.495534
33197 0.495534
33198 0.495534
33199 0.495534
33200 0.495534
33201 0.495534
33202 0.495534
33203 0.495534
33204 0.495534
33205 0.495534
33206 0.495534
33207 0.495534
33208 0.495534
33209 0.495534
33210 0.495534
33211 0.495534
33212 0.495534
33213 0.495534
33214 0.495534
33215 0.495534
33216 0.495534
33217 0.495534
33218 0.495534
33219 0.495534
33220 0.495534
33221 0.495534
33222 0.495534
33223 0.495534
33224 0.495534
33225 0.495534
33226 0.495534
33227 0.495534
33228 0.495534
33229 0.495534
33230 0.495534
33231 0.495534
33232 0.495534
33233 0.495534
33234 0.495534
33235 0.495534
33236 0.495534
33237 0.495534
33238 0.495534
33239 0.495534
33240 0.495534
33241 0.495534
33242 0.495534
33243 0.495534
33244 0.495534
33245 0.495534
33246 0.495534
33247 0.495534
33248 0.495534
33249 0.495534
33250 0.495534
33251 0.495534
33252 0.495534
33253 0.495534
33254 0.495534
33255 0.495534
33256 0.495534
33257 0.495534
33258 0.495534
33259 0.495534
33260 0.495534
33261 0.495534
33262 0.495534
33263 0.495534
33264 0.495534
33265 0.495534
33266 0.495534
33267 0.495534
33268 0.495534
33269 0.495534
33270 0.495534
33271 0.495534
33272 0.495534
33273 0.495534
33274 0.495534
33275 0.495534
33276 0.495534
33277 0.495534
33278 0.495534
33279 0.495534
33280 0.495534
33281 0.495534
33282 0.495534
33283 0.495534
33284 0.495534
33285 0.495534
33286 0.495534
33287 0.495534
33288 0.495534
33289 0.495534
33290 0.495534
33291 0.495534
33292 0.495534
33293 0.495534
33294 0.495534
33295 0.495534
33296 0.495534
33297 0.495534
33298 0.495534
33299 0.495534
33300 0.495534
33301 0.495534
33302 0.495534
33303 0.495534
33304 0.495534
33305 0.495534
33306 0.495534
33307 0.495534
33308 0.495534
33309 0.495534
33310 0.495534
33311 0.495534
33312 0.495534
33313 0.495534
33314 0.495534
33315 0.495534
33316 0.495534
33317 0.495534
33318 0.495534
33319 0.495534
33320 0.495534
33321 0.495534
33322 0.495534
33323 0.495534
33324 0.495534
33325 0.495534
33326 0.495534
33327 0.495534
33328 0.495534
33329 0.495534
33330 0.495534
33331 0.495534
33332 0.495534
33333 0.495534
33334 0.495534
33335 0.495534
33336 0.495534
33337 0.495534
33338 0.495534
33339 0.495534
33340 0.495534
33341 0.495534
33342 0.495534
33343 0.495534
33344 0.495534
33345 0.495534
33346 0.495534
33347 0.495534
33348 0.495534
33349 0.495534
33350 0.495534
33351 0.495534
33352 0.495534
33353 0.495534
33354 0.495534
33355 0.495534
33356 0.495534
33357 0.495534
33358 0.495534
33359 0.495534
33360 0.495534
33361 0.495534
33362 0.495534
33363 0.495534
33364 0.495534
33365 0.495534
33366 0.495534
33367 0.495534
33368 0.495534
33369 0.495534
33370 0.495534
33371 0.495534
33372 0.495534
33373 0.495534
33374 0.495534
33375 0.495534
33376 0.495534
33377 0.495534
33378 0.495534
33379 0.495534
33380 0.495534
33381 0.495534
33382 0.495534
33383 0.495534
33384 0.495534
33385 0.495534
33386 0.495534
33387 0.495534
33388 0.495534
33389 0.495534
33390 0.495534
33391 0.495534
33392 0.495534
33393 0.495534
33394 0.495534
33395 0.495534
33396 0.495534
33397 0.495534
33398 0.495534
33399 0.495534
33400 0.495534
33401 0.495534
33402 0.495534
33403 0.495534
33404 0.495534
33405 0.495534
33406 0.495534
33407 0.495534
33408 0.495534
33409 0.495534
33410 0.495534
33411 0.495534
33412 0.495534
33413 0.495534
33414 0.495534
33415 0.495534
33416 0.495534
33417 0.495534
33418 0.495534
33419 0.495534
33420 0.495534
33421 0.495534
33422 0.495534
33423 0.495534
33424 0.495534
33425 0.495534
33426 0.495534
33427 0.495534
33428 0.495534
33429 0.495534
33430 0.495534
33431 0.495534
33432 0.495534
33433 0.495534
33434 0.495534
33435 0.495534
33436 0.495534
33437 0.495534
33438 0.495534
33439 0.495534
33440 0.495534
33441 0.495534
33442 0.495534
33443 0.495534
33444 0.495534
33445 0.495534
33446 0.495534
33447 0.495534
33448 0.495534
33449 0.495534
33450 0.495534
33451 0.495534
33452 0.495534
33453 0.495534
33454 0.495534
33455 0.495534
33456 0.495534
33457 0.495534
33458 0.495534
33459 0.495534
33460 0.495534
33461 0.495534
33462 0.495534
33463 0.495534
33464 0.495534
33465 0.495534
33466 0.495534
33467 0.495534
33468 0.495534
33469 0.495534
33470 0.495534
33471 0.495534
33472 0.495534
33473 0.495534
33474 0.495534
33475 0.495534
33476 0.495534
33477 0.495534
33478 0.495534
33479 0.495534
33480 0.495534
33481 0.495534
33482 0.495534
33483 0.495534
33484 0.495534
33485 0.495534
33486 0.495534
33487 0.495534
33488 0.495534
33489 0.495534
33490 0.495534
33491 0.495534
33492 0.495534
33493 0.495534
33494 0.495534
33495 0.495534
33496 0.495534
33497 0.495534
33498 0.495534
33499 0.495534
33500 0.495534
33501 0.495534
33502 0.495534
33503 0.495534
33504 0.495534
33505 0.495534
33506 0.495534
33507 0.495534
33508 0.495534
33509 0.495534
33510 0.495534
33511 0.495534
33512 0.495534
33513 0.495534
33514 0.495534
33515 0.495534
33516 0.495534
33517 0.495534
33518 0.495534
33519 0.495534
33520 0.495534
33521 0.495534
33522 0.495534
33523 0.495534
33524 0.495534
33525 0.495534
33526 0.495534
33527 0.495534
33528 0.495534
33529 0.495534
33530 0.495534
33531 0.495534
33532 0.495534
33533 0.495534
33534 0.495534
33535 0.495534
33536 0.495534
33537 0.495534
33538 0.495534
33539 0.495534
33540 0.495534
33541 0.495534
33542 0.495534
33543 0.495534
33544 0.495534
33545 0.495534
33546 0.495534
33547 0.495534
33548 0.495534
33549 0.495534
33550 0.495534
33551 0.495534
33552 0.495534
33553 0.495534
33554 0.495534
33555 0.495534
33556 0.495534
33557 0.495534
33558 0.495534
33559 0.495534
33560 0.495534
33561 0.495534
33562 0.495534
33563 0.495534
33564 0.495534
33565 0.495534
33566 0.495534
33567 0.495534
33568 0.495534
33569 0.495534
33570 0.495534
33571 0.495534
33572 0.495534
33573 0.495534
33574 0.495534
33575 0.490988
33576 0.490988
33577 0.490988
33578 0.490988
33579 0.490988
33580 0.490988
33581 0.490988
33582 0.490988
33583 0.490988
33584 0.490988
33585 0.490988
33586 0.490988
33587 0.490988
33588 0.490988
33589 0.490988
33590 0.490988
33591 0.490988
33592 0.490988
33593 0.490988
33594 0.490988
33595 0.490988
33596 0.490988
33597 0.490988
33598 0.490988
33599 0.490988
33600 0.490988
33601 0.490988
33602 0.490988
33603 0.490988
33604 0.490988
33605 0.490988
33606 0.490988
33607 0.490988
33608 0.490988
33609 0.490988
33610 0.490988
33611 0.490988
33612 0.490988
33613 0.490988
33614 0.490988
33615 0.490988
33616 0.490988
33617 0.490988
33618 0.490988
33619 0.490988
33620 0.490988
33621 0.490988
33622 0.490988
33623 0.490988
33624 0.490988
33625 0.490988
33626 0.490988
33627 0.490988
33628 0.490988
33629 0.490988
33630 0.490988
33631 0.490988
33632 0.490988
33633 0.490988
33634 0.490988
33635 0.490988
33636 0.490988
33637 0.490988
33638 0.490988
33639 0.490988
33640 0.490988
33641 0.490988
33642 0.490988
33643 0.490988
33644 0.490988
33645 0.490988
33646 0.490988
33647 0.490988
33648 0.490988
33649 0.490988
33650 0.490988
33651 0.490988
33652 0.490988
33653 0.490988
33654 0.490988
33655 0.490988
33656 0.490988
33657 0.490988
33658 0.490988
33659 0.490988
33660 0.490988
33661 0.490988
33662 0.490988
33663 0.490988
33664 0.490988
33665 0.490988
33666 0.490988
33667 0.490988
33668 0.490988
33669 0.490988
33670 0.490988
33671 0.490988
33672 0.490988
33673 0.490988
33674 0.490988
33675 0.490988
33676 0.490988
33677 0.490988
33678 0.490988
33679 0.490988
33680 0.490988
33681 0.490988
33682 0.490988
33683 0.490988
33684 0.490988
33685 0.490988
33686 0.490988
33687 0.490988
33688 0.490988
33689 0.490988
33690 0.490988
33691 0.490988
33692 0.490988
33693 0.490988
33694 0.490988
33695 0.490988
33696 0.490988
33697 0.490988
33698 0.490988
33699 0.490988
33700 0.490988
33701 0.490988
33702 0.490988
33703 0.490988
33704 0.490988
33705 0.490988
33706 0.490988
33707 0.490988
33708 0.490988
33709 0.490988
33710 0.490988
33711 0.490988
33712 0.490988
33713 0.490988
33714 0.490988
33715 0.490988
33716 0.490988
33717 0.490988
33718 0.490988
33719 0.490988
33720 0.490988
33721 0.490988
33722 0.490988
33723 0.490988
33724 0.490988
33725 0.490988
33726 0.490988
33727 0.490988
33728 0.490988
33729 0.490988
33730 0.490988
33731 0.490988
33732 0.490988
33733 0.490988
33734 0.490988
33735 0.490988
33736 0.490988
33737 0.490988
33738 0.490988
33739 0.490988
33740 0.490988
33741 0.490988
33742 0.490988
33743 0.490988
33744 0.490988
33745 0.490988
33746 0.490988
33747 0.490988
33748 0.490988
33749 0.490988
33750 0.490988
33751 0.490988
33752 0.490988
33753 0.490988
33754 0.490988
33755 0.490988
33756 0.490988
33757 0.490988
33758 0.490988
33759 0.490988
33760 0.490988
33761 0.490988
33762 0.490988
33763 0.490988
33764 0.490988
33765 0.490988
33766 0.490988
33767 0.490988
33768 0.490988
33769 0.490988
33770 0.490988
33771 0.490988
33772 0.490988
33773 0.490988
33774 0.490988
33775 0.490988
33776 0.490988
33777 0.490988
33778 0.490988
33779 0.490988
33780 0.490988
33781 0.490988
33782 0.490988
33783 0.490988
33784 0.490988
33785 0.490988
33786 0.490988
33787 0.490988
33788 0.490988
33789 0.490988
33790 0.490988
33791 0.490988
33792 0.490988
33793 0.490988
33794 0.490988
33795 0.490988
33796 0.490988
33797 0.490988
33798 0.490988
33799 0.490988
33800 0.490988
33801 0.490988
33802 0.490988
33803 0.490988
33804 0.490988
33805 0.490988
33806 0.490988
33807 0.490988
33808 0.490988
33809 0.490988
33810 0.490988
33811 0.490988
33812 0.490988
33813 0.490988
33814 0.490988
33815 0.490988
33816 0.490988
33817 0.490988
33818 0.490988
33819 0.490988
33820 0.490988
33821 0.490988
33822 0.490988
33823 0.490988
33824 0.490988
33825 0.490988
33826 0.490988
33827 0.490988
33828 0.490988
33829 0.490988
33830 0.490988
33831 0.490988
33832 0.490988
33833 0.490988
33834 0.490988
33835 0.490988
33836 0.490988
33837 0.490988
33838 0.490988
33839 0.490988
33840 0.490988
33841 0.490988
33842 0.490988
33843 0.490988
33844 0.490988
33845 0.490988
33846 0.490988
33847 0.490988
33848 0.490988
33849 0.490988
33850 0.490988
33851 0.490988
33852 0.490988
33853 0.490988
33854 0.490988
33855 0.490988
33856 0.490988
33857 0.490988
33858 0.490988
33859 0.490988
33860 0.490988
33861 0.490988
33862 0.490988
33863 0.490988
33864 0.490988
33865 0.490988
33866 0.490988
33867 0.490988
33868 0.490988
33869 0.490988
33870 0.490988
33871 0.490988
33872 0.490988
33873 0.490988
33874 0.490988
33875 0.490988
33876 0.490988
33877 0.490988
33878 0.490988
33879 0.490988
33880 0.490988
33881 0.490988
33882 0.490988
33883 0.490988
33884 0.490988
33885 0.490988
33886 0.490988
33887 0.490988
33888 0.490988
33889 0.490988
33890 0.490988
33891 0.490988
33892 0.490988
33893 0.490988
33894 0.490988
33895 0.490988
33896 0.490988
33897 0.490988
33898 0.490988
33899 0.490988
33900 0.490988
33901 0.490988
33902 0.490988
33903 0.490988
33904 0.490988
33905 0.490988
33906 0.490988
33907 0.490988
33908 0.490988
33909 0.490988
33910 0.490988
33911 0.490988
33912 0.490988
33913 0.490988
33914 0.490988
33915 0.490988
33916 0.490988
33917 0.490988
33918 0.490988
33919 0.490988
33920 0.490988
33921 0.490988
33922 0.490988
33923 0.490988
33924 0.490988
33925 0.490988
33926 0.490988
33927 0.490988
33928 0.490988
33929 0.490988
33930 0.490988
33931 0.490988
33932 0.490988
33933 0.490988
33934 0.490988
33935 0.490988
33936 0.490988
33937 0.490988
33938 0.490988
33939 0.490988
33940 0.490988
33941 0.490988
33942 0.490988
33943 0.490988
33944 0.490988
33945 0.490988
33946 0.490988
33947 0.490988
33948 0.490988
33949 0.490988
33950 0.490988
33951 0.490988
33952 0.490988
33953 0.490988
33954 0.490988
33955 0.490988
33956 0.490988
33957 0.490988
33958 0.490988
33959 0.490988
33960 0.490988
33961 0.490988
33962 0.490988
33963 0.490988
33964 0.490988
33965 0.490988
33966 0.490988
33967 0.490988
33968 0.490988
33969 0.490988
33970 0.490988
33971 0.490988
33972 0.490988
33973 0.490988
33974 0.490988
33975 0.490988
33976 0.490988
33977 0.490988
33978 0.490988
33979 0.490988
33980 0.490988
33981 0.490988
33982 0.490988
33983 0.490988
33984 0.490988
33985 0.490988
33986 0.490988
33987 0.490988
33988 0.490988
33989 0.490988
33990 0.490988
33991 0.490988
33992 0.490988
33993 0.490988
33994 0.490988
33995 0.490988
33996 0.490988
33997 0.490988
33998 0.490988
33999 0.490988
34000 0.490988
34001 0.490988
34002 0.490988
34003 0.490988
34004 0.490988
34005 0.490988
34006 0.490988
34007 0.490988
34008 0.490988
34009 0.490988
34010 0.490988
34011 0.490988
34012 0.490988
34013 0.490988
34014 0.490988
34015 0.490988
34016 0.490988
34017 0.490988
34018 0.490988
34019 0.490988
34020 0.490988
34021 0.490988
34022 0.490988
34023 0.490988
34024 0.490988
34025 0.490988
34026 0.490988
34027 0.490988
34028 0.490988
34029 0.490988
34030 0.490988
34031 0.490988
34032 0.490988
34033 0.490988
34034 0.490988
34035 0.490988
34036 0.490988
34037 0.490988
34038 0.490988
34039 0.490988
34040 0.490988
34041 0.490988
34042 0.490988
34043 0.490988
34044 0.490988
34045 0.490988
34046 0.490988
34047 0.490988
34048 0.490988
34049 0.490988
34050 0.490988
34051 0.490988
34052 0.490988
34053 0.490988
34054 0.490988
34055 0.490988
34056 0.490988
34057 0.490988
34058 0.490988
34059 0.490988
34060 0.490988
34061 0.490988
34062 0.490988
34063 0.490988
34064 0.490988
34065 0.490988
34066 0.490988
34067 0.490988
34068 0.490988
34069 0.490988
34070 0.490988
34071 0.490988
34072 0.490988
34073 0.490988
34074 0.490988
34075 0.490988
34076 0.490988
34077 0.490988
34078 0.490988
34079 0.490988
34080 0.490988
34081 0.490988
34082 0.490988
34083 0.490988
34084 0.490988
34085 0.490988
34086 0.490988
34087 0.490988
34088 0.490988
34089 0.490988
34090 0.490988
34091 0.490988
34092 0.490988
34093 0.490988
34094 0.490988
34095 0.490988
34096 0.490988
34097 0.490988
34098 0.490988
34099 0.490988
34100 0.490988
34101 0.490988
34102 0.490988
34103 0.490988
34104 0.490988
34105 0.490988
34106 0.490988
34107 0.490988
34108 0.490988
34109 0.490988
34110 0.490988
34111 0.490988
34112 0.490988
34113 0.490988
34114 0.490988
34115 0.490988
34116 0.490988
34117 0.490988
34118 0.490988
34119 0.490988
34120 0.490988
34121 0.490988
34122 0.490988
34123 0.490988
34124 0.490988
34125 0.490988
34126 0.490988
34127 0.490988
34128 0.490988
34129 0.490988
34130 0.490988
34131 0.490988
34132 0.490988
34133 0.490988
34134 0.490988
34135 0.490988
34136 0.490988
34137 0.490988
34138 0.490988
34139 0.490988
34140 0.490988
34141 0.490988
34142 0.490988
34143 0.490988
34144 0.490988
34145 0.490988
34146 0.490988
34147 0.490988
34148 0.490988
34149 0.490988
34150 0.490988
34151 0.490988
34152 0.490988
34153 0.490988
34154 0.490988
34155 0.490988
34156 0.490988
34157 0.490988
34158 0.490988
34159 0.490988
34160 0.490988
34161 0.490988
34162 0.490988
34163 0.490988
34164 0.490988
34165 0.490988
34166 0.490988
34167 0.490988
34168 0.490988
34169 0.490988
34170 0.490988
34171 0.490988
34172 0.490988
34173 0.490988
34174 0.490988
34175 0.490988
34176 0.490988
34177 0.490988
34178 0.490988
34179 0.490988
34180 0.490988
34181 0.490988
34182 0.490988
34183 0.490988
34184 0.490988
34185 0.490988
34186 0.490988
34187 0.490988
34188 0.490988
34189 0.490988
34190 0.490988
34191 0.490988
34192 0.490988
34193 0.490988
34194 0.490988
34195 0.490988
34196 0.490988
34197 0.490988
34198 0.490988
34199 0.490988
34200 0.490988
34201 0.490988
34202 0.490988
34203 0.490988
34204 0.490988
34205 0.490988
34206 0.490988
34207 0.490988
34208 0.490988
34209 0.490988
34210 0.490988
34211 0.490988
34212 0.490988
34213 0.490988
34214 0.490988
34215 0.490988
34216 0.490988
34217 0.490988
34218 0.490988
34219 0.490988
34220 0.490988
34221 0.490988
34222 0.490988
34223 0.490988
34224 0.490988
34225 0.490988
34226 0.490988
34227 0.490988
34228 0.490988
34229 0.490988
34230 0.490988
34231 0.490988
34232 0.490988
34233 0.490988
34234 0.490988
34235 0.490988
34236 0.490988
34237 0.490988
34238 0.490988
34239 0.490988
34240 0.490988
34241 0.490988
34242 0.490988
34243 0.490988
34244 0.490988
34245 0.490988
34246 0.490988
34247 0.490988
34248 0.490988
34249 0.490988
34250 0.490988
34251 0.490988
34252 0.490988
34253 0.490988
34254 0.490988
34255 0.490988
34256 0.490988
34257 0.490988
34258 0.490988
34259 0.490988
34260 0.490988
34261 0.488496
34262 0.488496
34263 0.488496
34264 0.488496
34265 0.488496
34266 0.488496
34267 0.488496
34268 0.488496
34269 0.488496
34270 0.488496
34271 0.488496
34272 0.488496
34273 0.488496
34274 0.488496
34275 0.488496
34276 0.488496
34277 0.488496
34278 0.488496
34279 0.488496
34280 0.488496
34281 0.488496
34282 0.488496
34283 0.488496
34284 0.488496
34285 0.488496
34286 0.488496
34287 0.488496
34288 0.488496
34289 0.488496
34290 0.488496
34291 0.488496
34292 0.488496
34293 0.488496
34294 0.488496
34295 0.488496
34296 0.488496
34297 0.488496
34298 0.488496
34299 0.488496
34300 0.488496
34301 0.488496
34302 0.488496
34303 0.488496
34304 0.488496
34305 0.488496
34306 0.488496
34307 0.488496
34308 0.488496
34309 0.488496
34310 0.488496
34311 0.488496
34312 0.488496
34313 0.488496
34314 0.488496
34315 0.488496
34316 0.488496
34317 0.488496
34318 0.488496
34319 0.488496
34320 0.488496
34321 0.488496
34322 0.488496
34323 0.488496
34324 0.488496
34325 0.488496
34326 0.488496
34327 0.488496
34328 0.488496
34329 0.488496
34330 0.488496
34331 0.488496
34332 0.488496
34333 0.488496
34334 0.488496
34335 0.488496
34336 0.488496
34337 0.488496
34338 0.488496
34339 0.488496
34340 0.488496
34341 0.488496
34342 0.488496
34343 0.488496
34344 0.488496
34345 0.488496
34346 0.488496
34347 0.488496
34348 0.488496
34349 0.488496
34350 0.488496
34351 0.488496
34352 0.488496
34353 0.488496
34354 0.488496
34355 0.488496
34356 0.488496
34357 0.488496
34358 0.488496
34359 0.488496
34360 0.488496
34361 0.488496
34362 0.488496
34363 0.488496
34364 0.488496
34365 0.488496
34366 0.488496
34367 0.488496
34368 0.488496
34369 0.488496
34370 0.488496
34371 0.488496
34372 0.488496
34373 0.488496
34374 0.488496
34375 0.488496
34376 0.488496
34377 0.488496
34378 0.488496
34379 0.488496
34380 0.488496
34381 0.488496
34382 0.488496
34383 0.488496
34384 0.488496
34385 0.488496
34386 0.488496
34387 0.488496
34388 0.488496
34389 0.488496
34390 0.488496
34391 0.488496
34392 0.488496
34393 0.488496
34394 0.488496
34395 0.488496
34396 0.488496
34397 0.488496
34398 0.488496
34399 0.488496
34400 0.488496
34401 0.488496
34402 0.488496
34403 0.488496
34404 0.488496
34405 0.488496
34406 0.488496
34407 0.488496
34408 0.488496
34409 0.488496
34410 0.488496
34411 0.488496
34412 0.488496
34413 0.488496
34414 0.488496
34415 0.488496
34416 0.488496
34417 0.488496
34418 0.488496
34419 0.488496
34420 0.488496
34421 0.488496
34422 0.488496
34423 0.488496
34424 0.488496
34425 0.488496
34426 0.488496
34427 0.488496
34428 0.488496
34429 0.488496
34430 0.488496
34431 0.488496
34432 0.488496
34433 0.488496
34434 0.488496
34435 0.488496
34436 0.488496
34437 0.488496
34438 0.488496
34439 0.488496
34440 0.488496
34441 0.488496
34442 0.488496
34443 0.488496
34444 0.488496
34445 0.488496
34446 0.488496
34447 0.488496
34448 0.488496
34449 0.488496
34450 0.488496
34451 0.488496
34452 0.488496
34453 0.488496
34454 0.488496
34455 0.488496
34456 0.488496
34457 0.488496
34458 0.488496
34459 0.488496
34460 0.488496
34461 0.488496
34462 0.488496
34463 0.488496
34464 0.488496
34465 0.488496
34466 0.488496
34467 0.488496
34468 0.488496
34469 0.488496
34470 0.488496
34471 0.488496
34472 0.488496
34473 0.488496
34474 0.488496
34475 0.488496
34476 0.488496
34477 0.488496
34478 0.488496
34479 0.488496
34480 0.488496
34481 0.488496
34482 0.488496
34483 0.488496
34484 0.488496
34485 0.488496
34486 0.488496
34487 0.488496
34488 0.488496
34489 0.488496
34490 0.488496
34491 0.488496
34492 0.488496
34493 0.488496
34494 0.488496
34495 0.488496
34496 0.488496
34497 0.488496
34498 0.488496
34499 0.488496
34500 0.488496
34501 0.488496
34502 0.488496
34503 0.488496
34504 0.488496
34505 0.488496
34506 0.488496
34507 0.488496
34508 0.488496
34509 0.488496
34510 0.488496
34511 0.488496
34512 0.488496
34513 0.488496
34514 0.488496
34515 0.488496
34516 0.488496
34517 0.488496
34518 0.488496
34519 0.488496
34520 0.488496
34521 0.488496
34522 0.488496
34523 0.488496
34524 0.488496
34525 0.488496
34526 0.488496
34527 0.488496
34528 0.488496
34529 0.488496
34530 0.488496
34531 0.488496
34532 0.488496
34533 0.488496
34534 0.488496
34535 0.488496
34536 0.488496
34537 0.488496
34538 0.488496
34539 0.488496
34540 0.488496
34541 0.488496
34542 0.488496
34543 0.488496
34544 0.488496
34545 0.488496
34546 0.488496
34547 0.488496
34548 0.488496
34549 0.488496
34550 0.488496
34551 0.488496
34552 0.488496
34553 0.488496
34554 0.488496
34555 0.488496
34556 0.488496
34557 0.488496
34558 0.488496
34559 0.488496
34560 0.488496
34561 0.488496
34562 0.488496
34563 0.488496
34564 0.488496
34565 0.488496
34566 0.488496
34567 0.488496
34568 0.488496
34569 0.488496
34570 0.488496
34571 0.488496
34572 0.488496
34573 0.488496
34574 0.488496
34575 0.488496
34576 0.488496
34577 0.488496
34578 0.488496
34579 0.488496
34580 0.488496
34581 0.488496
34582 0.488496
34583 0.488496
34584 0.488496
34585 0.488496
34586 0.488496
34587 0.488496
34588 0.488496
34589 0.488496
34590 0.488496
34591 0.488496
34592 0.488496
34593 0.488496
34594 0.488496
34595 0.488496
34596 0.488496
34597 0.488496
34598 0.488496
34599 0.488496
34600 0.488496
34601 0.488496
34602 0.488496
34603 0.488496
34604 0.488496
34605 0.488496
34606 0.488496
34607 0.488496
34608 0.488496
34609 0.488496
34610 0.488496
34611 0.488496
34612 0.488496
34613 0.488496
34614 0.488496
34615 0.488496
34616 0.488496
34617 0.488496
34618 0.488496
34619 0.488496
34620 0.488496
34621 0.488496
34622 0.488496
34623 0.488496
34624 0.488496
34625 0.488496
34626 0.488496
34627 0.488496
34628 0.488496
34629 0.488496
34630 0.488496
34631 0.488496
34632 0.488496
34633 0.488496
34634 0.488496
34635 0.488496
34636 0.488496
34637 0.488496
34638 0.488496
34639 0.488496
34640 0.488496
34641 0.488496
34642 0.488496
34643 0.488496
34644 0.488496
34645 0.488496
34646 0.488496
34647 0.488496
34648 0.488496
34649 0.488496
34650 0.488496
34651 0.488496
34652 0.488496
34653 0.488496
34654 0.488496
34655 0.488496
34656 0.488496
34657 0.488496
34658 0.488496
34659 0.488496
34660 0.488496
34661 0.488496
34662 0.488496
34663 0.488496
34664 0.488496
34665 0.488496
34666 0.488496
34667 0.488496
34668 0.488496
34669 0.488496
34670 0.488496
34671 0.488496
34672 0.488496
34673 0.488496
34674 0.488496
34675 0.488496
34676 0.488496
34677 0.488496
34678 0.488496
34679 0.488496
34680 0.488496
34681 0.488496
34682 0.488496
34683 0.488496
34684 0.488496
34685 0.488496
34686 0.488496
34687 0.488496
34688 0.488496
34689 0.488496
34690 0.488496
34691 0.488496
34692 0.488496
34693 0.488496
34694 0.488496
34695 0.488496
34696 0.488496
34697 0.488496
34698 0.488496
34699 0.488496
34700 0.488496
34701 0.488496
34702 0.488496
34703 0.488496
34704 0.488496
34705 0.488496
34706 0.488496
34707 0.488496
34708 0.488496
34709 0.488496
34710 0.488496
34711 0.488496
34712 0.488496
34713 0.488496
34714 0.488496
34715 0.488496
34716 0.488496
34717 0.488496
34718 0.488496
34719 0.488496
34720 0.488496
34721 0.488496
34722 0.488496
34723 0.488496
34724 0.488496
34725 0.488496
34726 0.488496
34727 0.488496
34728 0.488496
34729 0.488496
34730 0.488496
34731 0.488496
34732 0.488496
34733 0.488496
34734 0.488496
34735 0.488496
34736 0.488496
34737 0.488496
34738 0.488496
34739 0.488496
34740 0.488496
34741 0.488496
34742 0.488496
34743 0.488496
34744 0.488496
34745 0.488496
34746 0.488496
34747 0.488496
34748 0.488496
34749 0.488496
34750 0.488496
34751 0.488496
34752 0.488496
34753 0.488496
34754 0.488496
34755 0.488496
34756 0.488496
34757 0.488496
34758 0.488496
34759 0.488496
34760 0.488496
34761 0.488496
34762 0.488496
34763 0.488496
34764 0.488496
34765 0.488496
34766 0.488496
34767 0.488496
34768 0.488496
34769 0.488496
34770 0.488496
34771 0.488496
34772 0.488496
34773 0.488496
34774 0.488496
34775 0.488496
34776 0.488496
34777 0.488496
34778 0.488496
34779 0.488496
34780 0.488496
34781 0.488496
34782 0.488496
34783 0.488496
34784 0.488496
34785 0.488496
34786 0.488496
34787 0.488496
34788 0.488496
34789 0.488496
34790 0.488496
34791 0.488496
34792 0.488496
34793 0.488496
34794 0.488496
34795 0.488496
34796 0.488496
34797 0.488496
34798 0.488496
34799 0.488496
34800 0.488496
34801 0.488496
34802 0.488496
34803 0.488496
34804 0.488496
34805 0.488496
34806 0.488496
34807 0.488496
34808 0.488496
34809 0.488496
34810 0.488496
34811 0.488496
34812 0.488496
34813 0.488496
34814 0.488496
34815 0.488496
34816 0.488496
34817 0.488496
34818 0.488496
34819 0.488496
34820 0.488496
34821 0.488496
34822 0.488496
34823 0.488496
34824 0.488496
34825 0.488496
34826 0.488496
34827 0.488496
34828 0.488496
34829 0.488496
34830 0.488496
34831 0.488496
34832 0.488496
34833 0.488496
34834 0.488496
34835 0.488496
34836 0.488496
34837 0.488496
34838 0.488496
34839 0.488496
34840 0.488496
34841 0.488496
34842 0.488496
34843 0.488496
34844 0.488496
34845 0.488496
34846 0.488496
34847 0.488496
34848 0.488496
34849 0.488496
34850 0.488496
34851 0.488496
34852 0.488496
34853 0.488496
34854 0.488496
34855 0.488496
34856 0.488496
34857 0.488496
34858 0.488496
34859 0.488496
34860 0.488496
34861 0.488496
34862 0.488496
34863 0.488496
34864 0.488496
34865 0.488496
34866 0.488496
34867 0.488496
34868 0.488496
34869 0.488496
34870 0.488496
34871 0.488496
34872 0.488496
34873 0.488496
34874 0.488496
34875 0.488496
34876 0.488496
34877 0.488496
34878 0.488496
34879 0.488496
34880 0.488496
34881 0.488496
34882 0.488496
34883 0.488496
34884 0.488496
34885 0.488496
34886 0.488496
34887 0.488496
34888 0.488496
34889 0.488496
34890 0.488496
34891 0.488496
34892 0.488496
34893 0.488496
34894 0.488496
34895 0.488496
34896 0.488496
34897 0.488496
34898 0.488496
34899 0.488496
34900 0.488496
34901 0.488496
34902 0.488496
34903 0.488496
34904 0.488496
34905 0.488496
34906 0.488496
34907 0.488496
34908 0.488496
34909 0.488496
34910 0.488496
34911 0.488496
34912 0.488496
34913 0.488496
34914 0.488496
34915 0.488496
34916 0.488496
34917 0.488496
34918 0.488496
34919 0.488496
34920 0.488496
34921 0.488496
34922 0.488496
34923 0.488496
34924 0.488496
34925 0.488496
34926 0.488496
34927 0.488496
34928 0.488496
34929 0.488496
34930 0.488496
34931 0.488496
34932 0.488496
34933 0.488496
34934 0.488496
34935 0.488496
34936 0.488496
34937 0.488496
34938 0.488496
34939 0.488496
34940 0.488496
34941 0.488496
34942 0.488496
34943 0.488496
34944 0.488496
34945 0.488496
34946 0.488496
34947 0.488496
34948 0.488496
34949 0.488496
34950 0.488496
34951 0.488496
34952 0.488496
34953 0.488496
34954 0.488496
34955 0.488496
34956 0.488496
34957 0.488496
34958 0.488496
34959 0.488496
34960 0.488496
34961 0.488496
34962 0.488496
34963 0.488496
34964 0.488496
34965 0.488496
34966 0.488496
34967 0.488496
34968 0.488496
34969 0.488496
34970 0.488496
34971 0.488496
34972 0.488496
34973 0.488496
34974 0.488496
34975 0.488496
34976 0.488496
34977 0.488496
34978 0.488496
34979 0.488496
34980 0.488496
34981 0.488496
34982 0.488496
34983 0.488496
34984 0.488496
34985 0.488496
34986 0.488496
34987 0.488496
34988 0.488496
34989 0.488496
34990 0.488496
34991 0.488496
34992 0.488496
34993 0.488496
34994 0.488496
34995 0.488496
34996 0.488496
34997 0.488496
34998 0.488496
34999 0.488496
35000 0.488496
35001 0.488496
35002 0.488496
35003 0.488496
35004 0.488496
35005 0.488496
35006 0.488496
35007 0.488496
35008 0.488496
35009 0.488496
35010 0.488496
35011 0.488496
35012 0.488496
35013 0.488496
35014 0.488496
35015 0.488496
35016 0.488496
35017 0.488496
35018 0.488496
35019 0.488496
35020 0.488496
35021 0.488496
35022 0.488496
35023 0.488496
35024 0.488496
35025 0.488496
35026 0.488496
35027 0.488496
35028 0.488496
35029 0.488496
35030 0.488496
35031 0.488496
35032 0.488496
35033 0.488496
35034 0.488496
35035 0.488496
35036 0.488496
35037 0.488496
35038 0.488496
35039 0.488496
35040 0.488496
35041 0.488496
35042 0.488496
35043 0.488496
35044 0.488496
35045 0.488496
35046 0.488496
35047 0.488496
35048 0.488496
35049 0.488496
35050 0.488496
35051 0.488496
35052 0.488496
35053 0.488496
35054 0.488496
35055 0.488496
35056 0.488496
35057 0.488496
35058 0.488496
35059 0.488496
35060 0.488496
35061 0.488496
35062 0.488496
35063 0.488496
35064 0.488496
35065 0.488496
35066 0.488496
35067 0.488496
35068 0.488496
35069 0.488496
35070 0.488496
35071 0.488496
35072 0.488496
35073 0.488496
35074 0.488496
35075 0.488496
35076 0.488496
35077 0.488496
35078 0.488496
35079 0.488496
35080 0.488496
35081 0.488496
35082 0.488496
35083 0.488496
35084 0.488496
35085 0.488496
35086 0.488496
35087 0.488496
35088 0.488496
35089 0.488496
35090 0.488496
35091 0.488496
35092 0.488496
35093 0.488496
35094 0.488496
35095 0.488496
35096 0.488496
35097 0.488496
35098 0.488496
35099 0.488496
35100 0.488496
35101 0.488496
35102 0.488496
35103 0.488496
35104 0.488496
35105 0.488496
35106 0.488496
35107 0.488496
35108 0.488496
35109 0.488496
35110 0.488496
35111 0.488496
35112 0.488496
35113 0.488496
35114 0.488496
35115 0.488496
35116 0.488496
35117 0.488496
35118 0.488496
35119 0.488496
35120 0.488496
35121 0.488496
35122 0.488496
35123 0.488496
35124 0.488496
35125 0.488496
35126 0.488496
35127 0.488496
35128 0.488496
35129 0.488496
35130 0.488496
35131 0.488496
35132 0.488496
35133 0.488496
35134 0.488496
35135 0.488496
35136 0.488496
35137 0.488496
35138 0.488496
35139 0.488496
35140 0.488496
35141 0.488496
35142 0.488496
35143 0.488496
35144 0.488496
35145 0.488496
35146 0.488496
35147 0.488496
35148 0.488496
35149 0.488496
35150 0.488496
35151 0.488496
35152 0.488496
35153 0.488496
35154 0.488496
35155 0.488496
35156 0.488496
35157 0.488496
35158 0.488496
35159 0.488496
35160 0.488496
35161 0.488496
35162 0.488496
35163 0.488496
35164 0.488496
35165 0.488496
35166 0.488496
35167 0.488496
35168 0.488496
35169 0.488496
35170 0.488496
35171 0.488496
35172 0.488496
35173 0.488496
35174 0.488496
35175 0.488496
35176 0.488496
35177 0.488496
35178 0.488496
35179 0.488496
35180 0.488496
35181 0.488496
35182 0.488496
35183 0.488496
35184 0.488496
35185 0.488496
35186 0.488496
35187 0.488496
35188 0.488496
35189 0.488496
35190 0.488496
35191 0.488496
35192 0.488496
35193 0.488496
35194 0.488496
35195 0.488496
35196 0.488496
35197 0.488496
35198 0.488496
35199 0.488496
35200 0.488496
35201 0.488496
35202 0.488496
35203 0.488496
35204 0.488496
35205 0.488496
35206 0.488496
35207 0.488496
35208 0.488496
35209 0.488496
35210 0.488496
35211 0.488496
35212 0.488496
35213 0.488496
35214 0.488496
35215 0.488496
35216 0.488496
35217 0.488496
35218 0.488496
35219 0.488496
35220 0.488496
35221 0.488496
35222 0.488496
35223 0.488496
35224 0.488496
35225 0.488496
35226 0.488496
35227 0.488496
35228 0.488496
35229 0.488496
35230 0.488496
35231 0.488496
35232 0.488496
35233 0.488496
35234 0.488496
35235 0.488496
35236 0.488496
35237 0.488496
35238 0.488496
35239 0.488496
35240 0.488496
35241 0.488496
35242 0.488496
35243 0.488496
35244 0.488496
35245 0.488496
35246 0.488496
35247 0.488496
35248 0.488496
35249 0.488496
35250 0.488496
35251 0.488496
35252 0.488496
35253 0.488496
35254 0.488496
35255 0.488496
35256 0.488496
35257 0.488496
35258 0.488496
35259 0.488496
35260 0.488496
35261 0.488496
35262 0.488496
35263 0.488496
35264 0.488496
35265 0.488496
35266 0.488496
35267 0.488496
35268 0.488496
35269 0.488496
35270 0.488496
35271 0.488496
35272 0.488496
35273 0.488496
35274 0.488496
35275 0.488496
35276 0.488496
35277 0.488496
35278 0.488496
35279 0.488496
35280 0.488496
35281 0.488496
35282 0.488496
35283 0.488496
35284 0.488496
35285 0.488496
35286 0.488496
35287 0.488496
35288 0.488496
35289 0.488496
35290 0.488496
35291 0.488496
35292 0.488496
35293 0.488496
35294 0.488496
35295 0.488496
35296 0.488496
35297 0.488496
35298 0.488496
35299 0.488496
35300 0.488496
35301 0.488496
35302 0.488496
35303 0.488496
35304 0.488496
35305 0.488496
35306 0.488496
35307 0.488496
35308 0.488496
35309 0.488496
35310 0.488496
35311 0.488496
35312 0.488496
35313 0.488496
35314 0.488496
35315 0.488496
35316 0.488496
35317 0.488496
35318 0.488496
35319 0.488496
35320 0.488496
35321 0.488496
35322 0.488496
35323 0.488496
35324 0.488496
35325 0.488496
35326 0.488496
35327 0.488496
35328 0.488496
35329 0.488496
35330 0.488496
35331 0.488496
35332 0.488496
35333 0.488496
35334 0.488496
35335 0.488496
35336 0.488496
35337 0.488496
35338 0.488496
35339 0.488496
35340 0.488496
35341 0.488496
35342 0.488496
35343 0.488496
35344 0.488496
35345 0.488496
35346 0.488496
35347 0.488496
35348 0.488496
35349 0.488496
35350 0.488496
35351 0.488496
35352 0.488496
35353 0.488496
35354 0.488496
35355 0.488496
35356 0.488496
35357 0.488496
35358 0.488496
35359 0.488496
35360 0.488496
35361 0.488496
35362 0.488496
35363 0.488496
35364 0.488496
35365 0.488496
35366 0.488496
35367 0.488496
35368 0.488496
35369 0.488496
35370 0.488496
35371 0.488496
35372 0.488496
35373 0.488496
35374 0.488496
35375 0.488496
35376 0.488496
35377 0.488496
35378 0.488496
35379 0.488496
35380 0.488496
35381 0.488496
35382 0.488496
35383 0.488496
35384 0.488496
35385 0.488496
35386 0.488496
35387 0.488496
35388 0.488496
35389 0.488496
35390 0.488496
35391 0.488496
35392 0.488496
35393 0.488496
35394 0.488496
35395 0.488496
35396 0.488496
35397 0.488496
35398 0.488496
35399 0.488496
35400 0.488496
35401 0.488496
35402 0.488496
35403 0.488496
35404 0.488496
35405 0.488496
35406 0.488496
35407 0.488496
35408 0.488496
35409 0.488496
35410 0.488496
35411 0.488496
35412 0.488496
35413 0.488496
35414 0.488496
35415 0.488496
35416 0.488496
35417 0.488496
35418 0.488496
35419 0.488496
35420 0.488496
35421 0.488496
35422 0.488496
35423 0.488496
35424 0.488496
35425 0.488496
35426 0.488496
35427 0.488496
35428 0.488496
35429 0.488496
35430 0.488496
35431 0.488496
35432 0.488496
35433 0.488496
35434 0.488496
35435 0.488496
35436 0.488496
35437 0.488496
35438 0.488496
35439 0.488496
35440 0.488496
35441 0.488496
35442 0.488496
35443 0.488496
35444 0.488496
35445 0.488496
35446 0.488496
35447 0.488496
35448 0.488496
35449 0.488496
35450 0.488496
35451 0.488496
35452 0.488496
35453 0.488496
35454 0.488496
35455 0.488496
35456 0.488496
35457 0.488496
35458 0.488496
35459 0.488496
35460 0.488496
35461 0.488496
35462 0.488496
35463 0.488496
35464 0.488496
35465 0.488496
35466 0.488496
35467 0.488496
35468 0.488496
35469 0.488496
35470 0.488496
35471 0.488496
35472 0.488496
35473 0.488496
35474 0.488496
35475 0.488496
35476 0.488496
35477 0.488496
35478 0.488496
35479 0.488496
35480 0.488496
35481 0.488496
35482 0.488496
35483 0.488496
35484 0.488496
35485 0.488496
35486 0.488496
35487 0.488496
35488 0.488496
35489 0.488496
35490 0.488496
35491 0.488496
35492 0.488496
35493 0.488496
35494 0.488496
35495 0.488496
35496 0.488496
35497 0.488496
35498 0.488496
35499 0.488496
35500 0.488496
35501 0.488496
35502 0.488496
35503 0.488496
35504 0.488496
35505 0.488496
35506 0.488496
35507 0.488496
35508 0.488496
35509 0.488496
35510 0.488496
35511 0.488496
35512 0.488496
35513 0.488496
35514 0.488496
35515 0.488496
35516 0.488496
35517 0.488496
35518 0.488496
35519 0.488496
35520 0.488496
35521 0.488496
35522 0.488496
35523 0.488496
35524 0.488496
35525 0.488496
35526 0.488496
35527 0.488496
35528 0.488496
35529 0.488496
35530 0.488496
35531 0.488496
35532 0.488496
35533 0.488496
35534 0.488496
35535 0.488496
35536 0.488496
35537 0.488496
35538 0.488496
35539 0.488496
35540 0.488496
35541 0.488496
35542 0.488496
35543 0.488496
35544 0.488496
35545 0.488496
35546 0.488496
35547 0.488496
35548 0.488496
35549 0.488496
35550 0.488496
35551 0.488496
35552 0.488496
35553 0.488496
35554 0.488496
35555 0.488496
35556 0.488496
35557 0.488496
35558 0.488496
35559 0.488496
35560 0.488496
35561 0.488496
35562 0.488496
35563 0.488496
35564 0.488496
35565 0.488496
35566 0.488496
35567 0.488496
35568 0.488496
35569 0.488496
35570 0.488496
35571 0.488496
35572 0.488496
35573 0.488496
35574 0.488496
35575 0.488496
35576 0.488496
35577 0.488496
35578 0.488496
35579 0.488496
35580 0.488496
35581 0.488496
35582 0.488496
35583 0.488496
35584 0.488496
35585 0.488496
35586 0.488496
35587 0.488496
35588 0.488496
35589 0.488496
35590 0.488496
35591 0.488496
35592 0.488496
35593 0.488496
35594 0.488496
35595 0.488496
35596 0.488496
35597 0.488496
35598 0.488496
35599 0.488496
35600 0.488496
35601 0.488496
35602 0.488496
35603 0.488496
35604 0.488496
35605 0.488496
35606 0.488496
35607 0.488496
35608 0.488496
35609 0.488496
35610 0.488496
35611 0.488496
35612 0.488496
35613 0.488496
35614 0.488496
35615 0.488496
35616 0.488496
35617 0.488496
35618 0.488496
35619 0.488496
35620 0.488496
35621 0.488496
35622 0.488496
35623 0.488496
35624 0.488496
35625 0.488496
35626 0.488496
35627 0.488496
35628 0.488496
35629 0.488496
35630 0.488496
35631 0.488496
35632 0.488496
35633 0.488496
35634 0.488496
35635 0.488496
35636 0.488496
35637 0.488496
35638 0.488496
35639 0.488496
35640 0.488496
35641 0.488496
35642 0.488496
35643 0.488496
35644 0.488496
35645 0.488496
35646 0.488496
35647 0.488496
35648 0.488496
35649 0.488496
35650 0.488496
35651 0.488496
35652 0.488496
35653 0.488496
35654 0.488496
35655 0.488496
35656 0.488496
35657 0.488496
35658 0.488496
35659 0.488496
35660 0.488496
35661 0.488496
35662 0.488496
35663 0.488496
35664 0.488496
35665 0.488496
35666 0.488496
35667 0.488496
35668 0.488496
35669 0.488496
35670 0.488496
35671 0.488496
35672 0.488496
35673 0.488496
35674 0.488496
35675 0.488496
35676 0.488496
35677 0.488496
35678 0.488496
35679 0.488496
35680 0.488496
35681 0.488496
35682 0.488496
35683 0.488496
35684 0.488496
35685 0.488496
35686 0.488496
35687 0.488496
35688 0.488496
35689 0.488496
35690 0.488496
35691 0.488496
35692 0.488496
35693 0.488496
35694 0.488496
35695 0.488496
35696 0.488496
35697 0.488496
35698 0.488496
35699 0.488496
35700 0.488496
35701 0.488496
35702 0.488496
35703 0.488496
35704 0.488496
35705 0.488496
35706 0.488496
35707 0.488496
35708 0.488496
35709 0.488496
35710 0.488496
35711 0.488496
35712 0.488496
35713 0.488496
35714 0.488496
35715 0.488496
35716 0.488496
35717 0.488496
35718 0.488496
35719 0.488496
35720 0.488496
35721 0.488496
35722 0.488496
35723 0.488496
35724 0.488496
35725 0.488496
35726 0.488496
35727 0.488496
35728 0.488496
35729 0.488496
35730 0.488496
35731 0.488496
35732 0.488496
35733 0.488496
35734 0.488496
35735 0.488496
35736 0.488496
35737 0.488496
35738 0.488496
35739 0.488496
35740 0.488496
35741 0.488496
35742 0.488496
35743 0.488496
35744 0.488496
35745 0.488496
35746 0.488496
35747 0.488496
35748 0.488496
35749 0.488496
35750 0.488496
35751 0.488496
35752 0.488496
35753 0.488496
35754 0.488496
35755 0.488496
35756 0.488496
35757 0.488496
35758 0.488496
35759 0.488496
35760 0.488496
35761 0.488496
35762 0.488496
35763 0.488496
35764 0.488496
35765 0.488496
35766 0.488496
35767 0.488496
35768 0.488496
35769 0.488496
35770 0.488496
35771 0.488496
35772 0.488496
35773 0.488496
35774 0.488496
35775 0.488496
35776 0.488496
35777 0.488496
35778 0.488496
35779 0.488496
35780 0.488496
35781 0.488496
35782 0.488496
35783 0.488496
35784 0.488496
35785 0.488496
35786 0.488496
35787 0.488496
35788 0.488496
35789 0.488496
35790 0.488496
35791 0.488496
35792 0.488496
35793 0.488496
35794 0.488496
35795 0.488496
35796 0.488496
35797 0.488496
35798 0.488496
35799 0.488496
35800 0.488496
35801 0.488496
35802 0.488496
35803 0.488496
35804 0.488496
35805 0.488496
35806 0.488496
35807 0.488496
35808 0.488496
35809 0.488496
35810 0.488496
35811 0.488496
35812 0.488496
35813 0.488496
35814 0.488496
35815 0.488496
35816 0.488496
35817 0.488496
35818 0.488496
35819 0.488496
35820 0.488496
35821 0.488496
35822 0.488496
35823 0.488496
35824 0.488496
35825 0.488496
35826 0.488496
35827 0.488496
35828 0.488496
35829 0.488496
35830 0.488496
35831 0.488496
35832 0.488496
35833 0.488496
35834 0.488496
35835 0.488496
35836 0.488496
35837 0.488496
35838 0.488496
35839 0.488496
35840 0.488496
35841 0.488496
35842 0.488496
35843 0.488496
35844 0.488496
35845 0.488496
35846 0.488496
35847 0.488496
35848 0.488496
35849 0.488496
35850 0.488496
35851 0.488496
35852 0.488496
35853 0.488496
35854 0.488496
35855 0.488496
35856 0.488496
35857 0.488496
35858 0.488496
35859 0.488496
35860 0.488496
35861 0.488496
35862 0.488496
35863 0.488496
35864 0.488496
35865 0.488496
35866 0.488496
35867 0.488496
35868 0.488496
35869 0.488496
35870 0.488496
35871 0.488496
35872 0.488496
35873 0.488496
35874 0.488496
35875 0.488496
35876 0.488496
35877 0.488496
35878 0.488496
35879 0.488496
35880 0.488496
35881 0.488496
35882 0.488496
35883 0.488496
35884 0.488496
35885 0.488496
35886 0.488496
35887 0.488496
35888 0.488496
35889 0.488496
35890 0.488496
35891 0.488496
35892 0.488496
35893 0.488496
35894 0.488496
35895 0.488496
35896 0.488496
35897 0.488496
35898 0.488496
35899 0.488496
35900 0.488496
35901 0.488496
35902 0.488496
35903 0.488496
35904 0.488496
35905 0.488496
35906 0.488496
35907 0.488496
35908 0.488496
35909 0.488496
35910 0.488496
35911 0.488496
35912 0.488496
35913 0.488496
35914 0.488496
35915 0.488496
35916 0.488496
35917 0.488496
35918 0.488496
35919 0.488496
35920 0.488496
35921 0.488496
35922 0.488496
35923 0.488496
35924 0.488496
35925 0.488496
35926 0.488496
35927 0.488496
35928 0.488496
35929 0.488496
35930 0.488496
35931 0.488496
35932 0.488496
35933 0.488496
35934 0.488496
35935 0.488496
35936 0.488496
35937 0.488496
35938 0.488496
35939 0.488496
35940 0.488496
35941 0.488496
35942 0.488496
35943 0.488496
35944 0.488496
35945 0.488496
35946 0.488496
35947 0.488496
35948 0.488496
35949 0.488496
35950 0.488496
35951 0.488496
35952 0.488496
35953 0.488496
35954 0.488496
35955 0.488496
35956 0.488496
35957 0.488496
35958 0.488496
35959 0.488496
35960 0.488496
35961 0.488496
35962 0.488496
35963 0.488496
35964 0.488496
35965 0.488496
35966 0.488496
35967 0.488496
35968 0.488496
35969 0.488496
35970 0.488496
35971 0.488496
35972 0.488496
35973 0.488496
35974 0.488496
35975 0.488496
35976 0.488496
35977 0.488496
35978 0.488496
35979 0.488496
35980 0.488496
35981 0.488496
35982 0.488496
35983 0.488496
35984 0.488496
35985 0.488496
35986 0.488496
35987 0.488496
35988 0.488496
35989 0.488496
35990 0.488496
35991 0.488496
35992 0.488496
35993 0.488496
35994 0.488496
35995 0.488496
35996 0.488496
35997 0.488496
35998 0.488496
35999 0.488496
36000 0.488496
36001 0.488496
36002 0.488496
36003 0.488496
36004 0.488496
36005 0.488496
36006 0.488496
36007 0.488496
36008 0.488496
36009 0.488496
36010 0.488496
36011 0.488496
36012 0.488496
36013 0.488496
36014 0.488496
36015 0.488496
36016 0.488496
36017 0.488496
36018 0.488496
36019 0.488496
36020 0.488496
36021 0.488496
36022 0.488496
36023 0.488496
36024 0.488496
36025 0.488496
36026 0.488496
36027 0.488496
36028 0.488496
36029 0.488496
36030 0.488496
36031 0.488496
36032 0.488496
36033 0.488496
36034 0.488496
36035 0.488496
36036 0.488496
36037 0.488496
36038 0.488496
36039 0.488496
36040 0.488496
36041 0.488496
36042 0.488496
36043 0.488496
36044 0.488496
36045 0.488496
36046 0.488496
36047 0.488496
36048 0.488496
36049 0.488496
36050 0.488496
36051 0.488496
36052 0.488496
36053 0.488496
36054 0.488496
36055 0.488496
36056 0.488496
36057 0.488496
36058 0.488496
36059 0.488496
36060 0.488496
36061 0.488496
36062 0.488496
36063 0.488496
36064 0.488496
36065 0.488496
36066 0.488496
36067 0.488496
36068 0.488496
36069 0.488496
36070 0.488496
36071 0.488496
36072 0.488496
36073 0.488496
36074 0.488496
36075 0.488496
36076 0.488496
36077 0.488496
36078 0.488496
36079 0.488496
36080 0.488496
36081 0.488496
36082 0.488496
36083 0.488496
36084 0.488496
36085 0.488496
36086 0.488496
36087 0.488496
36088 0.488496
36089 0.488496
36090 0.488496
36091 0.488496
36092 0.488496
36093 0.488496
36094 0.488496
36095 0.488496
36096 0.488496
36097 0.488496
36098 0.488496
36099 0.488496
36100 0.488496
36101 0.488496
36102 0.488496
36103 0.488496
36104 0.488496
36105 0.488496
36106 0.488496
36107 0.488496
36108 0.488496
36109 0.488496
36110 0.488496
36111 0.488496
36112 0.488496
36113 0.488496
36114 0.488496
36115 0.488496
36116 0.488496
36117 0.488496
36118 0.488496
36119 0.488496
36120 0.488496
36121 0.488496
36122 0.488496
36123 0.488496
36124 0.488496
36125 0.488496
36126 0.488496
36127 0.488496
36128 0.488496
36129 0.488496
36130 0.488496
36131 0.488496
36132 0.488496
36133 0.488496
36134 0.488496
36135 0.488496
36136 0.488496
36137 0.488496
36138 0.488496
36139 0.488496
36140 0.488496
36141 0.488496
36142 0.488496
36143 0.488496
36144 0.488496
36145 0.488496
36146 0.488496
36147 0.488496
36148 0.488496
36149 0.488496
36150 0.488496
36151 0.488496
36152 0.488496
36153 0.488496
36154 0.488496
36155 0.488496
36156 0.488496
36157 0.488496
36158 0.488496
36159 0.488496
36160 0.488496
36161 0.488496
36162 0.488496
36163 0.488496
36164 0.488496
36165 0.488496
36166 0.488496
36167 0.488496
36168 0.488496
36169 0.488496
36170 0.488496
36171 0.488496
36172 0.488496
36173 0.488496
36174 0.488496
36175 0.488496
36176 0.488496
36177 0.488496
36178 0.488496
36179 0.488496
36180 0.488496
36181 0.488496
36182 0.488496
36183 0.488496
36184 0.488496
36185 0.488496
36186 0.488496
36187 0.488496
36188 0.488496
36189 0.488496
36190 0.488496
36191 0.488496
36192 0.488496
36193 0.488496
36194 0.488496
36195 0.488496
36196 0.488496
36197 0.488496
36198 0.488496
36199 0.488496
36200 0.488496
36201 0.488496
36202 0.488496
36203 0.488496
36204 0.488496
36205 0.488496
36206 0.488496
36207 0.488496
36208 0.488496
36209 0.488496
36210 0.488496
36211 0.488496
36212 0.488496
36213 0.488496
36214 0.488496
36215 0.488496
36216 0.488496
36217 0.488496
36218 0.488496
36219 0.488496
36220 0.488496
36221 0.488496
36222 0.488496
36223 0.488496
36224 0.488496
36225 0.488496
36226 0.488496
36227 0.488496
36228 0.488496
36229 0.488496
36230 0.488496
36231 0.488496
36232 0.488496
36233 0.488496
36234 0.488496
36235 0.488496
36236 0.488496
36237 0.488496
36238 0.488496
36239 0.488496
36240 0.488496
36241 0.488496
36242 0.488496
36243 0.488496
36244 0.488496
36245 0.488496
36246 0.488496
36247 0.488496
36248 0.488496
36249 0.488496
36250 0.488496
36251 0.488496
36252 0.488496
36253 0.488496
36254 0.488496
36255 0.488496
36256 0.488496
36257 0.488496
36258 0.488496
36259 0.488496
36260 0.488496
36261 0.488496
36262 0.488496
36263 0.488496
36264 0.488496
36265 0.488496
36266 0.488496
36267 0.488496
36268 0.488496
36269 0.488496
36270 0.488496
36271 0.488496
36272 0.488496
36273 0.488496
36274 0.488496
36275 0.488496
36276 0.488496
36277 0.488496
36278 0.488496
36279 0.488496
36280 0.488496
36281 0.488496
36282 0.488496
36283 0.488496
36284 0.488496
36285 0.488496
36286 0.488496
36287 0.488496
36288 0.488496
36289 0.488496
36290 0.488496
36291 0.488496
36292 0.488496
36293 0.488496
36294 0.488496
36295 0.488496
36296 0.488496
36297 0.488496
36298 0.488496
36299 0.488496
36300 0.488496
36301 0.488496
36302 0.488496
36303 0.488496
36304 0.488496
36305 0.488496
36306 0.488496
36307 0.488496
36308 0.488496
36309 0.488496
36310 0.488496
36311 0.488496
36312 0.488496
36313 0.488496
36314 0.488496
36315 0.488496
36316 0.488496
36317 0.488496
36318 0.488496
36319 0.488496
36320 0.488496
36321 0.488496
36322 0.488496
36323 0.488496
36324 0.488496
36325 0.488496
36326 0.488496
36327 0.488496
36328 0.488496
36329 0.488496
36330 0.488496
36331 0.488496
36332 0.488496
36333 0.488496
36334 0.488496
36335 0.488496
36336 0.488496
36337 0.488496
36338 0.488496
36339 0.488496
36340 0.488496
36341 0.488496
36342 0.488496
36343 0.488496
36344 0.488496
36345 0.488496
36346 0.488496
36347 0.488496
36348 0.488496
36349 0.488496
36350 0.488496
36351 0.488496
36352 0.488496
36353 0.488496
36354 0.488496
36355 0.488496
36356 0.488496
36357 0.488496
36358 0.488496
36359 0.488496
36360 0.488496
36361 0.488496
36362 0.488496
36363 0.488496
36364 0.488496
36365 0.488496
36366 0.488496
36367 0.488496
36368 0.488496
36369 0.488496
36370 0.488496
36371 0.488496
36372 0.488496
36373 0.488496
36374 0.488496
36375 0.488496
36376 0.488496
36377 0.488496
36378 0.488496
36379 0.488496
36380 0.488496
36381 0.488496
36382 0.488496
36383 0.488496
36384 0.488496
36385 0.488496
36386 0.488496
36387 0.488496
36388 0.488496
36389 0.488496
36390 0.488496
36391 0.488496
36392 0.488496
36393 0.488496
36394 0.488496
36395 0.488496
36396 0.488496
36397 0.488496
36398 0.488496
36399 0.488496
36400 0.488496
36401 0.488496
36402 0.488496
36403 0.488496
36404 0.488496
36405 0.488496
36406 0.488496
36407 0.488496
36408 0.488496
36409 0.488496
36410 0.488496
36411 0.488496
36412 0.488496
36413 0.488496
36414 0.488496
36415 0.488496
36416 0.488496
36417 0.488496
36418 0.488496
36419 0.488496
36420 0.488496
36421 0.488496
36422 0.488496
36423 0.488496
36424 0.488496
36425 0.488496
36426 0.488496
36427 0.488496
36428 0.488496
36429 0.488496
36430 0.488496
36431 0.488496
36432 0.488496
36433 0.488496
36434 0.488496
36435 0.488496
36436 0.488496
36437 0.488496
36438 0.488496
36439 0.488496
36440 0.488496
36441 0.488496
36442 0.488496
36443 0.488496
36444 0.488496
36445 0.488496
36446 0.488496
36447 0.488496
36448 0.488496
36449 0.488496
36450 0.488496
36451 0.488496
36452 0.488496
36453 0.488496
36454 0.488496
36455 0.488496
36456 0.488496
36457 0.488496
36458 0.488496
36459 0.488496
36460 0.488496
36461 0.488496
36462 0.488496
36463 0.488496
36464 0.488496
36465 0.488496
36466 0.488496
36467 0.488496
36468 0.488496
36469 0.488496
36470 0.488496
36471 0.488496
36472 0.488496
36473 0.488496
36474 0.488496
36475 0.488496
36476 0.488496
36477 0.488496
36478 0.488496
36479 0.488496
36480 0.488496
36481 0.488496
36482 0.488496
36483 0.488496
36484 0.488496
36485 0.488496
36486 0.488496
36487 0.488496
36488 0.488496
36489 0.488496
36490 0.488496
36491 0.488496
36492 0.488496
36493 0.488496
36494 0.488496
36495 0.488496
36496 0.488496
36497 0.488496
36498 0.488496
36499 0.488496
36500 0.488496
36501 0.488496
36502 0.488496
36503 0.488496
36504 0.488496
36505 0.488496
36506 0.488496
36507 0.488496
36508 0.488496
36509 0.488496
36510 0.488496
36511 0.488496
36512 0.488496
36513 0.488496
36514 0.488496
36515 0.488496
36516 0.488496
36517 0.488496
36518 0.488496
36519 0.488496
36520 0.488496
36521 0.488496
36522 0.488496
36523 0.488496
36524 0.488496
36525 0.488496
36526 0.488496
36527 0.488496
36528 0.488496
36529 0.488496
36530 0.488496
36531 0.488496
36532 0.488496
36533 0.488496
36534 0.488496
36535 0.488496
36536 0.488496
36537 0.488496
36538 0.488496
36539 0.488496
36540 0.488496
36541 0.488496
36542 0.488496
36543 0.488496
36544 0.488496
36545 0.488496
36546 0.488496
36547 0.488496
36548 0.488496
36549 0.488496
36550 0.488496
36551 0.488496
36552 0.488496
36553 0.488496
36554 0.488496
36555 0.488496
36556 0.488496
36557 0.488496
36558 0.488496
36559 0.488496
36560 0.488496
36561 0.488496
36562 0.488496
36563 0.488496
36564 0.488496
36565 0.488496
36566 0.488496
36567 0.488496
36568 0.488496
36569 0.488496
36570 0.488496
36571 0.488496
36572 0.488496
36573 0.488496
36574 0.488496
36575 0.488496
36576 0.488496
36577 0.488496
36578 0.488496
36579 0.488496
36580 0.488496
36581 0.488496
36582 0.488496
36583 0.488496
36584 0.488496
36585 0.488496
36586 0.488496
36587 0.488496
36588 0.488496
36589 0.488496
36590 0.488496
36591 0.488496
36592 0.488496
36593 0.488496
36594 0.488496
36595 0.488496
36596 0.488496
36597 0.488496
36598 0.488496
36599 0.488496
36600 0.488496
36601 0.488496
36602 0.488496
36603 0.488496
36604 0.488496
36605 0.488496
36606 0.488496
36607 0.488496
36608 0.488496
36609 0.488496
36610 0.488496
36611 0.488496
36612 0.488496
36613 0.488496
36614 0.488496
36615 0.488496
36616 0.488496
36617 0.488496
36618 0.488496
36619 0.488496
36620 0.488496
36621 0.488496
36622 0.488496
36623 0.488496
36624 0.488496
36625 0.488496
36626 0.488496
36627 0.488496
36628 0.488496
36629 0.488496
36630 0.488496
36631 0.488496
36632 0.488496
36633 0.488496
36634 0.488496
36635 0.488496
36636 0.488496
36637 0.488496
36638 0.488496
36639 0.488496
36640 0.488496
36641 0.488496
36642 0.488496
36643 0.488496
36644 0.488496
36645 0.488496
36646 0.488496
36647 0.488496
36648 0.488496
36649 0.488496
36650 0.488496
36651 0.488496
36652 0.488496
36653 0.488496
36654 0.488496
36655 0.488496
36656 0.488496
36657 0.488496
36658 0.488496
36659 0.488496
36660 0.488496
36661 0.488496
36662 0.488496
36663 0.488496
36664 0.488496
36665 0.488496
36666 0.488496
36667 0.488496
36668 0.488496
36669 0.488496
36670 0.488496
36671 0.488496
36672 0.488496
36673 0.488496
36674 0.488496
36675 0.488496
36676 0.488496
36677 0.488496
36678 0.488496
36679 0.488496
36680 0.488496
36681 0.488496
36682 0.488496
36683 0.488496
36684 0.488496
36685 0.488496
36686 0.488496
36687 0.488496
36688 0.488496
36689 0.488496
36690 0.488496
36691 0.488496
36692 0.488496
36693 0.488496
36694 0.488496
36695 0.488496
36696 0.488496
36697 0.488496
36698 0.488496
36699 0.488496
36700 0.488496
36701 0.488496
36702 0.488496
36703 0.488496
36704 0.488496
36705 0.488496
36706 0.488496
36707 0.488496
36708 0.488496
36709 0.488496
36710 0.488496
36711 0.488496
36712 0.488496
36713 0.488496
36714 0.488496
36715 0.488496
36716 0.488496
36717 0.488496
36718 0.488496
36719 0.488496
36720 0.488496
36721 0.488496
36722 0.488496
36723 0.488496
36724 0.488496
36725 0.488496
36726 0.488496
36727 0.488496
36728 0.488496
36729 0.488496
36730 0.488496
36731 0.488496
36732 0.488496
36733 0.488496
36734 0.488496
36735 0.488496
36736 0.488496
36737 0.488496
36738 0.488496
36739 0.488496
36740 0.488496
36741 0.488496
36742 0.488496
36743 0.488496
36744 0.488496
36745 0.488496
36746 0.488496
36747 0.488496
36748 0.488496
36749 0.488496
36750 0.488496
36751 0.488496
36752 0.488496
36753 0.488496
36754 0.488496
36755 0.488496
36756 0.488496
36757 0.488496
36758 0.488496
36759 0.488496
36760 0.488496
36761 0.488496
36762 0.488496
36763 0.488496
36764 0.488496
36765 0.488496
36766 0.488496
36767 0.488496
36768 0.488496
36769 0.488496
36770 0.488496
36771 0.488496
36772 0.488496
36773 0.488496
36774 0.488496
36775 0.488496
36776 0.488496
36777 0.488496
36778 0.488496
36779 0.488496
36780 0.488496
36781 0.488496
36782 0.488496
36783 0.488496
36784 0.488496
36785 0.488496
36786 0.488496
36787 0.488496
36788 0.488496
36789 0.488496
36790 0.488496
36791 0.488496
36792 0.488496
36793 0.488496
36794 0.488496
36795 0.488496
36796 0.488496
36797 0.488496
36798 0.488496
36799 0.488496
36800 0.488496
36801 0.488496
36802 0.488496
36803 0.488496
36804 0.488496
36805 0.488496
36806 0.488496
36807 0.488496
36808 0.488496
36809 0.488496
36810 0.488496
36811 0.488496
36812 0.488496
36813 0.488496
36814 0.488496
36815 0.488496
36816 0.488496
36817 0.488496
36818 0.488496
36819 0.488496
36820 0.488496
36821 0.488496
36822 0.488496
36823 0.488496
36824 0.488496
36825 0.488496
36826 0.488496
36827 0.488496
36828 0.488496
36829 0.488496
36830 0.488496
36831 0.488496
36832 0.488496
36833 0.488496
36834 0.488496
36835 0.488496
36836 0.488496
36837 0.488496
36838 0.488496
36839 0.488496
36840 0.488496
36841 0.488496
36842 0.488496
36843 0.488496
36844 0.488496
36845 0.488496
36846 0.488496
36847 0.488496
36848 0.488496
36849 0.488496
36850 0.488496
36851 0.488496
36852 0.488496
36853 0.488496
36854 0.488496
36855 0.488496
36856 0.488496
36857 0.488496
36858 0.488496
36859 0.488496
36860 0.488496
36861 0.488496
36862 0.488496
36863 0.488496
36864 0.488496
36865 0.488496
36866 0.488496
36867 0.488496
36868 0.488496
36869 0.488496
36870 0.488496
36871 0.488496
36872 0.488496
36873 0.488496
36874 0.488496
36875 0.488496
36876 0.488496
36877 0.488496
36878 0.488496
36879 0.488496
36880 0.488496
36881 0.488496
36882 0.488496
36883 0.488496
36884 0.488496
36885 0.488496
36886 0.488496
36887 0.488496
36888 0.488496
36889 0.488496
36890 0.488496
36891 0.488496
36892 0.488496
36893 0.488496
36894 0.488496
36895 0.488496
36896 0.488496
36897 0.488496
36898 0.488496
36899 0.488496
36900 0.488496
36901 0.488496
36902 0.488496
36903 0.488496
36904 0.488496
36905 0.488496
36906 0.488496
36907 0.488496
36908 0.488496
36909 0.488496
36910 0.488496
36911 0.488496
36912 0.488496
36913 0.488496
36914 0.488496
36915 0.488496
36916 0.488496
36917 0.488496
36918 0.488496
36919 0.488496
36920 0.488496
36921 0.488496
36922 0.488496
36923 0.488496
36924 0.488496
36925 0.488496
36926 0.488496
36927 0.488496
36928 0.488496
36929 0.488496
36930 0.488496
36931 0.488496
36932 0.488496
36933 0.488496
36934 0.488496
36935 0.488496
36936 0.488496
36937 0.488496
36938 0.488496
36939 0.488496
36940 0.488496
36941 0.488496
36942 0.488496
36943 0.488496
36944 0.488496
36945 0.488496
36946 0.488496
36947 0.488496
36948 0.488496
36949 0.488496
36950 0.488496
36951 0.488496
36952 0.488496
36953 0.488496
36954 0.488496
36955 0.488496
36956 0.488496
36957 0.488496
36958 0.488496
36959 0.488496
36960 0.488496
36961 0.488496
36962 0.488496
36963 0.488496
36964 0.488496
36965 0.488496
36966 0.488496
36967 0.488496
36968 0.488496
36969 0.488496
36970 0.488496
36971 0.488496
36972 0.488496
36973 0.488496
36974 0.488496
36975 0.488496
36976 0.488496
36977 0.488496
36978 0.488496
36979 0.488496
36980 0.488496
36981 0.488496
36982 0.488496
36983 0.488496
36984 0.488496
36985 0.488496
36986 0.488496
36987 0.488496
36988 0.488496
36989 0.488496
36990 0.488496
36991 0.488496
36992 0.488496
36993 0.488496
36994 0.488496
36995 0.488496
36996 0.488496
36997 0.488496
36998 0.488496
36999 0.488496
37000 0.488496
37001 0.488496
37002 0.488496
37003 0.488496
37004 0.488496
37005 0.488496
37006 0.488496
37007 0.488496
37008 0.488496
37009 0.488496
37010 0.488496
37011 0.488496
37012 0.488496
37013 0.488496
37014 0.488496
37015 0.488496
37016 0.488496
37017 0.488496
37018 0.488496
37019 0.488496
37020 0.488496
37021 0.488496
37022 0.488496
37023 0.488496
37024 0.488496
37025 0.488496
37026 0.488496
37027 0.488496
37028 0.488496
37029 0.488496
37030 0.488496
37031 0.488496
37032 0.488496
37033 0.488496
37034 0.488496
37035 0.488496
37036 0.488496
37037 0.488496
37038 0.488496
37039 0.488496
37040 0.488496
37041 0.488496
37042 0.488496
37043 0.488496
37044 0.488496
37045 0.488496
37046 0.488496
37047 0.488496
37048 0.488496
37049 0.488496
37050 0.488496
37051 0.488496
37052 0.488496
37053 0.488496
37054 0.488496
37055 0.488496
37056 0.488496
37057 0.488496
37058 0.488496
37059 0.488496
37060 0.488496
37061 0.488496
37062 0.488496
37063 0.488496
37064 0.488496
37065 0.488496
37066 0.488496
37067 0.488496
37068 0.488496
37069 0.488496
37070 0.488496
37071 0.488496
37072 0.488496
37073 0.488496
37074 0.488496
37075 0.488496
37076 0.488496
37077 0.488496
37078 0.488496
37079 0.488496
37080 0.488496
37081 0.488496
37082 0.488496
37083 0.488496
37084 0.488496
37085 0.488496
37086 0.488496
37087 0.488496
37088 0.488496
37089 0.488496
37090 0.488496
37091 0.488496
37092 0.488496
37093 0.488496
37094 0.488496
37095 0.488496
37096 0.488496
37097 0.488496
37098 0.488496
37099 0.488496
37100 0.488496
37101 0.488496
37102 0.488496
37103 0.488496
37104 0.488496
37105 0.488496
37106 0.488496
37107 0.488496
37108 0.488496
37109 0.488496
37110 0.488496
37111 0.488496
37112 0.488496
37113 0.488496
37114 0.488496
37115 0.488496
37116 0.488496
37117 0.488496
37118 0.488496
37119 0.488496
37120 0.488496
37121 0.488496
37122 0.488496
37123 0.488496
37124 0.488496
37125 0.488496
37126 0.488496
37127 0.488496
37128 0.488496
37129 0.488496
37130 0.488496
37131 0.488496
37132 0.488496
37133 0.488496
37134 0.488496
37135 0.488496
37136 0.488496
37137 0.488496
37138 0.488496
37139 0.488496
37140 0.488496
37141 0.488496
37142 0.488496
37143 0.488496
37144 0.488496
37145 0.488496
37146 0.488496
37147 0.488496
37148 0.488496
37149 0.488496
37150 0.488496
37151 0.488496
37152 0.488496
37153 0.488496
37154 0.488496
37155 0.488496
37156 0.488496
37157 0.488496
37158 0.488496
37159 0.488496
37160 0.488496
37161 0.488496
37162 0.488496
37163 0.488496
37164 0.488496
37165 0.488496
37166 0.488496
37167 0.488496
37168 0.488496
37169 0.488496
37170 0.488496
37171 0.488496
37172 0.488496
37173 0.488496
37174 0.488496
37175 0.488496
37176 0.488496
37177 0.488496
37178 0.488496
37179 0.488496
37180 0.488496
37181 0.488496
37182 0.488496
37183 0.488496
37184 0.488496
37185 0.488496
37186 0.488496
37187 0.488496
37188 0.488496
37189 0.488496
37190 0.488496
37191 0.488496
37192 0.488496
37193 0.488496
37194 0.488496
37195 0.488496
37196 0.488496
37197 0.488496
37198 0.488496
37199 0.488496
37200 0.488496
37201 0.488496
37202 0.488496
37203 0.488496
37204 0.488496
37205 0.488496
37206 0.488496
37207 0.488496
37208 0.488496
37209 0.488496
37210 0.488496
37211 0.488496
37212 0.488496
37213 0.488496
37214 0.488496
37215 0.488496
37216 0.488496
37217 0.488496
37218 0.488496
37219 0.488496
37220 0.488496
37221 0.488496
37222 0.488496
37223 0.488496
37224 0.488496
37225 0.488496
37226 0.488496
37227 0.488496
37228 0.488496
37229 0.488496
37230 0.488496
37231 0.488496
37232 0.488496
37233 0.488496
37234 0.488496
37235 0.488496
37236 0.488496
37237 0.488496
37238 0.488496
37239 0.488496
37240 0.488496
37241 0.488496
37242 0.488496
37243 0.488496
37244 0.488496
37245 0.488496
37246 0.488496
37247 0.488496
37248 0.488496
37249 0.488496
37250 0.488496
37251 0.488496
37252 0.488496
37253 0.488496
37254 0.488496
37255 0.488496
37256 0.488496
37257 0.488496
37258 0.488496
37259 0.488496
37260 0.488496
37261 0.488496
37262 0.488496
37263 0.488496
37264 0.488496
37265 0.488496
37266 0.488496
37267 0.488496
37268 0.488496
37269 0.488496
37270 0.488496
37271 0.488496
37272 0.488496
37273 0.488496
37274 0.488496
37275 0.488496
37276 0.488496
37277 0.488496
37278 0.488496
37279 0.488496
37280 0.488496
37281 0.488496
37282 0.488496
37283 0.488496
37284 0.488496
37285 0.488496
37286 0.488496
37287 0.488496
37288 0.488496
37289 0.488496
37290 0.488496
37291 0.488496
37292 0.488496
37293 0.488496
37294 0.488496
37295 0.488496
37296 0.488496
37297 0.488496
37298 0.488496
37299 0.488496
37300 0.488496
37301 0.488496
37302 0.488496
37303 0.488496
37304 0.488496
37305 0.488496
37306 0.488496
37307 0.488496
37308 0.488496
37309 0.488496
37310 0.488496
37311 0.488496
37312 0.488496
37313 0.488496
37314 0.488496
37315 0.488496
37316 0.488496
37317 0.488496
37318 0.488496
37319 0.488496
37320 0.488496
37321 0.488496
37322 0.488496
37323 0.488496
37324 0.488496
37325 0.488496
37326 0.488496
37327 0.488496
37328 0.488496
37329 0.488496
37330 0.488496
37331 0.488496
37332 0.488496
37333 0.488496
37334 0.488496
37335 0.488496
37336 0.488496
37337 0.488496
37338 0.488496
37339 0.488496
37340 0.488496
37341 0.488496
37342 0.488496
37343 0.488496
37344 0.488496
37345 0.488496
37346 0.488496
37347 0.488496
37348 0.488496
37349 0.488496
37350 0.488496
37351 0.488496
37352 0.488496
37353 0.488496
37354 0.488496
37355 0.488496
37356 0.488496
37357 0.488496
37358 0.488496
37359 0.488496
37360 0.488496
37361 0.488496
37362 0.488496
37363 0.488496
37364 0.488496
37365 0.488496
37366 0.488496
37367 0.488496
37368 0.488496
37369 0.488496
37370 0.488496
37371 0.488496
37372 0.488496
37373 0.488496
37374 0.488496
37375 0.488496
37376 0.488496
37377 0.488496
37378 0.488496
37379 0.488496
37380 0.488496
37381 0.488496
37382 0.488496
37383 0.488496
37384 0.488496
37385 0.488496
37386 0.488496
37387 0.488496
37388 0.488496
37389 0.488496
37390 0.488496
37391 0.488496
37392 0.488496
37393 0.488496
37394 0.488496
37395 0.488496
37396 0.488496
37397 0.488496
37398 0.488496
37399 0.488496
37400 0.488496
37401 0.488496
37402 0.488496
37403 0.488496
37404 0.488496
37405 0.488496
37406 0.488496
37407 0.488496
37408 0.488496
37409 0.488496
37410 0.488496
37411 0.488496
37412 0.488496
37413 0.488496
37414 0.488496
37415 0.488496
37416 0.488496
37417 0.488496
37418 0.488496
37419 0.488496
37420 0.488496
37421 0.488496
37422 0.488496
37423 0.488496
37424 0.488496
37425 0.488496
37426 0.488496
37427 0.488496
37428 0.488496
37429 0.488496
37430 0.488496
37431 0.488496
37432 0.488496
37433 0.488496
37434 0.488496
37435 0.488496
37436 0.488496
37437 0.488496
37438 0.488496
37439 0.488496
37440 0.488496
37441 0.488496
37442 0.488496
37443 0.488496
37444 0.488496
37445 0.488496
37446 0.488496
37447 0.488496
37448 0.488496
37449 0.488496
37450 0.488496
37451 0.488496
37452 0.488496
37453 0.488496
37454 0.488496
37455 0.488496
37456 0.488496
37457 0.488496
37458 0.488496
37459 0.488496
37460 0.488496
37461 0.488496
37462 0.488496
37463 0.488496
37464 0.488496
37465 0.488496
37466 0.488496
37467 0.488496
37468 0.488496
37469 0.488496
37470 0.488496
37471 0.488496
37472 0.488496
37473 0.488496
37474 0.488496
37475 0.488496
37476 0.488496
37477 0.488496
37478 0.488496
37479 0.488496
37480 0.488496
37481 0.488496
37482 0.488496
37483 0.488496
37484 0.488496
37485 0.488496
37486 0.488496
37487 0.488496
37488 0.488496
37489 0.488496
37490 0.488496
37491 0.488496
37492 0.488496
37493 0.488496
37494 0.488496
37495 0.488496
37496 0.488496
37497 0.488496
37498 0.488496
37499 0.488496
37500 0.488496
37501 0.488496
37502 0.488496
37503 0.488496
37504 0.488496
37505 0.488496
37506 0.488496
37507 0.488496
37508 0.488496
37509 0.488496
37510 0.488496
37511 0.488496
37512 0.488496
37513 0.488496
37514 0.488496
37515 0.488496
37516 0.488496
37517 0.488496
37518 0.488496
37519 0.488496
37520 0.488496
37521 0.488496
37522 0.488496
37523 0.488496
37524 0.488496
37525 0.488496
37526 0.488496
37527 0.488496
37528 0.488496
37529 0.488496
37530 0.488496
37531 0.488496
37532 0.488496
37533 0.488496
37534 0.488496
37535 0.488496
37536 0.488496
37537 0.488496
37538 0.488496
37539 0.488496
37540 0.488496
37541 0.488496
37542 0.488496
37543 0.488496
37544 0.488496
37545 0.488496
37546 0.488496
37547 0.488496
37548 0.488496
37549 0.488496
37550 0.488496
37551 0.488496
37552 0.488496
37553 0.488496
37554 0.488496
37555 0.488496
37556 0.488496
37557 0.488496
37558 0.488496
37559 0.488496
37560 0.488496
37561 0.488496
37562 0.488496
37563 0.488496
37564 0.488496
37565 0.488496
37566 0.488496
37567 0.488496
37568 0.488496
37569 0.488496
37570 0.488496
37571 0.488496
37572 0.488496
37573 0.488496
37574 0.488496
37575 0.488496
37576 0.488496
37577 0.488496
37578 0.488496
37579 0.488496
37580 0.488496
37581 0.488496
37582 0.488496
37583 0.488496
37584 0.488496
37585 0.488496
37586 0.488496
37587 0.488496
37588 0.488496
37589 0.488496
37590 0.488496
37591 0.488496
37592 0.488496
37593 0.488496
37594 0.488496
37595 0.488496
37596 0.488496
37597 0.488496
37598 0.488496
37599 0.488496
37600 0.488496
37601 0.488496
37602 0.488496
37603 0.488496
37604 0.488496
37605 0.488496
37606 0.488496
37607 0.488496
37608 0.488496
37609 0.488496
37610 0.488496
37611 0.488496
37612 0.488496
37613 0.488496
37614 0.488496
37615 0.488496
37616 0.488496
37617 0.488496
37618 0.488496
37619 0.488496
37620 0.488496
37621 0.488496
37622 0.488496
37623 0.488496
37624 0.488496
37625 0.488496
37626 0.488496
37627 0.488496
37628 0.488496
37629 0.488496
37630 0.488496
37631 0.488496
37632 0.488496
37633 0.488496
37634 0.488496
37635 0.488496
37636 0.488496
37637 0.488496
37638 0.488496
37639 0.488496
37640 0.488496
37641 0.488496
37642 0.488496
37643 0.488496
37644 0.488496
37645 0.488496
37646 0.488496
37647 0.488496
37648 0.488496
37649 0.488496
37650 0.488496
37651 0.488496
37652 0.488496
37653 0.488496
37654 0.488496
37655 0.488496
37656 0.488496
37657 0.488496
37658 0.488496
37659 0.488496
37660 0.488496
37661 0.488496
37662 0.488496
37663 0.488496
37664 0.488496
37665 0.488496
37666 0.488496
37667 0.488496
37668 0.488496
37669 0.488496
37670 0.488496
37671 0.488496
37672 0.488496
37673 0.488496
37674 0.488496
37675 0.488496
37676 0.488496
37677 0.488496
37678 0.488496
37679 0.488496
37680 0.488496
37681 0.488496
37682 0.488496
37683 0.488496
37684 0.488496
37685 0.488496
37686 0.488496
37687 0.488496
37688 0.488496
37689 0.488496
37690 0.488496
37691 0.488496
37692 0.488496
37693 0.488496
37694 0.488496
37695 0.488496
37696 0.488496
37697 0.488496
37698 0.488496
37699 0.488496
37700 0.488496
37701 0.488496
37702 0.488496
37703 0.488496
37704 0.488496
37705 0.488496
37706 0.488496
37707 0.488496
37708 0.488496
37709 0.488496
37710 0.488496
37711 0.488496
37712 0.488496
37713 0.488496
37714 0.488496
37715 0.488496
37716 0.488496
37717 0.488496
37718 0.488496
37719 0.488496
37720 0.488496
37721 0.488496
37722 0.488496
37723 0.488496
37724 0.488496
37725 0.488496
37726 0.488496
37727 0.488496
37728 0.488496
37729 0.488496
37730 0.488496
37731 0.488496
37732 0.488496
37733 0.488496
37734 0.488496
37735 0.488496
37736 0.488496
37737 0.488496
37738 0.488496
37739 0.488496
37740 0.488496
37741 0.488496
37742 0.488496
37743 0.488496
37744 0.488496
37745 0.488496
37746 0.488496
37747 0.488496
37748 0.488496
37749 0.488496
37750 0.488496
37751 0.488496
37752 0.488496
37753 0.488496
37754 0.488496
37755 0.488496
37756 0.488496
37757 0.488496
37758 0.488496
37759 0.488496
37760 0.488496
37761 0.488496
37762 0.488496
37763 0.488496
37764 0.488496
37765 0.488496
37766 0.488496
37767 0.488496
37768 0.488496
37769 0.488496
37770 0.488496
37771 0.488496
37772 0.488496
37773 0.488496
37774 0.488496
37775 0.488496
37776 0.488496
37777 0.488496
37778 0.488496
37779 0.488496
37780 0.488496
37781 0.488496
37782 0.488496
37783 0.488496
37784 0.488496
37785 0.488496
37786 0.488496
37787 0.488496
37788 0.488496
37789 0.488496
37790 0.488496
37791 0.488496
37792 0.488496
37793 0.488496
37794 0.488496
37795 0.488496
37796 0.488496
37797 0.488496
37798 0.488496
37799 0.488496
37800 0.488496
37801 0.488496
37802 0.488496
37803 0.488496
37804 0.488496
37805 0.488496
37806 0.488496
37807 0.488496
37808 0.488496
37809 0.488496
37810 0.488496
37811 0.488496
37812 0.488496
37813 0.488496
37814 0.488496
37815 0.488496
37816 0.488496
37817 0.488496
37818 0.488496
37819 0.488496
37820 0.488496
37821 0.488496
37822 0.488496
37823 0.488496
37824 0.488496
37825 0.488496
37826 0.488496
37827 0.488496
37828 0.488496
37829 0.488496
37830 0.488496
37831 0.488496
37832 0.488496
37833 0.488496
37834 0.488496
37835 0.488496
37836 0.488496
37837 0.488496
37838 0.488496
37839 0.488496
37840 0.488496
37841 0.488496
37842 0.488496
37843 0.488496
37844 0.488496
37845 0.488496
37846 0.488496
37847 0.488496
37848 0.488496
37849 0.488496
37850 0.488496
37851 0.488496
37852 0.488496
37853 0.488496
37854 0.488496
37855 0.488496
37856 0.488496
37857 0.488496
37858 0.488496
37859 0.488496
37860 0.488496
37861 0.488496
37862 0.488496
37863 0.488496
37864 0.488496
37865 0.488496
37866 0.488496
37867 0.488496
37868 0.488496
37869 0.488496
37870 0.488496
37871 0.488496
37872 0.488496
37873 0.488496
37874 0.488496
37875 0.488496
37876 0.488496
37877 0.488496
37878 0.488496
37879 0.488496
37880 0.488496
37881 0.488496
37882 0.488496
37883 0.488496
37884 0.488496
37885 0.488496
37886 0.488496
37887 0.488496
37888 0.488496
37889 0.488496
37890 0.488496
37891 0.488496
37892 0.488496
37893 0.488496
37894 0.488496
37895 0.488496
37896 0.488496
37897 0.488496
37898 0.488496
37899 0.488496
37900 0.488496
37901 0.488496
37902 0.488496
37903 0.488496
37904 0.488496
37905 0.488496
37906 0.488496
37907 0.488496
37908 0.488496
37909 0.488496
37910 0.488496
37911 0.488496
37912 0.488496
37913 0.488496
37914 0.488496
37915 0.488496
37916 0.488496
37917 0.488496
37918 0.488496
37919 0.488496
37920 0.488496
37921 0.488496
37922 0.488496
37923 0.488496
37924 0.488496
37925 0.488496
37926 0.488496
37927 0.488496
37928 0.488496
37929 0.488496
37930 0.488496
37931 0.488496
37932 0.488496
37933 0.488496
37934 0.488496
37935 0.488496
37936 0.488496
37937 0.488496
37938 0.488496
37939 0.488496
37940 0.488496
37941 0.488496
37942 0.488496
37943 0.488496
37944 0.488496
37945 0.488496
37946 0.488496
37947 0.488496
37948 0.488496
37949 0.488496
37950 0.488496
37951 0.488496
37952 0.488496
37953 0.488496
37954 0.488496
37955 0.488496
37956 0.488496
37957 0.488496
37958 0.488496
37959 0.488496
37960 0.488496
37961 0.488496
37962 0.488496
37963 0.488496
37964 0.488496
37965 0.488496
37966 0.488496
37967 0.488496
37968 0.488496
37969 0.488496
37970 0.488496
37971 0.488496
37972 0.488496
37973 0.488496
37974 0.488496
37975 0.488496
37976 0.488496
37977 0.488496
37978 0.488496
37979 0.488496
37980 0.488496
37981 0.488496
37982 0.488496
37983 0.475340
37984 0.475340
37985 0.475340
37986 0.475340
37987 0.475340
37988 0.475340
37989 0.475340
37990 0.475340
37991 0.475340
37992 0.475340
37993 0.475340
37994 0.475340
37995 0.475340
37996 0.475340
37997 0.475340
37998 0.475340
37999 0.475340
38000 0.475340
38001 0.475340
38002 0.475340
38003 0.475340
38004 0.475340
38005 0.475340
38006 0.475340
38007 0.475340
38008 0.475340
38009 0.475340
38010 0.475340
38011 0.475340
38012 0.475340
38013 0.475340
38014 0.475340
38015 0.475340
38016 0.475340
38017 0.475340
38018 0.475220
38019 0.475220
38020 0.475220
38021 0.475220
38022 0.475220
38023 0.475220
38024 0.475220
38025 0.475220
38026 0.475220
38027 0.475220
38028 0.475220
38029 0.475220
38030 0.475220
38031 0.475220
38032 0.475220
38033 0.475220
38034 0.475220
38035 0.475220
38036 0.475220
38037 0.475220
38038 0.475220
38039 0.475220
38040 0.475220
38041 0.475220
38042 0.475220
38043 0.475220
38044 0.475220
38045 0.475220
38046 0.475220
38047 0.475220
38048 0.475220
38049 0.475220
38050 0.475220
38051 0.475220
38052 0.475220
38053 0.475220
38054 0.475220
38055 0.475220
38056 0.475220
38057 0.475220
38058 0.475220
38059 0.475220
38060 0.475220
38061 0.475220
38062 0.475220
38063 0.475220
38064 0.475220
38065 0.475220
38066 0.475220
38067 0.475220
38068 0.475220
38069 0.475220
38070 0.475220
38071 0.475220
38072 0.475220
38073 0.475220
38074 0.475220
38075 0.475220
38076 0.475220
38077 0.475220
38078 0.475220
38079 0.475220
38080 0.475220
38081 0.475220
38082 0.475220
38083 0.475220
38084 0.475220
38085 0.475220
38086 0.475220
38087 0.475220
38088 0.475220
38089 0.475220
38090 0.475220
38091 0.475220
38092 0.475220
38093 0.475220
38094 0.475220
38095 0.475220
38096 0.475220
38097 0.475220
38098 0.475220
38099 0.475220
38100 0.475220
38101 0.475220
38102 0.475220
38103 0.475220
38104 0.475220
38105 0.475220
38106 0.475220
38107 0.475220
38108 0.475220
38109 0.475220
38110 0.475220
38111 0.475220
38112 0.475220
38113 0.475220
38114 0.475220
38115 0.475220
38116 0.475220
38117 0.475220
38118 0.475220
38119 0.475220
38120 0.475220
38121 0.475220
38122 0.475220
38123 0.475220
38124 0.475220
38125 0.475220
38126 0.475220
38127 0.475220
38128 0.475220
38129 0.475220
38130 0.475220
38131 0.475220
38132 0.475220
38133 0.475220
38134 0.475220
38135 0.475220
38136 0.475220
38137 0.475220
38138 0.475220
38139 0.475220
38140 0.475220
38141 0.475220
38142 0.475220
38143 0.475220
38144 0.475220
38145 0.475220
38146 0.475220
38147 0.475220
38148 0.475220
38149 0.475220
38150 0.475220
38151 0.475220
38152 0.475220
38153 0.475220
38154 0.475220
38155 0.475220
38156 0.475220
38157 0.475220
38158 0.475220
38159 0.475220
38160 0.475220
38161 0.475220
38162 0.475220
38163 0.475220
38164 0.475220
38165 0.475220
38166 0.475220
38167 0.475220
38168 0.475220
38169 0.475220
38170 0.475220
38171 0.475220
38172 0.475220
38173 0.475220
38174 0.475220
38175 0.475220
38176 0.475220
38177 0.475220
38178 0.475220
38179 0.475220
38180 0.475220
38181 0.475220
38182 0.475220
38183 0.475220
38184 0.475220
38185 0.475220
38186 0.475220
38187 0.475220
38188 0.475220
38189 0.475220
38190 0.475220
38191 0.475220
38192 0.475220
38193 0.475220
38194 0.475220
38195 0.475220
38196 0.475220
38197 0.475220
38198 0.475220
38199 0.475220
38200 0.475220
38201 0.475220
38202 0.475220
38203 0.475220
38204 0.475220
38205 0.475220
38206 0.475220
38207 0.475220
38208 0.475220
38209 0.475220
38210 0.475220
38211 0.475220
38212 0.475220
38213 0.475220
38214 0.475220
38215 0.475220
38216 0.475220
38217 0.475220
38218 0.475220
38219 0.475220
38220 0.475220
38221 0.475220
38222 0.475220
38223 0.475220
38224 0.475220
38225 0.475220
38226 0.475220
38227 0.475220
38228 0.475220
38229 0.475220
38230 0.475220
38231 0.475220
38232 0.475220
38233 0.475220
38234 0.475220
38235 0.475220
38236 0.475220
38237 0.475220
38238 0.475220
38239 0.475220
38240 0.475220
38241 0.475220
38242 0.475220
38243 0.475220
38244 0.475220
38245 0.475220
38246 0.475220
38247 0.475220
38248 0.475220
38249 0.475220
38250 0.475220
38251 0.475220
38252 0.475220
38253 0.475220
38254 0.475220
38255 0.475220
38256 0.475220
38257 0.475220
38258 0.475220
38259 0.475220
38260 0.475220
38261 0.475220
38262 0.475220
38263 0.475220
38264 0.475220
38265 0.475220
38266 0.475220
38267 0.475220
38268 0.475220
38269 0.475220
38270 0.475220
38271 0.475220
38272 0.475220
38273 0.475220
38274 0.475220
38275 0.475220
38276 0.475220
38277 0.475220
38278 0.475220
38279 0.475220
38280 0.475220
38281 0.475220
38282 0.475220
38283 0.475220
38284 0.475220
38285 0.475220
38286 0.475220
38287 0.475220
38288 0.475220
38289 0.475220
38290 0.475220
38291 0.475220
38292 0.475220
38293 0.475220
38294 0.475220
38295 0.475220
38296 0.475220
38297 0.475220
38298 0.475220
38299 0.475220
38300 0.475220
38301 0.475220
38302 0.475220
38303 0.475220
38304 0.475220
38305 0.475220
38306 0.475220
38307 0.475220
38308 0.475220
38309 0.475220
38310 0.475220
38311 0.475220
38312 0.475220
38313 0.475220
38314 0.475220
38315 0.475220
38316 0.475220
38317 0.475220
38318 0.475220
38319 0.475220
38320 0.475220
38321 0.475220
38322 0.475220
38323 0.475220
38324 0.475220
38325 0.475220
38326 0.475220
38327 0.475220
38328 0.475220
38329 0.475220
38330 0.475220
38331 0.475220
38332 0.475220
38333 0.475220
38334 0.475220
38335 0.475220
38336 0.475220
38337 0.475220
38338 0.475220
38339 0.475220
38340 0.475220
38341 0.475220
38342 0.475220
38343 0.475220
38344 0.475220
38345 0.475220
38346 0.475220
38347 0.475220
38348 0.475220
38349 0.475220
38350 0.475220
38351 0.475220
38352 0.475220
38353 0.475220
38354 0.475220
38355 0.475220
38356 0.475220
38357 0.475220
38358 0.475220
38359 0.475220
38360 0.475220
38361 0.475220
38362 0.475220
38363 0.475220
38364 0.475220
38365 0.475220
38366 0.475220
38367 0.475220
38368 0.475220
38369 0.475220
38370 0.475220
38371 0.475220
38372 0.475220
38373 0.475220
38374 0.475220
38375 0.475220
38376 0.475220
38377 0.475220
38378 0.475220
38379 0.475220
38380 0.475220
38381 0.475220
38382 0.475220
38383 0.475220
38384 0.475220
38385 0.475220
38386 0.475220
38387 0.475220
38388 0.475220
38389 0.475220
38390 0.475220
38391 0.475220
38392 0.475220
38393 0.475220
38394 0.475220
38395 0.475220
38396 0.475220
38397 0.475220
38398 0.475220
38399 0.475220
38400 0.475220
38401 0.475220
38402 0.475220
38403 0.475220
38404 0.475220
38405 0.475220
38406 0.475220
38407 0.475220
38408 0.475220
38409 0.475220
38410 0.475220
38411 0.475220
38412 0.475220
38413 0.475220
38414 0.475220
38415 0.475220
38416 0.475220
38417 0.475220
38418 0.475220
38419 0.475220
38420 0.475220
38421 0.475220
38422 0.475220
38423 0.475220
38424 0.475220
38425 0.475220
38426 0.475220
38427 0.475220
38428 0.475220
38429 0.475220
38430 0.475220
38431 0.475220
38432 0.475220
38433 0.475220
38434 0.475220
38435 0.475220
38436 0.475220
38437 0.475220
38438 0.475220
38439 0.475220
38440 0.475220
38441 0.475220
38442 0.475220
38443 0.475220
38444 0.475220
38445 0.475220
38446 0.475220
38447 0.475220
38448 0.475220
38449 0.475220
38450 0.475220
38451 0.475220
38452 0.475220
38453 0.475220
38454 0.475220
38455 0.475220
38456 0.475220
38457 0.475220
38458 0.475220
38459 0.475220
38460 0.475220
38461 0.475220
38462 0.475220
38463 0.475220
38464 0.475220
38465 0.475220
38466 0.475220
38467 0.475220
38468 0.475220
38469 0.475220
38470 0.475220
38471 0.475220
38472 0.475220
38473 0.475220
38474 0.475220
38475 0.475220
38476 0.475220
38477 0.475220
38478 0.475220
38479 0.475220
38480 0.475220
38481 0.475220
38482 0.475220
38483 0.475220
38484 0.475220
38485 0.475220
38486 0.475220
38487 0.475220
38488 0.475220
38489 0.475220
38490 0.475220
38491 0.475220
38492 0.475220
38493 0.475220
38494 0.475220
38495 0.475220
38496 0.475220
38497 0.475220
38498 0.475220
38499 0.475220
38500 0.475220
38501 0.475220
38502 0.475220
38503 0.475220
38504 0.475220
38505 0.475220
38506 0.475220
38507 0.475220
38508 0.475220
38509 0.475220
38510 0.475220
38511 0.475220
38512 0.475220
38513 0.475220
38514 0.475220
38515 0.475220
38516 0.475220
38517 0.475220
38518 0.475220
38519 0.475220
38520 0.475220
38521 0.475220
38522 0.475220
38523 0.475220
38524 0.475220
38525 0.475220
38526 0.475220
38527 0.475220
38528 0.475220
38529 0.475220
38530 0.475220
38531 0.475220
38532 0.475220
38533 0.475220
38534 0.475220
38535 0.475220
38536 0.475220
38537 0.475220
38538 0.475220
38539 0.475220
38540 0.475220
38541 0.475220
38542 0.475220
38543 0.475220
38544 0.475220
38545 0.475220
38546 0.475220
38547 0.475220
38548 0.475220
38549 0.475220
38550 0.475220
38551 0.475220
38552 0.475220
38553 0.475220
38554 0.475220
38555 0.475220
38556 0.475220
38557 0.475220
38558 0.475220
38559 0.475220
38560 0.475220
38561 0.475220
38562 0.475220
38563 0.475220
38564 0.475220
38565 0.475220
38566 0.475220
38567 0.475220
38568 0.475220
38569 0.475220
38570 0.475220
38571 0.475220
38572 0.475220
38573 0.475220
38574 0.475220
38575 0.475220
38576 0.475220
38577 0.475220
38578 0.475220
38579 0.475220
38580 0.475220
38581 0.475220
38582 0.475220
38583 0.475220
38584 0.475220
38585 0.475220
38586 0.475220
38587 0.475220
38588 0.475220
38589 0.475220
38590 0.475220
38591 0.475220
38592 0.475220
38593 0.475220
38594 0.475220
38595 0.475220
38596 0.475220
38597 0.475220
38598 0.475220
38599 0.475220
38600 0.475220
38601 0.475220
38602 0.475220
38603 0.475220
38604 0.475220
38605 0.475220
38606 0.475220
38607 0.475220
38608 0.475220
38609 0.475220
38610 0.475220
38611 0.475220
38612 0.475220
38613 0.475220
38614 0.475220
38615 0.475220
38616 0.475220
38617 0.475220
38618 0.475220
38619 0.475220
38620 0.475220
38621 0.475220
38622 0.475220
38623 0.475220
38624 0.475220
38625 0.475220
38626 0.475220
38627 0.475220
38628 0.475220
38629 0.475220
38630 0.473115
38631 0.473115
38632 0.473115
38633 0.473115
38634 0.473115
38635 0.473115
38636 0.473115
38637 0.473115
38638 0.473115
38639 0.473115
38640 0.473115
38641 0.473115
38642 0.473115
38643 0.473115
38644 0.473115
38645 0.473115
38646 0.473115
38647 0.473115
38648 0.473115
38649 0.473115
38650 0.473115
38651 0.473115
38652 0.473115
38653 0.473115
38654 0.473115
38655 0.473115
38656 0.473115
38657 0.473115
38658 0.473115
38659 0.473115
38660 0.473115
38661 0.473115
38662 0.473115
38663 0.473115
38664 0.473115
38665 0.473115
38666 0.473115
38667 0.473115
38668 0.473115
38669 0.473115
38670 0.473115
38671 0.473115
38672 0.473115
38673 0.473115
38674 0.473115
38675 0.473115
38676 0.473115
38677 0.473115
38678 0.473115
38679 0.473115
38680 0.473115
38681 0.473115
38682 0.473115
38683 0.473115
38684 0.473115
38685 0.473115
38686 0.473115
38687 0.473115
38688 0.473115
38689 0.473115
38690 0.473115
38691 0.473115
38692 0.473115
38693 0.473115
38694 0.473115
38695 0.473115
38696 0.473115
38697 0.473115
38698 0.473115
38699 0.473115
38700 0.473115
38701 0.473115
38702 0.473115
38703 0.473115
38704 0.473115
38705 0.473115
38706 0.473115
38707 0.473115
38708 0.473115
38709 0.473115
38710 0.473115
38711 0.473115
38712 0.473115
38713 0.473115
38714 0.473115
38715 0.473115
38716 0.473115
38717 0.473115
38718 0.473115
38719 0.473115
38720 0.473115
38721 0.473115
38722 0.473115
38723 0.473115
38724 0.473115
38725 0.473115
38726 0.473115
38727 0.473115
38728 0.473115
38729 0.473115
38730 0.473115
38731 0.473115
38732 0.473115
38733 0.473115
38734 0.473115
38735 0.473115
38736 0.473115
38737 0.473115
38738 0.473115
38739 0.473115
38740 0.473115
38741 0.473115
38742 0.473115
38743 0.473115
38744 0.473115
38745 0.473115
38746 0.473115
38747 0.473115
38748 0.473115
38749 0.473115
38750 0.473115
38751 0.473115
38752 0.473115
38753 0.473115
38754 0.473115
38755 0.473115
38756 0.473115
38757 0.473115
38758 0.473115
38759 0.473115
38760 0.473115
38761 0.473115
38762 0.473115
38763 0.473115
38764 0.473115
38765 0.473115
38766 0.473115
38767 0.473115
38768 0.473115
38769 0.473115
38770 0.473115
38771 0.473115
38772 0.473115
38773 0.473115
38774 0.473115
38775 0.473115
38776 0.473115
38777 0.473115
38778 0.473115
38779 0.473115
38780 0.473115
38781 0.473115
38782 0.473115
38783 0.473115
38784 0.473115
38785 0.473115
38786 0.473115
38787 0.473115
38788 0.473115
38789 0.473115
38790 0.473115
38791 0.473115
38792 0.473115
38793 0.473115
38794 0.473115
38795 0.473115
38796 0.473115
38797 0.473115
38798 0.473115
38799 0.473115
38800 0.473115
38801 0.473115
38802 0.473115
38803 0.473115
38804 0.473115
38805 0.473115
38806 0.473115
38807 0.473115
38808 0.473115
38809 0.473115
38810 0.473115
38811 0.473115
38812 0.473115
38813 0.473115
38814 0.473115
38815 0.473115
38816 0.473115
38817 0.473115
38818 0.473115
38819 0.473115
38820 0.473115
38821 0.473115
38822 0.473115
38823 0.473115
38824 0.473115
38825 0.473115
38826 0.473115
38827 0.473115
38828 0.473115
38829 0.473115
38830 0.473115
38831 0.473115
38832 0.473115
38833 0.473115
38834 0.473115
38835 0.473115
38836 0.473115
38837 0.473115
38838 0.473115
38839 0.473115
38840 0.473115
38841 0.473115
38842 0.473115
38843 0.473115
38844 0.473115
38845 0.473115
38846 0.473115
38847 0.473115
38848 0.473115
38849 0.473115
38850 0.473115
38851 0.473115
38852 0.473115
38853 0.473115
38854 0.473115
38855 0.473115
38856 0.473115
38857 0.473115
38858 0.473115
38859 0.473115
38860 0.473115
38861 0.473115
38862 0.473115
38863 0.473115
38864 0.473115
38865 0.473115
38866 0.473115
38867 0.473115
38868 0.473115
38869 0.473115
38870 0.473115
38871 0.473115
38872 0.473115
38873 0.473115
38874 0.473115
38875 0.473115
38876 0.473115
38877 0.473115
38878 0.473115
38879 0.473115
38880 0.473115
38881 0.473115
38882 0.473115
38883 0.473115
38884 0.473115
38885 0.473115
38886 0.473115
38887 0.473115
38888 0.473115
38889 0.473115
38890 0.473115
38891 0.473115
38892 0.473115
38893 0.473115
38894 0.473115
38895 0.473115
38896 0.473115
38897 0.473115
38898 0.473115
38899 0.473115
38900 0.473115
38901 0.473115
38902 0.473115
38903 0.473115
38904 0.473115
38905 0.473115
38906 0.473115
38907 0.473115
38908 0.473115
38909 0.473115
38910 0.473115
38911 0.473115
38912 0.473115
38913 0.473115
38914 0.473115
38915 0.473115
38916 0.473115
38917 0.473115
38918 0.473115
38919 0.473115
38920 0.473115
38921 0.473115
38922 0.473115
38923 0.473115
38924 0.473115
38925 0.473115
38926 0.473115
38927 0.473115
38928 0.473115
38929 0.473115
38930 0.473115
38931 0.473115
38932 0.473115
38933 0.473115
38934 0.473115
38935 0.473115
38936 0.473115
38937 0.473115
38938 0.473115
38939 0.473115
38940 0.473115
38941 0.473115
38942 0.473115
38943 0.473115
38944 0.473115
38945 0.473115
38946 0.473115
38947 0.473115
38948 0.473115
38949 0.473115
38950 0.473115
38951 0.473115
38952 0.473115
38953 0.473115
38954 0.473115
38955 0.473115
38956 0.473115
38957 0.473115
38958 0.473115
38959 0.473115
38960 0.473115
38961 0.473115
38962 0.473115
38963 0.473115
38964 0.473115
38965 0.473115
38966 0.473115
38967 0.473115
38968 0.473115
38969 0.473115
38970 0.473115
38971 0.473115
38972 0.473115
38973 0.473115
38974 0.473115
38975 0.473115
38976 0.473115
38977 0.473115
38978 0.473115
38979 0.473115
38980 0.473115
38981 0.473115
38982 0.473115
38983 0.473115
38984 0.473115
38985 0.473115
38986 0.473115
38987 0.473115
38988 0.473115
38989 0.473115
38990 0.473115
38991 0.473115
38992 0.473115
38993 0.473115
38994 0.473115
38995 0.473115
38996 0.473115
38997 0.473115
38998 0.473115
38999 0.473115
39000 0.473115
39001 0.473115
39002 0.473115
39003 0.473115
39004 0.473115
39005 0.473115
39006 0.473115
39007 0.473115
39008 0.473115
39009 0.473115
39010 0.473115
39011 0.473115
39012 0.473115
39013 0.473115
39014 0.473115
39015 0.473115
39016 0.473115
39017 0.473115
39018 0.473115
39019 0.473115
39020 0.473115
39021 0.473115
39022 0.473115
39023 0.473115
39024 0.473115
39025 0.473115
39026 0.473115
39027 0.473115
39028 0.473115
39029 0.473115
39030 0.473115
39031 0.473115
39032 0.473115
39033 0.473115
39034 0.473115
39035 0.473115
39036 0.473115
39037 0.473115
39038 0.473115
39039 0.473115
39040 0.473115
39041 0.473115
39042 0.473115
39043 0.473115
39044 0.473115
39045 0.473115
39046 0.473115
39047 0.473115
39048 0.473115
39049 0.473115
39050 0.473115
39051 0.473115
39052 0.473115
39053 0.473115
39054 0.473115
39055 0.473115
39056 0.473115
39057 0.473115
39058 0.473115
39059 0.473115
39060 0.473115
39061 0.473115
39062 0.473115
39063 0.473115
39064 0.473115
39065 0.473115
39066 0.473115
39067 0.473115
39068 0.473115
39069 0.473115
39070 0.473115
39071 0.473115
39072 0.473115
39073 0.473115
39074 0.473115
39075 0.473115
39076 0.473115
39077 0.473115
39078 0.473115
39079 0.473115
39080 0.473115
39081 0.473115
39082 0.473115
39083 0.473115
39084 0.473115
39085 0.473115
39086 0.473115
39087 0.473115
39088 0.473115
39089 0.473115
39090 0.473115
39091 0.473115
39092 0.473115
39093 0.473115
39094 0.473115
39095 0.473115
39096 0.473115
39097 0.473115
39098 0.473115
39099 0.473115
39100 0.473115
39101 0.473115
39102 0.473115
39103 0.473115
39104 0.473115
39105 0.473115
39106 0.473115
39107 0.473115
39108 0.473115
39109 0.473115
39110 0.473115
39111 0.473115
39112 0.473115
39113 0.473115
39114 0.473115
39115 0.473115
39116 0.473115
39117 0.473115
39118 0.473115
39119 0.473115
39120 0.473115
39121 0.473115
39122 0.473115
39123 0.473115
39124 0.473115
39125 0.473115
39126 0.473115
39127 0.473115
39128 0.473115
39129 0.473115
39130 0.473115
39131 0.473115
39132 0.473115
39133 0.473115
39134 0.473115
39135 0.473115
39136 0.473115
39137 0.473115
39138 0.473115
39139 0.473115
39140 0.473115
39141 0.473115
39142 0.473115
39143 0.473115
39144 0.473115
39145 0.473115
39146 0.473115
39147 0.473115
39148 0.473115
39149 0.473115
39150 0.473115
39151 0.473115
39152 0.473115
39153 0.473115
39154 0.473115
39155 0.473115
39156 0.473115
39157 0.473115
39158 0.473115
39159 0.473115
39160 0.473115
39161 0.473115
39162 0.473115
39163 0.473115
39164 0.473115
39165 0.473115
39166 0.473115
39167 0.473115
39168 0.473115
39169 0.473115
39170 0.473115
39171 0.473115
39172 0.473115
39173 0.473115
39174 0.473115
39175 0.473115
39176 0.473115
39177 0.473115
39178 0.473115
39179 0.473115
39180 0.473115
39181 0.473115
39182 0.473115
39183 0.473115
39184 0.473115
39185 0.473115
39186 0.473115
39187 0.473115
39188 0.473115
39189 0.473115
39190 0.473115
39191 0.473115
39192 0.473115
39193 0.473115
39194 0.473115
39195 0.473115
39196 0.473115
39197 0.473115
39198 0.473115
39199 0.473115
39200 0.473115
39201 0.473115
39202 0.473115
39203 0.473115
39204 0.473115
39205 0.473115
39206 0.473115
39207 0.473115
39208 0.473115
39209 0.473115
39210 0.473115
39211 0.473115
39212 0.473115
39213 0.473115
39214 0.473115
39215 0.473115
39216 0.473115
39217 0.473115
39218 0.473115
39219 0.473115
39220 0.473115
39221 0.473115
39222 0.473115
39223 0.473115
39224 0.473115
39225 0.473115
39226 0.473115
39227 0.473115
39228 0.473115
39229 0.473115
39230 0.473115
39231 0.473115
39232 0.473115
39233 0.473115
39234 0.473115
39235 0.473115
39236 0.473115
39237 0.473115
39238 0.473115
39239 0.473115
39240 0.473115
39241 0.473115
39242 0.473115
39243 0.473115
39244 0.473115
39245 0.473115
39246 0.473115
39247 0.473115
39248 0.473115
39249 0.473115
39250 0.473115
39251 0.473115
39252 0.473115
39253 0.473115
39254 0.473115
39255 0.473115
39256 0.473115
39257 0.473115
39258 0.473115
39259 0.473115
39260 0.473115
39261 0.473115
39262 0.473115
39263 0.473115
39264 0.473115
39265 0.473115
39266 0.473115
39267 0.473115
39268 0.473115
39269 0.473115
39270 0.473115
39271 0.473115
39272 0.473115
39273 0.473115
39274 0.473115
39275 0.473115
39276 0.473115
39277 0.473115
39278 0.473115
39279 0.473115
39280 0.473115
39281 0.473115
39282 0.473115
39283 0.473115
39284 0.473115
39285 0.473115
39286 0.473115
39287 0.473115
39288 0.473115
39289 0.473115
39290 0.473115
39291 0.473115
39292 0.473115
39293 0.473115
39294 0.473115
39295 0.473115
39296 0.473115
39297 0.473115
39298 0.473115
39299 0.473115
39300 0.473115
39301 0.473115
39302 0.473115
39303 0.473115
39304 0.473115
39305 0.473115
39306 0.473115
39307 0.473115
39308 0.473115
39309 0.473115
39310 0.473115
39311 0.473115
39312 0.473115
39313 0.473115
39314 0.473115
39315 0.473115
39316 0.473115
39317 0.473115
39318 0.473115
39319 0.473115
39320 0.473115
39321 0.473115
39322 0.473115
39323 0.473115
39324 0.473115
39325 0.473115
39326 0.473115
39327 0.473115
39328 0.473115
39329 0.473115
39330 0.473115
39331 0.473115
39332 0.473115
39333 0.473115
39334 0.473115
39335 0.473115
39336 0.473115
39337 0.473115
39338 0.473115
39339 0.473115
39340 0.473115
39341 0.473115
39342 0.473115
39343 0.473115
39344 0.473115
39345 0.473115
39346 0.473115
39347 0.473115
39348 0.473115
39349 0.473115
39350 0.473115
39351 0.473115
39352 0.473115
39353 0.473115
39354 0.473115
39355 0.473115
39356 0.473115
39357 0.473115
39358 0.473115
39359 0.473115
39360 0.473115
39361 0.473115
39362 0.473115
39363 0.473115
39364 0.473115
39365 0.473115
39366 0.473115
39367 0.473115
39368 0.473115
39369 0.473115
39370 0.473115
39371 0.473115
39372 0.473115
39373 0.473115
39374 0.473115
39375 0.473115
39376 0.473115
39377 0.473115
39378 0.473115
39379 0.473115
39380 0.473115
39381 0.473115
39382 0.473115
39383 0.473115
39384 0.473115
39385 0.473115
39386 0.473115
39387 0.473115
39388 0.473115
39389 0.473115
39390 0.473115
39391 0.473115
39392 0.473115
39393 0.473115
39394 0.473115
39395 0.473115
39396 0.473115
39397 0.473115
39398 0.473115
39399 0.473115
39400 0.473115
39401 0.473115
39402 0.473115
39403 0.473115
39404 0.473115
39405 0.473115
39406 0.473115
39407 0.473115
39408 0.473115
39409 0.473115
39410 0.473115
39411 0.473115
39412 0.473115
39413 0.473115
39414 0.473115
39415 0.473115
39416 0.473115
39417 0.473115
39418 0.473115
39419 0.473115
39420 0.473115
39421 0.473115
39422 0.473115
39423 0.473115
39424 0.473115
39425 0.473115
39426 0.473115
39427 0.473115
39428 0.473115
39429 0.473115
39430 0.473115
39431 0.473115
39432 0.473115
39433 0.473115
39434 0.473115
39435 0.473115
39436 0.473115
39437 0.473115
39438 0.473115
39439 0.473115
39440 0.473115
39441 0.473115
39442 0.473115
39443 0.473115
39444 0.473115
39445 0.473115
39446 0.473115
39447 0.473115
39448 0.473115
39449 0.473115
39450 0.473115
39451 0.473115
39452 0.473115
39453 0.473115
39454 0.473115
39455 0.473115
39456 0.473115
39457 0.473115
39458 0.473115
39459 0.473115
39460 0.473115
39461 0.473115
39462 0.473115
39463 0.473115
39464 0.473115
39465 0.473115
39466 0.473115
39467 0.473115
39468 0.473115
39469 0.473115
39470 0.473115
39471 0.473115
39472 0.473115
39473 0.473115
39474 0.473115
39475 0.473115
39476 0.473115
39477 0.473115
39478 0.473115
39479 0.473115
39480 0.473115
39481 0.473115
39482 0.473115
39483 0.473115
39484 0.473115
39485 0.473115
39486 0.473115
39487 0.473115
39488 0.473115
39489 0.473115
39490 0.473115
39491 0.473115
39492 0.473115
39493 0.473115
39494 0.473115
39495 0.473115
39496 0.473115
39497 0.473115
39498 0.473115
39499 0.473115
39500 0.473115
39501 0.473115
39502 0.473115
39503 0.473115
39504 0.473115
39505 0.473115
39506 0.473115
39507 0.473115
39508 0.473115
39509 0.473115
39510 0.473115
39511 0.473115
39512 0.473115
39513 0.473115
39514 0.473115
39515 0.473115
39516 0.473115
39517 0.473115
39518 0.473115
39519 0.473115
39520 0.473115
39521 0.473115
39522 0.473115
39523 0.473115
39524 0.473115
39525 0.473115
39526 0.473115
39527 0.473115
39528 0.473115
39529 0.473115
39530 0.473115
39531 0.473115
39532 0.473115
39533 0.473115
39534 0.473115
39535 0.473115
39536 0.473115
39537 0.473115
39538 0.473115
39539 0.473115
39540 0.473115
39541 0.473115
39542 0.473115
39543 0.473115
39544 0.473115
39545 0.473115
39546 0.473115
39547 0.473115
39548 0.473115
39549 0.473115
39550 0.473115
39551 0.473115
39552 0.473115
39553 0.473115
39554 0.473115
39555 0.473115
39556 0.473115
39557 0.473115
39558 0.473115
39559 0.473115
39560 0.473115
39561 0.473115
39562 0.473115
39563 0.473115
39564 0.473115
39565 0.473115
39566 0.473115
39567 0.473115
39568 0.473115
39569 0.473115
39570 0.473115
39571 0.473115
39572 0.473115
39573 0.473115
39574 0.473115
39575 0.473115
39576 0.473115
39577 0.473115
39578 0.473115
39579 0.473115
39580 0.473115
39581 0.473115
39582 0.473115
39583 0.473115
39584 0.473115
39585 0.473115
39586 0.473115
39587 0.473115
39588 0.473115
39589 0.473115
39590 0.473115
39591 0.473115
39592 0.473115
39593 0.473115
39594 0.473115
39595 0.473115
39596 0.473115
39597 0.473115
39598 0.473115
39599 0.473115
39600 0.473115
39601 0.473115
39602 0.473115
39603 0.473115
39604 0.473115
39605 0.473115
39606 0.473115
39607 0.473115
39608 0.473115
39609 0.473115
39610 0.473115
39611 0.473115
39612 0.473115
39613 0.473115
39614 0.473115
39615 0.473115
39616 0.473115
39617 0.473115
39618 0.473115
39619 0.473115
39620 0.473115
39621 0.473115
39622 0.473115
39623 0.473115
39624 0.473115
39625 0.473115
39626 0.473115
39627 0.473115
39628 0.473115
39629 0.473115
39630 0.473115
39631 0.473115
39632 0.473115
39633 0.473115
39634 0.473115
39635 0.473115
39636 0.473115
39637 0.473115
39638 0.473115
39639 0.473115
39640 0.473115
39641 0.473115
39642 0.473115
39643 0.473115
39644 0.473115
39645 0.473115
39646 0.473115
39647 0.473115
39648 0.473115
39649 0.473115
39650 0.473115
39651 0.473115
39652 0.473115
39653 0.473115
39654 0.473115
39655 0.473115
39656 0.473115
39657 0.473115
39658 0.473115
39659 0.473115
39660 0.473115
39661 0.473115
39662 0.473115
39663 0.473115
39664 0.473115
39665 0.473115
39666 0.473115
39667 0.473115
39668 0.473115
39669 0.473115
39670 0.473115
39671 0.473115
39672 0.473115
39673 0.473115
39674 0.473115
39675 0.473115
39676 0.473115
39677 0.473115
39678 0.473115
39679 0.473115
39680 0.473115
39681 0.473115
39682 0.473115
39683 0.473115
39684 0.473115
39685 0.473115
39686 0.473115
39687 0.473115
39688 0.473115
39689 0.473115
39690 0.473115
39691 0.473115
39692 0.473115
39693 0.473115
39694 0.473115
39695 0.473115
39696 0.473115
39697 0.473115
39698 0.473115
39699 0.473115
39700 0.473115
39701 0.473115
39702 0.473115
39703 0.473115
39704 0.473115
39705 0.473115
39706 0.473115
39707 0.473115
39708 0.473115
39709 0.473115
39710 0.473115
39711 0.473115
39712 0.473115
39713 0.473115
39714 0.473115
39715 0.473115
39716 0.473115
39717 0.473115
39718 0.473115
39719 0.473115
39720 0.473115
39721 0.473115
39722 0.473115
39723 0.473115
39724 0.473115
39725 0.473115
39726 0.473115
39727 0.473115
39728 0.473115
39729 0.473115
39730 0.473115
39731 0.473115
39732 0.473115
39733 0.473115
39734 0.473115
39735 0.473115
39736 0.473115
39737 0.473115
39738 0.473115
39739 0.473115
39740 0.473115
39741 0.473115
39742 0.473115
39743 0.473115
39744 0.473115
39745 0.473115
39746 0.473115
39747 0.473115
39748 0.473115
39749 0.473115
39750 0.473115
39751 0.473115
39752 0.473115
39753 0.473115
39754 0.473115
39755 0.473115
39756 0.473115
39757 0.473115
39758 0.473115
39759 0.473115
39760 0.473115
39761 0.473115
39762 0.473115
39763 0.473115
39764 0.473115
39765 0.473115
39766 0.473115
39767 0.473115
39768 0.473115
39769 0.473115
39770 0.473115
39771 0.473115
39772 0.473115
39773 0.473115
39774 0.473115
39775 0.473115
39776 0.473115
39777 0.473115
39778 0.473115
39779 0.473115
39780 0.473115
39781 0.473115
39782 0.473115
39783 0.473115
39784 0.473115
39785 0.473115
39786 0.473115
39787 0.473115
39788 0.473115
39789 0.473115
39790 0.473115
39791 0.473115
39792 0.473115
39793 0.473115
39794 0.473115
39795 0.473115
39796 0.473115
39797 0.473115
39798 0.473115
39799 0.473115
39800 0.473115
39801 0.473115
39802 0.473115
39803 0.473115
39804 0.473115
39805 0.473115
39806 0.473115
39807 0.473115
39808 0.473115
39809 0.473115
39810 0.473115
39811 0.473115
39812 0.473115
39813 0.473115
39814 0.473115
39815 0.473115
39816 0.473115
39817 0.473115
39818 0.473115
39819 0.473115
39820 0.473115
39821 0.473115
39822 0.473115
39823 0.473115
39824 0.473115
39825 0.473115
39826 0.473115
39827 0.473115
39828 0.473115
39829 0.473115
39830 0.473115
39831 0.473115
39832 0.473115
39833 0.473115
39834 0.473115
39835 0.473115
39836 0.473115
39837 0.473115
39838 0.473115
39839 0.473115
39840 0.473115
39841 0.473115
39842 0.473115
39843 0.473115
39844 0.473115
39845 0.473115
39846 0.473115
39847 0.473115
39848 0.473115
39849 0.473115
39850 0.473115
39851 0.473115
39852 0.473115
39853 0.473115
39854 0.473115
39855 0.473115
39856 0.473115
39857 0.473115
39858 0.473115
39859 0.473115
39860 0.473115
39861 0.473115
39862 0.473115
39863 0.473115
39864 0.473115
39865 0.473115
39866 0.473115
39867 0.473115
39868 0.473115
39869 0.473115
39870 0.473115
39871 0.473115
39872 0.473115
39873 0.473115
39874 0.473115
39875 0.473115
39876 0.473115
39877 0.473115
39878 0.473115
39879 0.473115
39880 0.473115
39881 0.473115
39882 0.473115
39883 0.473115
39884 0.473115
39885 0.473115
39886 0.473115
39887 0.473115
39888 0.473115
39889 0.473115
39890 0.473115
39891 0.473115
39892 0.473115
39893 0.473115
39894 0.473115
39895 0.473115
39896 0.473115
39897 0.473115
39898 0.473115
39899 0.473115
39900 0.473115
39901 0.473115
39902 0.473115
39903 0.473115
39904 0.473115
39905 0.473115
39906 0.473115
39907 0.473115
39908 0.473115
39909 0.473115
39910 0.473115
39911 0.473115
39912 0.473115
39913 0.473115
39914 0.473115
39915 0.473115
39916 0.473115
39917 0.473115
39918 0.473115
39919 0.473115
39920 0.473115
39921 0.473115
39922 0.473115
39923 0.473115
39924 0.473115
39925 0.473115
39926 0.473115
39927 0.473115
39928 0.473115
39929 0.473115
39930 0.473115
39931 0.473115
39932 0.473115
39933 0.473115
39934 0.473115
39935 0.473115
39936 0.473115
39937 0.473115
39938 0.473115
39939 0.473115
39940 0.473115
39941 0.473115
39942 0.473115
39943 0.473115
39944 0.473115
39945 0.473115
39946 0.473115
39947 0.473115
39948 0.473115
39949 0.473115
39950 0.473115
39951 0.473115
39952 0.473115
39953 0.473115
39954 0.473115
39955 0.473115
39956 0.473115
39957 0.473115
39958 0.473115
39959 0.473115
39960 0.473115
39961 0.473115
39962 0.473115
39963 0.473115
39964 0.473115
39965 0.473115
39966 0.473115
39967 0.473115
39968 0.473115
39969 0.473115
39970 0.473115
39971 0.473115
39972 0.473115
39973 0.473115
39974 0.473115
39975 0.473115
39976 0.473115
39977 0.473115
39978 0.473115
39979 0.473115
39980 0.473115
39981 0.473115
39982 0.473115
39983 0.473115
39984 0.473115
39985 0.473115
39986 0.473115
39987 0.473115
39988 0.473115
39989 0.473115
39990 0.473115
39991 0.473115
39992 0.473115
39993 0.473115
39994 0.473115
39995 0.473115
39996 0.473115
39997 0.473115
39998 0.473115
39999 0.473115
40000 0.473115
40001 0.473115
40002 0.473115
40003 0.473115
40004 0.473115
40005 0.473115
40006 0.473115
40007 0.473115
40008 0.473115
40009 0.473115
40010 0.473115
40011 0.473115
40012 0.473115
40013 0.473115
40014 0.473115
40015 0.473115
40016 0.473115
40017 0.473115
40018 0.473115
40019 0.473115
40020 0.473115
40021 0.473115
40022 0.473115
40023 0.473115
40024 0.473115
40025 0.473115
40026 0.473115
40027 0.473115
40028 0.473115
40029 0.473115
40030 0.473115
40031 0.473115
40032 0.473115
40033 0.473115
40034 0.473115
40035 0.473115
40036 0.473115
40037 0.473115
40038 0.473115
40039 0.473115
40040 0.473115
40041 0.473115
40042 0.473115
40043 0.473115
40044 0.473115
40045 0.473115
40046 0.473115
40047 0.473115
40048 0.473115
40049 0.473115
40050 0.473115
40051 0.473115
40052 0.473115
40053 0.473115
40054 0.473115
40055 0.473115
40056 0.473115
40057 0.473115
40058 0.473115
40059 0.473115
40060 0.473115
40061 0.473115
40062 0.473115
40063 0.473115
40064 0.473115
40065 0.473115
40066 0.473115
40067 0.473115
40068 0.473115
40069 0.473115
40070 0.473115
40071 0.473115
40072 0.473115
40073 0.473115
40074 0.473115
40075 0.473115
40076 0.473115
40077 0.473115
40078 0.473115
40079 0.473115
40080 0.473115
40081 0.473115
40082 0.473115
40083 0.473115
40084 0.473115
40085 0.473115
40086 0.473115
40087 0.473115
40088 0.473115
40089 0.473115
40090 0.473115
40091 0.473115
40092 0.473115
40093 0.473115
40094 0.473115
40095 0.473115
40096 0.473115
40097 0.473115
40098 0.473115
40099 0.473115
40100 0.473115
40101 0.473115
40102 0.473115
40103 0.473115
40104 0.473115
40105 0.473115
40106 0.473115
40107 0.473115
40108 0.473115
40109 0.473115
40110 0.473115
40111 0.473115
40112 0.473115
40113 0.473115
40114 0.473115
40115 0.473115
40116 0.473115
40117 0.473115
40118 0.473115
40119 0.473115
40120 0.473115
40121 0.473115
40122 0.473115
40123 0.473115
40124 0.473115
40125 0.473115
40126 0.473115
40127 0.473115
40128 0.473115
40129 0.473115
40130 0.473115
40131 0.473115
40132 0.473115
40133 0.473115
40134 0.473115
40135 0.473115
40136 0.473115
40137 0.473115
40138 0.473115
40139 0.473115
40140 0.473115
40141 0.473115
40142 0.473115
40143 0.473115
40144 0.473115
40145 0.473115
40146 0.473115
40147 0.473115
40148 0.473115
40149 0.473115
40150 0.473115
40151 0.473115
40152 0.473115
40153 0.473115
40154 0.473115
40155 0.473115
40156 0.473115
40157 0.473115
40158 0.473115
40159 0.473115
40160 0.473115
40161 0.473115
40162 0.473115
40163 0.473115
40164 0.473115
40165 0.473115
40166 0.473115
40167 0.473115
40168 0.473115
40169 0.473115
40170 0.473115
40171 0.473115
40172 0.473115
40173 0.473115
40174 0.473115
40175 0.473115
40176 0.473115
40177 0.473115
40178 0.473115
40179 0.473115
40180 0.473115
40181 0.473115
40182 0.473115
40183 0.473115
40184 0.473115
40185 0.473115
40186 0.473115
40187 0.473115
40188 0.473115
40189 0.473115
40190 0.473115
40191 0.473115
40192 0.473115
40193 0.473115
40194 0.473115
40195 0.473115
40196 0.473115
40197 0.473115
40198 0.473115
40199 0.473115
40200 0.473115
40201 0.473115
40202 0.473115
40203 0.473115
40204 0.473115
40205 0.473115
40206 0.473115
40207 0.473115
40208 0.473115
40209 0.473115
40210 0.473115
40211 0.473115
40212 0.473115
40213 0.473115
40214 0.473115
40215 0.473115
40216 0.473115
40217 0.473115
40218 0.473115
40219 0.473115
40220 0.473115
40221 0.473115
40222 0.473115
40223 0.473115
40224 0.473115
40225 0.473115
40226 0.473115
40227 0.473115
40228 0.473115
40229 0.473115
40230 0.473115
40231 0.473115
40232 0.473115
40233 0.473115
40234 0.473115
40235 0.473115
40236 0.473115
40237 0.473115
40238 0.473115
40239 0.473115
40240 0.473115
40241 0.473115
40242 0.473115
40243 0.473115
40244 0.473115
40245 0.473115
40246 0.473115
40247 0.473115
40248 0.473115
40249 0.473115
40250 0.473115
40251 0.473115
40252 0.473115
40253 0.473115
40254 0.473115
40255 0.473115
40256 0.473115
40257 0.473115
40258 0.473115
40259 0.473115
40260 0.473115
40261 0.473115
40262 0.473115
40263 0.473115
40264 0.473115
40265 0.473115
40266 0.473115
40267 0.473115
40268 0.473115
40269 0.473115
40270 0.473115
40271 0.473115
40272 0.473115
40273 0.473115
40274 0.473115
40275 0.473115
40276 0.473115
40277 0.473115
40278 0.473115
40279 0.473115
40280 0.473115
40281 0.473115
40282 0.473115
40283 0.473115
40284 0.473115
40285 0.473115
40286 0.473115
40287 0.473115
40288 0.473115
40289 0.473115
40290 0.473115
40291 0.473115
40292 0.473115
40293 0.473115
40294 0.473115
40295 0.473115
40296 0.473115
40297 0.473115
40298 0.473115
40299 0.473115
40300 0.473115
40301 0.473115
40302 0.473115
40303 0.473115
40304 0.473115
40305 0.473115
40306 0.473115
40307 0.473115
40308 0.473115
40309 0.473115
40310 0.473115
40311 0.473115
40312 0.473115
40313 0.473115
40314 0.473115
40315 0.473115
40316 0.473115
40317 0.473115
40318 0.473115
40319 0.473115
40320 0.473115
40321 0.473115
40322 0.473115
40323 0.473115
40324 0.473115
40325 0.473115
40326 0.473115
40327 0.473115
40328 0.473115
40329 0.473115
40330 0.473115
40331 0.473115
40332 0.473115
40333 0.473115
40334 0.473115
40335 0.473115
40336 0.473115
40337 0.473115
40338 0.473115
40339 0.473115
40340 0.473115
40341 0.473115
40342 0.473115
40343 0.473115
40344 0.473115
40345 0.473115
40346 0.473115
40347 0.473115
40348 0.473115
40349 0.473115
40350 0.473115
40351 0.473115
40352 0.473115
40353 0.473115
40354 0.473115
40355 0.473115
40356 0.473115
40357 0.473115
40358 0.473115
40359 0.473115
40360 0.473115
40361 0.473115
40362 0.473115
40363 0.473115
40364 0.473115
40365 0.473115
40366 0.473115
40367 0.473115
40368 0.473115
40369 0.473115
40370 0.473115
40371 0.473115
40372 0.473115
40373 0.473115
40374 0.473115
40375 0.473115
40376 0.473115
40377 0.473115
40378 0.473115
40379 0.473115
40380 0.473115
40381 0.473115
40382 0.473115
40383 0.473115
40384 0.473115
40385 0.473115
40386 0.473115
40387 0.473115
40388 0.473115
40389 0.473115
40390 0.473115
40391 0.473115
40392 0.473115
40393 0.473115
40394 0.473115
40395 0.473115
40396 0.473115
40397 0.473115
40398 0.473115
40399 0.473115
40400 0.473115
40401 0.473115
40402 0.473115
40403 0.473115
40404 0.473115
40405 0.473115
40406 0.473115
40407 0.473115
40408 0.473115
40409 0.473115
40410 0.473115
40411 0.473115
40412 0.473115
40413 0.473115
40414 0.473115
40415 0.473115
40416 0.473115
40417 0.473115
40418 0.473115
40419 0.473115
40420 0.473115
40421 0.473115
40422 0.473115
40423 0.473115
40424 0.473115
40425 0.473115
40426 0.473115
40427 0.473115
40428 0.473115
40429 0.473115
40430 0.473115
40431 0.473115
40432 0.473115
40433 0.473115
40434 0.473115
40435 0.473115
40436 0.466997
40437 0.466997
40438 0.466997
40439 0.466997
40440 0.466997
40441 0.466997
40442 0.466997
40443 0.466997
40444 0.466997
40445 0.466997
40446 0.466997
40447 0.466997
40448 0.466997
40449 0.466997
40450 0.466997
40451 0.466997
40452 0.466997
40453 0.466997
40454 0.466997
40455 0.466997
40456 0.466997
40457 0.466997
40458 0.466997
40459 0.466997
40460 0.466997
40461 0.466997
40462 0.466997
40463 0.466997
40464 0.466997
40465 0.466997
40466 0.466997
40467 0.466997
40468 0.466997
40469 0.466997
40470 0.466997
40471 0.466997
40472 0.466997
40473 0.466997
40474 0.466997
40475 0.466997
40476 0.466997
40477 0.466997
40478 0.466997
40479 0.466997
40480 0.466997
40481 0.466997
40482 0.466997
40483 0.466997
40484 0.466997
40485 0.466997
40486 0.466997
40487 0.466997
40488 0.466997
40489 0.466997
40490 0.466997
40491 0.466997
40492 0.466997
40493 0.466997
40494 0.466997
40495 0.466997
40496 0.466997
40497 0.466997
40498 0.466997
40499 0.466997
40500 0.466997
40501 0.466997
40502 0.466997
40503 0.466997
40504 0.466997
40505 0.466997
40506 0.466997
40507 0.466997
40508 0.466997
40509 0.466997
40510 0.466997
40511 0.466997
40512 0.466997
40513 0.466997
40514 0.466997
40515 0.466997
40516 0.466997
40517 0.466997
40518 0.466997
40519 0.466997
40520 0.466997
40521 0.466997
40522 0.466709
40523 0.466709
40524 0.466709
40525 0.466709
40526 0.466709
40527 0.466709
40528 0.466709
40529 0.466709
40530 0.466709
40531 0.466709
40532 0.466709
40533 0.466709
40534 0.466709
40535 0.466709
40536 0.466709
40537 0.466709
40538 0.466709
40539 0.466709
40540 0.466709
40541 0.466709
40542 0.466709
40543 0.466709
40544 0.466709
40545 0.466709
40546 0.466709
40547 0.466709
40548 0.466709
40549 0.466709
40550 0.466709
40551 0.466709
40552 0.466709
40553 0.466709
40554 0.466709
40555 0.466709
40556 0.466709
40557 0.466709
40558 0.466709
40559 0.466709
40560 0.466709
40561 0.466709
40562 0.466709
40563 0.466709
40564 0.466709
40565 0.466709
40566 0.466709
40567 0.466709
40568 0.466709
40569 0.466709
40570 0.466709
40571 0.466709
40572 0.466709
40573 0.466709
40574 0.466709
40575 0.466709
40576 0.466709
40577 0.466709
40578 0.466709
40579 0.466709
40580 0.466709
40581 0.466709
40582 0.466709
40583 0.466709
40584 0.466709
40585 0.466709
40586 0.466709
40587 0.466709
40588 0.466709
40589 0.466709
40590 0.466709
40591 0.466709
40592 0.466709
40593 0.466709
40594 0.466709
40595 0.466709
40596 0.466709
40597 0.466709
40598 0.466709
40599 0.466709
40600 0.466709
40601 0.466709
40602 0.466709
40603 0.466709
40604 0.466709
40605 0.466709
40606 0.466709
40607 0.466709
40608 0.466709
40609 0.466709
40610 0.466709
40611 0.466709
40612 0.466709
40613 0.466709
40614 0.466709
40615 0.466709
40616 0.466709
40617 0.466709
40618 0.466709
40619 0.466709
40620 0.466709
40621 0.466709
40622 0.466709
40623 0.466709
40624 0.466709
40625 0.466709
40626 0.466709
40627 0.466709
40628 0.466709
40629 0.466709
40630 0.466709
40631 0.466709
40632 0.466709
40633 0.466709
40634 0.466709
40635 0.466709
40636 0.466709
40637 0.466709
40638 0.466709
40639 0.466709
40640 0.466709
40641 0.466709
40642 0.466709
40643 0.466709
40644 0.466709
40645 0.466709
40646 0.466709
40647 0.466709
40648 0.466709
40649 0.466709
40650 0.466709
40651 0.466709
40652 0.466709
40653 0.466709
40654 0.466709
40655 0.466709
40656 0.466709
40657 0.466709
40658 0.466709
40659 0.466709
40660 0.466709
40661 0.466709
40662 0.466709
40663 0.466709
40664 0.466709
40665 0.466709
40666 0.466709
40667 0.466709
40668 0.466709
40669 0.466709
40670 0.466709
40671 0.466709
40672 0.466709
40673 0.466709
40674 0.466709
40675 0.466709
40676 0.466709
40677 0.466709
40678 0.466709
40679 0.466709
40680 0.466709
40681 0.466709
40682 0.466709
40683 0.466709
40684 0.466709
40685 0.466709
40686 0.466709
40687 0.466709
40688 0.466709
40689 0.466709
40690 0.466709
40691 0.466709
40692 0.466709
40693 0.466709
40694 0.466709
40695 0.466709
40696 0.466709
40697 0.466709
40698 0.466709
40699 0.466709
40700 0.466709
40701 0.466709
40702 0.466709
40703 0.466709
40704 0.466709
40705 0.466709
40706 0.466709
40707 0.466709
40708 0.466709
40709 0.466709
40710 0.466709
40711 0.466709
40712 0.466709
40713 0.466709
40714 0.466709
40715 0.466709
40716 0.466709
40717 0.466709
40718 0.466709
40719 0.466709
40720 0.466709
40721 0.466709
40722 0.466709
40723 0.466709
40724 0.466709
40725 0.466709
40726 0.466709
40727 0.466709
40728 0.466709
40729 0.466709
40730 0.466709
40731 0.466709
40732 0.466709
40733 0.466709
40734 0.466709
40735 0.466709
40736 0.466709
40737 0.466709
40738 0.466709
40739 0.466709
40740 0.466709
40741 0.466709
40742 0.466709
40743 0.466709
40744 0.466709
40745 0.466709
40746 0.466709
40747 0.466709
40748 0.466709
40749 0.466709
40750 0.466709
40751 0.466709
40752 0.466709
40753 0.466709
40754 0.466709
40755 0.466709
40756 0.466709
40757 0.466709
40758 0.466709
40759 0.466709
40760 0.466709
40761 0.466709
40762 0.466709
40763 0.466709
40764 0.466709
40765 0.466709
40766 0.466709
40767 0.466709
40768 0.466709
40769 0.466709
40770 0.466709
40771 0.466709
40772 0.466709
40773 0.466709
40774 0.466709
40775 0.466709
40776 0.466709
40777 0.466709
40778 0.466709
40779 0.466709
40780 0.466709
40781 0.466709
40782 0.466709
40783 0.466709
40784 0.466709
40785 0.466709
40786 0.466709
40787 0.466709
40788 0.466709
40789 0.466709
40790 0.466709
40791 0.466709
40792 0.466709
40793 0.466709
40794 0.466709
40795 0.466709
40796 0.466709
40797 0.466709
40798 0.466709
40799 0.466709
40800 0.466709
40801 0.466709
40802 0.466709
40803 0.466709
40804 0.466709
40805 0.466709
40806 0.466709
40807 0.466709
40808 0.466709
40809 0.466709
40810 0.466709
40811 0.466709
40812 0.466709
40813 0.466709
40814 0.466709
40815 0.466709
40816 0.466709
40817 0.466709
40818 0.466709
40819 0.466709
40820 0.466709
40821 0.466709
40822 0.466709
40823 0.466709
40824 0.466709
40825 0.466709
40826 0.466709
40827 0.466709
40828 0.466709
40829 0.466709
40830 0.466709
40831 0.466709
40832 0.466709
40833 0.466709
40834 0.466709
40835 0.466709
40836 0.466709
40837 0.466709
40838 0.466709
40839 0.466709
40840 0.466709
40841 0.466709
40842 0.466709
40843 0.466709
40844 0.466709
40845 0.466709
40846 0.466709
40847 0.466709
40848 0.466709
40849 0.466709
40850 0.466709
40851 0.466709
40852 0.466709
40853 0.466709
40854 0.466709
40855 0.466709
40856 0.466709
40857 0.466709
40858 0.466709
40859 0.466709
40860 0.466709
40861 0.466709
40862 0.466709
40863 0.466709
40864 0.466709
40865 0.466709
40866 0.466709
40867 0.466709
40868 0.466709
40869 0.466709
40870 0.466709
40871 0.466709
40872 0.466709
40873 0.466709
40874 0.466709
40875 0.466709
40876 0.466709
40877 0.466709
40878 0.466709
40879 0.466709
40880 0.466709
40881 0.466709
40882 0.466709
40883 0.466709
40884 0.466709
40885 0.466709
40886 0.466709
40887 0.466709
40888 0.466709
40889 0.466709
40890 0.466709
40891 0.466709
40892 0.466709
40893 0.466709
40894 0.466709
40895 0.466709
40896 0.466709
40897 0.466709
40898 0.466709
40899 0.466709
40900 0.466709
40901 0.466709
40902 0.466709
40903 0.466709
40904 0.466709
40905 0.466709
40906 0.466709
40907 0.466709
40908 0.466709
40909 0.466709
40910 0.466709
40911 0.466709
40912 0.466709
40913 0.466709
40914 0.466709
40915 0.466709
40916 0.466709
40917 0.466709
40918 0.466709
40919 0.466709
40920 0.466709
40921 0.466709
40922 0.466709
40923 0.466709
40924 0.466709
40925 0.466709
40926 0.466709
40927 0.466709
40928 0.466709
40929 0.466709
40930 0.466709
40931 0.466709
40932 0.466709
40933 0.466709
40934 0.466709
40935 0.466709
40936 0.466709
40937 0.466709
40938 0.466709
40939 0.466709
40940 0.466709
40941 0.466709
40942 0.466709
40943 0.466709
40944 0.466709
40945 0.466709
40946 0.466709
40947 0.466709
40948 0.466709
40949 0.466709
40950 0.466709
40951 0.466709
40952 0.466709
40953 0.466709
40954 0.466709
40955 0.466709
40956 0.466709
40957 0.466709
40958 0.466709
40959 0.466709
40960 0.466709
40961 0.466709
40962 0.466709
40963 0.466709
40964 0.466709
40965 0.466709
40966 0.466709
40967 0.466709
40968 0.466709
40969 0.466709
40970 0.466709
40971 0.466709
40972 0.466709
40973 0.466709
40974 0.466709
40975 0.466709
40976 0.466709
40977 0.466709
40978 0.466709
40979 0.466709
40980 0.466709
40981 0.466709
40982 0.466709
40983 0.466709
40984 0.466709
40985 0.466709
40986 0.466709
40987 0.466709
40988 0.466709
40989 0.466709
40990 0.466709
40991 0.466709
40992 0.466709
40993 0.466709
40994 0.466709
40995 0.466709
40996 0.466709
40997 0.466709
40998 0.466709
40999 0.466709
41000 0.466709
41001 0.466709
41002 0.466709
41003 0.466709
41004 0.466709
41005 0.466709
41006 0.466709
41007 0.466709
41008 0.466709
41009 0.466709
41010 0.466709
41011 0.466709
41012 0.466709
41013 0.466709
41014 0.466709
41015 0.466709
41016 0.466709
41017 0.466709
41018 0.466709
41019 0.466709
41020 0.466709
41021 0.466709
41022 0.466709
41023 0.466709
41024 0.466709
41025 0.466709
41026 0.466709
41027 0.466709
41028 0.466709
41029 0.466709
41030 0.466709
41031 0.466709
41032 0.466709
41033 0.466709
41034 0.466709
41035 0.466709
41036 0.466709
41037 0.466709
41038 0.466709
41039 0.466709
41040 0.466709
41041 0.466709
41042 0.466709
41043 0.466709
41044 0.466709
41045 0.466709
41046 0.466709
41047 0.466709
41048 0.466709
41049 0.466709
41050 0.466709
41051 0.466709
41052 0.466709
41053 0.466709
41054 0.466709
41055 0.466709
41056 0.466709
41057 0.466709
41058 0.466709
41059 0.466709
41060 0.466709
41061 0.466709
41062 0.466709
41063 0.466709
41064 0.466709
41065 0.466709
41066 0.466709
41067 0.466709
41068 0.466709
41069 0.466709
41070 0.466709
41071 0.466709
41072 0.466709
41073 0.466709
41074 0.466709
41075 0.466709
41076 0.466709
41077 0.466709
41078 0.466709
41079 0.466709
41080 0.466709
41081 0.466709
41082 0.466709
41083 0.466709
41084 0.466709
41085 0.466709
41086 0.466709
41087 0.466709
41088 0.466709
41089 0.466709
41090 0.466709
41091 0.466709
41092 0.466709
41093 0.466709
41094 0.466709
41095 0.466709
41096 0.466709
41097 0.466709
41098 0.466709
41099 0.466709
41100 0.466709
41101 0.466709
41102 0.466709
41103 0.466709
41104 0.466709
41105 0.466709
41106 0.466709
41107 0.466709
41108 0.466709
41109 0.466709
41110 0.466709
41111 0.466709
41112 0.466709
41113 0.466709
41114 0.466709
41115 0.466709
41116 0.466709
41117 0.466709
41118 0.466709
41119 0.466709
41120 0.466709
41121 0.466709
41122 0.466709
41123 0.466709
41124 0.466709
41125 0.466709
41126 0.466709
41127 0.466709
41128 0.466709
41129 0.466709
41130 0.466709
41131 0.466709
41132 0.466709
41133 0.466709
41134 0.466709
41135 0.466709
41136 0.466709
41137 0.466709
41138 0.466709
41139 0.466709
41140 0.466709
41141 0.466709
41142 0.466709
41143 0.466709
41144 0.466709
41145 0.466709
41146 0.466709
41147 0.466709
41148 0.466709
41149 0.466709
41150 0.466709
41151 0.466709
41152 0.466709
41153 0.466709
41154 0.466709
41155 0.466709
41156 0.466709
41157 0.466709
41158 0.466709
41159 0.466709
41160 0.466709
41161 0.466709
41162 0.466709
41163 0.466709
41164 0.466709
41165 0.466709
41166 0.466709
41167 0.466709
41168 0.466709
41169 0.466709
41170 0.466709
41171 0.466709
41172 0.466709
41173 0.466709
41174 0.466709
41175 0.466709
41176 0.466709
41177 0.466709
41178 0.466709
41179 0.466709
41180 0.466709
41181 0.466709
41182 0.466709
41183 0.466709
41184 0.466709
41185 0.466709
41186 0.466709
41187 0.466709
41188 0.466709
41189 0.466709
41190 0.466709
41191 0.466709
41192 0.466709
41193 0.466709
41194 0.466709
41195 0.466709
41196 0.466709
41197 0.466709
41198 0.466709
41199 0.466709
41200 0.466709
41201 0.466709
41202 0.466709
41203 0.466709
41204 0.466709
41205 0.466709
41206 0.466709
41207 0.466709
41208 0.466709
41209 0.466709
41210 0.466709
41211 0.466709
41212 0.466709
41213 0.466709
41214 0.466709
41215 0.466709
41216 0.466709
41217 0.466709
41218 0.466709
41219 0.466709
41220 0.466709
41221 0.466709
41222 0.466709
41223 0.466709
41224 0.466709
41225 0.466709
41226 0.466709
41227 0.466709
41228 0.466709
41229 0.466709
41230 0.466709
41231 0.466709
41232 0.466709
41233 0.466709
41234 0.466709
41235 0.466709
41236 0.466709
41237 0.466709
41238 0.466709
41239 0.466709
41240 0.466709
41241 0.466709
41242 0.466709
41243 0.466709
41244 0.466709
41245 0.466709
41246 0.466709
41247 0.466709
41248 0.466709
41249 0.466709
41250 0.466709
41251 0.466709
41252 0.466709
41253 0.466709
41254 0.466709
41255 0.466709
41256 0.466709
41257 0.466709
41258 0.466709
41259 0.466709
41260 0.466709
41261 0.466709
41262 0.466709
41263 0.466709
41264 0.466709
41265 0.466709
41266 0.466709
41267 0.466709
41268 0.466709
41269 0.466709
41270 0.466709
41271 0.466709
41272 0.466709
41273 0.466709
41274 0.466709
41275 0.466709
41276 0.466709
41277 0.466709
41278 0.466709
41279 0.466709
41280 0.466709
41281 0.466709
41282 0.466709
41283 0.466709
41284 0.466709
41285 0.466709
41286 0.466709
41287 0.466709
41288 0.466709
41289 0.466709
41290 0.466709
41291 0.466709
41292 0.466709
41293 0.466709
41294 0.466709
41295 0.466709
41296 0.466709
41297 0.466709
41298 0.466709
41299 0.466709
41300 0.466709
41301 0.466709
41302 0.466709
41303 0.466709
41304 0.466709
41305 0.466709
41306 0.466709
41307 0.466709
41308 0.466709
41309 0.466709
41310 0.466709
41311 0.466709
41312 0.466709
41313 0.466709
41314 0.466709
41315 0.466709
41316 0.466709
41317 0.466709
41318 0.466709
41319 0.466709
41320 0.466709
41321 0.466709
41322 0.466709
41323 0.466709
41324 0.466709
41325 0.466709
41326 0.466709
41327 0.466709
41328 0.466709
41329 0.466709
41330 0.466709
41331 0.466709
41332 0.466709
41333 0.466709
41334 0.466709
41335 0.466709
41336 0.466709
41337 0.466709
41338 0.466709
41339 0.466709
41340 0.466709
41341 0.466709
41342 0.466709
41343 0.466709
41344 0.466709
41345 0.466709
41346 0.466709
41347 0.466709
41348 0.466709
41349 0.466709
41350 0.466709
41351 0.466709
41352 0.466709
41353 0.466709
41354 0.466709
41355 0.466709
41356 0.466709
41357 0.466709
41358 0.466709
41359 0.466709
41360 0.466709
41361 0.466709
41362 0.466709
41363 0.466709
41364 0.466709
41365 0.466709
41366 0.466709
41367 0.466709
41368 0.466709
41369 0.466709
41370 0.466709
41371 0.466709
41372 0.466709
41373 0.466709
41374 0.466709
41375 0.466709
41376 0.466709
41377 0.466709
41378 0.466709
41379 0.466709
41380 0.466709
41381 0.466709
41382 0.466709
41383 0.466709
41384 0.466709
41385 0.466709
41386 0.466709
41387 0.466709
41388 0.466709
41389 0.466709
41390 0.466709
41391 0.466709
41392 0.466709
41393 0.466709
41394 0.466709
41395 0.466709
41396 0.466709
41397 0.466709
41398 0.466709
41399 0.466709
41400 0.466709
41401 0.466709
41402 0.466709
41403 0.466709
41404 0.466709
41405 0.466709
41406 0.466709
41407 0.466709
41408 0.466709
41409 0.466709
41410 0.466709
41411 0.466709
41412 0.466709
41413 0.466709
41414 0.466709
41415 0.466709
41416 0.466709
41417 0.466709
41418 0.466709
41419 0.466709
41420 0.466709
41421 0.466709
41422 0.466709
41423 0.466709
41424 0.466709
41425 0.466709
41426 0.466709
41427 0.466709
41428 0.466709
41429 0.466709
41430 0.466709
41431 0.466709
41432 0.466709
41433 0.466709
41434 0.466709
41435 0.466709
41436 0.466709
41437 0.466709
41438 0.466709
41439 0.466709
41440 0.466709
41441 0.466709
41442 0.466709
41443 0.466709
41444 0.466709
41445 0.466709
41446 0.466709
41447 0.466709
41448 0.466709
41449 0.466709
41450 0.466709
41451 0.466709
41452 0.466709
41453 0.466709
41454 0.466709
41455 0.466709
41456 0.466709
41457 0.466709
41458 0.466709
41459 0.466709
41460 0.466709
41461 0.466709
41462 0.466709
41463 0.466709
41464 0.466709
41465 0.466709
41466 0.466709
41467 0.466709
41468 0.466709
41469 0.466709
41470 0.466709
41471 0.466709
41472 0.466709
41473 0.466709
41474 0.466709
41475 0.466709
41476 0.466709
41477 0.466709
41478 0.466709
41479 0.466709
41480 0.466709
41481 0.466709
41482 0.466709
41483 0.466709
41484 0.466709
41485 0.466709
41486 0.466709
41487 0.466709
41488 0.466709
41489 0.466709
41490 0.466709
41491 0.466709
41492 0.466709
41493 0.466709
41494 0.466709
41495 0.466709
41496 0.466709
41497 0.466709
41498 0.466709
41499 0.466709
41500 0.466709
41501 0.466709
41502 0.466709
41503 0.466709
41504 0.466709
41505 0.466709
41506 0.466709
41507 0.466709
41508 0.466709
41509 0.466709
41510 0.466709
41511 0.466709
41512 0.466709
41513 0.466709
41514 0.466709
41515 0.466709
41516 0.466709
41517 0.466709
41518 0.466709
41519 0.466709
41520 0.466709
41521 0.466709
41522 0.466709
41523 0.466709
41524 0.466709
41525 0.466709
41526 0.466709
41527 0.466709
41528 0.466709
41529 0.466709
41530 0.466709
41531 0.466709
41532 0.466709
41533 0.466709
41534 0.466709
41535 0.466709
41536 0.466709
41537 0.466709
41538 0.466709
41539 0.466709
41540 0.466709
41541 0.466709
41542 0.466709
41543 0.466709
41544 0.466709
41545 0.466709
41546 0.466709
41547 0.466709
41548 0.466709
41549 0.466709
41550 0.466709
41551 0.466709
41552 0.466709
41553 0.466709
41554 0.466709
41555 0.466709
41556 0.466709
41557 0.466709
41558 0.466709
41559 0.466709
41560 0.466709
41561 0.466709
41562 0.466709
41563 0.466709
41564 0.466709
41565 0.466709
41566 0.466709
41567 0.466709
41568 0.466709
41569 0.466709
41570 0.466709
41571 0.466709
41572 0.466709
41573 0.466709
41574 0.466709
41575 0.466709
41576 0.466709
41577 0.466709
41578 0.466709
41579 0.466709
41580 0.466709
41581 0.466709
41582 0.466709
41583 0.466709
41584 0.466709
41585 0.466709
41586 0.466709
41587 0.466709
41588 0.466709
41589 0.466709
41590 0.466709
41591 0.466709
41592 0.466709
41593 0.466709
41594 0.466709
41595 0.466709
41596 0.466709
41597 0.466709
41598 0.466709
41599 0.466709
41600 0.466709
41601 0.466709
41602 0.466709
41603 0.466709
41604 0.466709
41605 0.466709
41606 0.466709
41607 0.466709
41608 0.466709
41609 0.466709
41610 0.466709
41611 0.463088
41612 0.463088
41613 0.463088
41614 0.463088
41615 0.463088
41616 0.463088
41617 0.463088
41618 0.463088
41619 0.463088
41620 0.463088
41621 0.463088
41622 0.463088
41623 0.463088
41624 0.463088
41625 0.463088
41626 0.463088
41627 0.463088
41628 0.463088
41629 0.463088
41630 0.463088
41631 0.463088
41632 0.463088
41633 0.463088
41634 0.463088
41635 0.463088
41636 0.463088
41637 0.463088
41638 0.463088
41639 0.463088
41640 0.463088
41641 0.463088
41642 0.463088
41643 0.463088
41644 0.463088
41645 0.463088
41646 0.463088
41647 0.463088
41648 0.463088
41649 0.463088
41650 0.463088
41651 0.463088
41652 0.463088
41653 0.463088
41654 0.463088
41655 0.463088
41656 0.463088
41657 0.463088
41658 0.463088
41659 0.463088
41660 0.463088
41661 0.463088
41662 0.463088
41663 0.463088
41664 0.463088
41665 0.463088
41666 0.463088
41667 0.463088
41668 0.463088
41669 0.463088
41670 0.463088
41671 0.463088
41672 0.463088
41673 0.463088
41674 0.463088
41675 0.463088
41676 0.463088
41677 0.463088
41678 0.463088
41679 0.463088
41680 0.463088
41681 0.463088
41682 0.463088
41683 0.463088
41684 0.463088
41685 0.463088
41686 0.463088
41687 0.463088
41688 0.463088
41689 0.463088
41690 0.463088
41691 0.463088
41692 0.463088
41693 0.463088
41694 0.463088
41695 0.463088
41696 0.463088
41697 0.463088
41698 0.463088
41699 0.463088
41700 0.463088
41701 0.463088
41702 0.463088
41703 0.463088
41704 0.463088
41705 0.463088
41706 0.463088
41707 0.463088
41708 0.463088
41709 0.463088
41710 0.463088
41711 0.463088
41712 0.463088
41713 0.463088
41714 0.463088
41715 0.463088
41716 0.463088
41717 0.463088
41718 0.463088
41719 0.463088
41720 0.463088
41721 0.463088
41722 0.463088
41723 0.463088
41724 0.463088
41725 0.463088
41726 0.463088
41727 0.463088
41728 0.463088
41729 0.463088
41730 0.463088
41731 0.463088
41732 0.463088
41733 0.463088
41734 0.463088
41735 0.463088
41736 0.463088
41737 0.463088
41738 0.463088
41739 0.463088
41740 0.463088
41741 0.463088
41742 0.463088
41743 0.463088
41744 0.463088
41745 0.463088
41746 0.463088
41747 0.463088
41748 0.463088
41749 0.463088
41750 0.463088
41751 0.463088
41752 0.463088
41753 0.463088
41754 0.463088
41755 0.463088
41756 0.463088
41757 0.463088
41758 0.463088
41759 0.463088
41760 0.463088
41761 0.463088
41762 0.463088
41763 0.463088
41764 0.463088
41765 0.463088
41766 0.463088
41767 0.463088
41768 0.463088
41769 0.463088
41770 0.463088
41771 0.463088
41772 0.463088
41773 0.463088
41774 0.463088
41775 0.463088
41776 0.463088
41777 0.463088
41778 0.463088
41779 0.463088
41780 0.463088
41781 0.463088
41782 0.463088
41783 0.463088
41784 0.463088
41785 0.463088
41786 0.463088
41787 0.463088
41788 0.463088
41789 0.463088
41790 0.463088
41791 0.463088
41792 0.463088
41793 0.463088
41794 0.463088
41795 0.463088
41796 0.463088
41797 0.463088
41798 0.463088
41799 0.463088
41800 0.463088
41801 0.463088
41802 0.463088
41803 0.463088
41804 0.463088
41805 0.463088
41806 0.463088
41807 0.463088
41808 0.463088
41809 0.463088
41810 0.463088
41811 0.463088
41812 0.463088
41813 0.463088
41814 0.463088
41815 0.463088
41816 0.463088
41817 0.463088
41818 0.463088
41819 0.463088
41820 0.463088
41821 0.463088
41822 0.463088
41823 0.463088
41824 0.463088
41825 0.463088
41826 0.463088
41827 0.463088
41828 0.463088
41829 0.463088
41830 0.463088
41831 0.463088
41832 0.463088
41833 0.463088
41834 0.463088
41835 0.463088
41836 0.463088
41837 0.463088
41838 0.463088
41839 0.463088
41840 0.463088
41841 0.463088
41842 0.463088
41843 0.463088
41844 0.463088
41845 0.463088
41846 0.463088
41847 0.463088
41848 0.463088
41849 0.463088
41850 0.463088
41851 0.463088
41852 0.463088
41853 0.463088
41854 0.463088
41855 0.463088
41856 0.463088
41857 0.463088
41858 0.463088
41859 0.463088
41860 0.463088
41861 0.463088
41862 0.463088
41863 0.463088
41864 0.463088
41865 0.463088
41866 0.463088
41867 0.463088
41868 0.463088
41869 0.463088
41870 0.463088
41871 0.463088
41872 0.463088
41873 0.463088
41874 0.463088
41875 0.463088
41876 0.463088
41877 0.463088
41878 0.463088
41879 0.463088
41880 0.463088
41881 0.463088
41882 0.463088
41883 0.463088
41884 0.463088
41885 0.463088
41886 0.463088
41887 0.463088
41888 0.463088
41889 0.463088
41890 0.463088
41891 0.463088
41892 0.463088
41893 0.463088
41894 0.463088
41895 0.463088
41896 0.463088
41897 0.463088
41898 0.463088
41899 0.463088
41900 0.463088
41901 0.463088
41902 0.463088
41903 0.463088
41904 0.463088
41905 0.463088
41906 0.463088
41907 0.463088
41908 0.463088
41909 0.463088
41910 0.463088
41911 0.463088
41912 0.463088
41913 0.463088
41914 0.463088
41915 0.463088
41916 0.463088
41917 0.463088
41918 0.463088
41919 0.463088
41920 0.463088
41921 0.463088
41922 0.463088
41923 0.463088
41924 0.463088
41925 0.463088
41926 0.463088
41927 0.463088
41928 0.463088
41929 0.463088
41930 0.463088
41931 0.463088
41932 0.463088
41933 0.463088
41934 0.463088
41935 0.463088
41936 0.463088
41937 0.463088
41938 0.463088
41939 0.463088
41940 0.463088
41941 0.463088
41942 0.463088
41943 0.463088
41944 0.463088
41945 0.463088
41946 0.463088
41947 0.463088
41948 0.463088
41949 0.463088
41950 0.463088
41951 0.463088
41952 0.463088
41953 0.463088
41954 0.463088
41955 0.463088
41956 0.463088
41957 0.463088
41958 0.463088
41959 0.463088
41960 0.463088
41961 0.463088
41962 0.463088
41963 0.463088
41964 0.463088
41965 0.463088
41966 0.463088
41967 0.463088
41968 0.463088
41969 0.463088
41970 0.463088
41971 0.463088
41972 0.463088
41973 0.463088
41974 0.463088
41975 0.463088
41976 0.463088
41977 0.463088
41978 0.463088
41979 0.463088
41980 0.463088
41981 0.463088
41982 0.463088
41983 0.463088
41984 0.463088
41985 0.463088
41986 0.463088
41987 0.463088
41988 0.463088
41989 0.463088
41990 0.463088
41991 0.463088
41992 0.463088
41993 0.463088
41994 0.463088
41995 0.463088
41996 0.463088
41997 0.463088
41998 0.463088
41999 0.463088
42000 0.463088
42001 0.463088
42002 0.463088
42003 0.463088
42004 0.463088
42005 0.463088
42006 0.463088
42007 0.463088
42008 0.463088
42009 0.463088
42010 0.463088
42011 0.463088
42012 0.463088
42013 0.463088
42014 0.463088
42015 0.463088
42016 0.463088
42017 0.463088
42018 0.463088
42019 0.463088
42020 0.463088
42021 0.463088
42022 0.463088
42023 0.463088
42024 0.463088
42025 0.463088
42026 0.463088
42027 0.463088
42028 0.463088
42029 0.463088
42030 0.463088
42031 0.463088
42032 0.463088
42033 0.463088
42034 0.463088
42035 0.463088
42036 0.463088
42037 0.463088
42038 0.463088
42039 0.463088
42040 0.463088
42041 0.463088
42042 0.463088
42043 0.463088
42044 0.463088
42045 0.463088
42046 0.463088
42047 0.463088
42048 0.463088
42049 0.463088
42050 0.463088
42051 0.463088
42052 0.463088
42053 0.463088
42054 0.463088
42055 0.463088
42056 0.463088
42057 0.463088
42058 0.463088
42059 0.463088
42060 0.463088
42061 0.463088
42062 0.463088
42063 0.463088
42064 0.463088
42065 0.463088
42066 0.463088
42067 0.463088
42068 0.463088
42069 0.463088
42070 0.463088
42071 0.463088
42072 0.463088
42073 0.463088
42074 0.463088
42075 0.463088
42076 0.463088
42077 0.463088
42078 0.463088
42079 0.463088
42080 0.463088
42081 0.463088
42082 0.463088
42083 0.463088
42084 0.463088
42085 0.463088
42086 0.463088
42087 0.463088
42088 0.463088
42089 0.463088
42090 0.463088
42091 0.463088
42092 0.463088
42093 0.463088
42094 0.463088
42095 0.463088
42096 0.463088
42097 0.463088
42098 0.463088
42099 0.463088
42100 0.463088
42101 0.463088
42102 0.463088
42103 0.463088
42104 0.463088
42105 0.463088
42106 0.463088
42107 0.463088
42108 0.463088
42109 0.463088
42110 0.463088
42111 0.463088
42112 0.463088
42113 0.463088
42114 0.463088
42115 0.463088
42116 0.463088
42117 0.463088
42118 0.463088
42119 0.463088
42120 0.463088
42121 0.463088
42122 0.463088
42123 0.463088
42124 0.463088
42125 0.463088
42126 0.463088
42127 0.463088
42128 0.463088
42129 0.463088
42130 0.463088
42131 0.463088
42132 0.463088
42133 0.463088
42134 0.463088
42135 0.463088
42136 0.463088
42137 0.463088
42138 0.463088
42139 0.463088
42140 0.463088
42141 0.463088
42142 0.463088
42143 0.463088
42144 0.463088
42145 0.463088
42146 0.463088
42147 0.463088
42148 0.463088
42149 0.463088
42150 0.463088
42151 0.463088
42152 0.463088
42153 0.463088
42154 0.463088
42155 0.463088
42156 0.463088
42157 0.463088
42158 0.463088
42159 0.463088
42160 0.463088
42161 0.463088
42162 0.463088
42163 0.463088
42164 0.463088
42165 0.463088
42166 0.463088
42167 0.463088
42168 0.463088
42169 0.463088
42170 0.463088
42171 0.463088
42172 0.463088
42173 0.463088
42174 0.463088
42175 0.463088
42176 0.463088
42177 0.463088
42178 0.463088
42179 0.463088
42180 0.463088
42181 0.463088
42182 0.463088
42183 0.463088
42184 0.463088
42185 0.463088
42186 0.463088
42187 0.463088
42188 0.463088
42189 0.463088
42190 0.463088
42191 0.463088
42192 0.463088
42193 0.463088
42194 0.463088
42195 0.463088
42196 0.463088
42197 0.463088
42198 0.463088
42199 0.463088
42200 0.463088
42201 0.463088
42202 0.463088
42203 0.463088
42204 0.463088
42205 0.463088
42206 0.463088
42207 0.463088
42208 0.463088
42209 0.463088
42210 0.463088
42211 0.463088
42212 0.463088
42213 0.463088
42214 0.463088
42215 0.463088
42216 0.463088
42217 0.463088
42218 0.463088
42219 0.463088
42220 0.463088
42221 0.463088
42222 0.463088
42223 0.463088
42224 0.463088
42225 0.463088
42226 0.463088
42227 0.463088
42228 0.463088
42229 0.463088
42230 0.463088
42231 0.463088
42232 0.463088
42233 0.463088
42234 0.463088
42235 0.463088
42236 0.463088
42237 0.463088
42238 0.463088
42239 0.463088
42240 0.463088
42241 0.463088
42242 0.463088
42243 0.463088
42244 0.463088
42245 0.463088
42246 0.463088
42247 0.463088
42248 0.463088
42249 0.463088
42250 0.463088
42251 0.463088
42252 0.463088
42253 0.463088
42254 0.463088
42255 0.463088
42256 0.463088
42257 0.463088
42258 0.463088
42259 0.463088
42260 0.463088
42261 0.463088
42262 0.463088
42263 0.463088
42264 0.463088
42265 0.463088
42266 0.463088
42267 0.463088
42268 0.463088
42269 0.463088
42270 0.463088
42271 0.463088
42272 0.463088
42273 0.463088
42274 0.463088
42275 0.463088
42276 0.463088
42277 0.463088
42278 0.463088
42279 0.463088
42280 0.463088
42281 0.463088
42282 0.463088
42283 0.463088
42284 0.463088
42285 0.463088
42286 0.463088
42287 0.463088
42288 0.463088
42289 0.463088
42290 0.463088
42291 0.463088
42292 0.463088
42293 0.463088
42294 0.463088
42295 0.463088
42296 0.463088
42297 0.463088
42298 0.463088
42299 0.463088
42300 0.463088
42301 0.463088
42302 0.463088
42303 0.463088
42304 0.463088
42305 0.463088
42306 0.463088
42307 0.463088
42308 0.463088
42309 0.463088
42310 0.463088
42311 0.463088
42312 0.463088
42313 0.463088
42314 0.463088
42315 0.463088
42316 0.463088
42317 0.463088
42318 0.463088
42319 0.463088
42320 0.463088
42321 0.463088
42322 0.463088
42323 0.463088
42324 0.463088
42325 0.463088
42326 0.463088
42327 0.463088
42328 0.463088
42329 0.463088
42330 0.463088
42331 0.463088
42332 0.463088
42333 0.463088
42334 0.463088
42335 0.463088
42336 0.463088
42337 0.463088
42338 0.463088
42339 0.463088
42340 0.463088
42341 0.463088
42342 0.463088
42343 0.463088
42344 0.463088
42345 0.463088
42346 0.463088
42347 0.463088
42348 0.463088
42349 0.463088
42350 0.463088
42351 0.463088
42352 0.463088
42353 0.463088
42354 0.463088
42355 0.463088
42356 0.463088
42357 0.463088
42358 0.463088
42359 0.463088
42360 0.463088
42361 0.463088
42362 0.463088
42363 0.463088
42364 0.463088
42365 0.463088
42366 0.463088
42367 0.463088
42368 0.463088
42369 0.463088
42370 0.463088
42371 0.463088
42372 0.463088
42373 0.463088
42374 0.463088
42375 0.463088
42376 0.463088
42377 0.463088
42378 0.463088
42379 0.463088
42380 0.463088
42381 0.463088
42382 0.463088
42383 0.463088
42384 0.463088
42385 0.463088
42386 0.463088
42387 0.463088
42388 0.463088
42389 0.463088
42390 0.463088
42391 0.463088
42392 0.463088
42393 0.463088
42394 0.463088
42395 0.463088
42396 0.463088
42397 0.463088
42398 0.463088
42399 0.463088
42400 0.463088
42401 0.463088
42402 0.463088
42403 0.463088
42404 0.463088
42405 0.460479
42406 0.460479
42407 0.460479
42408 0.460479
42409 0.460479
42410 0.460479
42411 0.460479
42412 0.460479
42413 0.460479
42414 0.460479
42415 0.460479
42416 0.460479
42417 0.460479
42418 0.460479
42419 0.460479
42420 0.460479
42421 0.460479
42422 0.460479
42423 0.460479
42424 0.460479
42425 0.460479
42426 0.460479
42427 0.460479
42428 0.460479
42429 0.460479
42430 0.460479
42431 0.460479
42432 0.460479
42433 0.460479
42434 0.460479
42435 0.460479
42436 0.460479
42437 0.460479
42438 0.460479
42439 0.460479
42440 0.460479
42441 0.460479
42442 0.460479
42443 0.460479
42444 0.460479
42445 0.460479
42446 0.460479
42447 0.460479
42448 0.460479
42449 0.460479
42450 0.460479
42451 0.460479
42452 0.460479
42453 0.460479
42454 0.460479
42455 0.460479
42456 0.460479
42457 0.460479
42458 0.460479
42459 0.460479
42460 0.460479
42461 0.460479
42462 0.460479
42463 0.460479
42464 0.460479
42465 0.460479
42466 0.460479
42467 0.460479
42468 0.460479
42469 0.460479
42470 0.460479
42471 0.460479
42472 0.460479
42473 0.460479
42474 0.460479
42475 0.460479
42476 0.460479
42477 0.460479
42478 0.460479
42479 0.460479
42480 0.460479
42481 0.460479
42482 0.460479
42483 0.460479
42484 0.460479
42485 0.460479
42486 0.460479
42487 0.460479
42488 0.460479
42489 0.460479
42490 0.460479
42491 0.460479
42492 0.460479
42493 0.460479
42494 0.460479
42495 0.460479
42496 0.460479
42497 0.460479
42498 0.460479
42499 0.460479
42500 0.460479
42501 0.460479
42502 0.460479
42503 0.460479
42504 0.460479
42505 0.460479
42506 0.460479
42507 0.460479
42508 0.460479
42509 0.460479
42510 0.460479
42511 0.460479
42512 0.460479
42513 0.460479
42514 0.460479
42515 0.460479
42516 0.460479
42517 0.460479
42518 0.460479
42519 0.460479
42520 0.460479
42521 0.460479
42522 0.460479
42523 0.460479
42524 0.460479
42525 0.460479
42526 0.460479
42527 0.460479
42528 0.460479
42529 0.460479
42530 0.460479
42531 0.460479
42532 0.460479
42533 0.460479
42534 0.460479
42535 0.460479
42536 0.460479
42537 0.460479
42538 0.460479
42539 0.460479
42540 0.460479
42541 0.460479
42542 0.460479
42543 0.460479
42544 0.460479
42545 0.460479
42546 0.460479
42547 0.460479
42548 0.460479
42549 0.460479
42550 0.460479
42551 0.460479
42552 0.460479
42553 0.460479
42554 0.460479
42555 0.460479
42556 0.460479
42557 0.460479
42558 0.460479
42559 0.460479
42560 0.460479
42561 0.460479
42562 0.460479
42563 0.460479
42564 0.460479
42565 0.460479
42566 0.460479
42567 0.460479
42568 0.460479
42569 0.460479
42570 0.460479
42571 0.460479
42572 0.460479
42573 0.460479
42574 0.460479
42575 0.460479
42576 0.460479
42577 0.460479
42578 0.460479
42579 0.460479
42580 0.460479
42581 0.460479
42582 0.460479
42583 0.460479
42584 0.460479
42585 0.460479
42586 0.460479
42587 0.460479
42588 0.460479
42589 0.460479
42590 0.460479
42591 0.460479
42592 0.460479
42593 0.460479
42594 0.460479
42595 0.460479
42596 0.460479
42597 0.460479
42598 0.460479
42599 0.460479
42600 0.460479
42601 0.460479
42602 0.460479
42603 0.460479
42604 0.460479
42605 0.460479
42606 0.460479
42607 0.460479
42608 0.460479
42609 0.460479
42610 0.460479
42611 0.460479
42612 0.460479
42613 0.460479
42614 0.460479
42615 0.460479
42616 0.460479
42617 0.460479
42618 0.460479
42619 0.460479
42620 0.460479
42621 0.460479
42622 0.460479
42623 0.460479
42624 0.460479
42625 0.460479
42626 0.460479
42627 0.460479
42628 0.460479
42629 0.460479
42630 0.460479
42631 0.460479
42632 0.460479
42633 0.460479
42634 0.460479
42635 0.460479
42636 0.460479
42637 0.460479
42638 0.460479
42639 0.460479
42640 0.460479
42641 0.460479
42642 0.460479
42643 0.460479
42644 0.460479
42645 0.460479
42646 0.460479
42647 0.460479
42648 0.460479
42649 0.460479
42650 0.460479
42651 0.460479
42652 0.460479
42653 0.460479
42654 0.460479
42655 0.460479
42656 0.460479
42657 0.460479
42658 0.460479
42659 0.460479
42660 0.460479
42661 0.460479
42662 0.460479
42663 0.460479
42664 0.460479
42665 0.460479
42666 0.460479
42667 0.460479
42668 0.460479
42669 0.460479
42670 0.460479
42671 0.460479
42672 0.460479
42673 0.460479
42674 0.460479
42675 0.460479
42676 0.460479
42677 0.460479
42678 0.460479
42679 0.460479
42680 0.460479
42681 0.460479
42682 0.460479
42683 0.460479
42684 0.460479
42685 0.460479
42686 0.460479
42687 0.460479
42688 0.460479
42689 0.460479
42690 0.460479
42691 0.460479
42692 0.460479
42693 0.460479
42694 0.460479
42695 0.460479
42696 0.460479
42697 0.460479
42698 0.460479
42699 0.460479
42700 0.460479
42701 0.460479
42702 0.460479
42703 0.460479
42704 0.460479
42705 0.460479
42706 0.460479
42707 0.460479
42708 0.460479
42709 0.460479
42710 0.460479
42711 0.460479
42712 0.460479
42713 0.460479
42714 0.460479
42715 0.460479
42716 0.460479
42717 0.460479
42718 0.460479
42719 0.460479
42720 0.460479
42721 0.460479
42722 0.460479
42723 0.460479
42724 0.460479
42725 0.460479
42726 0.460479
42727 0.460479
42728 0.460479
42729 0.460479
42730 0.460479
42731 0.460479
42732 0.460479
42733 0.460479
42734 0.460479
42735 0.460479
42736 0.460479
42737 0.460479
42738 0.460479
42739 0.460479
42740 0.460479
42741 0.460479
42742 0.460479
42743 0.460479
42744 0.460479
42745 0.460479
42746 0.460479
42747 0.460479
42748 0.460479
42749 0.460479
42750 0.460479
42751 0.460479
42752 0.460479
42753 0.460479
42754 0.460479
42755 0.460479
42756 0.460479
42757 0.460479
42758 0.460479
42759 0.460479
42760 0.460479
42761 0.460479
42762 0.460479
42763 0.460479
42764 0.460479
42765 0.460479
42766 0.460479
42767 0.460479
42768 0.460479
42769 0.460479
42770 0.460479
42771 0.460479
42772 0.460479
42773 0.460479
42774 0.460479
42775 0.460479
42776 0.460479
42777 0.460479
42778 0.460479
42779 0.460479
42780 0.460479
42781 0.460479
42782 0.460479
42783 0.460479
42784 0.460479
42785 0.460479
42786 0.460479
42787 0.460479
42788 0.460479
42789 0.460479
42790 0.460479
42791 0.460479
42792 0.460479
42793 0.460479
42794 0.460479
42795 0.460479
42796 0.460479
42797 0.460479
42798 0.460479
42799 0.460479
42800 0.460479
42801 0.460479
42802 0.460479
42803 0.460479
42804 0.460479
42805 0.460479
42806 0.460479
42807 0.460479
42808 0.460479
42809 0.460479
42810 0.460479
42811 0.460479
42812 0.460479
42813 0.460479
42814 0.460479
42815 0.460479
42816 0.460479
42817 0.460479
42818 0.460479
42819 0.460479
42820 0.460479
42821 0.460479
42822 0.460479
42823 0.460479
42824 0.460479
42825 0.460479
42826 0.460479
42827 0.460479
42828 0.460479
42829 0.460479
42830 0.460479
42831 0.460479
42832 0.460479
42833 0.460479
42834 0.460479
42835 0.460479
42836 0.460479
42837 0.460479
42838 0.460479
42839 0.460479
42840 0.460479
42841 0.460479
42842 0.460479
42843 0.460479
42844 0.460479
42845 0.460479
42846 0.460479
42847 0.460479
42848 0.460479
42849 0.460479
42850 0.460479
42851 0.460479
42852 0.460479
42853 0.460479
42854 0.460479
42855 0.460479
42856 0.460479
42857 0.460479
42858 0.460479
42859 0.460479
42860 0.460479
42861 0.460479
42862 0.460479
42863 0.460479
42864 0.460479
42865 0.460479
42866 0.460479
42867 0.460479
42868 0.460479
42869 0.460479
42870 0.460479
42871 0.460479
42872 0.460479
42873 0.460479
42874 0.460479
42875 0.460479
42876 0.460479
42877 0.460479
42878 0.460479
42879 0.460479
42880 0.460479
42881 0.460479
42882 0.460479
42883 0.460479
42884 0.460479
42885 0.460479
42886 0.460479
42887 0.460479
42888 0.460479
42889 0.460479
42890 0.460479
42891 0.460479
42892 0.460479
42893 0.460479
42894 0.460479
42895 0.460479
42896 0.460479
42897 0.460479
42898 0.460479
42899 0.460479
42900 0.460479
42901 0.460479
42902 0.460479
42903 0.460479
42904 0.460479
42905 0.460479
42906 0.460479
42907 0.460479
42908 0.460479
42909 0.460479
42910 0.460479
42911 0.460479
42912 0.460479
42913 0.460479
42914 0.460479
42915 0.460479
42916 0.460479
42917 0.460479
42918 0.460479
42919 0.460479
42920 0.460479
42921 0.460479
42922 0.460479
42923 0.460479
42924 0.460479
42925 0.460479
42926 0.460479
42927 0.460479
42928 0.460479
42929 0.460479
42930 0.460479
42931 0.460479
42932 0.460479
42933 0.460479
42934 0.460479
42935 0.460479
42936 0.460479
42937 0.460479
42938 0.460479
42939 0.460479
42940 0.460479
42941 0.460479
42942 0.460479
42943 0.460479
42944 0.460479
42945 0.460479
42946 0.460479
42947 0.460479
42948 0.460479
42949 0.460479
42950 0.460479
42951 0.460479
42952 0.460479
42953 0.460479
42954 0.460479
42955 0.460479
42956 0.460479
42957 0.460479
42958 0.460479
42959 0.460479
42960 0.460479
42961 0.460479
42962 0.460479
42963 0.460479
42964 0.460479
42965 0.460479
42966 0.460479
42967 0.460479
42968 0.460479
42969 0.460479
42970 0.460479
42971 0.460479
42972 0.460479
42973 0.460479
42974 0.460479
42975 0.460479
42976 0.460479
42977 0.460479
42978 0.460479
42979 0.460479
42980 0.460479
42981 0.460479
42982 0.460479
42983 0.460479
42984 0.460479
42985 0.460479
42986 0.460479
42987 0.460479
42988 0.460479
42989 0.460479
42990 0.460479
42991 0.460479
42992 0.460479
42993 0.460479
42994 0.460479
42995 0.460479
42996 0.460479
42997 0.460479
42998 0.460479
42999 0.460479
43000 0.460479
43001 0.460479
43002 0.460479
43003 0.460479
43004 0.460479
43005 0.460479
43006 0.460479
43007 0.460479
43008 0.460479
43009 0.460479
43010 0.460479
43011 0.460479
43012 0.460479
43013 0.460479
43014 0.460479
43015 0.460479
43016 0.460479
43017 0.460479
43018 0.460479
43019 0.460479
43020 0.460479
43021 0.460479
43022 0.460479
43023 0.460479
43024 0.460479
43025 0.460479
43026 0.460479
43027 0.460479
43028 0.460479
43029 0.460479
43030 0.460479
43031 0.460479
43032 0.460479
43033 0.460479
43034 0.460479
43035 0.460479
43036 0.460479
43037 0.460479
43038 0.460479
43039 0.460479
43040 0.460479
43041 0.460479
43042 0.460479
43043 0.460479
43044 0.460479
43045 0.460479
43046 0.460479
43047 0.460479
43048 0.460479
43049 0.460479
43050 0.460479
43051 0.460479
43052 0.460479
43053 0.460479
43054 0.460479
43055 0.460479
43056 0.460479
43057 0.460479
43058 0.460479
43059 0.460479
43060 0.460479
43061 0.460479
43062 0.460479
43063 0.460479
43064 0.460479
43065 0.460479
43066 0.460479
43067 0.460479
43068 0.460479
43069 0.460479
43070 0.460479
43071 0.460479
43072 0.460479
43073 0.460479
43074 0.460479
43075 0.460479
43076 0.460479
43077 0.460479
43078 0.460479
43079 0.460479
43080 0.460479
43081 0.460479
43082 0.460479
43083 0.460479
43084 0.460479
43085 0.460479
43086 0.460479
43087 0.460479
43088 0.460479
43089 0.460479
43090 0.460479
43091 0.460479
43092 0.460479
43093 0.460479
43094 0.460479
43095 0.460479
43096 0.460479
43097 0.460479
43098 0.460479
43099 0.460479
43100 0.460479
43101 0.460479
43102 0.460479
43103 0.460479
43104 0.460479
43105 0.460479
43106 0.460479
43107 0.460479
43108 0.460479
43109 0.460479
43110 0.460479
43111 0.460479
43112 0.460479
43113 0.460479
43114 0.460479
43115 0.460479
43116 0.460479
43117 0.460479
43118 0.460479
43119 0.460479
43120 0.460479
43121 0.460479
43122 0.460479
43123 0.460479
43124 0.460479
43125 0.460479
43126 0.460479
43127 0.460479
43128 0.460479
43129 0.460479
43130 0.460479
43131 0.460479
43132 0.460479
43133 0.460479
43134 0.460479
43135 0.460479
43136 0.460479
43137 0.460479
43138 0.460479
43139 0.460479
43140 0.460479
43141 0.460479
43142 0.460479
43143 0.460479
43144 0.460479
43145 0.460479
43146 0.460479
43147 0.460479
43148 0.460479
43149 0.460479
43150 0.460479
43151 0.460479
43152 0.460479
43153 0.460479
43154 0.460479
43155 0.460479
43156 0.460479
43157 0.460479
43158 0.460479
43159 0.460479
43160 0.460479
43161 0.460479
43162 0.460479
43163 0.460479
43164 0.460479
43165 0.460479
43166 0.460479
43167 0.460479
43168 0.460479
43169 0.460479
43170 0.460479
43171 0.460479
43172 0.460479
43173 0.460479
43174 0.460479
43175 0.460479
43176 0.460479
43177 0.460479
43178 0.460479
43179 0.460479
43180 0.460479
43181 0.460479
43182 0.460479
43183 0.460479
43184 0.460479
43185 0.460479
43186 0.460479
43187 0.460479
43188 0.460479
43189 0.460479
43190 0.460479
43191 0.460479
43192 0.460479
43193 0.460479
43194 0.460479
43195 0.460479
43196 0.460479
43197 0.460479
43198 0.460479
43199 0.460479
43200 0.460479
43201 0.460479
43202 0.460479
43203 0.460479
43204 0.460479
43205 0.460479
43206 0.460479
43207 0.460479
43208 0.460479
43209 0.460479
43210 0.460479
43211 0.460479
43212 0.460479
43213 0.460479
43214 0.460479
43215 0.460479
43216 0.460479
43217 0.460479
43218 0.460479
43219 0.460479
43220 0.460479
43221 0.460479
43222 0.460479
43223 0.460479
43224 0.460479
43225 0.460479
43226 0.460479
43227 0.460479
43228 0.460479
43229 0.460479
43230 0.460479
43231 0.460479
43232 0.460479
43233 0.460479
43234 0.460479
43235 0.460479
43236 0.460479
43237 0.460479
43238 0.460479
43239 0.460479
43240 0.460479
43241 0.460479
43242 0.460479
43243 0.460479
43244 0.460479
43245 0.460479
43246 0.460479
43247 0.460479
43248 0.460479
43249 0.460479
43250 0.460479
43251 0.460479
43252 0.460479
43253 0.460479
43254 0.460479
43255 0.460479
43256 0.460479
43257 0.460479
43258 0.460479
43259 0.460479
43260 0.460479
43261 0.460479
43262 0.460479
43263 0.460479
43264 0.460479
43265 0.460479
43266 0.460479
43267 0.460479
43268 0.460479
43269 0.460479
43270 0.460479
43271 0.460479
43272 0.460479
43273 0.460479
43274 0.460479
43275 0.460479
43276 0.460479
43277 0.460479
43278 0.460479
43279 0.460479
43280 0.460479
43281 0.460479
43282 0.460479
43283 0.460479
43284 0.460479
43285 0.460479
43286 0.460479
43287 0.460479
43288 0.460479
43289 0.460479
43290 0.460479
43291 0.460479
43292 0.460479
43293 0.460479
43294 0.460479
43295 0.460479
43296 0.460479
43297 0.460479
43298 0.460479
43299 0.460479
43300 0.460479
43301 0.460479
43302 0.460479
43303 0.460479
43304 0.460479
43305 0.460479
43306 0.460479
43307 0.460479
43308 0.460479
43309 0.460479
43310 0.460479
43311 0.460479
43312 0.460479
43313 0.460479
43314 0.460479
43315 0.460479
43316 0.460479
43317 0.460479
43318 0.460479
43319 0.460479
43320 0.460479
43321 0.460479
43322 0.460479
43323 0.460479
43324 0.460479
43325 0.460479
43326 0.460479
43327 0.460479
43328 0.460479
43329 0.460479
43330 0.460479
43331 0.460479
43332 0.460479
43333 0.460479
43334 0.460479
43335 0.460479
43336 0.460479
43337 0.460479
43338 0.460479
43339 0.460479
43340 0.460479
43341 0.460479
43342 0.460479
43343 0.460479
43344 0.460479
43345 0.460479
43346 0.460479
43347 0.460479
43348 0.460479
43349 0.460479
43350 0.460479
43351 0.460479
43352 0.460479
43353 0.460479
43354 0.460479
43355 0.460479
43356 0.460479
43357 0.460479
43358 0.460479
43359 0.460479
43360 0.460479
43361 0.460479
43362 0.460479
43363 0.460479
43364 0.460479
43365 0.460479
43366 0.460479
43367 0.460479
43368 0.460479
43369 0.460479
43370 0.460479
43371 0.460479
43372 0.460479
43373 0.460479
43374 0.460479
43375 0.460479
43376 0.460479
43377 0.460479
43378 0.460479
43379 0.460479
43380 0.460479
43381 0.460479
43382 0.460479
43383 0.460479
43384 0.460479
43385 0.460479
43386 0.460479
43387 0.460479
43388 0.460479
43389 0.460479
43390 0.460479
43391 0.460479
43392 0.460479
43393 0.460479
43394 0.460479
43395 0.460479
43396 0.460479
43397 0.460479
43398 0.460479
43399 0.460479
43400 0.460479
43401 0.460479
43402 0.460479
43403 0.460479
43404 0.460479
43405 0.460479
43406 0.460479
43407 0.460479
43408 0.460479
43409 0.460479
43410 0.460479
43411 0.460479
43412 0.460479
43413 0.460479
43414 0.460479
43415 0.460479
43416 0.460479
43417 0.460479
43418 0.460479
43419 0.460479
43420 0.460479
43421 0.460479
43422 0.460479
43423 0.460479
43424 0.460479
43425 0.460479
43426 0.460479
43427 0.460479
43428 0.460479
43429 0.460479
43430 0.460479
43431 0.460479
43432 0.460479
43433 0.460479
43434 0.460479
43435 0.460479
43436 0.460479
43437 0.460479
43438 0.460479
43439 0.460479
43440 0.460479
43441 0.460479
43442 0.460479
43443 0.460479
43444 0.460479
43445 0.460479
43446 0.460479
43447 0.460479
43448 0.460479
43449 0.460479
43450 0.460479
43451 0.460479
43452 0.460479
43453 0.460479
43454 0.460479
43455 0.460479
43456 0.460479
43457 0.460479
43458 0.460479
43459 0.460479
43460 0.460479
43461 0.460479
43462 0.460479
43463 0.460479
43464 0.460479
43465 0.460479
43466 0.460479
43467 0.460479
43468 0.460479
43469 0.460479
43470 0.460479
43471 0.460479
43472 0.460479
43473 0.460479
43474 0.460479
43475 0.460479
43476 0.460479
43477 0.460479
43478 0.460479
43479 0.460479
43480 0.460479
43481 0.460479
43482 0.460479
43483 0.460479
43484 0.460479
43485 0.460479
43486 0.460479
43487 0.460479
43488 0.460479
43489 0.460479
43490 0.460479
43491 0.460479
43492 0.460479
43493 0.460479
43494 0.460479
43495 0.460479
43496 0.460479
43497 0.460479
43498 0.460479
43499 0.460479
43500 0.460479
43501 0.460479
43502 0.460479
43503 0.460479
43504 0.460479
43505 0.460479
43506 0.460479
43507 0.460479
43508 0.460479
43509 0.460479
43510 0.460479
43511 0.460479
43512 0.460479
43513 0.460479
43514 0.460479
43515 0.460479
43516 0.460479
43517 0.460479
43518 0.460479
43519 0.460479
43520 0.460479
43521 0.460479
43522 0.460479
43523 0.460479
43524 0.460479
43525 0.460479
43526 0.460479
43527 0.460479
43528 0.460479
43529 0.460479
43530 0.460479
43531 0.460479
43532 0.460479
43533 0.460479
43534 0.460479
43535 0.460479
43536 0.460479
43537 0.460479
43538 0.460479
43539 0.460479
43540 0.460479
43541 0.460479
43542 0.460479
43543 0.460479
43544 0.460479
43545 0.460479
43546 0.460479
43547 0.460479
43548 0.460479
43549 0.460479
43550 0.460479
43551 0.460479
43552 0.460479
43553 0.460479
43554 0.460479
43555 0.460479
43556 0.460479
43557 0.460479
43558 0.460479
43559 0.460479
43560 0.460479
43561 0.460479
43562 0.460479
43563 0.460479
43564 0.460479
43565 0.460479
43566 0.460479
43567 0.460479
43568 0.460479
43569 0.460479
43570 0.460479
43571 0.460479
43572 0.460479
43573 0.460479
43574 0.460479
43575 0.460479
43576 0.460479
43577 0.460479
43578 0.460479
43579 0.460479
43580 0.460479
43581 0.460479
43582 0.460479
43583 0.460479
43584 0.460479
43585 0.460479
43586 0.460479
43587 0.460479
43588 0.460479
43589 0.460479
43590 0.460479
43591 0.460479
43592 0.460479
43593 0.460479
43594 0.460479
43595 0.460479
43596 0.460479
43597 0.460479
43598 0.460479
43599 0.460479
43600 0.460479
43601 0.460479
43602 0.460479
43603 0.460479
43604 0.460479
43605 0.460479
43606 0.460479
43607 0.460479
43608 0.460479
43609 0.460479
43610 0.460479
43611 0.460479
43612 0.460479
43613 0.460479
43614 0.460479
43615 0.460479
43616 0.460479
43617 0.460479
43618 0.460479
43619 0.460479
43620 0.460479
43621 0.460479
43622 0.460479
43623 0.460479
43624 0.460479
43625 0.460479
43626 0.460479
43627 0.460479
43628 0.460479
43629 0.460479
43630 0.460479
43631 0.460479
43632 0.460479
43633 0.460479
43634 0.460479
43635 0.460479
43636 0.460479
43637 0.460479
43638 0.460479
43639 0.460479
43640 0.460479
43641 0.460479
43642 0.460479
43643 0.460479
43644 0.460479
43645 0.460479
43646 0.460479
43647 0.460479
43648 0.460479
43649 0.460479
43650 0.460479
43651 0.460479
43652 0.460479
43653 0.460479
43654 0.460479
43655 0.460479
43656 0.460479
43657 0.460479
43658 0.460479
43659 0.460479
43660 0.460479
43661 0.460479
43662 0.460479
43663 0.460479
43664 0.460479
43665 0.460479
43666 0.460479
43667 0.460479
43668 0.460479
43669 0.460479
43670 0.460479
43671 0.460479
43672 0.460479
43673 0.460479
43674 0.460479
43675 0.460479
43676 0.460479
43677 0.460479
43678 0.460479
43679 0.460479
43680 0.460479
43681 0.460479
43682 0.460479
43683 0.460479
43684 0.460479
43685 0.460479
43686 0.460479
43687 0.460479
43688 0.460479
43689 0.460479
43690 0.460479
43691 0.460479
43692 0.460479
43693 0.460479
43694 0.460479
43695 0.460479
43696 0.460479
43697 0.460479
43698 0.460479
43699 0.460479
43700 0.460479
43701 0.460479
43702 0.460479
43703 0.460479
43704 0.460479
43705 0.460479
43706 0.460479
43707 0.460479
43708 0.460479
43709 0.460479
43710 0.460479
43711 0.460479
43712 0.460479
43713 0.460479
43714 0.460479
43715 0.460479
43716 0.460479
43717 0.460479
43718 0.460479
43719 0.460479
43720 0.460479
43721 0.460479
43722 0.460479
43723 0.460479
43724 0.460479
43725 0.460479
43726 0.460479
43727 0.460479
43728 0.460479
43729 0.460479
43730 0.460479
43731 0.460479
43732 0.460479
43733 0.460479
43734 0.460479
43735 0.460479
43736 0.460479
43737 0.460479
43738 0.460479
43739 0.460479
43740 0.460479
43741 0.460479
43742 0.460479
43743 0.460479
43744 0.460479
43745 0.460479
43746 0.460479
43747 0.460479
43748 0.460479
43749 0.460479
43750 0.460479
43751 0.460479
43752 0.460479
43753 0.460479
43754 0.460479
43755 0.460479
43756 0.460479
43757 0.460479
43758 0.460479
43759 0.460479
43760 0.460479
43761 0.460479
43762 0.460479
43763 0.460479
43764 0.460479
43765 0.460479
43766 0.460479
43767 0.460479
43768 0.460479
43769 0.460479
43770 0.460479
43771 0.460479
43772 0.460479
43773 0.460479
43774 0.460479
43775 0.460479
43776 0.460479
43777 0.460479
43778 0.460479
43779 0.460479
43780 0.460479
43781 0.460479
43782 0.460479
43783 0.460479
43784 0.460479
43785 0.460479
43786 0.460479
43787 0.460479
43788 0.460479
43789 0.460479
43790 0.460479
43791 0.460479
43792 0.460479
43793 0.460479
43794 0.460479
43795 0.460479
43796 0.460479
43797 0.460479
43798 0.460479
43799 0.460479
43800 0.460479
43801 0.460479
43802 0.460479
43803 0.460479
43804 0.460479
43805 0.460479
43806 0.460479
43807 0.460479
43808 0.460479
43809 0.460479
43810 0.460479
43811 0.460479
43812 0.460479
43813 0.460479
43814 0.460479
43815 0.460479
43816 0.460479
43817 0.460479
43818 0.460479
43819 0.460479
43820 0.460479
43821 0.460479
43822 0.460479
43823 0.460479
43824 0.460479
43825 0.460479
43826 0.460479
43827 0.460479
43828 0.460479
43829 0.460479
43830 0.460479
43831 0.460479
43832 0.460479
43833 0.460479
43834 0.460479
43835 0.460479
43836 0.460479
43837 0.460479
43838 0.460479
43839 0.460479
43840 0.460479
43841 0.460479
43842 0.460479
43843 0.460479
43844 0.460479
43845 0.460479
43846 0.460479
43847 0.460479
43848 0.460479
43849 0.460479
43850 0.460479
43851 0.460479
43852 0.460479
43853 0.460479
43854 0.460479
43855 0.460479
43856 0.460479
43857 0.460479
43858 0.460479
43859 0.460479
43860 0.460479
43861 0.460479
43862 0.460479
43863 0.460479
43864 0.460479
43865 0.460479
43866 0.460479
43867 0.460479
43868 0.460479
43869 0.460479
43870 0.460479
43871 0.460479
43872 0.460479
43873 0.460479
43874 0.460479
43875 0.460479
43876 0.460479
43877 0.460479
43878 0.460479
43879 0.460479
43880 0.460479
43881 0.460479
43882 0.460479
43883 0.460479
43884 0.460479
43885 0.460479
43886 0.460479
43887 0.460479
43888 0.460479
43889 0.460479
43890 0.460479
43891 0.460479
43892 0.460479
43893 0.460479
43894 0.460479
43895 0.460479
43896 0.460479
43897 0.460479
43898 0.460479
43899 0.460479
43900 0.460479
43901 0.460479
43902 0.460479
43903 0.460479
43904 0.460479
43905 0.460479
43906 0.460479
43907 0.460479
43908 0.460479
43909 0.460479
43910 0.460479
43911 0.460479
43912 0.460479
43913 0.460479
43914 0.460479
43915 0.460479
43916 0.460479
43917 0.460479
43918 0.460479
43919 0.460479
43920 0.460479
43921 0.460479
43922 0.460479
43923 0.460479
43924 0.460479
43925 0.460479
43926 0.460479
43927 0.460479
43928 0.460479
43929 0.460479
43930 0.460479
43931 0.460479
43932 0.460479
43933 0.460479
43934 0.460479
43935 0.460479
43936 0.460479
43937 0.460479
43938 0.460479
43939 0.460479
43940 0.460479
43941 0.460479
43942 0.460479
43943 0.460479
43944 0.460479
43945 0.460479
43946 0.460479
43947 0.460479
43948 0.460479
43949 0.460479
43950 0.460479
43951 0.460479
43952 0.460479
43953 0.460479
43954 0.460479
43955 0.460479
43956 0.460479
43957 0.460479
43958 0.460479
43959 0.460479
43960 0.460479
43961 0.460479
43962 0.460479
43963 0.460479
43964 0.460479
43965 0.460479
43966 0.460479
43967 0.460479
43968 0.460479
43969 0.460479
43970 0.460479
43971 0.460479
43972 0.460479
43973 0.460479
43974 0.460479
43975 0.460479
43976 0.460479
43977 0.460479
43978 0.460479
43979 0.460479
43980 0.460479
43981 0.460479
43982 0.460479
43983 0.460479
43984 0.460479
43985 0.460479
43986 0.460479
43987 0.460479
43988 0.460479
43989 0.460479
43990 0.460479
43991 0.460479
43992 0.460479
43993 0.460479
43994 0.460479
43995 0.460479
43996 0.460479
43997 0.460479
43998 0.460479
43999 0.460479
44000 0.460479
44001 0.460479
44002 0.460479
44003 0.460479
44004 0.460479
44005 0.460479
44006 0.460479
44007 0.460479
44008 0.460479
44009 0.460479
44010 0.460479
44011 0.460479
44012 0.460479
44013 0.460479
44014 0.460479
44015 0.460479
44016 0.460479
44017 0.460479
44018 0.460479
44019 0.460479
44020 0.460479
44021 0.460479
44022 0.460479
44023 0.460479
44024 0.460479
44025 0.460479
44026 0.460479
44027 0.460479
44028 0.460479
44029 0.460479
44030 0.460479
44031 0.460479
44032 0.460479
44033 0.460479
44034 0.460479
44035 0.460479
44036 0.460479
44037 0.460479
44038 0.460479
44039 0.460479
44040 0.460479
44041 0.460479
44042 0.460479
44043 0.460479
44044 0.460479
44045 0.460479
44046 0.460479
44047 0.460479
44048 0.460479
44049 0.460479
44050 0.460479
44051 0.460479
44052 0.460479
44053 0.460479
44054 0.460479
44055 0.460479
44056 0.460479
44057 0.460479
44058 0.460479
44059 0.460479
44060 0.460479
44061 0.460479
44062 0.460479
44063 0.460479
44064 0.460479
44065 0.460479
44066 0.460479
44067 0.460479
44068 0.460479
44069 0.460479
44070 0.460479
44071 0.460479
44072 0.460479
44073 0.460479
44074 0.460479
44075 0.460479
44076 0.460479
44077 0.460479
44078 0.460479
44079 0.460479
44080 0.460479
44081 0.460479
44082 0.460479
44083 0.460479
44084 0.460479
44085 0.460479
44086 0.460479
44087 0.460479
44088 0.460479
44089 0.460479
44090 0.460479
44091 0.460479
44092 0.460479
44093 0.460479
44094 0.460479
44095 0.460479
44096 0.460479
44097 0.460479
44098 0.460479
44099 0.460479
44100 0.460479
44101 0.460479
44102 0.460479
44103 0.460479
44104 0.460479
44105 0.460479
44106 0.460479
44107 0.460479
44108 0.460479
44109 0.460479
44110 0.460479
44111 0.460479
44112 0.460479
44113 0.460479
44114 0.460479
44115 0.460479
44116 0.460479
44117 0.460479
44118 0.460479
44119 0.460479
44120 0.460479
44121 0.460479
44122 0.460479
44123 0.460479
44124 0.460479
44125 0.460479
44126 0.460479
44127 0.460479
44128 0.460479
44129 0.460479
44130 0.460479
44131 0.460479
44132 0.460479
44133 0.460479
44134 0.460479
44135 0.460479
44136 0.460479
44137 0.460479
44138 0.460479
44139 0.460479
44140 0.460479
44141 0.460479
44142 0.460479
44143 0.460479
44144 0.460479
44145 0.460479
44146 0.460479
44147 0.460479
44148 0.460479
44149 0.460479
44150 0.460479
44151 0.460479
44152 0.460479
44153 0.460479
44154 0.460479
44155 0.460479
44156 0.460479
44157 0.460479
44158 0.460479
44159 0.460479
44160 0.460479
44161 0.460479
44162 0.460479
44163 0.460479
44164 0.460479
44165 0.460479
44166 0.460479
44167 0.460479
44168 0.460479
44169 0.460479
44170 0.460479
44171 0.460479
44172 0.460479
44173 0.460479
44174 0.460479
44175 0.460479
44176 0.460479
44177 0.460479
44178 0.460479
44179 0.460479
44180 0.460479
44181 0.460479
44182 0.460479
44183 0.460479
44184 0.460479
44185 0.460479
44186 0.460479
44187 0.460479
44188 0.460479
44189 0.460479
44190 0.460479
44191 0.460479
44192 0.460479
44193 0.460479
44194 0.460479
44195 0.460479
44196 0.460479
44197 0.460479
44198 0.460479
44199 0.460479
44200 0.460479
44201 0.460479
44202 0.460479
44203 0.460479
44204 0.460479
44205 0.460479
44206 0.460479
44207 0.460479
44208 0.460479
44209 0.460479
44210 0.460479
44211 0.460479
44212 0.460479
44213 0.460479
44214 0.460479
44215 0.460479
44216 0.460479
44217 0.460479
44218 0.460479
44219 0.460479
44220 0.460479
44221 0.460479
44222 0.460479
44223 0.460479
44224 0.460479
44225 0.460479
44226 0.460479
44227 0.460479
44228 0.460479
44229 0.460479
44230 0.460479
44231 0.460479
44232 0.460479
44233 0.460479
44234 0.460479
44235 0.460479
44236 0.460479
44237 0.460479
44238 0.460479
44239 0.460479
44240 0.460479
44241 0.460479
44242 0.460479
44243 0.460479
44244 0.460479
44245 0.460479
44246 0.460479
44247 0.460479
44248 0.460479
44249 0.460479
44250 0.460479
44251 0.460479
44252 0.460479
44253 0.460479
44254 0.460479
44255 0.460479
44256 0.460479
44257 0.460479
44258 0.460479
44259 0.460479
44260 0.460479
44261 0.460479
44262 0.460479
44263 0.460479
44264 0.460479
44265 0.460479
44266 0.460479
44267 0.460479
44268 0.460479
44269 0.460479
44270 0.460479
44271 0.460479
44272 0.460479
44273 0.460479
44274 0.460479
44275 0.460479
44276 0.460479
44277 0.460479
44278 0.460479
44279 0.460479
44280 0.460479
44281 0.460479
44282 0.460479
44283 0.460479
44284 0.460479
44285 0.460479
44286 0.460479
44287 0.460479
44288 0.460479
44289 0.460479
44290 0.460479
44291 0.460479
44292 0.460479
44293 0.460479
44294 0.460479
44295 0.460479
44296 0.460479
44297 0.460479
44298 0.460479
44299 0.460479
44300 0.460479
44301 0.460479
44302 0.460479
44303 0.460479
44304 0.460479
44305 0.460479
44306 0.460479
44307 0.460479
44308 0.460479
44309 0.460479
44310 0.460479
44311 0.460479
44312 0.460479
44313 0.460479
44314 0.460479
44315 0.460479
44316 0.460479
44317 0.460479
44318 0.460479
44319 0.460479
44320 0.460479
44321 0.460479
44322 0.460479
44323 0.460479
44324 0.460479
44325 0.460479
44326 0.460479
44327 0.460479
44328 0.460479
44329 0.460479
44330 0.460479
44331 0.460479
44332 0.460479
44333 0.460479
44334 0.460479
44335 0.460479
44336 0.460479
44337 0.460479
44338 0.460479
44339 0.460479
44340 0.460479
44341 0.460479
44342 0.460479
44343 0.460479
44344 0.460479
44345 0.460479
44346 0.460479
44347 0.460479
44348 0.460479
44349 0.460479
44350 0.460479
44351 0.460479
44352 0.460479
44353 0.460479
44354 0.460479
44355 0.460479
44356 0.460479
44357 0.460479
44358 0.460479
44359 0.460479
44360 0.460479
44361 0.460479
44362 0.460479
44363 0.460479
44364 0.460479
44365 0.460479
44366 0.460479
44367 0.460479
44368 0.460479
44369 0.460479
44370 0.460479
44371 0.460479
44372 0.460479
44373 0.460479
44374 0.460479
44375 0.460479
44376 0.460479
44377 0.460479
44378 0.460479
44379 0.460479
44380 0.460479
44381 0.460479
44382 0.460479
44383 0.460479
44384 0.460479
44385 0.460479
44386 0.460479
44387 0.460479
44388 0.460479
44389 0.460479
44390 0.460479
44391 0.460479
44392 0.460479
44393 0.460479
44394 0.460479
44395 0.460479
44396 0.460479
44397 0.460479
44398 0.460479
44399 0.460479
44400 0.460479
44401 0.460479
44402 0.460479
44403 0.460479
44404 0.460479
44405 0.454017
44406 0.454017
44407 0.454017
44408 0.454017
44409 0.454017
44410 0.454017
44411 0.454017
44412 0.454017
44413 0.454017
44414 0.454017
44415 0.454017
44416 0.454017
44417 0.454017
44418 0.454017
44419 0.454017
44420 0.454017
44421 0.454017
44422 0.454017
44423 0.454017
44424 0.454017
44425 0.454017
44426 0.454017
44427 0.454017
44428 0.454017
44429 0.454017
44430 0.454017
44431 0.454017
44432 0.454017
44433 0.454017
44434 0.454017
44435 0.454017
44436 0.454017
44437 0.454017
44438 0.454017
44439 0.454017
44440 0.454017
44441 0.454017
44442 0.454017
44443 0.454017
44444 0.454017
44445 0.454017
44446 0.454017
44447 0.454017
44448 0.454017
44449 0.454017
44450 0.454017
44451 0.454017
44452 0.454017
44453 0.454017
44454 0.454017
44455 0.454017
44456 0.454017
44457 0.454017
44458 0.454017
44459 0.454017
44460 0.454017
44461 0.454017
44462 0.454017
44463 0.454017
44464 0.454017
44465 0.454017
44466 0.454017
44467 0.454017
44468 0.454017
44469 0.454017
44470 0.454017
44471 0.454017
44472 0.454017
44473 0.454017
44474 0.454017
44475 0.454017
44476 0.454017
44477 0.454017
44478 0.454017
44479 0.454017
44480 0.454017
44481 0.454017
44482 0.454017
44483 0.454017
44484 0.454017
44485 0.454017
44486 0.454017
44487 0.454017
44488 0.454017
44489 0.454017
44490 0.454017
44491 0.454017
44492 0.454017
44493 0.454017
44494 0.454017
44495 0.454017
44496 0.454017
44497 0.454017
44498 0.454017
44499 0.454017
44500 0.454017
44501 0.454017
44502 0.454017
44503 0.454017
44504 0.454017
44505 0.454017
44506 0.454017
44507 0.454017
44508 0.454017
44509 0.454017
44510 0.454017
44511 0.454017
44512 0.454017
44513 0.454017
44514 0.454017
44515 0.454017
44516 0.454017
44517 0.454017
44518 0.454017
44519 0.454017
44520 0.454017
44521 0.454017
44522 0.454017
44523 0.454017
44524 0.454017
44525 0.454017
44526 0.454017
44527 0.454017
44528 0.454017
44529 0.454017
44530 0.454017
44531 0.454017
44532 0.454017
44533 0.454017
44534 0.454017
44535 0.454017
44536 0.454017
44537 0.454017
44538 0.454017
44539 0.454017
44540 0.454017
44541 0.454017
44542 0.454017
44543 0.454017
44544 0.454017
44545 0.454017
44546 0.454017
44547 0.454017
44548 0.454017
44549 0.454017
44550 0.454017
44551 0.454017
44552 0.454017
44553 0.454017
44554 0.454017
44555 0.454017
44556 0.454017
44557 0.454017
44558 0.454017
44559 0.454017
44560 0.454017
44561 0.454017
44562 0.454017
44563 0.454017
44564 0.454017
44565 0.454017
44566 0.454017
44567 0.454017
44568 0.454017
44569 0.454017
44570 0.454017
44571 0.454017
44572 0.454017
44573 0.454017
44574 0.454017
44575 0.454017
44576 0.454017
44577 0.454017
44578 0.454017
44579 0.454017
44580 0.454017
44581 0.454017
44582 0.454017
44583 0.454017
44584 0.454017
44585 0.454017
44586 0.454017
44587 0.454017
44588 0.454017
44589 0.454017
44590 0.454017
44591 0.454017
44592 0.454017
44593 0.454017
44594 0.454017
44595 0.454017
44596 0.454017
44597 0.454017
44598 0.454017
44599 0.454017
44600 0.454017
44601 0.454017
44602 0.454017
44603 0.454017
44604 0.454017
44605 0.454017
44606 0.454017
44607 0.454017
44608 0.454017
44609 0.454017
44610 0.454017
44611 0.454017
44612 0.454017
44613 0.454017
44614 0.454017
44615 0.454017
44616 0.454017
44617 0.454017
44618 0.454017
44619 0.454017
44620 0.454017
44621 0.454017
44622 0.454017
44623 0.454017
44624 0.454017
44625 0.454017
44626 0.454017
44627 0.454017
44628 0.454017
44629 0.454017
44630 0.454017
44631 0.454017
44632 0.454017
44633 0.454017
44634 0.454017
44635 0.454017
44636 0.454017
44637 0.454017
44638 0.454017
44639 0.454017
44640 0.454017
44641 0.454017
44642 0.454017
44643 0.454017
44644 0.454017
44645 0.454017
44646 0.454017
44647 0.454017
44648 0.454017
44649 0.454017
44650 0.454017
44651 0.454017
44652 0.454017
44653 0.454017
44654 0.454017
44655 0.454017
44656 0.454017
44657 0.454017
44658 0.454017
44659 0.454017
44660 0.454017
44661 0.454017
44662 0.454017
44663 0.454017
44664 0.454017
44665 0.454017
44666 0.454017
44667 0.454017
44668 0.454017
44669 0.454017
44670 0.454017
44671 0.454017
44672 0.454017
44673 0.454017
44674 0.454017
44675 0.454017
44676 0.454017
44677 0.454017
44678 0.454017
44679 0.454017
44680 0.454017
44681 0.454017
44682 0.454017
44683 0.454017
44684 0.454017
44685 0.454017
44686 0.454017
44687 0.454017
44688 0.454017
44689 0.454017
44690 0.454017
44691 0.454017
44692 0.454017
44693 0.454017
44694 0.454017
44695 0.454017
44696 0.454017
44697 0.454017
44698 0.454017
44699 0.454017
44700 0.454017
44701 0.454017
44702 0.454017
44703 0.454017
44704 0.454017
44705 0.454017
44706 0.454017
44707 0.454017
44708 0.454017
44709 0.454017
44710 0.454017
44711 0.454017
44712 0.454017
44713 0.454017
44714 0.454017
44715 0.454017
44716 0.454017
44717 0.454017
44718 0.454017
44719 0.454017
44720 0.454017
44721 0.454017
44722 0.454017
44723 0.454017
44724 0.454017
44725 0.454017
44726 0.454017
44727 0.454017
44728 0.454017
44729 0.454017
44730 0.454017
44731 0.454017
44732 0.454017
44733 0.454017
44734 0.454017
44735 0.454017
44736 0.454017
44737 0.454017
44738 0.454017
44739 0.454017
44740 0.454017
44741 0.454017
44742 0.454017
44743 0.454017
44744 0.454017
44745 0.454017
44746 0.454017
44747 0.454017
44748 0.454017
44749 0.454017
44750 0.454017
44751 0.454017
44752 0.454017
44753 0.454017
44754 0.454017
44755 0.454017
44756 0.454017
44757 0.454017
44758 0.454017
44759 0.454017
44760 0.454017
44761 0.454017
44762 0.454017
44763 0.454017
44764 0.454017
44765 0.454017
44766 0.454017
44767 0.454017
44768 0.454017
44769 0.454017
44770 0.454017
44771 0.454017
44772 0.454017
44773 0.454017
44774 0.454017
44775 0.454017
44776 0.454017
44777 0.454017
44778 0.454017
44779 0.454017
44780 0.454017
44781 0.454017
44782 0.454017
44783 0.454017
44784 0.454017
44785 0.454017
44786 0.454017
44787 0.454017
44788 0.454017
44789 0.454017
44790 0.454017
44791 0.454017
44792 0.454017
44793 0.454017
44794 0.454017
44795 0.454017
44796 0.454017
44797 0.454017
44798 0.454017
44799 0.454017
44800 0.454017
44801 0.454017
44802 0.454017
44803 0.454017
44804 0.454017
44805 0.454017
44806 0.454017
44807 0.454017
44808 0.454017
44809 0.454017
44810 0.454017
44811 0.454017
44812 0.454017
44813 0.454017
44814 0.454017
44815 0.454017
44816 0.454017
44817 0.454017
44818 0.454017
44819 0.454017
44820 0.454017
44821 0.454017
44822 0.454017
44823 0.454017
44824 0.454017
44825 0.454017
44826 0.454017
44827 0.454017
44828 0.454017
44829 0.454017
44830 0.454017
44831 0.454017
44832 0.454017
44833 0.454017
44834 0.454017
44835 0.454017
44836 0.454017
44837 0.454017
44838 0.454017
44839 0.454017
44840 0.454017
44841 0.454017
44842 0.454017
44843 0.454017
44844 0.454017
44845 0.454017
44846 0.454017
44847 0.454017
44848 0.454017
44849 0.454017
44850 0.454017
44851 0.454017
44852 0.454017
44853 0.454017
44854 0.454017
44855 0.454017
44856 0.454017
44857 0.454017
44858 0.454017
44859 0.454017
44860 0.454017
44861 0.454017
44862 0.454017
44863 0.454017
44864 0.454017
44865 0.454017
44866 0.454017
44867 0.454017
44868 0.454017
44869 0.454017
44870 0.454017
44871 0.454017
44872 0.454017
44873 0.454017
44874 0.454017
44875 0.454017
44876 0.454017
44877 0.454017
44878 0.454017
44879 0.454017
44880 0.454017
44881 0.454017
44882 0.454017
44883 0.454017
44884 0.454017
44885 0.454017
44886 0.454017
44887 0.454017
44888 0.454017
44889 0.454017
44890 0.454017
44891 0.454017
44892 0.454017
44893 0.454017
44894 0.454017
44895 0.454017
44896 0.454017
44897 0.454017
44898 0.454017
44899 0.454017
44900 0.454017
44901 0.454017
44902 0.454017
44903 0.454017
44904 0.454017
44905 0.454017
44906 0.454017
44907 0.454017
44908 0.454017
44909 0.454017
44910 0.454017
44911 0.454017
44912 0.454017
44913 0.454017
44914 0.454017
44915 0.454017
44916 0.454017
44917 0.454017
44918 0.454017
44919 0.454017
44920 0.454017
44921 0.454017
44922 0.454017
44923 0.454017
44924 0.454017
44925 0.454017
44926 0.454017
44927 0.454017
44928 0.454017
44929 0.454017
44930 0.454017
44931 0.454017
44932 0.454017
44933 0.454017
44934 0.454017
44935 0.454017
44936 0.454017
44937 0.454017
44938 0.454017
44939 0.454017
44940 0.454017
44941 0.454017
44942 0.454017
44943 0.454017
44944 0.454017
44945 0.454017
44946 0.454017
44947 0.454017
44948 0.454017
44949 0.454017
44950 0.454017
44951 0.454017
44952 0.454017
44953 0.454017
44954 0.454017
44955 0.454017
44956 0.454017
44957 0.454017
44958 0.454017
44959 0.454017
44960 0.454017
44961 0.454017
44962 0.454017
44963 0.454017
44964 0.454017
44965 0.454017
44966 0.454017
44967 0.454017
44968 0.454017
44969 0.454017
44970 0.454017
44971 0.454017
44972 0.454017
44973 0.454017
44974 0.454017
44975 0.454017
44976 0.454017
44977 0.454017
44978 0.454017
44979 0.454017
44980 0.454017
44981 0.454017
44982 0.454017
44983 0.454017
44984 0.454017
44985 0.454017
44986 0.454017
44987 0.454017
44988 0.454017
44989 0.454017
44990 0.454017
44991 0.454017
44992 0.454017
44993 0.454017
44994 0.454017
44995 0.454017
44996 0.454017
44997 0.454017
44998 0.454017
44999 0.454017
45000 0.454017
45001 0.454017
45002 0.454017
45003 0.454017
45004 0.454017
45005 0.454017
45006 0.454017
45007 0.454017
45008 0.454017
45009 0.454017
45010 0.454017
45011 0.454017
45012 0.454017
45013 0.454017
45014 0.454017
45015 0.454017
45016 0.454017
45017 0.454017
45018 0.454017
45019 0.454017
45020 0.454017
45021 0.454017
45022 0.454017
45023 0.454017
45024 0.454017
45025 0.454017
45026 0.454017
45027 0.454017
45028 0.454017
45029 0.454017
45030 0.454017
45031 0.454017
45032 0.454017
45033 0.454017
45034 0.454017
45035 0.454017
45036 0.454017
45037 0.454017
45038 0.454017
45039 0.454017
45040 0.454017
45041 0.454017
45042 0.454017
45043 0.454017
45044 0.454017
45045 0.454017
45046 0.454017
45047 0.454017
45048 0.454017
45049 0.454017
45050 0.454017
45051 0.454017
45052 0.454017
45053 0.454017
45054 0.454017
45055 0.454017
45056 0.454017
45057 0.454017
45058 0.454017
45059 0.454017
45060 0.454017
45061 0.454017
45062 0.454017
45063 0.454017
45064 0.454017
45065 0.454017
45066 0.454017
45067 0.454017
45068 0.454017
45069 0.454017
45070 0.454017
45071 0.454017
45072 0.454017
45073 0.454017
45074 0.454017
45075 0.454017
45076 0.454017
45077 0.454017
45078 0.454017
45079 0.454017
45080 0.454017
45081 0.454017
45082 0.454017
45083 0.454017
45084 0.454017
45085 0.454017
45086 0.454017
45087 0.454017
45088 0.454017
45089 0.454017
45090 0.454017
45091 0.454017
45092 0.454017
45093 0.454017
45094 0.454017
45095 0.454017
45096 0.454017
45097 0.454017
45098 0.454017
45099 0.454017
45100 0.454017
45101 0.454017
45102 0.454017
45103 0.454017
45104 0.454017
45105 0.454017
45106 0.454017
45107 0.451785
45108 0.451785
45109 0.451785
45110 0.451785
45111 0.451785
45112 0.451785
45113 0.451785
45114 0.451785
45115 0.451785
45116 0.451785
45117 0.451785
45118 0.451785
45119 0.451785
45120 0.451785
45121 0.451785
45122 0.451785
45123 0.451785
45124 0.451785
45125 0.451785
45126 0.451785
45127 0.451785
45128 0.451785
45129 0.451785
45130 0.451785
45131 0.451785
45132 0.451785
45133 0.451785
45134 0.451785
45135 0.451785
45136 0.451785
45137 0.451785
45138 0.451785
45139 0.451785
45140 0.451785
45141 0.451785
45142 0.451785
45143 0.451785
45144 0.451785
45145 0.451785
45146 0.451785
45147 0.451785
45148 0.451785
45149 0.451785
45150 0.451785
45151 0.451785
45152 0.451785
45153 0.451785
45154 0.451785
45155 0.451785
45156 0.451785
45157 0.451785
45158 0.451785
45159 0.451785
45160 0.451785
45161 0.451785
45162 0.451785
45163 0.451785
45164 0.451785
45165 0.451785
45166 0.451785
45167 0.451785
45168 0.451785
45169 0.451785
45170 0.451785
45171 0.451785
45172 0.451785
45173 0.451785
45174 0.451785
45175 0.451785
45176 0.451785
45177 0.451785
45178 0.451785
45179 0.451785
45180 0.451785
45181 0.451785
45182 0.451785
45183 0.451785
45184 0.451785
45185 0.451785
45186 0.451785
45187 0.451785
45188 0.451785
45189 0.451785
45190 0.451785
45191 0.451785
45192 0.451785
45193 0.451785
45194 0.451785
45195 0.451785
45196 0.451785
45197 0.451785
45198 0.451785
45199 0.451785
45200 0.451785
45201 0.451785
45202 0.451785
45203 0.451785
45204 0.451785
45205 0.451785
45206 0.451785
45207 0.451785
45208 0.451785
45209 0.451785
45210 0.451785
45211 0.451785
45212 0.451785
45213 0.451785
45214 0.451785
45215 0.451785
45216 0.451785
45217 0.451785
45218 0.451785
45219 0.451785
45220 0.451785
45221 0.451785
45222 0.451785
45223 0.451785
45224 0.451785
45225 0.451785
45226 0.451785
45227 0.451785
45228 0.451785
45229 0.451785
45230 0.451785
45231 0.451785
45232 0.451785
45233 0.451785
45234 0.451785
45235 0.451785
45236 0.451785
45237 0.451785
45238 0.451785
45239 0.451785
45240 0.451785
45241 0.451785
45242 0.451785
45243 0.451785
45244 0.451785
45245 0.451785
45246 0.451785
45247 0.451785
45248 0.451785
45249 0.451785
45250 0.451785
45251 0.451785
45252 0.451785
45253 0.451785
45254 0.451785
45255 0.451785
45256 0.451785
45257 0.451785
45258 0.451785
45259 0.451785
45260 0.451785
45261 0.451785
45262 0.451785
45263 0.451785
45264 0.451785
45265 0.451785
45266 0.451785
45267 0.451785
45268 0.451785
45269 0.451785
45270 0.451785
45271 0.451785
45272 0.451785
45273 0.451785
45274 0.451785
45275 0.451785
45276 0.451785
45277 0.451785
45278 0.451785
45279 0.451785
45280 0.451785
45281 0.451785
45282 0.451785
45283 0.451785
45284 0.451785
45285 0.451785
45286 0.451785
45287 0.451785
45288 0.451785
45289 0.451785
45290 0.451785
45291 0.451785
45292 0.451785
45293 0.451785
45294 0.451785
45295 0.451785
45296 0.451785
45297 0.451785
45298 0.451785
45299 0.451785
45300 0.451785
45301 0.451785
45302 0.451785
45303 0.451785
45304 0.451785
45305 0.451785
45306 0.451785
45307 0.451785
45308 0.451785
45309 0.451785
45310 0.451785
45311 0.451785
45312 0.451785
45313 0.451785
45314 0.451785
45315 0.451785
45316 0.451785
45317 0.451785
45318 0.451785
45319 0.451785
45320 0.451785
45321 0.451785
45322 0.451785
45323 0.451785
45324 0.451785
45325 0.451785
45326 0.451785
45327 0.451785
45328 0.451785
45329 0.451785
45330 0.451785
45331 0.451785
45332 0.451785
45333 0.451785
45334 0.451785
45335 0.451785
45336 0.451785
45337 0.451785
45338 0.451785
45339 0.451785
45340 0.451785
45341 0.451785
45342 0.451785
45343 0.451785
45344 0.451785
45345 0.451785
45346 0.451785
45347 0.451785
45348 0.451785
45349 0.451785
45350 0.451785
45351 0.451785
45352 0.451785
45353 0.451785
45354 0.451785
45355 0.451785
45356 0.451785
45357 0.451785
45358 0.451785
45359 0.451785
45360 0.451785
45361 0.451785
45362 0.451785
45363 0.451785
45364 0.451785
45365 0.451785
45366 0.451785
45367 0.451785
45368 0.451785
45369 0.451785
45370 0.451785
45371 0.451785
45372 0.451785
45373 0.451785
45374 0.451785
45375 0.451785
45376 0.451785
45377 0.451785
45378 0.451785
45379 0.451785
45380 0.451785
45381 0.451785
45382 0.451785
45383 0.451785
45384 0.451785
45385 0.451785
45386 0.451785
45387 0.451785
45388 0.451785
45389 0.451785
45390 0.451785
45391 0.451785
45392 0.451785
45393 0.451785
45394 0.451785
45395 0.451785
45396 0.451785
45397 0.451785
45398 0.451785
45399 0.451785
45400 0.451785
45401 0.451785
45402 0.451785
45403 0.451785
45404 0.451785
45405 0.451785
45406 0.451785
45407 0.451785
45408 0.451785
45409 0.451785
45410 0.451785
45411 0.451785
45412 0.451785
45413 0.451785
45414 0.451785
45415 0.451785
45416 0.451785
45417 0.451785
45418 0.451785
45419 0.451785
45420 0.451785
45421 0.451785
45422 0.451785
45423 0.451785
45424 0.451785
45425 0.451785
45426 0.451785
45427 0.451785
45428 0.451785
45429 0.451785
45430 0.451785
45431 0.451785
45432 0.451785
45433 0.451785
45434 0.451785
45435 0.451785
45436 0.451785
45437 0.451785
45438 0.451785
45439 0.451785
45440 0.451785
45441 0.451785
45442 0.451785
45443 0.451785
45444 0.451785
45445 0.451785
45446 0.451785
45447 0.451785
45448 0.451785
45449 0.451785
45450 0.451785
45451 0.451785
45452 0.451785
45453 0.451785
45454 0.451785
45455 0.451785
45456 0.451785
45457 0.451785
45458 0.451785
45459 0.451785
45460 0.451785
45461 0.451785
45462 0.451785
45463 0.451785
45464 0.451785
45465 0.451785
45466 0.451785
45467 0.451785
45468 0.451785
45469 0.451785
45470 0.451785
45471 0.451785
45472 0.451785
45473 0.451785
45474 0.451785
45475 0.451785
45476 0.451785
45477 0.451785
45478 0.451785
45479 0.451785
45480 0.451785
45481 0.451785
45482 0.451785
45483 0.451785
45484 0.451785
45485 0.451785
45486 0.451785
45487 0.451785
45488 0.451785
45489 0.451785
45490 0.451785
45491 0.451785
45492 0.451785
45493 0.451785
45494 0.451785
45495 0.451785
45496 0.451785
45497 0.451785
45498 0.451785
45499 0.451785
45500 0.451785
45501 0.451785
45502 0.451785
45503 0.451785
45504 0.451785
45505 0.451785
45506 0.451785
45507 0.451785
45508 0.451785
45509 0.451785
45510 0.451785
45511 0.451785
45512 0.451785
45513 0.451785
45514 0.451785
45515 0.451785
45516 0.451785
45517 0.451785
45518 0.451785
45519 0.451785
45520 0.451785
45521 0.451785
45522 0.451785
45523 0.451785
45524 0.451785
45525 0.451785
45526 0.451785
45527 0.451785
45528 0.451785
45529 0.451785
45530 0.451785
45531 0.451785
45532 0.451785
45533 0.451785
45534 0.451785
45535 0.451785
45536 0.451785
45537 0.451785
45538 0.451785
45539 0.451785
45540 0.451785
45541 0.451785
45542 0.451785
45543 0.451785
45544 0.451785
45545 0.451785
45546 0.451785
45547 0.451785
45548 0.451785
45549 0.451785
45550 0.451785
45551 0.451785
45552 0.451785
45553 0.451785
45554 0.451785
45555 0.451785
45556 0.451785
45557 0.451785
45558 0.451785
45559 0.451785
45560 0.451785
45561 0.451785
45562 0.451785
45563 0.451785
45564 0.451785
45565 0.451785
45566 0.451785
45567 0.451785
45568 0.451785
45569 0.451785
45570 0.451785
45571 0.451785
45572 0.451785
45573 0.451785
45574 0.451785
45575 0.451785
45576 0.451785
45577 0.451785
45578 0.451785
45579 0.451785
45580 0.451785
45581 0.451785
45582 0.451785
45583 0.451785
45584 0.451785
45585 0.451785
45586 0.451785
45587 0.451785
45588 0.451785
45589 0.451785
45590 0.451785
45591 0.451785
45592 0.451785
45593 0.451785
45594 0.451785
45595 0.451785
45596 0.451785
45597 0.451785
45598 0.451785
45599 0.451785
45600 0.451785
45601 0.451785
45602 0.451785
45603 0.451785
45604 0.451785
45605 0.451785
45606 0.451785
45607 0.451785
45608 0.451785
45609 0.451785
45610 0.451785
45611 0.451785
45612 0.451785
45613 0.451785
45614 0.451785
45615 0.451785
45616 0.451785
45617 0.451785
45618 0.451785
45619 0.451785
45620 0.451785
45621 0.451785
45622 0.451785
45623 0.451785
45624 0.451785
45625 0.451785
45626 0.451785
45627 0.451785
45628 0.451785
45629 0.451785
45630 0.451785
45631 0.451785
45632 0.451785
45633 0.451785
45634 0.451785
45635 0.451785
45636 0.451785
45637 0.451785
45638 0.451785
45639 0.451785
45640 0.451785
45641 0.451785
45642 0.451785
45643 0.451785
45644 0.451785
45645 0.451785
45646 0.451785
45647 0.451785
45648 0.451785
45649 0.451785
45650 0.451785
45651 0.451785
45652 0.451785
45653 0.451785
45654 0.451785
45655 0.451785
45656 0.451785
45657 0.451785
45658 0.451785
45659 0.451785
45660 0.451785
45661 0.451785
45662 0.451785
45663 0.451785
45664 0.451785
45665 0.451785
45666 0.451785
45667 0.451785
45668 0.451785
45669 0.451785
45670 0.451785
45671 0.451785
45672 0.451785
45673 0.451785
45674 0.451785
45675 0.451785
45676 0.451785
45677 0.451785
45678 0.451785
45679 0.451785
45680 0.451785
45681 0.451785
45682 0.451785
45683 0.451785
45684 0.451785
45685 0.451785
45686 0.451785
45687 0.451785
45688 0.451785
45689 0.451785
45690 0.451785
45691 0.451785
45692 0.451785
45693 0.451785
45694 0.451785
45695 0.451785
45696 0.451785
45697 0.451785
45698 0.451785
45699 0.451785
45700 0.451785
45701 0.451785
45702 0.451785
45703 0.451785
45704 0.451785
45705 0.451785
45706 0.451785
45707 0.451785
45708 0.451785
45709 0.451785
45710 0.451785
45711 0.451785
45712 0.451785
45713 0.451785
45714 0.451785
45715 0.451785
45716 0.451785
45717 0.451785
45718 0.451785
45719 0.451785
45720 0.451785
45721 0.451785
45722 0.451785
45723 0.451785
45724 0.451785
45725 0.451785
45726 0.451785
45727 0.451785
45728 0.451785
45729 0.451785
45730 0.451785
45731 0.451785
45732 0.451785
45733 0.451785
45734 0.451785
45735 0.451785
45736 0.451785
45737 0.451785
45738 0.451785
45739 0.451785
45740 0.451785
45741 0.451785
45742 0.451785
45743 0.451785
45744 0.451785
45745 0.451785
45746 0.451785
45747 0.451785
45748 0.451785
45749 0.451785
45750 0.451785
45751 0.451785
45752 0.451785
45753 0.451785
45754 0.451785
45755 0.451785
45756 0.451785
45757 0.451785
45758 0.451785
45759 0.451785
45760 0.451785
45761 0.451785
45762 0.451785
45763 0.451785
45764 0.451785
45765 0.451785
45766 0.451785
45767 0.451785
45768 0.451785
45769 0.451785
45770 0.451785
45771 0.451785
45772 0.451785
45773 0.451785
45774 0.451785
45775 0.451785
45776 0.451785
45777 0.451785
45778 0.451785
45779 0.451785
45780 0.451785
45781 0.451785
45782 0.451785
45783 0.451785
45784 0.451785
45785 0.451785
45786 0.451785
45787 0.451785
45788 0.451785
45789 0.451785
45790 0.451785
45791 0.451785
45792 0.451785
45793 0.451785
45794 0.451785
45795 0.451785
45796 0.451785
45797 0.451785
45798 0.451785
45799 0.451785
45800 0.451785
45801 0.451785
45802 0.451785
45803 0.451785
45804 0.451785
45805 0.451785
45806 0.451785
45807 0.451785
45808 0.451785
45809 0.451785
45810 0.451785
45811 0.451785
45812 0.451785
45813 0.451785
45814 0.451785
45815 0.451785
45816 0.451785
45817 0.451785
45818 0.451785
45819 0.451785
45820 0.451785
45821 0.451785
45822 0.451785
45823 0.451785
45824 0.451785
45825 0.451785
45826 0.451785
45827 0.451785
45828 0.451785
45829 0.451785
45830 0.451785
45831 0.451785
45832 0.451785
45833 0.451785
45834 0.451785
45835 0.451785
45836 0.451785
45837 0.451785
45838 0.451785
45839 0.451785
45840 0.451785
45841 0.451785
45842 0.451785
45843 0.451785
45844 0.451785
45845 0.451785
45846 0.451785
45847 0.451785
45848 0.451785
45849 0.451785
45850 0.451785
45851 0.451785
45852 0.451785
45853 0.451785
45854 0.451785
45855 0.451785
45856 0.451785
45857 0.451785
45858 0.451785
45859 0.451785
45860 0.451785
45861 0.451785
45862 0.451785
45863 0.451785
45864 0.451785
45865 0.451785
45866 0.451785
45867 0.451785
45868 0.451785
45869 0.451785
45870 0.451785
45871 0.451785
45872 0.451785
45873 0.451785
45874 0.451785
45875 0.451785
45876 0.451785
45877 0.451785
45878 0.451785
45879 0.451785
45880 0.451785
45881 0.451785
45882 0.451785
45883 0.451785
45884 0.451785
45885 0.451785
45886 0.451785
45887 0.451785
45888 0.451785
45889 0.451785
45890 0.451785
45891 0.451785
45892 0.451785
45893 0.451785
45894 0.451785
45895 0.451785
45896 0.451785
45897 0.451785
45898 0.451785
45899 0.451785
45900 0.451785
45901 0.451785
45902 0.451785
45903 0.451785
45904 0.451785
45905 0.451785
45906 0.451785
45907 0.451785
45908 0.451785
45909 0.451785
45910 0.451785
45911 0.451785
45912 0.451785
45913 0.451785
45914 0.451785
45915 0.451785
45916 0.451785
45917 0.451785
45918 0.451785
45919 0.451785
45920 0.451785
45921 0.451785
45922 0.451785
45923 0.451785
45924 0.451785
45925 0.451785
45926 0.451785
45927 0.451785
45928 0.451785
45929 0.451785
45930 0.451785
45931 0.451785
45932 0.451785
45933 0.451785
45934 0.451785
45935 0.451785
45936 0.451785
45937 0.451785
45938 0.451785
45939 0.451785
45940 0.451785
45941 0.451785
45942 0.451785
45943 0.451785
45944 0.451785
45945 0.451785
45946 0.451785
45947 0.451785
45948 0.451785
45949 0.451785
45950 0.451785
45951 0.451785
45952 0.451785
45953 0.451785
45954 0.451785
45955 0.451785
45956 0.451785
45957 0.451785
45958 0.451785
45959 0.451785
45960 0.451785
45961 0.451785
45962 0.451785
45963 0.451785
45964 0.451785
45965 0.451785
45966 0.451785
45967 0.451785
45968 0.451785
45969 0.451785
45970 0.451785
45971 0.451785
45972 0.451785
45973 0.451785
45974 0.451785
45975 0.451785
45976 0.451785
45977 0.451785
45978 0.451785
45979 0.451785
45980 0.451785
45981 0.451785
45982 0.451785
45983 0.451785
45984 0.451785
45985 0.451785
45986 0.451785
45987 0.451785
45988 0.451785
45989 0.451785
45990 0.451785
45991 0.451785
45992 0.451785
45993 0.451785
45994 0.451785
45995 0.451785
45996 0.451785
45997 0.451785
45998 0.451785
45999 0.451785
46000 0.451785
46001 0.451785
46002 0.451785
46003 0.451785
46004 0.451785
46005 0.451785
46006 0.451785
46007 0.451785
46008 0.451785
46009 0.451785
46010 0.451785
46011 0.451785
46012 0.451785
46013 0.451785
46014 0.451785
46015 0.451785
46016 0.451785
46017 0.451785
46018 0.451785
46019 0.451785
46020 0.451785
46021 0.451785
46022 0.451785
46023 0.451785
46024 0.451785
46025 0.451785
46026 0.451785
46027 0.451785
46028 0.451785
46029 0.451785
46030 0.451785
46031 0.451785
46032 0.451785
46033 0.451785
46034 0.451785
46035 0.451785
46036 0.451785
46037 0.451785
46038 0.451785
46039 0.451785
46040 0.451785
46041 0.451785
46042 0.451785
46043 0.451785
46044 0.451785
46045 0.451785
46046 0.451785
46047 0.451785
46048 0.451785
46049 0.451785
46050 0.451785
46051 0.451785
46052 0.451785
46053 0.451785
46054 0.451785
46055 0.451785
46056 0.451785
46057 0.451785
46058 0.451785
46059 0.451785
46060 0.451785
46061 0.451785
46062 0.451785
46063 0.451785
46064 0.451785
46065 0.451785
46066 0.451785
46067 0.451785
46068 0.451785
46069 0.451785
46070 0.451785
46071 0.451785
46072 0.451785
46073 0.451785
46074 0.451785
46075 0.451785
46076 0.451785
46077 0.451785
46078 0.451785
46079 0.451785
46080 0.451785
46081 0.451785
46082 0.451785
46083 0.451785
46084 0.451785
46085 0.451785
46086 0.451785
46087 0.451785
46088 0.451785
46089 0.451785
46090 0.451785
46091 0.451785
46092 0.451785
46093 0.451785
46094 0.451785
46095 0.451785
46096 0.451785
46097 0.451785
46098 0.451785
46099 0.451785
46100 0.451785
46101 0.451785
46102 0.451785
46103 0.451785
46104 0.451785
46105 0.451785
46106 0.451785
46107 0.451785
46108 0.451785
46109 0.451785
46110 0.451785
46111 0.451785
46112 0.451785
46113 0.451785
46114 0.451785
46115 0.451785
46116 0.451785
46117 0.451785
46118 0.451785
46119 0.451785
46120 0.451785
46121 0.451785
46122 0.451785
46123 0.451785
46124 0.451785
46125 0.451785
46126 0.451785
46127 0.451785
46128 0.451785
46129 0.451785
46130 0.451785
46131 0.451785
46132 0.451785
46133 0.451785
46134 0.451785
46135 0.451785
46136 0.451785
46137 0.451785
46138 0.451785
46139 0.451785
46140 0.451785
46141 0.451785
46142 0.451785
46143 0.451785
46144 0.451785
46145 0.451785
46146 0.451785
46147 0.451785
46148 0.451785
46149 0.451785
46150 0.451785
46151 0.451785
46152 0.451785
46153 0.451785
46154 0.451785
46155 0.451785
46156 0.451785
46157 0.451785
46158 0.451785
46159 0.451785
46160 0.451785
46161 0.451785
46162 0.451785
46163 0.451785
46164 0.451785
46165 0.451785
46166 0.451785
46167 0.451785
46168 0.451785
46169 0.451785
46170 0.451785
46171 0.451785
46172 0.451785
46173 0.451785
46174 0.451785
46175 0.451785
46176 0.451785
46177 0.451785
46178 0.451785
46179 0.451785
46180 0.451785
46181 0.451785
46182 0.451785
46183 0.451785
46184 0.451785
46185 0.451785
46186 0.451785
46187 0.451785
46188 0.451785
46189 0.451785
46190 0.451785
46191 0.451785
46192 0.451785
46193 0.451785
46194 0.451785
46195 0.451785
46196 0.451785
46197 0.451785
46198 0.451785
46199 0.451785
46200 0.451785
46201 0.451785
46202 0.451785
46203 0.451785
46204 0.451785
46205 0.451785
46206 0.451785
46207 0.451785
46208 0.451785
46209 0.451785
46210 0.451785
46211 0.451785
46212 0.451785
46213 0.451785
46214 0.451785
46215 0.451785
46216 0.451785
46217 0.451785
46218 0.451785
46219 0.451785
46220 0.451785
46221 0.451785
46222 0.451785
46223 0.451785
46224 0.451785
46225 0.451785
46226 0.451785
46227 0.451785
46228 0.451785
46229 0.451785
46230 0.451785
46231 0.451785
46232 0.451785
46233 0.451785
46234 0.451785
46235 0.451785
46236 0.451785
46237 0.451785
46238 0.451785
46239 0.451785
46240 0.451785
46241 0.451785
46242 0.451785
46243 0.451785
46244 0.451785
46245 0.451785
46246 0.448204
46247 0.448204
46248 0.448204
46249 0.448204
46250 0.448204
46251 0.448204
46252 0.448204
46253 0.448204
46254 0.448204
46255 0.448204
46256 0.448204
46257 0.448204
46258 0.448204
46259 0.448204
46260 0.448204
46261 0.448204
46262 0.448204
46263 0.448204
46264 0.448204
46265 0.448204
46266 0.448204
46267 0.448204
46268 0.448204
46269 0.448204
46270 0.448204
46271 0.448204
46272 0.448204
46273 0.448204
46274 0.448204
46275 0.448204
46276 0.448204
46277 0.448204
46278 0.448204
46279 0.448204
46280 0.448204
46281 0.448204
46282 0.448204
46283 0.448204
46284 0.448204
46285 0.448204
46286 0.448204
46287 0.448204
46288 0.448204
46289 0.448204
46290 0.448204
46291 0.448204
46292 0.448204
46293 0.448204
46294 0.448204
46295 0.448204
46296 0.448204
46297 0.448204
46298 0.448204
46299 0.448204
46300 0.448204
46301 0.448204
46302 0.448204
46303 0.448204
46304 0.448204
46305 0.448204
46306 0.448204
46307 0.448204
46308 0.448204
46309 0.448204
46310 0.448204
46311 0.448204
46312 0.448204
46313 0.448204
46314 0.448204
46315 0.448204
46316 0.448204
46317 0.448204
46318 0.448204
46319 0.448204
46320 0.448204
46321 0.448204
46322 0.448204
46323 0.448204
46324 0.448204
46325 0.448204
46326 0.448204
46327 0.448204
46328 0.448204
46329 0.448204
46330 0.448204
46331 0.448204
46332 0.448204
46333 0.448204
46334 0.448204
46335 0.448204
46336 0.448204
46337 0.448204
46338 0.448204
46339 0.448204
46340 0.448204
46341 0.448204
46342 0.448204
46343 0.448204
46344 0.448204
46345 0.448204
46346 0.448204
46347 0.448204
46348 0.448204
46349 0.448204
46350 0.448204
46351 0.448204
46352 0.448204
46353 0.448204
46354 0.448204
46355 0.448204
46356 0.448204
46357 0.448204
46358 0.448204
46359 0.448204
46360 0.448204
46361 0.448204
46362 0.448204
46363 0.448204
46364 0.448204
46365 0.448204
46366 0.448204
46367 0.448204
46368 0.448204
46369 0.448204
46370 0.448204
46371 0.448204
46372 0.448204
46373 0.448204
46374 0.448204
46375 0.448204
46376 0.448204
46377 0.448204
46378 0.448204
46379 0.448204
46380 0.448204
46381 0.448204
46382 0.448204
46383 0.448204
46384 0.448204
46385 0.448204
46386 0.448204
46387 0.448204
46388 0.448204
46389 0.448204
46390 0.448204
46391 0.448204
46392 0.448204
46393 0.448204
46394 0.448204
46395 0.448204
46396 0.448204
46397 0.448204
46398 0.448204
46399 0.448204
46400 0.448204
46401 0.448204
46402 0.448204
46403 0.448204
46404 0.448204
46405 0.448204
46406 0.448204
46407 0.448204
46408 0.448204
46409 0.448204
46410 0.448204
46411 0.448204
46412 0.448204
46413 0.448204
46414 0.448204
46415 0.448204
46416 0.448204
46417 0.448204
46418 0.448204
46419 0.448204
46420 0.448204
46421 0.448204
46422 0.448204
46423 0.448204
46424 0.448204
46425 0.448204
46426 0.448204
46427 0.448204
46428 0.448204
46429 0.448204
46430 0.448204
46431 0.448204
46432 0.448204
46433 0.448204
46434 0.448204
46435 0.448204
46436 0.448204
46437 0.448204
46438 0.448204
46439 0.448204
46440 0.448204
46441 0.448204
46442 0.448204
46443 0.448204
46444 0.448204
46445 0.448204
46446 0.448204
46447 0.448204
46448 0.448204
46449 0.448204
46450 0.448204
46451 0.448204
46452 0.448204
46453 0.448204
46454 0.448204
46455 0.448204
46456 0.448204
46457 0.448204
46458 0.448204
46459 0.448204
46460 0.448204
46461 0.448204
46462 0.448204
46463 0.448204
46464 0.448204
46465 0.448204
46466 0.448204
46467 0.448204
46468 0.448204
46469 0.448204
46470 0.448204
46471 0.448204
46472 0.448204
46473 0.448204
46474 0.448204
46475 0.448204
46476 0.448204
46477 0.448204
46478 0.448204
46479 0.448204
46480 0.448204
46481 0.448204
46482 0.448204
46483 0.448204
46484 0.448204
46485 0.448204
46486 0.448204
46487 0.448204
46488 0.448204
46489 0.448204
46490 0.448204
46491 0.448204
46492 0.448204
46493 0.448204
46494 0.448204
46495 0.448204
46496 0.448204
46497 0.448204
46498 0.448204
46499 0.448204
46500 0.448204
46501 0.448204
46502 0.448204
46503 0.448204
46504 0.448204
46505 0.448204
46506 0.448204
46507 0.448204
46508 0.448204
46509 0.448204
46510 0.448204
46511 0.448204
46512 0.448204
46513 0.448204
46514 0.448204
46515 0.448204
46516 0.448204
46517 0.448204
46518 0.448204
46519 0.448204
46520 0.448204
46521 0.448204
46522 0.448204
46523 0.448204
46524 0.448204
46525 0.448204
46526 0.448204
46527 0.448204
46528 0.448204
46529 0.448204
46530 0.448204
46531 0.448204
46532 0.448204
46533 0.448204
46534 0.448204
46535 0.448204
46536 0.448204
46537 0.448204
46538 0.448204
46539 0.448204
46540 0.448204
46541 0.448204
46542 0.448204
46543 0.448204
46544 0.448204
46545 0.448204
46546 0.448204
46547 0.448204
46548 0.448204
46549 0.448204
46550 0.448204
46551 0.448204
46552 0.448204
46553 0.448204
46554 0.448204
46555 0.448204
46556 0.448204
46557 0.448204
46558 0.448204
46559 0.448204
46560 0.448204
46561 0.448204
46562 0.448204
46563 0.448204
46564 0.448204
46565 0.448204
46566 0.448204
46567 0.448204
46568 0.448204
46569 0.448204
46570 0.448204
46571 0.448204
46572 0.448204
46573 0.448204
46574 0.448204
46575 0.448204
46576 0.448204
46577 0.448204
46578 0.448204
46579 0.448204
46580 0.448204
46581 0.448204
46582 0.448204
46583 0.448204
46584 0.448204
46585 0.448204
46586 0.448204
46587 0.448204
46588 0.448204
46589 0.448204
46590 0.448204
46591 0.448204
46592 0.448204
46593 0.448204
46594 0.448204
46595 0.448204
46596 0.448204
46597 0.448204
46598 0.448204
46599 0.448204
46600 0.448204
46601 0.448204
46602 0.448204
46603 0.448204
46604 0.448204
46605 0.448204
46606 0.448204
46607 0.448204
46608 0.448204
46609 0.448204
46610 0.448204
46611 0.448204
46612 0.448204
46613 0.448204
46614 0.448204
46615 0.448204
46616 0.448204
46617 0.448204
46618 0.448204
46619 0.448204
46620 0.448204
46621 0.448204
46622 0.448204
46623 0.448204
46624 0.448204
46625 0.448204
46626 0.448204
46627 0.448204
46628 0.448204
46629 0.448204
46630 0.448204
46631 0.448204
46632 0.448204
46633 0.448204
46634 0.448204
46635 0.448204
46636 0.448204
46637 0.448204
46638 0.448204
46639 0.448204
46640 0.448204
46641 0.448204
46642 0.448204
46643 0.448204
46644 0.448204
46645 0.448204
46646 0.448204
46647 0.448204
46648 0.448204
46649 0.448204
46650 0.448204
46651 0.448204
46652 0.448204
46653 0.448204
46654 0.448204
46655 0.448204
46656 0.448204
46657 0.448204
46658 0.448204
46659 0.448204
46660 0.448204
46661 0.448204
46662 0.448204
46663 0.448204
46664 0.448204
46665 0.448204
46666 0.448204
46667 0.448204
46668 0.448204
46669 0.448204
46670 0.448204
46671 0.448204
46672 0.448204
46673 0.448204
46674 0.448204
46675 0.448204
46676 0.448204
46677 0.448204
46678 0.448204
46679 0.448204
46680 0.448204
46681 0.448204
46682 0.448204
46683 0.448204
46684 0.448204
46685 0.448204
46686 0.448204
46687 0.448204
46688 0.448204
46689 0.448204
46690 0.448204
46691 0.448204
46692 0.448204
46693 0.448204
46694 0.448204
46695 0.448204
46696 0.448204
46697 0.448204
46698 0.448204
46699 0.448204
46700 0.448204
46701 0.448204
46702 0.448204
46703 0.448204
46704 0.448204
46705 0.448204
46706 0.448204
46707 0.448204
46708 0.448204
46709 0.448204
46710 0.448204
46711 0.448204
46712 0.448204
46713 0.448204
46714 0.448204
46715 0.448204
46716 0.448204
46717 0.448204
46718 0.448204
46719 0.448204
46720 0.448204
46721 0.448204
46722 0.448204
46723 0.448204
46724 0.448204
46725 0.448204
46726 0.448204
46727 0.448204
46728 0.448204
46729 0.448204
46730 0.448204
46731 0.448204
46732 0.448204
46733 0.448204
46734 0.448204
46735 0.448204
46736 0.448204
46737 0.448204
46738 0.448204
46739 0.448204
46740 0.448204
46741 0.448204
46742 0.448204
46743 0.448204
46744 0.448204
46745 0.448204
46746 0.448204
46747 0.448204
46748 0.448204
46749 0.448204
46750 0.448204
46751 0.448204
46752 0.448204
46753 0.448204
46754 0.448204
46755 0.448204
46756 0.448204
46757 0.448204
46758 0.448204
46759 0.448204
46760 0.448204
46761 0.448204
46762 0.448204
46763 0.448204
46764 0.448204
46765 0.448204
46766 0.448204
46767 0.448204
46768 0.448204
46769 0.448204
46770 0.448204
46771 0.448204
46772 0.448204
46773 0.448204
46774 0.448204
46775 0.448204
46776 0.448204
46777 0.448204
46778 0.448204
46779 0.448204
46780 0.448204
46781 0.448204
46782 0.448204
46783 0.448204
46784 0.448204
46785 0.448204
46786 0.448204
46787 0.448204
46788 0.448204
46789 0.448204
46790 0.448204
46791 0.448204
46792 0.448204
46793 0.448204
46794 0.448204
46795 0.448204
46796 0.448204
46797 0.448204
46798 0.448204
46799 0.448204
46800 0.448204
46801 0.448204
46802 0.448204
46803 0.448204
46804 0.448204
46805 0.448204
46806 0.448204
46807 0.448204
46808 0.448204
46809 0.448204
46810 0.448204
46811 0.448204
46812 0.448204
46813 0.448204
46814 0.448204
46815 0.448204
46816 0.448204
46817 0.448204
46818 0.448204
46819 0.448204
46820 0.448204
46821 0.448204
46822 0.448204
46823 0.448204
46824 0.448204
46825 0.448204
46826 0.448204
46827 0.448204
46828 0.448204
46829 0.448204
46830 0.448204
46831 0.448204
46832 0.448204
46833 0.448204
46834 0.448204
46835 0.448204
46836 0.448204
46837 0.448204
46838 0.448204
46839 0.448204
46840 0.448204
46841 0.448204
46842 0.448204
46843 0.448204
46844 0.448204
46845 0.448204
46846 0.448204
46847 0.448204
46848 0.448204
46849 0.448204
46850 0.448204
46851 0.448204
46852 0.448204
46853 0.448204
46854 0.448204
46855 0.448204
46856 0.448204
46857 0.448204
46858 0.448204
46859 0.448204
46860 0.448204
46861 0.448204
46862 0.448204
46863 0.448204
46864 0.448204
46865 0.448204
46866 0.448204
46867 0.448204
46868 0.448204
46869 0.448204
46870 0.448204
46871 0.448204
46872 0.448204
46873 0.448204
46874 0.448204
46875 0.448204
46876 0.448204
46877 0.448204
46878 0.448204
46879 0.448204
46880 0.448204
46881 0.448204
46882 0.448204
46883 0.448204
46884 0.448204
46885 0.448204
46886 0.448204
46887 0.448204
46888 0.448204
46889 0.448204
46890 0.448204
46891 0.448204
46892 0.448204
46893 0.448204
46894 0.448204
46895 0.448204
46896 0.448204
46897 0.448204
46898 0.448204
46899 0.448204
46900 0.448204
46901 0.448204
46902 0.448204
46903 0.448204
46904 0.448204
46905 0.448204
46906 0.448204
46907 0.448204
46908 0.448204
46909 0.448204
46910 0.448204
46911 0.448204
46912 0.448204
46913 0.448204
46914 0.448204
46915 0.448204
46916 0.448204
46917 0.448204
46918 0.448204
46919 0.448204
46920 0.448204
46921 0.448204
46922 0.448204
46923 0.448204
46924 0.448204
46925 0.448204
46926 0.448204
46927 0.448204
46928 0.448204
46929 0.448204
46930 0.448204
46931 0.448204
46932 0.448204
46933 0.448204
46934 0.448204
46935 0.448204
46936 0.448204
46937 0.448204
46938 0.448204
46939 0.448204
46940 0.448204
46941 0.448204
46942 0.448204
46943 0.448204
46944 0.448204
46945 0.448204
46946 0.448204
46947 0.448204
46948 0.448204
46949 0.448204
46950 0.448204
46951 0.448204
46952 0.448204
46953 0.448204
46954 0.448204
46955 0.448204
46956 0.448204
46957 0.448204
46958 0.448204
46959 0.448204
46960 0.448204
46961 0.448204
46962 0.448204
46963 0.448204
46964 0.448204
46965 0.448204
46966 0.448204
46967 0.448204
46968 0.448204
46969 0.448204
46970 0.448204
46971 0.448204
46972 0.448204
46973 0.448204
46974 0.448204
46975 0.448204
46976 0.448204
46977 0.448204
46978 0.448204
46979 0.448204
46980 0.448204
46981 0.448204
46982 0.448204
46983 0.448204
46984 0.448204
46985 0.448204
46986 0.448204
46987 0.448204
46988 0.448204
46989 0.448204
46990 0.448204
46991 0.448204
46992 0.448204
46993 0.448204
46994 0.448204
46995 0.448204
46996 0.448204
46997 0.448204
46998 0.448204
46999 0.448204
47000 0.448204
47001 0.448204
47002 0.448204
47003 0.448204
47004 0.448204
47005 0.448204
47006 0.448204
47007 0.448204
47008 0.448204
47009 0.448204
47010 0.448204
47011 0.448204
47012 0.448204
47013 0.448204
47014 0.448204
47015 0.448204
47016 0.448204
47017 0.448204
47018 0.448204
47019 0.448204
47020 0.448204
47021 0.448204
47022 0.448204
47023 0.448204
47024 0.448204
47025 0.448204
47026 0.448204
47027 0.448204
47028 0.448204
47029 0.448204
47030 0.448204
47031 0.448204
47032 0.448204
47033 0.448204
47034 0.448204
47035 0.448204
47036 0.448204
47037 0.448204
47038 0.448204
47039 0.448204
47040 0.448204
47041 0.448204
47042 0.448204
47043 0.448204
47044 0.448204
47045 0.448204
47046 0.448204
47047 0.448204
47048 0.448204
47049 0.448204
47050 0.448204
47051 0.448204
47052 0.448204
47053 0.448204
47054 0.448204
47055 0.448204
47056 0.448204
47057 0.448204
47058 0.448204
47059 0.448204
47060 0.448204
47061 0.448204
47062 0.448204
47063 0.448204
47064 0.448204
47065 0.448204
47066 0.448204
47067 0.448204
47068 0.448204
47069 0.448204
47070 0.448204
47071 0.448204
47072 0.448204
47073 0.448204
47074 0.448204
47075 0.448204
47076 0.448204
47077 0.448204
47078 0.448204
47079 0.448204
47080 0.448204
47081 0.448204
47082 0.448204
47083 0.448204
47084 0.448204
47085 0.448204
47086 0.448204
47087 0.448204
47088 0.448204
47089 0.448204
47090 0.448204
47091 0.448204
47092 0.448204
47093 0.448204
47094 0.448204
47095 0.448204
47096 0.448204
47097 0.448204
47098 0.448204
47099 0.448204
47100 0.448204
47101 0.448204
47102 0.448204
47103 0.448204
47104 0.448204
47105 0.448204
47106 0.448204
47107 0.448204
47108 0.448204
47109 0.448204
47110 0.448204
47111 0.448204
47112 0.448204
47113 0.448204
47114 0.448204
47115 0.448204
47116 0.448204
47117 0.448204
47118 0.448204
47119 0.448204
47120 0.448204
47121 0.448204
47122 0.448204
47123 0.448204
47124 0.448204
47125 0.448204
47126 0.448204
47127 0.448204
47128 0.448204
47129 0.448204
47130 0.448204
47131 0.448204
47132 0.448204
47133 0.448204
47134 0.448204
47135 0.448204
47136 0.448204
47137 0.448204
47138 0.448204
47139 0.448204
47140 0.448204
47141 0.448204
47142 0.448204
47143 0.448204
47144 0.448204
47145 0.448204
47146 0.448204
47147 0.448204
47148 0.448204
47149 0.448204
47150 0.448204
47151 0.448204
47152 0.448204
47153 0.448204
47154 0.448204
47155 0.448204
47156 0.448204
47157 0.448204
47158 0.448204
47159 0.448204
47160 0.448204
47161 0.448204
47162 0.448204
47163 0.448204
47164 0.448204
47165 0.448204
47166 0.448204
47167 0.448204
47168 0.448204
47169 0.448204
47170 0.448204
47171 0.448204
47172 0.448204
47173 0.448204
47174 0.448204
47175 0.448204
47176 0.448204
47177 0.448204
47178 0.448204
47179 0.448204
47180 0.448204
47181 0.448204
47182 0.448204
47183 0.448204
47184 0.448204
47185 0.448204
47186 0.448204
47187 0.448204
47188 0.448204
47189 0.448204
47190 0.448204
47191 0.448204
47192 0.448204
47193 0.448204
47194 0.448204
47195 0.448204
47196 0.448204
47197 0.448204
47198 0.448204
47199 0.448204
47200 0.448204
47201 0.448204
47202 0.448204
47203 0.448204
47204 0.448204
47205 0.448204
47206 0.448204
47207 0.448204
47208 0.448204
47209 0.448204
47210 0.448204
47211 0.448204
47212 0.448204
47213 0.448204
47214 0.448204
47215 0.448204
47216 0.448204
47217 0.448204
47218 0.448204
47219 0.448204
47220 0.448204
47221 0.448204
47222 0.448204
47223 0.448204
47224 0.448204
47225 0.448204
47226 0.448204
47227 0.448204
47228 0.448204
47229 0.448204
47230 0.448204
47231 0.448204
47232 0.448204
47233 0.448204
47234 0.448204
47235 0.448204
47236 0.448204
47237 0.448204
47238 0.448204
47239 0.448204
47240 0.448204
47241 0.448204
47242 0.448204
47243 0.448204
47244 0.448204
47245 0.448204
47246 0.448204
47247 0.448204
47248 0.448204
47249 0.448204
47250 0.448204
47251 0.448204
47252 0.448204
47253 0.448204
47254 0.448204
47255 0.448204
47256 0.448204
47257 0.448204
47258 0.448204
47259 0.448204
47260 0.448204
47261 0.448204
47262 0.448204
47263 0.448204
47264 0.448204
47265 0.448204
47266 0.448204
47267 0.448204
47268 0.448204
47269 0.448204
47270 0.448204
47271 0.448204
47272 0.448204
47273 0.448204
47274 0.448204
47275 0.448204
47276 0.448204
47277 0.448204
47278 0.448204
47279 0.448204
47280 0.448204
47281 0.448204
47282 0.448204
47283 0.448204
47284 0.448204
47285 0.448204
47286 0.448204
47287 0.448204
47288 0.448204
47289 0.448204
47290 0.448204
47291 0.448204
47292 0.448204
47293 0.448204
47294 0.448204
47295 0.448204
47296 0.448204
47297 0.448204
47298 0.448204
47299 0.448204
47300 0.448204
47301 0.448204
47302 0.448204
47303 0.448204
47304 0.448204
47305 0.448204
47306 0.448204
47307 0.448204
47308 0.448204
47309 0.448204
47310 0.448204
47311 0.448204
47312 0.448204
47313 0.448204
47314 0.448204
47315 0.448204
47316 0.448204
47317 0.448204
47318 0.448204
47319 0.448204
47320 0.448204
47321 0.448204
47322 0.448204
47323 0.448204
47324 0.448204
47325 0.448204
47326 0.448204
47327 0.448204
47328 0.448204
47329 0.448204
47330 0.448204
47331 0.448204
47332 0.448204
47333 0.448204
47334 0.448204
47335 0.448204
47336 0.448204
47337 0.448204
47338 0.448204
47339 0.448204
47340 0.448204
47341 0.448204
47342 0.448204
47343 0.448204
47344 0.448204
47345 0.448204
47346 0.448204
47347 0.448204
47348 0.448204
47349 0.448204
47350 0.448204
47351 0.448204
47352 0.448204
47353 0.448204
47354 0.448204
47355 0.448204
47356 0.448204
47357 0.448204
47358 0.448204
47359 0.448204
47360 0.448204
47361 0.448204
47362 0.448204
47363 0.448204
47364 0.448204
47365 0.448204
47366 0.448204
47367 0.448204
47368 0.448204
47369 0.448204
47370 0.448204
47371 0.448204
47372 0.448204
47373 0.448204
47374 0.448204
47375 0.448204
47376 0.448204
47377 0.448204
47378 0.448204
47379 0.448204
47380 0.448204
47381 0.448204
47382 0.448204
47383 0.448204
47384 0.448204
47385 0.448204
47386 0.448204
47387 0.448204
47388 0.448204
47389 0.448204
47390 0.448204
47391 0.448204
47392 0.448204
47393 0.448204
47394 0.448204
47395 0.448204
47396 0.448204
47397 0.448204
47398 0.448204
47399 0.448204
47400 0.448204
47401 0.448204
47402 0.448204
47403 0.448204
47404 0.448204
47405 0.448204
47406 0.448204
47407 0.448204
47408 0.448204
47409 0.448204
47410 0.448204
47411 0.448204
47412 0.448204
47413 0.448204
47414 0.448204
47415 0.448204
47416 0.448204
47417 0.448204
47418 0.448204
47419 0.448204
47420 0.448204
47421 0.448204
47422 0.448204
47423 0.448204
47424 0.448204
47425 0.448204
47426 0.448204
47427 0.448204
47428 0.448204
47429 0.448204
47430 0.448204
47431 0.448204
47432 0.448204
47433 0.448204
47434 0.448204
47435 0.448204
47436 0.448204
47437 0.448204
47438 0.448204
47439 0.448204
47440 0.448204
47441 0.448204
47442 0.448204
47443 0.448204
47444 0.448204
47445 0.448204
47446 0.448204
47447 0.448204
47448 0.448204
47449 0.448204
47450 0.448204
47451 0.448204
47452 0.448204
47453 0.448204
47454 0.448204
47455 0.448204
47456 0.448204
47457 0.448204
47458 0.448204
47459 0.448204
47460 0.448204
47461 0.448204
47462 0.448204
47463 0.448204
47464 0.448204
47465 0.448204
47466 0.448204
47467 0.448204
47468 0.448204
47469 0.448204
47470 0.448204
47471 0.448204
47472 0.448204
47473 0.448204
47474 0.448204
47475 0.448204
47476 0.448204
47477 0.448204
47478 0.448204
47479 0.448204
47480 0.448204
47481 0.448204
47482 0.448204
47483 0.448204
47484 0.448204
47485 0.448204
47486 0.448204
47487 0.448204
47488 0.448204
47489 0.448204
47490 0.448204
47491 0.448204
47492 0.448204
47493 0.448204
47494 0.448204
47495 0.448204
47496 0.448204
47497 0.448204
47498 0.448204
47499 0.448204
47500 0.448204
47501 0.448204
47502 0.448204
47503 0.448204
47504 0.448204
47505 0.448204
47506 0.448204
47507 0.448204
47508 0.448204
47509 0.448204
47510 0.448204
47511 0.448204
47512 0.448204
47513 0.448204
47514 0.448204
47515 0.448204
47516 0.448204
47517 0.448204
47518 0.448204
47519 0.448204
47520 0.448204
47521 0.448204
47522 0.448204
47523 0.448204
47524 0.448204
47525 0.448204
47526 0.448204
47527 0.448204
47528 0.448204
47529 0.448204
47530 0.448204
47531 0.448204
47532 0.448204
47533 0.448204
47534 0.448204
47535 0.448204
47536 0.448204
47537 0.448204
47538 0.448204
47539 0.448204
47540 0.448204
47541 0.448204
47542 0.448204
47543 0.448204
47544 0.448204
47545 0.448204
47546 0.448204
47547 0.448204
47548 0.448204
47549 0.448204
47550 0.448204
47551 0.448204
47552 0.448204
47553 0.448204
47554 0.448204
47555 0.448204
47556 0.448204
47557 0.448204
47558 0.448204
47559 0.448204
47560 0.448204
47561 0.448204
47562 0.448204
47563 0.448204
47564 0.448204
47565 0.448204
47566 0.448204
47567 0.448204
47568 0.448204
47569 0.448204
47570 0.448204
47571 0.448204
47572 0.448204
47573 0.448204
47574 0.448204
47575 0.448204
47576 0.448204
47577 0.448204
47578 0.448204
47579 0.448204
47580 0.448204
47581 0.448204
47582 0.448204
47583 0.448204
47584 0.448204
47585 0.448204
47586 0.448204
47587 0.448204
47588 0.448204
47589 0.448204
47590 0.448204
47591 0.448204
47592 0.448204
47593 0.448204
47594 0.448204
47595 0.448204
47596 0.448204
47597 0.448204
47598 0.448204
47599 0.448204
47600 0.448204
47601 0.448204
47602 0.448204
47603 0.448204
47604 0.448204
47605 0.448204
47606 0.448204
47607 0.448204
47608 0.448204
47609 0.448204
47610 0.448204
47611 0.448204
47612 0.448204
47613 0.448204
47614 0.448204
47615 0.448204
47616 0.448204
47617 0.448204
47618 0.448204
47619 0.448204
47620 0.448204
47621 0.448204
47622 0.448204
47623 0.448204
47624 0.448204
47625 0.448204
47626 0.448204
47627 0.448204
47628 0.448204
47629 0.448204
47630 0.448204
47631 0.448204
47632 0.448204
47633 0.448204
47634 0.448204
47635 0.448204
47636 0.448204
47637 0.448204
47638 0.448204
47639 0.448204
47640 0.448204
47641 0.448204
47642 0.448204
47643 0.448204
47644 0.448204
47645 0.448204
47646 0.448204
47647 0.448204
47648 0.448204
47649 0.448204
47650 0.448204
47651 0.448204
47652 0.448204
47653 0.448204
47654 0.448204
47655 0.448204
47656 0.448204
47657 0.448204
47658 0.448204
47659 0.448204
47660 0.448204
47661 0.448204
47662 0.448204
47663 0.448204
47664 0.448204
47665 0.448204
47666 0.448204
47667 0.448204
47668 0.448204
47669 0.448204
47670 0.448204
47671 0.448204
47672 0.448204
47673 0.448204
47674 0.448204
47675 0.448204
47676 0.448204
47677 0.448204
47678 0.448204
47679 0.448204
47680 0.448204
47681 0.448204
47682 0.448204
47683 0.448204
47684 0.448204
47685 0.448204
47686 0.448204
47687 0.448204
47688 0.448204
47689 0.448204
47690 0.448204
47691 0.448204
47692 0.448204
47693 0.448204
47694 0.448204
47695 0.448204
47696 0.448204
47697 0.448204
47698 0.448204
47699 0.448204
47700 0.448204
47701 0.448204
47702 0.448204
47703 0.448204
47704 0.448204
47705 0.448204
47706 0.448204
47707 0.448204
47708 0.448204
47709 0.448204
47710 0.448204
47711 0.448204
47712 0.448204
47713 0.448204
47714 0.448204
47715 0.448204
47716 0.448204
47717 0.448204
47718 0.448204
47719 0.448204
47720 0.448204
47721 0.448204
47722 0.448204
47723 0.448204
47724 0.448204
47725 0.448204
47726 0.448204
47727 0.448204
47728 0.448204
47729 0.448204
47730 0.448204
47731 0.448204
47732 0.448204
47733 0.448204
47734 0.448204
47735 0.448204
47736 0.448204
47737 0.448204
47738 0.448204
47739 0.448204
47740 0.448204
47741 0.448204
47742 0.448204
47743 0.448204
47744 0.448204
47745 0.448204
47746 0.448204
47747 0.448204
47748 0.448204
47749 0.448204
47750 0.448204
47751 0.448204
47752 0.448204
47753 0.448204
47754 0.448204
47755 0.448204
47756 0.448204
47757 0.448204
47758 0.448204
47759 0.448204
47760 0.448204
47761 0.448204
47762 0.448204
47763 0.448204
47764 0.448204
47765 0.448204
47766 0.448204
47767 0.448204
47768 0.448204
47769 0.448204
47770 0.448204
47771 0.448204
47772 0.448204
47773 0.448204
47774 0.448204
47775 0.448204
47776 0.448204
47777 0.448204
47778 0.448204
47779 0.448204
47780 0.448204
47781 0.448204
47782 0.448204
47783 0.448204
47784 0.448204
47785 0.448204
47786 0.448204
47787 0.448204
47788 0.448204
47789 0.448204
47790 0.448204
47791 0.448204
47792 0.448204
47793 0.448204
47794 0.448204
47795 0.448204
47796 0.448204
47797 0.448204
47798 0.448204
47799 0.448204
47800 0.448204
47801 0.448204
47802 0.448204
47803 0.448204
47804 0.448204
47805 0.448204
47806 0.448204
47807 0.448204
47808 0.448204
47809 0.448204
47810 0.448204
47811 0.448204
47812 0.448204
47813 0.448204
47814 0.448204
47815 0.448204
47816 0.448204
47817 0.448204
47818 0.448204
47819 0.448204
47820 0.448204
47821 0.448204
47822 0.448204
47823 0.448204
47824 0.448204
47825 0.448204
47826 0.448204
47827 0.448204
47828 0.448204
47829 0.448204
47830 0.448204
47831 0.448204
47832 0.448204
47833 0.448204
47834 0.448204
47835 0.448204
47836 0.448204
47837 0.448204
47838 0.448204
47839 0.448204
47840 0.448204
47841 0.448204
47842 0.448204
47843 0.448204
47844 0.448204
47845 0.448204
47846 0.448204
47847 0.448204
47848 0.448204
47849 0.448204
47850 0.448204
47851 0.448204
47852 0.448204
47853 0.448204
47854 0.448204
47855 0.448204
47856 0.448204
47857 0.448204
47858 0.448204
47859 0.448204
47860 0.448204
47861 0.448204
47862 0.448204
47863 0.448204
47864 0.448204
47865 0.448204
47866 0.448204
47867 0.448204
47868 0.448204
47869 0.448204
47870 0.448204
47871 0.448204
47872 0.448204
47873 0.448204
47874 0.448204
47875 0.448204
47876 0.448204
47877 0.448204
47878 0.448204
47879 0.448204
47880 0.448204
47881 0.448204
47882 0.448204
47883 0.448204
47884 0.448204
47885 0.448204
47886 0.448204
47887 0.448204
47888 0.448204
47889 0.448204
47890 0.448204
47891 0.448204
47892 0.448204
47893 0.448204
47894 0.448204
47895 0.448204
47896 0.448204
47897 0.448204
47898 0.448204
47899 0.448204
47900 0.448204
47901 0.448204
47902 0.448204
47903 0.448204
47904 0.448204
47905 0.448204
47906 0.448204
47907 0.448204
47908 0.448204
47909 0.448204
47910 0.448204
47911 0.448204
47912 0.448204
47913 0.448204
47914 0.448204
47915 0.448204
47916 0.448204
47917 0.448204
47918 0.448204
47919 0.448204
47920 0.448204
47921 0.448204
47922 0.448204
47923 0.448204
47924 0.448204
47925 0.448204
47926 0.448204
47927 0.448204
47928 0.448204
47929 0.448204
47930 0.448204
47931 0.448204
47932 0.448204
47933 0.448204
47934 0.448204
47935 0.448204
47936 0.448204
47937 0.448204
47938 0.448204
47939 0.448204
47940 0.448204
47941 0.448204
47942 0.448204
47943 0.448204
47944 0.448204
47945 0.448204
47946 0.448204
47947 0.448204
47948 0.448204
47949 0.448204
47950 0.448204
47951 0.448204
47952 0.448204
47953 0.448204
47954 0.448204
47955 0.448204
47956 0.448204
47957 0.448204
47958 0.448204
47959 0.448204
47960 0.448204
47961 0.448204
47962 0.448204
47963 0.448204
47964 0.448204
47965 0.448204
47966 0.448204
47967 0.448204
47968 0.448204
47969 0.448204
47970 0.448204
47971 0.448204
47972 0.448204
47973 0.448204
47974 0.448204
47975 0.448204
47976 0.448204
47977 0.448204
47978 0.448204
47979 0.448204
47980 0.448204
47981 0.448204
47982 0.448204
47983 0.448204
47984 0.448204
47985 0.448204
47986 0.448204
47987 0.448204
47988 0.448204
47989 0.448204
47990 0.448204
47991 0.448204
47992 0.448204
47993 0.448204
47994 0.448204
47995 0.448204
47996 0.448204
47997 0.448204
47998 0.448204
47999 0.448204
48000 0.448204
48001 0.448204
48002 0.448204
48003 0.448204
48004 0.448204
48005 0.448204
48006 0.448204
48007 0.448204
48008 0.448204
48009 0.448204
48010 0.448204
48011 0.448204
48012 0.448204
48013 0.448204
48014 0.448204
48015 0.448204
48016 0.448204
48017 0.448204
48018 0.448204
48019 0.448204
48020 0.448204
48021 0.448204
48022 0.448204
48023 0.448204
48024 0.448204
48025 0.448204
48026 0.448204
48027 0.448204
48028 0.448204
48029 0.448204
48030 0.448204
48031 0.448204
48032 0.448204
48033 0.448204
48034 0.448204
48035 0.448204
48036 0.448204
48037 0.448204
48038 0.448204
48039 0.448204
48040 0.448204
48041 0.448204
48042 0.448204
48043 0.448204
48044 0.448204
48045 0.448204
48046 0.448204
48047 0.448204
48048 0.448204
48049 0.448204
48050 0.448204
48051 0.448204
48052 0.448204
48053 0.448204
48054 0.448204
48055 0.448204
48056 0.448204
48057 0.448204
48058 0.448204
48059 0.448204
48060 0.448204
48061 0.448204
48062 0.448204
48063 0.448204
48064 0.448204
48065 0.448204
48066 0.448204
48067 0.448204
48068 0.448204
48069 0.448204
48070 0.448204
48071 0.448204
48072 0.448204
48073 0.448204
48074 0.448204
48075 0.448204
48076 0.448204
48077 0.448204
48078 0.448204
48079 0.448204
48080 0.448204
48081 0.448204
48082 0.448204
48083 0.448204
48084 0.448204
48085 0.448204
48086 0.448204
48087 0.448204
48088 0.448204
48089 0.448204
48090 0.448204
48091 0.448204
48092 0.448204
48093 0.448204
48094 0.448204
48095 0.448204
48096 0.448204
48097 0.448204
48098 0.448204
48099 0.448204
48100 0.448204
48101 0.448204
48102 0.448204
48103 0.448204
48104 0.448204
48105 0.448204
48106 0.448204
48107 0.448204
48108 0.448204
48109 0.448204
48110 0.448204
48111 0.448204
48112 0.448204
48113 0.448204
48114 0.448204
48115 0.448204
48116 0.448204
48117 0.448204
48118 0.448204
48119 0.448204
48120 0.448204
48121 0.448204
48122 0.448204
48123 0.448204
48124 0.448204
48125 0.448204
48126 0.448204
48127 0.448204
48128 0.448204
48129 0.448204
48130 0.448204
48131 0.448204
48132 0.448204
48133 0.448204
48134 0.448204
48135 0.448204
48136 0.448204
48137 0.448204
48138 0.448204
48139 0.448204
48140 0.448204
48141 0.448204
48142 0.448204
48143 0.448204
48144 0.448204
48145 0.448204
48146 0.448204
48147 0.448204
48148 0.448204
48149 0.448204
48150 0.448204
48151 0.448204
48152 0.448204
48153 0.448204
48154 0.448204
48155 0.448204
48156 0.448204
48157 0.448204
48158 0.448204
48159 0.448204
48160 0.448204
48161 0.448204
48162 0.448204
48163 0.448204
48164 0.448204
48165 0.448204
48166 0.448204
48167 0.448204
48168 0.448204
48169 0.448204
48170 0.448204
48171 0.448204
48172 0.448204
48173 0.448204
48174 0.448204
48175 0.448204
48176 0.448204
48177 0.448204
48178 0.448204
48179 0.448204
48180 0.448204
48181 0.448204
48182 0.448204
48183 0.448204
48184 0.448204
48185 0.448204
48186 0.448204
48187 0.448204
48188 0.448204
48189 0.448204
48190 0.448204
48191 0.448204
48192 0.448204
48193 0.448204
48194 0.448204
48195 0.448204
48196 0.448204
48197 0.448204
48198 0.448204
48199 0.448204
48200 0.448204
48201 0.448204
48202 0.448204
48203 0.448204
48204 0.448204
48205 0.448204
48206 0.448204
48207 0.448204
48208 0.448204
48209 0.448204
48210 0.448204
48211 0.448204
48212 0.448204
48213 0.448204
48214 0.448204
48215 0.448204
48216 0.448204
48217 0.448204
48218 0.448204
48219 0.448204
48220 0.448204
48221 0.448204
48222 0.448204
48223 0.448204
48224 0.448204
48225 0.448204
48226 0.448204
48227 0.448204
48228 0.448204
48229 0.448204
48230 0.448204
48231 0.448204
48232 0.448204
48233 0.448204
48234 0.448204
48235 0.448204
48236 0.448204
48237 0.448204
48238 0.448204
48239 0.448204
48240 0.448204
48241 0.448204
48242 0.448204
48243 0.448204
48244 0.448204
48245 0.448204
48246 0.448204
48247 0.448204
48248 0.448204
48249 0.448204
48250 0.448204
48251 0.448204
48252 0.448204
48253 0.448204
48254 0.448204
48255 0.448204
48256 0.448204
48257 0.448204
48258 0.448204
48259 0.448204
48260 0.448204
48261 0.448204
48262 0.448204
48263 0.448204
48264 0.448204
48265 0.448204
48266 0.448204
48267 0.448204
48268 0.448204
48269 0.448204
48270 0.448204
48271 0.448204
48272 0.448204
48273 0.448204
48274 0.448204
48275 0.448204
48276 0.448204
48277 0.448204
48278 0.448204
48279 0.448204
48280 0.448204
48281 0.448204
48282 0.448204
48283 0.448204
48284 0.448204
48285 0.448204
48286 0.448204
48287 0.448204
48288 0.448204
48289 0.448204
48290 0.448204
48291 0.448204
48292 0.448204
48293 0.448204
48294 0.448204
48295 0.448204
48296 0.448204
48297 0.448204
48298 0.448204
48299 0.448204
48300 0.448204
48301 0.448204
48302 0.448204
48303 0.448204
48304 0.448204
48305 0.448204
48306 0.448204
48307 0.448204
48308 0.448204
48309 0.448204
48310 0.448204
48311 0.448204
48312 0.448204
48313 0.448204
48314 0.448204
48315 0.448204
48316 0.448204
48317 0.448204
48318 0.448204
48319 0.448204
48320 0.448204
48321 0.448204
48322 0.448204
48323 0.448204
48324 0.448204
48325 0.448204
48326 0.448204
48327 0.448204
48328 0.448204
48329 0.448204
48330 0.448204
48331 0.448204
48332 0.448204
48333 0.448204
48334 0.448204
48335 0.448204
48336 0.448204
48337 0.448204
48338 0.448204
48339 0.448204
48340 0.448204
48341 0.448204
48342 0.448204
48343 0.448204
48344 0.448204
48345 0.448204
48346 0.448204
48347 0.448204
48348 0.448204
48349 0.448204
48350 0.448204
48351 0.448204
48352 0.448204
48353 0.448204
48354 0.448204
48355 0.448204
48356 0.448204
48357 0.448204
48358 0.448204
48359 0.448204
48360 0.448204
48361 0.448204
48362 0.448204
48363 0.448204
48364 0.448204
48365 0.448204
48366 0.448204
48367 0.448204
48368 0.448204
48369 0.448204
48370 0.448204
48371 0.448204
48372 0.448204
48373 0.448204
48374 0.448204
48375 0.448204
48376 0.448204
48377 0.448204
48378 0.448204
48379 0.448204
48380 0.448204
48381 0.448204
48382 0.448204
48383 0.448204
48384 0.448204
48385 0.448204
48386 0.448204
48387 0.448204
48388 0.448204
48389 0.448204
48390 0.448204
48391 0.448204
48392 0.448204
48393 0.448204
48394 0.448204
48395 0.448204
48396 0.448204
48397 0.448204
48398 0.448204
48399 0.448204
48400 0.448204
48401 0.448204
48402 0.448204
48403 0.448204
48404 0.448204
48405 0.448204
48406 0.448204
48407 0.448204
48408 0.448204
48409 0.448204
48410 0.448204
48411 0.448204
48412 0.448204
48413 0.448204
48414 0.448204
48415 0.448204
48416 0.448204
48417 0.448204
48418 0.448204
48419 0.448204
48420 0.448204
48421 0.448204
48422 0.448204
48423 0.448204
48424 0.448204
48425 0.448204
48426 0.448204
48427 0.448204
48428 0.448204
48429 0.448204
48430 0.448204
48431 0.448204
48432 0.448204
48433 0.448204
48434 0.448204
48435 0.448204
48436 0.448204
48437 0.448204
48438 0.448204
48439 0.448204
48440 0.448204
48441 0.448204
48442 0.448204
48443 0.448204
48444 0.448204
48445 0.448204
48446 0.448204
48447 0.448204
48448 0.448204
48449 0.448204
48450 0.448204
48451 0.448204
48452 0.448204
48453 0.448204
48454 0.448204
48455 0.448204
48456 0.448204
48457 0.448204
48458 0.448204
48459 0.448204
48460 0.448204
48461 0.448204
48462 0.448204
48463 0.448204
48464 0.448204
48465 0.448204
48466 0.448204
48467 0.448204
48468 0.448204
48469 0.448204
48470 0.448204
48471 0.448204
48472 0.448204
48473 0.448204
48474 0.448204
48475 0.448204
48476 0.448204
48477 0.448204
48478 0.448204
48479 0.448204
48480 0.448204
48481 0.448204
48482 0.448204
48483 0.448204
48484 0.448204
48485 0.448204
48486 0.448204
48487 0.448204
48488 0.448204
48489 0.448204
48490 0.448204
48491 0.448204
48492 0.448204
48493 0.448204
48494 0.448204
48495 0.448204
48496 0.448204
48497 0.448204
48498 0.448204
48499 0.448204
48500 0.448204
48501 0.448204
48502 0.448204
48503 0.448204
48504 0.448204
48505 0.448204
48506 0.448204
48507 0.448204
48508 0.448204
48509 0.448204
48510 0.448204
48511 0.448204
48512 0.448204
48513 0.448204
48514 0.448204
48515 0.448204
48516 0.448204
48517 0.448204
48518 0.448204
48519 0.448204
48520 0.448204
48521 0.448204
48522 0.448204
48523 0.448204
48524 0.448204
48525 0.448204
48526 0.448204
48527 0.448204
48528 0.448204
48529 0.448204
48530 0.448204
48531 0.448204
48532 0.448204
48533 0.448204
48534 0.448204
48535 0.448204
48536 0.448204
48537 0.448204
48538 0.448204
48539 0.448204
48540 0.448204
48541 0.448204
48542 0.448204
48543 0.448204
48544 0.448204
48545 0.448204
48546 0.448204
48547 0.448204
48548 0.448204
48549 0.448204
48550 0.448204
48551 0.448204
48552 0.448204
48553 0.448204
48554 0.448204
48555 0.448204
48556 0.448204
48557 0.448204
48558 0.448204
48559 0.448204
48560 0.448204
48561 0.448204
48562 0.448204
48563 0.448204
48564 0.448204
48565 0.448204
48566 0.448204
48567 0.448204
48568 0.448204
48569 0.448204
48570 0.448204
48571 0.448204
48572 0.448204
48573 0.448204
48574 0.448204
48575 0.448204
48576 0.448204
48577 0.448204
48578 0.448204
48579 0.448204
48580 0.448204
48581 0.448204
48582 0.448204
48583 0.448204
48584 0.448204
48585 0.448204
48586 0.448204
48587 0.448204
48588 0.448204
48589 0.448204
48590 0.448204
48591 0.448204
48592 0.448204
48593 0.448204
48594 0.448204
48595 0.448204
48596 0.448204
48597 0.448204
48598 0.448204
48599 0.448204
48600 0.448204
48601 0.448204
48602 0.448204
48603 0.448204
48604 0.448204
48605 0.448204
48606 0.448204
48607 0.448204
48608 0.448204
48609 0.448204
48610 0.448204
48611 0.448204
48612 0.448204
48613 0.448204
48614 0.448204
48615 0.448204
48616 0.448204
48617 0.448204
48618 0.448204
48619 0.448204
48620 0.448204
48621 0.448204
48622 0.448204
48623 0.448204
48624 0.448204
48625 0.448204
48626 0.448204
48627 0.448204
48628 0.448204
48629 0.448204
48630 0.448204
48631 0.448204
48632 0.448204
48633 0.448204
48634 0.448204
48635 0.448204
48636 0.448204
48637 0.448204
48638 0.448204
48639 0.448204
48640 0.448204
48641 0.448204
48642 0.448204
48643 0.448204
48644 0.448204
48645 0.448204
48646 0.448204
48647 0.448204
48648 0.448204
48649 0.448204
48650 0.448204
48651 0.448204
48652 0.448204
48653 0.448204
48654 0.448204
48655 0.448204
48656 0.448204
48657 0.448204
48658 0.448204
48659 0.448204
48660 0.448204
48661 0.448204
48662 0.448204
48663 0.448204
48664 0.448204
48665 0.448204
48666 0.448204
48667 0.448204
48668 0.448204
48669 0.448204
48670 0.448204
48671 0.448204
48672 0.448204
48673 0.448204
48674 0.448204
48675 0.448204
48676 0.448204
48677 0.448204
48678 0.448204
48679 0.448204
48680 0.448204
48681 0.448204
48682 0.448204
48683 0.448204
48684 0.448204
48685 0.448204
48686 0.448204
48687 0.448204
48688 0.448204
48689 0.448204
48690 0.448204
48691 0.448204
48692 0.448204
48693 0.448204
48694 0.448204
48695 0.448204
48696 0.448204
48697 0.448204
48698 0.448204
48699 0.448204
48700 0.448204
48701 0.448204
48702 0.448204
48703 0.448204
48704 0.448204
48705 0.448204
48706 0.448204
48707 0.448204
48708 0.448204
48709 0.448204
48710 0.448204
48711 0.448204
48712 0.448204
48713 0.448204
48714 0.448204
48715 0.448204
48716 0.448204
48717 0.448204
48718 0.448204
48719 0.448204
48720 0.448204
48721 0.448204
48722 0.448204
48723 0.448204
48724 0.448204
48725 0.448204
48726 0.448204
48727 0.448204
48728 0.448204
48729 0.448204
48730 0.448204
48731 0.448204
48732 0.448204
48733 0.448204
48734 0.448204
48735 0.448204
48736 0.448204
48737 0.448204
48738 0.448204
48739 0.448204
48740 0.448204
48741 0.448204
48742 0.448204
48743 0.448204
48744 0.448204
48745 0.448204
48746 0.448204
48747 0.448204
48748 0.448204
48749 0.448204
48750 0.448204
48751 0.448204
48752 0.448204
48753 0.448204
48754 0.448204
48755 0.448204
48756 0.448204
48757 0.448204
48758 0.448204
48759 0.448204
48760 0.448204
48761 0.448204
48762 0.448204
48763 0.448204
48764 0.448204
48765 0.448204
48766 0.448204
48767 0.448204
48768 0.448204
48769 0.448204
48770 0.448204
48771 0.448204
48772 0.448204
48773 0.448204
48774 0.448204
48775 0.448204
48776 0.448204
48777 0.448204
48778 0.448204
48779 0.448204
48780 0.448204
48781 0.448204
48782 0.448204
48783 0.448204
48784 0.448204
48785 0.448204
48786 0.448204
48787 0.448204
48788 0.448204
48789 0.448204
48790 0.448204
48791 0.448204
48792 0.448204
48793 0.448204
48794 0.448204
48795 0.448204
48796 0.448204
48797 0.448204
48798 0.448204
48799 0.448204
48800 0.448204
48801 0.448204
48802 0.448204
48803 0.448204
48804 0.448204
48805 0.448204
48806 0.448204
48807 0.448204
48808 0.448204
48809 0.448204
48810 0.448204
48811 0.448204
48812 0.448204
48813 0.448204
48814 0.448204
48815 0.448204
48816 0.448204
48817 0.448204
48818 0.448204
48819 0.448204
48820 0.448204
48821 0.448204
48822 0.448204
48823 0.448204
48824 0.448204
48825 0.448204
48826 0.448204
48827 0.448204
48828 0.448204
48829 0.448204
48830 0.448204
48831 0.448204
48832 0.448204
48833 0.448204
48834 0.448204
48835 0.448204
48836 0.448204
48837 0.448204
48838 0.448204
48839 0.448204
48840 0.448204
48841 0.448204
48842 0.448204
48843 0.448204
48844 0.448204
48845 0.448204
48846 0.448204
48847 0.448204
48848 0.448204
48849 0.448204
48850 0.448204
48851 0.448204
48852 0.448204
48853 0.448204
48854 0.448204
48855 0.448204
48856 0.448204
48857 0.448204
48858 0.448204
48859 0.448204
48860 0.448204
48861 0.448204
48862 0.448204
48863 0.448204
48864 0.448204
48865 0.448204
48866 0.448204
48867 0.448204
48868 0.448204
48869 0.448204
48870 0.448204
48871 0.448204
48872 0.448204
48873 0.448204
48874 0.448204
48875 0.448204
48876 0.448204
48877 0.448204
48878 0.448204
48879 0.448204
48880 0.448204
48881 0.448204
48882 0.448204
48883 0.448204
48884 0.448204
48885 0.448204
48886 0.448204
48887 0.448204
48888 0.448204
48889 0.448204
48890 0.448204
48891 0.448204
48892 0.448204
48893 0.448204
48894 0.448204
48895 0.448204
48896 0.448204
48897 0.448204
48898 0.448204
48899 0.448204
48900 0.448204
48901 0.448204
48902 0.448204
48903 0.448204
48904 0.448204
48905 0.448204
48906 0.448204
48907 0.448204
48908 0.448204
48909 0.448204
48910 0.448204
48911 0.448204
48912 0.448204
48913 0.448204
48914 0.448204
48915 0.448204
48916 0.448204
48917 0.448204
48918 0.448204
48919 0.448204
48920 0.448204
48921 0.448204
48922 0.448204
48923 0.448204
48924 0.448204
48925 0.448204
48926 0.448204
48927 0.448204
48928 0.448204
48929 0.448204
48930 0.448204
48931 0.448204
48932 0.448204
48933 0.448204
48934 0.448204
48935 0.448204
48936 0.448204
48937 0.448204
48938 0.448204
48939 0.448204
48940 0.448204
48941 0.448204
48942 0.448204
48943 0.448204
48944 0.448204
48945 0.448204
48946 0.448204
48947 0.448204
48948 0.448204
48949 0.448204
48950 0.448204
48951 0.448204
48952 0.448204
48953 0.448204
48954 0.448204
48955 0.448204
48956 0.448204
48957 0.448204
48958 0.448204
48959 0.448204
48960 0.448204
48961 0.448204
48962 0.448204
48963 0.448204
48964 0.448204
48965 0.448204
48966 0.448204
48967 0.448204
48968 0.448204
48969 0.448204
48970 0.448204
48971 0.448204
48972 0.448204
48973 0.448204
48974 0.448204
48975 0.448204
48976 0.448204
48977 0.448204
48978 0.448204
48979 0.448204
48980 0.448204
48981 0.448204
48982 0.448204
48983 0.448204
48984 0.448204
48985 0.448204
48986 0.448204
48987 0.448204
48988 0.448204
48989 0.448204
48990 0.448204
48991 0.448204
48992 0.448204
48993 0.448204
48994 0.448204
48995 0.448204
48996 0.448204
48997 0.448204
48998 0.448204
48999 0.448204
49000 0.448204
49001 0.448204
49002 0.448204
49003 0.448204
49004 0.448204
49005 0.448204
49006 0.448204
49007 0.448204
49008 0.448204
49009 0.448204
49010 0.448204
49011 0.448204
49012 0.448204
49013 0.448204
49014 0.448204
49015 0.448204
49016 0.448204
49017 0.448204
49018 0.448204
49019 0.448204
49020 0.448204
49021 0.448204
49022 0.448204
49023 0.448204
49024 0.448204
49025 0.448204
49026 0.448204
49027 0.448204
49028 0.448204
49029 0.448204
49030 0.448204
49031 0.448204
49032 0.448204
49033 0.448204
49034 0.448204
49035 0.448204
49036 0.448204
49037 0.448204
49038 0.448204
49039 0.448204
49040 0.448204
49041 0.448204
49042 0.448204
49043 0.448204
49044 0.448204
49045 0.448204
49046 0.448204
49047 0.448204
49048 0.448204
49049 0.448204
49050 0.448204
49051 0.448204
49052 0.448204
49053 0.448204
49054 0.448204
49055 0.448204
49056 0.448204
49057 0.448204
49058 0.448204
49059 0.448204
49060 0.448204
49061 0.448204
49062 0.448204
49063 0.448204
49064 0.448204
49065 0.448204
49066 0.448204
49067 0.448204
49068 0.448204
49069 0.448204
49070 0.448204
49071 0.448204
49072 0.448204
49073 0.448204
49074 0.448204
49075 0.448204
49076 0.448204
49077 0.448204
49078 0.448204
49079 0.448204
49080 0.448204
49081 0.448204
49082 0.448204
49083 0.448204
49084 0.448204
49085 0.448204
49086 0.448204
49087 0.448204
49088 0.448204
49089 0.448204
49090 0.448204
49091 0.448204
49092 0.448204
49093 0.448204
49094 0.448204
49095 0.448204
49096 0.448204
49097 0.448204
49098 0.448204
49099 0.448204
49100 0.448204
49101 0.448204
49102 0.448204
49103 0.448204
49104 0.448204
49105 0.448204
49106 0.448204
49107 0.448204
49108 0.448204
49109 0.448204
49110 0.448204
49111 0.439410
49112 0.439410
49113 0.439410
49114 0.439410
49115 0.439410
49116 0.439410
49117 0.439410
49118 0.439410
49119 0.439410
49120 0.439410
49121 0.439410
49122 0.439410
49123 0.439410
49124 0.439410
49125 0.439410
49126 0.439410
49127 0.439410
49128 0.439410
49129 0.439410
49130 0.439410
49131 0.439410
49132 0.439410
49133 0.439410
49134 0.439410
49135 0.439410
49136 0.439410
49137 0.439410
49138 0.439410
49139 0.439410
49140 0.439410
49141 0.439410
49142 0.439410
49143 0.439410
49144 0.439410
49145 0.439410
49146 0.439410
49147 0.439410
49148 0.439410
49149 0.439410
49150 0.439410
49151 0.439410
49152 0.439410
49153 0.439410
49154 0.439410
49155 0.439410
49156 0.439410
49157 0.439410
49158 0.439410
49159 0.439410
49160 0.439410
49161 0.439410
49162 0.439410
49163 0.439410
49164 0.439410
49165 0.439410
49166 0.439410
49167 0.439410
49168 0.439410
49169 0.439410
49170 0.439410
49171 0.439410
49172 0.439410
49173 0.439410
49174 0.439410
49175 0.439410
49176 0.439410
49177 0.439410
49178 0.439410
49179 0.439410
49180 0.439410
49181 0.439410
49182 0.439410
49183 0.439410
49184 0.439410
49185 0.439410
49186 0.439410
49187 0.439410
49188 0.439410
49189 0.439410
49190 0.439410
49191 0.439410
49192 0.439410
49193 0.439410
49194 0.439410
49195 0.439410
49196 0.439410
49197 0.439410
49198 0.439410
49199 0.439410
49200 0.439410
49201 0.439410
49202 0.439410
49203 0.439410
49204 0.439410
49205 0.439410
49206 0.439410
49207 0.439410
49208 0.439410
49209 0.439410
49210 0.439410
49211 0.439410
49212 0.439410
49213 0.439410
49214 0.439410
49215 0.439410
49216 0.439410
49217 0.439410
49218 0.439410
49219 0.439410
49220 0.439410
49221 0.439410
49222 0.439410
49223 0.439410
49224 0.439410
49225 0.439410
49226 0.439410
49227 0.439410
49228 0.439410
49229 0.439410
49230 0.439410
49231 0.439410
49232 0.439410
49233 0.439410
49234 0.439410
49235 0.439410
49236 0.439410
49237 0.439410
49238 0.439410
49239 0.439410
49240 0.439410
49241 0.439410
49242 0.439410
49243 0.439410
49244 0.439410
49245 0.439410
49246 0.439410
49247 0.439410
49248 0.439410
49249 0.439410
49250 0.439410
49251 0.439410
49252 0.439410
49253 0.439410
49254 0.439410
49255 0.439410
49256 0.439410
49257 0.439410
49258 0.439410
49259 0.439410
49260 0.439410
49261 0.439410
49262 0.439410
49263 0.439410
49264 0.439410
49265 0.439410
49266 0.439410
49267 0.439410
49268 0.439410
49269 0.439410
49270 0.439410
49271 0.439410
49272 0.439410
49273 0.439410
49274 0.439410
49275 0.439410
49276 0.439410
49277 0.439410
49278 0.439410
49279 0.439410
49280 0.439410
49281 0.439410
49282 0.439410
49283 0.439410
49284 0.439410
49285 0.439410
49286 0.439410
49287 0.439410
49288 0.439410
49289 0.439410
49290 0.439410
49291 0.439410
49292 0.439410
49293 0.439410
49294 0.439410
49295 0.439410
49296 0.439410
49297 0.439410
49298 0.439410
49299 0.439410
49300 0.439410
49301 0.439410
49302 0.439410
49303 0.439410
49304 0.439410
49305 0.439410
49306 0.439410
49307 0.439410
49308 0.439410
49309 0.439410
49310 0.439410
49311 0.439410
49312 0.439410
49313 0.439410
49314 0.439410
49315 0.439410
49316 0.439410
49317 0.439410
49318 0.439410
49319 0.439410
49320 0.439410
49321 0.439410
49322 0.439410
49323 0.439410
49324 0.439410
49325 0.439410
49326 0.439410
49327 0.439410
49328 0.439410
49329 0.439410
49330 0.439410
49331 0.439410
49332 0.439410
49333 0.439410
49334 0.439410
49335 0.439410
49336 0.439410
49337 0.439410
49338 0.439410
49339 0.439410
49340 0.439410
49341 0.439410
49342 0.439410
49343 0.439410
49344 0.439410
49345 0.439410
49346 0.439410
49347 0.439410
49348 0.439410
49349 0.439410
49350 0.439410
49351 0.439410
49352 0.439410
49353 0.439410
49354 0.439410
49355 0.439410
49356 0.439410
49357 0.439410
49358 0.439410
49359 0.439410
49360 0.439410
49361 0.439410
49362 0.439410
49363 0.439410
49364 0.439410
49365 0.439410
49366 0.439410
49367 0.439410
49368 0.439410
49369 0.439410
49370 0.439410
49371 0.439410
49372 0.439410
49373 0.439410
49374 0.439410
49375 0.439410
49376 0.439410
49377 0.439410
49378 0.439410
49379 0.439410
49380 0.439410
49381 0.439410
49382 0.439410
49383 0.439410
49384 0.439410
49385 0.439410
49386 0.439410
49387 0.439410
49388 0.439410
49389 0.439410
49390 0.439410
49391 0.439410
49392 0.439410
49393 0.439410
49394 0.439410
49395 0.439410
49396 0.439410
49397 0.439410
49398 0.439410
49399 0.439410
49400 0.439410
49401 0.439410
49402 0.439410
49403 0.439410
49404 0.439410
49405 0.439410
49406 0.439410
49407 0.439410
49408 0.439410
49409 0.439410
49410 0.439410
49411 0.439410
49412 0.439410
49413 0.439410
49414 0.439410
49415 0.439410
49416 0.439410
49417 0.439410
49418 0.439410
49419 0.439410
49420 0.439410
49421 0.439410
49422 0.439410
49423 0.439410
49424 0.439410
49425 0.439410
49426 0.439410
49427 0.439410
49428 0.439410
49429 0.439410
49430 0.439410
49431 0.439410
49432 0.439410
49433 0.439410
49434 0.439410
49435 0.439410
49436 0.439410
49437 0.439410
49438 0.439410
49439 0.439410
49440 0.439410
49441 0.439410
49442 0.439410
49443 0.439410
49444 0.439410
49445 0.439410
49446 0.439410
49447 0.439410
49448 0.439410
49449 0.439410
49450 0.439410
49451 0.439410
49452 0.439410
49453 0.439410
49454 0.439410
49455 0.439410
49456 0.439410
49457 0.439410
49458 0.439410
49459 0.439410
49460 0.439410
49461 0.439410
49462 0.439410
49463 0.439410
49464 0.439410
49465 0.439410
49466 0.439410
49467 0.439410
49468 0.439410
49469 0.439410
49470 0.439410
49471 0.439410
49472 0.439410
49473 0.439410
49474 0.439410
49475 0.439410
49476 0.439410
49477 0.439410
49478 0.439410
49479 0.439410
49480 0.439410
49481 0.439410
49482 0.439410
49483 0.439410
49484 0.439410
49485 0.439410
49486 0.439410
49487 0.439410
49488 0.439410
49489 0.439410
49490 0.439410
49491 0.439410
49492 0.439410
49493 0.439410
49494 0.439410
49495 0.439410
49496 0.439410
49497 0.439410
49498 0.439410
49499 0.439410
49500 0.439410
49501 0.439410
49502 0.439410
49503 0.439410
49504 0.439410
49505 0.439410
49506 0.439410
49507 0.439410
49508 0.439410
49509 0.439410
49510 0.439410
49511 0.439410
49512 0.439410
49513 0.439410
49514 0.439410
49515 0.439410
49516 0.439410
49517 0.439410
49518 0.439410
49519 0.439410
49520 0.439410
49521 0.439410
49522 0.439410
49523 0.439410
49524 0.439410
49525 0.439410
49526 0.439410
49527 0.439410
49528 0.439410
49529 0.439410
49530 0.439410
49531 0.439410
49532 0.439410
49533 0.439410
49534 0.439410
49535 0.439410
49536 0.439410
49537 0.439410
49538 0.439410
49539 0.439410
49540 0.439410
49541 0.439410
49542 0.439410
49543 0.439410
49544 0.439410
49545 0.439410
49546 0.439410
49547 0.439410
49548 0.439410
49549 0.439410
49550 0.439410
49551 0.439410
49552 0.439410
49553 0.439410
49554 0.439410
49555 0.439410
49556 0.439410
49557 0.439410
49558 0.439410
49559 0.439410
49560 0.439410
49561 0.439410
49562 0.439410
49563 0.439410
49564 0.439410
49565 0.439410
49566 0.439410
49567 0.439410
49568 0.439410
49569 0.439410
49570 0.439410
49571 0.439410
49572 0.439410
49573 0.439410
49574 0.439410
49575 0.439410
49576 0.439410
49577 0.439410
49578 0.439410
49579 0.439410
49580 0.439410
49581 0.439410
49582 0.439410
49583 0.439410
49584 0.439410
49585 0.439410
49586 0.439410
49587 0.439410
49588 0.439410
49589 0.439410
49590 0.439410
49591 0.439410
49592 0.439410
49593 0.439410
49594 0.439410
49595 0.439410
49596 0.439410
49597 0.439410
49598 0.439410
49599 0.439410
49600 0.439410
49601 0.439410
49602 0.439410
49603 0.439410
49604 0.439410
49605 0.439410
49606 0.439410
49607 0.439410
49608 0.439410
49609 0.439410
49610 0.439410
49611 0.439410
49612 0.439410
49613 0.439410
49614 0.439410
49615 0.439410
49616 0.439410
49617 0.439410
49618 0.439410
49619 0.439410
49620 0.439410
49621 0.439410
49622 0.439410
49623 0.439410
49624 0.439410
49625 0.439410
49626 0.439410
49627 0.439410
49628 0.439410
49629 0.439410
49630 0.439410
49631 0.439410
49632 0.439410
49633 0.439410
49634 0.439410
49635 0.439410
49636 0.439410
49637 0.439410
49638 0.439410
49639 0.439410
49640 0.439410
49641 0.439410
49642 0.439410
49643 0.439410
49644 0.439410
49645 0.439410
49646 0.439410
49647 0.439410
49648 0.439410
49649 0.439410
49650 0.439410
49651 0.439410
49652 0.439410
49653 0.439410
49654 0.439410
49655 0.439410
49656 0.439410
49657 0.439410
49658 0.439410
49659 0.439410
49660 0.439410
49661 0.439410
49662 0.439410
49663 0.439410
49664 0.439410
49665 0.439410
49666 0.439410
49667 0.439410
49668 0.439410
49669 0.439410
49670 0.439410
49671 0.439410
49672 0.439410
49673 0.439410
49674 0.439410
49675 0.439410
49676 0.439410
49677 0.439410
49678 0.439410
49679 0.439410
49680 0.439410
49681 0.439410
49682 0.439410
49683 0.439410
49684 0.439410
49685 0.439410
49686 0.439410
49687 0.439410
49688 0.439410
49689 0.439410
49690 0.439410
49691 0.439410
49692 0.439410
49693 0.439410
49694 0.439410
49695 0.439410
49696 0.439410
49697 0.439410
49698 0.439410
49699 0.439410
49700 0.439410
49701 0.439410
49702 0.439410
49703 0.439410
49704 0.439410
49705 0.439410
49706 0.439410
49707 0.439410
49708 0.439410
49709 0.439410
49710 0.439410
49711 0.439410
49712 0.439410
49713 0.439410
49714 0.439410
49715 0.439410
49716 0.439410
49717 0.439410
49718 0.439410
49719 0.439410
49720 0.439410
49721 0.439410
49722 0.439410
49723 0.439410
49724 0.439410
49725 0.439410
49726 0.439410
49727 0.439410
49728 0.439410
49729 0.439410
49730 0.439410
49731 0.439410
49732 0.439410
49733 0.439410
49734 0.439410
49735 0.439410
49736 0.439410
49737 0.439410
49738 0.439410
49739 0.439410
49740 0.439410
49741 0.439410
49742 0.439410
49743 0.439410
49744 0.439410
49745 0.439410
49746 0.439410
49747 0.439410
49748 0.439410
49749 0.439410
49750 0.439410
49751 0.439410
49752 0.439410
49753 0.439410
49754 0.439410
49755 0.439410
49756 0.439410
49757 0.439410
49758 0.439410
49759 0.439410
49760 0.439410
49761 0.439410
49762 0.439410
49763 0.439410
49764 0.439410
49765 0.439410
49766 0.439410
49767 0.439410
49768 0.439410
49769 0.439410
49770 0.439410
49771 0.439410
49772 0.439410
49773 0.439410
49774 0.439410
49775 0.439410
49776 0.439410
49777 0.439410
49778 0.439410
49779 0.439410
49780 0.439410
49781 0.439410
49782 0.439410
49783 0.439410
49784 0.439410
49785 0.439410
49786 0.439410
49787 0.439410
49788 0.439410
49789 0.439410
49790 0.439410
49791 0.439410
49792 0.439410
49793 0.439410
49794 0.439410
49795 0.439410
49796 0.439410
49797 0.439410
49798 0.439410
49799 0.439410
49800 0.439410
49801 0.439410
49802 0.439410
49803 0.439410
49804 0.439410
49805 0.439410
49806 0.439410
49807 0.439410
49808 0.439410
49809 0.439410
49810 0.439410
49811 0.439410
49812 0.439410
49813 0.439410
49814 0.439410
49815 0.439410
49816 0.439410
49817 0.439410
49818 0.439410
49819 0.439410
49820 0.439410
49821 0.439410
49822 0.439410
49823 0.439410
49824 0.439410
49825 0.439410
49826 0.439410
49827 0.439410
49828 0.439410
49829 0.439410
49830 0.439410
49831 0.439410
49832 0.439410
49833 0.439410
49834 0.439410
49835 0.439410
49836 0.439410
49837 0.439410
49838 0.439410
49839 0.439410
49840 0.439410
49841 0.439410
49842 0.439410
49843 0.439410
49844 0.439410
49845 0.439410
49846 0.439410
49847 0.439410
49848 0.439410
49849 0.439410
49850 0.439410
49851 0.439410
49852 0.439410
49853 0.439410
49854 0.439410
49855 0.439410
49856 0.439410
49857 0.439410
49858 0.439410
49859 0.439410
49860 0.439410
49861 0.439410
49862 0.439410
49863 0.439410
49864 0.439410
49865 0.439410
49866 0.439410
49867 0.439410
49868 0.439410
49869 0.439410
49870 0.439410
49871 0.439410
49872 0.439410
49873 0.439410
49874 0.439410
49875 0.439410
49876 0.439410
49877 0.439410
49878 0.439410
49879 0.439410
49880 0.439410
49881 0.439410
49882 0.439410
49883 0.439410
49884 0.439410
49885 0.439410
49886 0.439410
49887 0.439410
49888 0.439410
49889 0.439410
49890 0.439410
49891 0.439410
49892 0.43