0 112.072272
1 112.072272
2 112.072272
3 50.414653
4 50.414653
5 50.414653
6 50.414653
7 50.414653
8 50.414653
9 50.414653
10 50.414653
11 50.414653
12 50.414653
13 50.414653
14 50.414653
15 29.621378
16 29.621378
17 29.621378
18 29.621378
19 29.621378
20 29.621378
21 29.621378
22 29.621378
23 29.621378
24 29.621378
25 29.621378
26 29.621378
27 29.621378
28 29.621378
29 29.621378
30 29.621378
31 29.621378
32 29.621378
33 29.621378
34 29.621378
35 29.621378
36 29.621378
37 29.621378
38 29.621378
39 29.621378
40 29.621378
41 29.621378
42 29.621378
43 29.621378
44 29.621378
45 29.621378
46 29.621378
47 29.621378
48 29.621378
49 29.621378
50 29.621378
51 29.621378
52 29.621378
53 29.621378
54 29.621378
55 29.621378
56 29.621378
57 29.621378
58 29.621378
59 29.621378
60 29.621378
61 29.621378
62 29.621378
63 29.621378
64 29.621378
65 29.621378
66 29.621378
67 29.621378
68 29.621378
69 29.621378
70 29.621378
71 29.621378
72 11.704430
73 11.704430
74 11.704430
75 11.704430
76 11.704430
77 11.704430
78 11.704430
79 11.704430
80 11.704430
81 11.704430
82 11.704430
83 11.704430
84 11.704430
85 11.704430
86 11.704430
87 11.704430
88 11.704430
89 11.704430
90 11.704430
91 11.704430
92 11.704430
93 11.704430
94 11.704430
95 11.704430
96 11.704430
97 11.704430
98 11.704430
99 11.704430
100 11.704430
101 11.704430
102 11.704430
103 11.704430
104 11.704430
105 11.704430
106 11.704430
107 11.704430
108 11.704430
109 11.704430
110 11.704430
111 11.704430
112 11.704430
113 11.704430
114 11.704430
115 11.704430
116 11.704430
117 11.704430
118 11.704430
119 11.704430
120 11.704430
121 11.704430
122 11.704430
123 11.704430
124 11.704430
125 11.704430
126 11.704430
127 11.704430
128 11.704430
129 11.704430
130 11.704430
131 11.704430
132 11.704430
133 11.704430
134 11.704430
135 11.704430
136 11.704430
137 11.704430
138 11.704430
139 11.704430
140 11.704430
141 11.704430
142 11.704430
143 11.704430
144 11.704430
145 11.704430
146 11.704430
147 11.704430
148 11.704430
149 11.704430
150 11.704430
151 11.704430
152 11.704430
153 11.704430
154 11.704430
155 11.704430
156 11.704430
157 11.704430
158 11.704430
159 11.704430
160 11.704430
161 11.704430
162 11.704430
163 11.704430
164 11.704430
165 11.704430
166 11.704430
167 11.704430
168 11.704430
169 11.704430
170 11.704430
171 11.704430
172 11.704430
173 11.704430
174 11.704430
175 11.704430
176 11.704430
177 11.704430
178 11.704430
179 11.704430
180 11.704430
181 11.704430
182 11.704430
183 11.704430
184 11.704430
185 11.704430
186 11.704430
187 11.704430
188 11.704430
189 11.704430
190 11.704430
191 11.704430
192 11.704430
193 11.704430
194 11.704430
195 11.704430
196 11.704430
197 10.905943
198 10.905943
199 10.905943
200 10.905943
201 10.905943
202 10.905943
203 10.905943
204 10.905943
205 10.905943
206 10.905943
207 10.905943
208 10.905943
209 10.905943
210 10.905943
211 10.905943
212 10.905943
213 10.905943
214 10.905943
215 10.905943
216 10.905943
217 10.905943
218 10.905943
219 10.905943
220 10.905943
221 10.905943
222 10.905943
223 10.905943
224 10.905943
225 10.905943
226 10.905943
227 10.905943
228 10.905943
229 10.905943
230 10.905943
231 10.905943
232 10.905943
233 10.905943
234 10.905943
235 10.905943
236 10.905943
237 10.905943
238 10.905943
239 10.905943
240 10.905943
241 10.905943
242 10.905943
243 10.905943
244 10.905943
245 10.905943
246 10.905943
247 10.905943
248 7.750397
249 7.750397
250 7.750397
251 7.750397
252 7.750397
253 7.750397
254 7.750397
255 7.750397
256 7.750397
257 7.750397
258 7.750397
259 7.750397
260 7.750397
261 7.750397
262 7.750397
263 7.750397
264 7.750397
265 7.750397
266 7.750397
267 7.750397
268 7.750397
269 7.750397
270 7.750397
271 7.750397
272 7.750397
273 7.750397
274 7.750397
275 7.750397
276 7.750397
277 7.750397
278 7.750397
279 7.750397
280 7.750397
281 7.750397
282 7.750397
283 7.750397
284 7.750397
285 7.750397
286 7.750397
287 7.593330
288 7.593330
289 7.593330
290 7.593330
291 7.593330
292 7.593330
293 7.593330
294 7.593330
295 7.593330
296 7.593330
297 7.593330
298 7.593330
299 7.593330
300 7.593330
301 7.593330
302 7.593330
303 7.593330
304 7.593330
305 7.593330
306 7.593330
307 7.593330
308 7.593330
309 7.593330
310 7.593330
311 7.593330
312 7.593330
313 7.593330
314 7.593330
315 7.593330
316 7.593330
317 7.593330
318 7.593330
319 7.593330
320 7.593330
321 7.593330
322 7.593330
323 7.593330
324 7.593330
325 7.593330
326 7.593330
327 7.593330
328 7.593330
329 7.593330
330 7.593330
331 7.593330
332 7.593330
333 7.593330
334 7.593330
335 7.593330
336 7.593330
337 7.593330
338 7.593330
339 7.593330
340 7.593330
341 7.593330
342 7.593330
343 7.593330
344 7.593330
345 7.593330
346 7.593330
347 7.593330
348 7.593330
349 7.593330
350 7.593330
351 7.593330
352 7.593330
353 7.593330
354 7.593330
355 7.593330
356 7.593330
357 7.593330
358 7.593330
359 7.593330
360 7.593330
361 7.593330
362 7.593330
363 7.593330
364 7.593330
365 7.593330
366 7.593330
367 7.593330
368 7.593330
369 7.593330
370 7.593330
371 7.593330
372 7.593330
373 7.593330
374 7.593330
375 7.593330
376 7.593330
377 7.593330
378 7.593330
379 7.593330
380 7.593330
381 7.593330
382 7.273501
383 7.273501
384 7.273501
385 7.273501
386 7.273501
387 7.273501
388 7.273501
389 7.273501
390 7.273501
391 7.273501
392 7.273501
393 7.273501
394 7.273501
395 7.273501
396 7.273501
397 7.273501
398 7.273501
399 7.273501
400 7.273501
401 7.273501
402 7.273501
403 7.273501
404 7.273501
405 7.273501
406 7.273501
407 7.273501
408 7.273501
409 7.273501
410 7.273501
411 7.273501
412 7.273501
413 7.273501
414 7.273501
415 7.273501
416 7.273501
417 7.273501
418 7.273501
419 7.273501
420 7.273501
421 7.273501
422 7.273501
423 7.273501
424 7.273501
425 7.273501
426 7.273501
427 7.273501
428 7.273501
429 7.273501
430 7.273501
431 7.273501
432 7.273501
433 7.273501
434 7.273501
435 7.273501
436 7.273501
437 7.273501
438 7.273501
439 7.273501
440 7.273501
441 7.273501
442 7.273501
443 7.273501
444 7.273501
445 7.273501
446 7.273501
447 7.273501
448 7.273501
449 7.273501
450 7.273501
451 7.273501
452 7.273501
453 7.273501
454 7.273501
455 7.273501
456 7.273501
457 7.273501
458 7.273501
459 7.273501
460 7.273501
461 7.273501
462 7.273501
463 7.273501
464 7.273501
465 7.273501
466 7.273501
467 7.273501
468 7.273501
469 7.273501
470 7.273501
471 7.273501
472 7.273501
473 7.273501
474 7.273501
475 7.273501
476 7.273501
477 7.273501
478 7.273501
479 7.273501
480 7.273501
481 7.273501
482 7.273501
483 7.273501
484 7.273501
485 7.273501
486 7.273501
487 7.273501
488 7.273501
489 7.273501
490 7.273501
491 7.273501
492 7.273501
493 7.273501
494 7.273501
495 7.273501
496 7.273501
497 7.273501
498 7.273501
499 7.273501
500 7.273501
501 7.273501
502 7.273501
503 7.273501
504 7.273501
505 7.273501
506 7.273501
507 7.273501
508 7.273501
509 7.273501
510 7.273501
511 7.273501
512 7.273501
513 7.273501
514 7.273501
515 7.273501
516 7.273501
517 7.273501
518 7.273501
519 7.273501
520 7.273501
521 7.273501
522 7.273501
523 7.273501
524 7.273501
525 7.273501
526 7.273501
527 7.273501
528 7.273501
529 7.273501
530 7.273501
531 7.273501
532 7.273501
533 7.273501
534 7.273501
535 7.273501
536 7.273501
537 7.273501
538 7.273501
539 7.273501
540 7.273501
541 7.273501
542 7.273501
543 7.273501
544 7.273501
545 7.273501
546 7.273501
547 7.273501
548 7.273501
549 7.273501
550 7.273501
551 7.273501
552 7.273501
553 7.273501
554 7.273501
555 7.273501
556 7.273501
557 7.273501
558 7.273501
559 7.273501
560 7.273501
561 7.273501
562 7.273501
563 7.273501
564 7.273501
565 7.273501
566 7.273501
567 7.273501
568 7.273501
569 7.273501
570 7.273501
571 7.273501
572 7.273501
573 7.273501
574 7.273501
575 7.273501
576 7.273501
577 7.273501
578 7.273501
579 7.273501
580 7.273501
581 7.273501
582 7.273501
583 7.273501
584 7.273501
585 7.273501
586 7.273501
587 7.273501
588 7.273501
589 7.273501
590 7.273501
591 7.273501
592 7.273501
593 7.273501
594 7.273501
595 7.273501
596 7.273501
597 7.273501
598 7.273501
599 7.273501
600 7.273501
601 7.273501
602 7.273501
603 7.273501
604 7.273501
605 7.273501
606 7.273501
607 7.273501
608 7.273501
609 7.273501
610 7.273501
611 7.273501
612 7.273501
613 7.273501
614 7.273501
615 7.273501
616 7.273501
617 7.273501
618 7.273501
619 7.273501
620 7.273501
621 7.273501
622 7.273501
623 7.273501
624 7.273501
625 7.273501
626 7.273501
627 7.273501
628 7.273501
629 7.273501
630 7.273501
631 7.273501
632 7.273501
633 7.273501
634 7.273501
635 7.273501
636 7.273501
637 7.273501
638 7.273501
639 7.273501
640 7.273501
641 7.273501
642 7.273501
643 7.273501
644 7.273501
645 7.273501
646 7.273501
647 7.273501
648 7.273501
649 7.273501
650 7.273501
651 7.273501
652 7.273501
653 7.273501
654 7.273501
655 7.273501
656 7.273501
657 7.273501
658 7.273501
659 7.273501
660 7.273501
661 7.273501
662 7.273501
663 7.273501
664 7.273501
665 7.273501
666 7.273501
667 7.273501
668 7.273501
669 7.273501
670 7.273501
671 7.273501
672 7.273501
673 7.273501
674 7.273501
675 7.273501
676 7.273501
677 7.273501
678 7.273501
679 7.273501
680 7.273501
681 7.273501
682 7.273501
683 7.273501
684 7.273501
685 7.273501
686 7.273501
687 7.273501
688 7.273501
689 7.273501
690 7.273501
691 7.273501
692 7.273501
693 7.273501
694 7.273501
695 7.273501
696 7.273501
697 7.273501
698 7.273501
699 7.273501
700 7.273501
701 7.273501
702 7.273501
703 7.273501
704 7.273501
705 7.273501
706 7.273501
707 7.273501
708 7.273501
709 7.273501
710 7.273501
711 7.273501
712 7.273501
713 7.273501
714 7.273501
715 7.273501
716 7.273501
717 7.273501
718 7.273501
719 7.273501
720 7.273501
721 7.273501
722 7.273501
723 7.273501
724 7.273501
725 7.273501
726 7.273501
727 7.273501
728 7.273501
729 7.273501
730 7.273501
731 7.273501
732 7.273501
733 7.273501
734 7.273501
735 7.273501
736 7.273501
737 7.273501
738 7.273501
739 7.273501
740 7.273501
741 7.273501
742 7.273501
743 7.273501
744 7.273501
745 7.273501
746 7.273501
747 7.273501
748 7.273501
749 7.273501
750 7.273501
751 7.273501
752 7.273501
753 7.273501
754 7.273501
755 7.273501
756 7.273501
757 7.273501
758 7.273501
759 7.273501
760 7.273501
761 7.273501
762 7.273501
763 7.273501
764 7.273501
765 7.273501
766 7.273501
767 7.273501
768 7.273501
769 7.273501
770 7.273501
771 7.273501
772 7.273501
773 7.273501
774 7.273501
775 7.273501
776 7.273501
777 7.273501
778 7.273501
779 7.273501
780 7.273501
781 7.273501
782 7.273501
783 7.273501
784 7.273501
785 7.273501
786 7.273501
787 7.273501
788 7.273501
789 7.273501
790 7.273501
791 7.273501
792 7.273501
793 7.273501
794 7.273501
795 7.273501
796 7.273501
797 7.273501
798 7.273501
799 7.273501
800 7.273501
801 7.273501
802 7.273501
803 7.273501
804 7.273501
805 7.273501
806 7.273501
807 7.273501
808 7.273501
809 7.273501
810 7.273501
811 7.273501
812 7.273501
813 7.273501
814 7.273501
815 7.273501
816 7.273501
817 7.273501
818 7.273501
819 7.273501
820 7.273501
821 7.273501
822 7.273501
823 7.273501
824 7.273501
825 7.273501
826 7.273501
827 7.273501
828 7.273501
829 7.273501
830 7.273501
831 7.273501
832 7.273501
833 7.273501
834 7.273501
835 7.273501
836 7.273501
837 7.273501
838 7.273501
839 7.273501
840 7.273501
841 7.273501
842 7.273501
843 7.273501
844 7.273501
845 7.273501
846 7.273501
847 7.273501
848 7.273501
849 7.273501
850 7.273501
851 7.273501
852 7.273501
853 7.273501
854 7.273501
855 7.273501
856 7.273501
857 7.273501
858 7.273501
859 7.273501
860 7.273501
861 7.273501
862 7.273501
863 7.273501
864 7.273501
865 7.273501
866 7.273501
867 7.273501
868 7.273501
869 7.273501
870 7.273501
871 7.273501
872 7.273501
873 7.273501
874 7.273501
875 7.273501
876 7.273501
877 7.273501
878 7.273501
879 7.273501
880 7.273501
881 7.273501
882 7.273501
883 7.273501
884 7.273501
885 7.273501
886 7.273501
887 7.273501
888 7.273501
889 7.273501
890 7.273501
891 7.273501
892 7.273501
893 7.273501
894 7.273501
895 7.273501
896 7.273501
897 7.273501
898 7.273501
899 7.273501
900 7.273501
901 7.273501
902 7.273501
903 7.273501
904 7.273501
905 7.273501
906 7.273501
907 7.273501
908 7.273501
909 7.273501
910 7.273501
911 7.273501
912 7.273501
913 7.273501
914 7.273501
915 7.273501
916 7.273501
917 7.273501
918 7.273501
919 7.273501
920 7.273501
921 7.273501
922 7.273501
923 7.273501
924 7.273501
925 7.273501
926 7.273501
927 7.273501
928 7.273501
929 7.273501
930 7.273501
931 7.273501
932 7.273501
933 7.273501
934 7.273501
935 7.273501
936 7.273501
937 7.273501
938 7.273501
939 7.273501
940 7.273501
941 7.273501
942 7.273501
943 7.273501
944 7.273501
945 7.273501
946 7.273501
947 7.273501
948 7.273501
949 7.273501
950 7.273501
951 7.273501
952 7.273501
953 7.273501
954 7.273501
955 7.273501
956 7.273501
957 7.273501
958 7.273501
959 7.273501
960 7.273501
961 7.273501
962 7.273501
963 7.273501
964 7.273501
965 7.273501
966 7.273501
967 7.273501
968 7.273501
969 7.273501
970 7.273501
971 7.273501
972 7.273501
973 7.273501
974 7.273501
975 7.273501
976 7.273501
977 7.273501
978 7.273501
979 7.273501
980 7.273501
981 7.273501
982 7.273501
983 7.273501
984 7.273501
985 7.273501
986 7.273501
987 7.273501
988 7.273501
989 7.273501
990 7.273501
991 7.273501
992 7.273501
993 7.273501
994 7.273501
995 7.273501
996 7.273501
997 7.273501
998 7.273501
999 7.273501
1000 7.273501
1001 7.273501
1002 7.273501
1003 7.273501
1004 7.273501
1005 7.273501
1006 7.273501
1007 7.273501
1008 7.273501
1009 7.273501
1010 7.273501
1011 7.273501
1012 7.273501
1013 7.273501
1014 7.273501
1015 7.273501
1016 7.273501
1017 7.273501
1018 7.273501
1019 7.273501
1020 7.273501
1021 7.273501
1022 7.273501
1023 7.273501
1024 7.273501
1025 7.273501
1026 7.273501
1027 7.273501
1028 7.273501
1029 7.273501
1030 7.273501
1031 7.273501
1032 7.273501
1033 7.273501
1034 7.273501
1035 7.273501
1036 7.273501
1037 7.273501
1038 7.273501
1039 7.273501
1040 7.273501
1041 7.273501
1042 7.273501
1043 7.273501
1044 7.273501
1045 7.273501
1046 7.273501
1047 7.273501
1048 7.273501
1049 7.273501
1050 7.273501
1051 7.273501
1052 7.273501
1053 7.273501
1054 7.273501
1055 7.273501
1056 7.273501
1057 7.273501
1058 7.273501
1059 7.273501
1060 7.273501
1061 7.273501
1062 7.273501
1063 7.273501
1064 7.273501
1065 7.273501
1066 7.273501
1067 7.273501
1068 7.273501
1069 7.273501
1070 7.273501
1071 7.273501
1072 7.273501
1073 7.273501
1074 7.273501
1075 7.273501
1076 7.273501
1077 7.273501
1078 7.273501
1079 7.273501
1080 7.273501
1081 7.273501
1082 7.273501
1083 7.273501
1084 7.273501
1085 7.273501
1086 7.273501
1087 7.273501
1088 7.273501
1089 7.273501
1090 7.273501
1091 7.273501
1092 7.273501
1093 7.273501
1094 7.273501
1095 7.273501
1096 7.273501
1097 7.273501
1098 7.273501
1099 7.273501
1100 7.273501
1101 7.273501
1102 7.273501
1103 7.273501
1104 7.273501
1105 7.273501
1106 7.273501
1107 7.273501
1108 7.273501
1109 7.273501
1110 7.273501
1111 7.273501
1112 7.273501
1113 7.273501
1114 7.273501
1115 7.273501
1116 7.273501
1117 7.273501
1118 7.273501
1119 7.273501
1120 7.273501
1121 7.273501
1122 7.273501
1123 7.273501
1124 7.273501
1125 7.273501
1126 7.273501
1127 7.273501
1128 7.273501
1129 7.273501
1130 7.273501
1131 7.273501
1132 7.273501
1133 7.273501
1134 7.273501
1135 7.273501
1136 7.273501
1137 7.273501
1138 7.273501
1139 7.273501
1140 7.273501
1141 7.273501
1142 7.273501
1143 7.273501
1144 7.273501
1145 7.273501
1146 7.273501
1147 7.273501
1148 7.273501
1149 7.273501
1150 7.273501
1151 7.273501
1152 7.273501
1153 7.273501
1154 7.273501
1155 7.273501
1156 7.273501
1157 7.273501
1158 7.273501
1159 7.273501
1160 7.273501
1161 7.273501
1162 7.273501
1163 7.273501
1164 7.273501
1165 7.273501
1166 7.273501
1167 7.273501
1168 7.273501
1169 7.273501
1170 7.273501
1171 7.273501
1172 7.273501
1173 7.273501
1174 7.273501
1175 7.273501
1176 7.273501
1177 7.273501
1178 7.273501
1179 7.273501
1180 7.273501
1181 7.273501
1182 7.273501
1183 7.273501
1184 7.273501
1185 7.273501
1186 7.273501
1187 7.273501
1188 7.273501
1189 7.273501
1190 7.273501
1191 7.273501
1192 7.273501
1193 7.273501
1194 7.273501
1195 7.273501
1196 7.237487
1197 7.237487
1198 7.237487
1199 7.237487
1200 7.237487
1201 7.237487
1202 7.237487
1203 7.237487
1204 7.237487
1205 7.237487
1206 7.237487
1207 7.237487
1208 7.237487
1209 7.237487
1210 7.237487
1211 7.237487
1212 7.237487
1213 7.237487
1214 7.237487
1215 7.237487
1216 7.237487
1217 7.237487
1218 7.237487
1219 7.237487
1220 7.237487
1221 7.237487
1222 7.237487
1223 7.237487
1224 7.237487
1225 7.237487
1226 7.237487
1227 7.237487
1228 7.237487
1229 7.237487
1230 7.237487
1231 7.237487
1232 7.237487
1233 7.237487
1234 7.237487
1235 7.237487
1236 7.237487
1237 7.237487
1238 7.237487
1239 7.237487
1240 7.237487
1241 7.237487
1242 7.237487
1243 7.237487
1244 7.237487
1245 7.237487
1246 7.237487
1247 7.237487
1248 7.237487
1249 7.237487
1250 7.237487
1251 7.237487
1252 7.237487
1253 7.237487
1254 7.237487
1255 7.237487
1256 7.237487
1257 7.237487
1258 7.237487
1259 7.237487
1260 7.237487
1261 7.237487
1262 7.237487
1263 7.237487
1264 7.237487
1265 7.237487
1266 7.237487
1267 7.237487
1268 7.237487
1269 7.237487
1270 7.237487
1271 7.237487
1272 7.237487
1273 7.237487
1274 7.237487
1275 7.237487
1276 7.237487
1277 7.237487
1278 7.237487
1279 7.237487
1280 7.237487
1281 7.237487
1282 7.237487
1283 7.237487
1284 7.237487
1285 7.237487
1286 7.237487
1287 7.237487
1288 7.237487
1289 7.237487
1290 7.237487
1291 7.237487
1292 7.237487
1293 7.237487
1294 7.237487
1295 7.237487
1296 7.237487
1297 7.237487
1298 7.237487
1299 7.237487
1300 7.237487
1301 7.237487
1302 7.237487
1303 7.237487
1304 7.237487
1305 7.237487
1306 7.237487
1307 7.237487
1308 7.237487
1309 7.237487
1310 7.237487
1311 7.237487
1312 7.237487
1313 7.237487
1314 7.237487
1315 7.237487
1316 7.237487
1317 7.237487
1318 7.237487
1319 7.237487
1320 7.237487
1321 7.237487
1322 7.237487
1323 7.237487
1324 7.237487
1325 7.237487
1326 7.237487
1327 7.237487
1328 7.237487
1329 7.237487
1330 7.237487
1331 7.237487
1332 7.237487
1333 7.237487
1334 7.237487
1335 7.237487
1336 7.237487
1337 7.237487
1338 7.237487
1339 7.237487
1340 7.237487
1341 7.237487
1342 7.237487
1343 7.237487
1344 7.237487
1345 7.237487
1346 7.237487
1347 7.237487
1348 7.237487
1349 7.237487
1350 7.237487
1351 7.237487
1352 7.237487
1353 7.237487
1354 7.237487
1355 7.237487
1356 7.237487
1357 7.237487
1358 7.237487
1359 7.237487
1360 7.237487
1361 7.237487
1362 7.237487
1363 7.237487
1364 7.237487
1365 7.237487
1366 7.237487
1367 7.237487
1368 7.237487
1369 7.237487
1370 7.237487
1371 7.237487
1372 7.237487
1373 7.237487
1374 7.237487
1375 7.237487
1376 7.237487
1377 7.237487
1378 7.237487
1379 7.237487
1380 7.237487
1381 7.237487
1382 7.237487
1383 7.237487
1384 7.237487
1385 7.237487
1386 7.237487
1387 7.237487
1388 7.237487
1389 7.237487
1390 7.237487
1391 7.237487
1392 7.237487
1393 7.237487
1394 7.237487
1395 7.237487
1396 7.237487
1397 7.237487
1398 7.237487
1399 7.237487
1400 7.237487
1401 7.237487
1402 7.237487
1403 7.237487
1404 7.237487
1405 7.237487
1406 7.237487
1407 7.237487
1408 6.592342
1409 6.592342
1410 6.592342
1411 6.592342
1412 6.592342
1413 6.592342
1414 6.592342
1415 6.592342
1416 6.592342
1417 6.592342
1418 6.592342
1419 6.592342
1420 6.592342
1421 6.592342
1422 6.592342
1423 6.592342
1424 6.592342
1425 6.592342
1426 6.592342
1427 6.592342
1428 6.592342
1429 6.592342
1430 6.592342
1431 6.592342
1432 6.592342
1433 6.592342
1434 6.592342
1435 6.592342
1436 6.592342
1437 6.592342
1438 6.592342
1439 6.592342
1440 6.592342
1441 6.592342
1442 6.592342
1443 6.592342
1444 6.592342
1445 6.592342
1446 6.592342
1447 6.592342
1448 6.592342
1449 6.592342
1450 6.592342
1451 6.592342
1452 6.592342
1453 6.592342
1454 6.592342
1455 6.592342
1456 6.592342
1457 6.592342
1458 6.592342
1459 6.592342
1460 6.592342
1461 6.592342
1462 6.592342
1463 6.592342
1464 6.592342
1465 6.592342
1466 6.592342
1467 6.592342
1468 6.592342
1469 6.592342
1470 6.592342
1471 6.592342
1472 6.592342
1473 6.592342
1474 6.592342
1475 6.592342
1476 6.592342
1477 6.592342
1478 6.592342
1479 6.592342
1480 6.592342
1481 6.592342
1482 6.592342
1483 6.592342
1484 6.592342
1485 6.592342
1486 6.592342
1487 6.592342
1488 6.592342
1489 6.592342
1490 6.592342
1491 6.592342
1492 6.592342
1493 6.592342
1494 6.592342
1495 6.592342
1496 6.592342
1497 6.592342
1498 6.592342
1499 6.592342
1500 6.592342
1501 6.592342
1502 6.592342
1503 6.592342
1504 6.592342
1505 6.592342
1506 6.592342
1507 6.592342
1508 6.592342
1509 6.592342
1510 6.592342
1511 6.592342
1512 6.592342
1513 6.592342
1514 6.592342
1515 6.592342
1516 6.592342
1517 6.592342
1518 6.592342
1519 6.592342
1520 6.592342
1521 6.592342
1522 6.592342
1523 6.592342
1524 6.592342
1525 6.592342
1526 6.592342
1527 6.592342
1528 6.592342
1529 6.592342
1530 6.592342
1531 6.592342
1532 6.592342
1533 6.592342
1534 6.592342
1535 6.592342
1536 6.592342
1537 6.592342
1538 6.592342
1539 6.592342
1540 6.592342
1541 6.592342
1542 6.592342
1543 6.592342
1544 6.592342
1545 6.592342
1546 6.592342
1547 6.592342
1548 6.592342
1549 6.592342
1550 6.592342
1551 6.592342
1552 6.592342
1553 6.592342
1554 6.592342
1555 6.592342
1556 6.592342
1557 6.592342
1558 6.592342
1559 6.592342
1560 6.592342
1561 6.592342
1562 6.592342
1563 6.592342
1564 6.592342
1565 6.592342
1566 6.592342
1567 6.592342
1568 6.592342
1569 6.592342
1570 6.592342
1571 6.592342
1572 6.592342
1573 6.592342
1574 6.592342
1575 6.592342
1576 6.592342
1577 6.592342
1578 6.592342
1579 6.592342
1580 6.592342
1581 6.592342
1582 6.592342
1583 6.592342
1584 6.592342
1585 6.592342
1586 6.592342
1587 6.592342
1588 6.592342
1589 6.592342
1590 6.592342
1591 6.592342
1592 6.592342
1593 6.592342
1594 6.592342
1595 6.592342
1596 6.592342
1597 6.592342
1598 6.592342
1599 6.592342
1600 6.592342
1601 6.592342
1602 6.592342
1603 6.592342
1604 6.592342
1605 6.592342
1606 6.592342
1607 6.592342
1608 6.592342
1609 6.592342
1610 6.592342
1611 6.592342
1612 6.592342
1613 6.592342
1614 6.592342
1615 6.592342
1616 6.592342
1617 6.592342
1618 6.592342
1619 6.592342
1620 6.592342
1621 6.592342
1622 6.592342
1623 6.592342
1624 6.592342
1625 6.592342
1626 6.592342
1627 6.592342
1628 6.592342
1629 6.592342
1630 6.592342
1631 6.592342
1632 6.592342
1633 6.592342
1634 6.592342
1635 6.592342
1636 6.592342
1637 6.592342
1638 6.592342
1639 6.592342
1640 6.592342
1641 6.592342
1642 6.592342
1643 6.592342
1644 6.592342
1645 6.592342
1646 6.592342
1647 6.592342
1648 6.592342
1649 6.592342
1650 6.592342
1651 6.592342
1652 6.592342
1653 6.592342
1654 6.592342
1655 6.592342
1656 6.592342
1657 6.592342
1658 6.592342
1659 6.592342
1660 6.592342
1661 6.592342
1662 6.592342
1663 6.592342
1664 6.592342
1665 6.592342
1666 6.592342
1667 6.592342
1668 6.592342
1669 6.592342
1670 6.592342
1671 6.592342
1672 6.592342
1673 6.592342
1674 6.592342
1675 6.592342
1676 6.592342
1677 6.592342
1678 6.592342
1679 6.592342
1680 6.592342
1681 6.592342
1682 6.592342
1683 6.592342
1684 6.592342
1685 6.592342
1686 6.592342
1687 6.592342
1688 6.592342
1689 6.592342
1690 6.592342
1691 6.592342
1692 6.592342
1693 6.592342
1694 6.592342
1695 6.592342
1696 6.592342
1697 6.592342
1698 6.592342
1699 6.592342
1700 6.592342
1701 6.592342
1702 6.592342
1703 6.592342
1704 6.592342
1705 6.592342
1706 6.592342
1707 6.592342
1708 6.592342
1709 6.592342
1710 6.592342
1711 6.592342
1712 6.592342
1713 6.592342
1714 6.592342
1715 6.592342
1716 6.592342
1717 6.592342
1718 6.592342
1719 6.592342
1720 6.592342
1721 6.592342
1722 6.592342
1723 6.592342
1724 6.592342
1725 6.592342
1726 6.592342
1727 6.592342
1728 6.592342
1729 6.592342
1730 6.592342
1731 6.592342
1732 6.592342
1733 6.592342
1734 6.592342
1735 6.592342
1736 6.592342
1737 6.592342
1738 6.592342
1739 6.592342
1740 6.592342
1741 6.592342
1742 6.592342
1743 6.592342
1744 6.592342
1745 6.592342
1746 6.592342
1747 6.592342
1748 6.592342
1749 6.592342
1750 6.592342
1751 6.592342
1752 6.592342
1753 6.592342
1754 6.592342
1755 6.592342
1756 6.592342
1757 6.592342
1758 6.592342
1759 6.592342
1760 6.592342
1761 6.592342
1762 6.592342
1763 6.592342
1764 6.592342
1765 6.592342
1766 6.592342
1767 6.592342
1768 6.592342
1769 6.592342
1770 6.592342
1771 6.592342
1772 6.592342
1773 6.592342
1774 6.592342
1775 6.592342
1776 6.592342
1777 6.592342
1778 6.592342
1779 6.592342
1780 6.592342
1781 6.592342
1782 6.592342
1783 6.592342
1784 6.592342
1785 6.592342
1786 6.592342
1787 6.592342
1788 6.592342
1789 6.592342
1790 6.592342
1791 6.592342
1792 6.592342
1793 6.592342
1794 6.592342
1795 6.592342
1796 6.592342
1797 6.592342
1798 6.592342
1799 6.592342
1800 6.592342
1801 6.592342
1802 6.592342
1803 6.592342
1804 6.592342
1805 6.592342
1806 6.592342
1807 6.592342
1808 6.592342
1809 6.592342
1810 6.592342
1811 6.592342
1812 6.592342
1813 6.592342
1814 6.592342
1815 6.592342
1816 6.592342
1817 6.592342
1818 6.592342
1819 6.592342
1820 6.592342
1821 6.592342
1822 6.592342
1823 6.592342
1824 6.592342
1825 6.592342
1826 6.592342
1827 6.592342
1828 6.592342
1829 6.592342
1830 6.592342
1831 6.592342
1832 6.592342
1833 6.592342
1834 6.592342
1835 6.592342
1836 6.592342
1837 6.592342
1838 6.592342
1839 6.592342
1840 6.592342
1841 6.592342
1842 6.592342
1843 6.592342
1844 6.592342
1845 6.592342
1846 6.592342
1847 6.592342
1848 6.592342
1849 6.592342
1850 6.592342
1851 6.592342
1852 6.592342
1853 6.592342
1854 6.592342
1855 6.592342
1856 6.592342
1857 6.592342
1858 6.592342
1859 6.592342
1860 6.592342
1861 6.592342
1862 6.592342
1863 6.592342
1864 6.592342
1865 6.592342
1866 6.592342
1867 6.592342
1868 6.592342
1869 6.592342
1870 6.592342
1871 6.592342
1872 6.592342
1873 6.592342
1874 6.592342
1875 6.592342
1876 6.592342
1877 6.592342
1878 6.592342
1879 6.592342
1880 6.592342
1881 6.592342
1882 6.592342
1883 6.592342
1884 6.592342
1885 6.592342
1886 6.592342
1887 6.592342
1888 6.592342
1889 6.592342
1890 6.592342
1891 6.592342
1892 6.592342
1893 6.592342
1894 6.592342
1895 6.592342
1896 6.592342
1897 6.592342
1898 6.592342
1899 6.592342
1900 6.592342
1901 6.592342
1902 6.592342
1903 6.592342
1904 6.592342
1905 6.592342
1906 6.592342
1907 6.592342
1908 6.592342
1909 6.592342
1910 6.592342
1911 6.592342
1912 6.592342
1913 6.592342
1914 6.592342
1915 6.592342
1916 6.592342
1917 6.592342
1918 6.592342
1919 6.592342
1920 6.592342
1921 6.592342
1922 6.592342
1923 6.592342
1924 6.592342
1925 6.592342
1926 6.592342
1927 6.592342
1928 6.592342
1929 6.592342
1930 6.592342
1931 6.592342
1932 6.592342
1933 6.592342
1934 6.592342
1935 6.592342
1936 6.592342
1937 6.592342
1938 6.592342
1939 6.592342
1940 6.592342
1941 6.592342
1942 6.592342
1943 6.592342
1944 6.592342
1945 6.592342
1946 6.592342
1947 6.592342
1948 6.592342
1949 6.592342
1950 6.592342
1951 6.592342
1952 6.592342
1953 6.592342
1954 6.592342
1955 6.592342
1956 6.592342
1957 6.592342
1958 6.592342
1959 6.592342
1960 6.592342
1961 6.592342
1962 6.592342
1963 6.592342
1964 6.592342
1965 6.592342
1966 6.592342
1967 6.592342
1968 6.592342
1969 6.592342
1970 6.592342
1971 6.592342
1972 6.592342
1973 6.592342
1974 6.592342
1975 6.592342
1976 6.592342
1977 6.592342
1978 6.592342
1979 6.592342
1980 6.592342
1981 6.592342
1982 6.592342
1983 6.592342
1984 6.592342
1985 6.592342
1986 6.592342
1987 6.592342
1988 6.592342
1989 6.592342
1990 6.592342
1991 6.592342
1992 6.592342
1993 6.592342
1994 6.592342
1995 6.592342
1996 6.592342
1997 6.592342
1998 6.592342
1999 6.592342
2000 6.592342
2001 6.592342
2002 6.592342
2003 6.592342
2004 6.592342
2005 6.592342
2006 6.592342
2007 6.592342
2008 6.592342
2009 6.592342
2010 6.592342
2011 6.592342
2012 6.592342
2013 6.592342
2014 6.592342
2015 6.592342
2016 6.592342
2017 6.592342
2018 6.592342
2019 6.592342
2020 6.592342
2021 6.592342
2022 6.592342
2023 6.592342
2024 6.592342
2025 6.592342
2026 6.592342
2027 6.592342
2028 6.592342
2029 6.592342
2030 6.592342
2031 6.592342
2032 6.592342
2033 6.592342
2034 6.592342
2035 6.592342
2036 6.592342
2037 6.592342
2038 6.592342
2039 6.592342
2040 6.592342
2041 6.592342
2042 6.592342
2043 6.592342
2044 6.592342
2045 6.592342
2046 6.592342
2047 6.592342
2048 6.592342
2049 6.592342
2050 6.592342
2051 6.592342
2052 6.592342
2053 6.592342
2054 6.592342
2055 6.592342
2056 6.592342
2057 6.592342
2058 6.592342
2059 6.592342
2060 6.592342
2061 6.592342
2062 6.592342
2063 6.592342
2064 6.592342
2065 6.592342
2066 6.592342
2067 6.592342
2068 6.592342
2069 6.592342
2070 6.592342
2071 6.592342
2072 6.592342
2073 6.592342
2074 6.592342
2075 6.592342
2076 6.592342
2077 6.592342
2078 6.592342
2079 6.592342
2080 6.592342
2081 6.592342
2082 6.592342
2083 6.592342
2084 6.592342
2085 6.592342
2086 6.592342
2087 6.592342
2088 6.592342
2089 6.592342
2090 6.592342
2091 6.592342
2092 6.592342
2093 6.592342
2094 6.592342
2095 6.592342
2096 6.592342
2097 6.592342
2098 6.592342
2099 6.592342
2100 6.592342
2101 6.592342
2102 6.592342
2103 6.592342
2104 6.592342
2105 6.592342
2106 6.592342
2107 6.592342
2108 6.592342
2109 6.592342
2110 6.592342
2111 6.592342
2112 6.592342
2113 6.592342
2114 6.592342
2115 6.592342
2116 6.592342
2117 6.592342
2118 6.592342
2119 6.592342
2120 6.592342
2121 6.592342
2122 6.592342
2123 6.592342
2124 6.592342
2125 6.592342
2126 6.592342
2127 6.592342
2128 6.592342
2129 6.592342
2130 6.592342
2131 6.592342
2132 6.592342
2133 6.592342
2134 6.592342
2135 6.592342
2136 6.592342
2137 6.592342
2138 6.592342
2139 6.592342
2140 6.592342
2141 6.592342
2142 6.592342
2143 6.592342
2144 6.592342
2145 6.592342
2146 6.592342
2147 6.592342
2148 6.592342
2149 6.592342
2150 6.592342
2151 6.592342
2152 6.592342
2153 6.592342
2154 6.592342
2155 6.592342
2156 6.592342
2157 6.592342
2158 6.592342
2159 6.592342
2160 6.592342
2161 6.592342
2162 6.592342
2163 6.592342
2164 6.592342
2165 6.592342
2166 6.592342
2167 6.592342
2168 6.592342
2169 6.592342
2170 6.592342
2171 6.592342
2172 6.592342
2173 6.592342
2174 6.592342
2175 6.592342
2176 6.592342
2177 6.592342
2178 6.592342
2179 6.592342
2180 6.592342
2181 6.592342
2182 6.592342
2183 6.592342
2184 6.592342
2185 6.592342
2186 6.592342
2187 6.592342
2188 6.592342
2189 6.592342
2190 6.592342
2191 6.592342
2192 6.592342
2193 6.592342
2194 6.592342
2195 6.592342
2196 6.592342
2197 6.592342
2198 6.592342
2199 6.592342
2200 6.592342
2201 6.592342
2202 6.592342
2203 6.592342
2204 6.592342
2205 6.592342
2206 6.592342
2207 6.592342
2208 6.592342
2209 6.592342
2210 6.592342
2211 6.592342
2212 6.592342
2213 6.592342
2214 6.592342
2215 6.592342
2216 6.592342
2217 6.592342
2218 6.592342
2219 6.592342
2220 6.592342
2221 6.592342
2222 6.592342
2223 6.592342
2224 6.592342
2225 6.592342
2226 6.592342
2227 6.592342
2228 6.592342
2229 6.592342
2230 6.592342
2231 6.592342
2232 6.592342
2233 6.592342
2234 6.592342
2235 6.592342
2236 6.592342
2237 6.592342
2238 6.592342
2239 6.592342
2240 6.592342
2241 6.592342
2242 6.592342
2243 6.592342
2244 6.592342
2245 6.592342
2246 6.592342
2247 6.592342
2248 6.592342
2249 6.592342
2250 6.592342
2251 6.592342
2252 6.592342
2253 6.592342
2254 6.592342
2255 6.592342
2256 6.592342
2257 6.592342
2258 6.592342
2259 6.592342
2260 6.592342
2261 6.592342
2262 6.592342
2263 6.592342
2264 6.592342
2265 6.592342
2266 6.592342
2267 6.592342
2268 6.592342
2269 6.592342
2270 6.592342
2271 6.592342
2272 6.592342
2273 6.592342
2274 6.592342
2275 6.592342
2276 6.592342
2277 6.592342
2278 6.592342
2279 6.592342
2280 6.592342
2281 6.592342
2282 6.592342
2283 6.592342
2284 6.592342
2285 6.592342
2286 6.592342
2287 6.592342
2288 6.592342
2289 6.592342
2290 6.592342
2291 6.592342
2292 6.592342
2293 6.592342
2294 6.592342
2295 6.592342
2296 6.592342
2297 6.592342
2298 6.592342
2299 6.592342
2300 6.592342
2301 6.592342
2302 6.592342
2303 6.592342
2304 6.592342
2305 6.592342
2306 6.592342
2307 6.592342
2308 6.592342
2309 6.592342
2310 6.592342
2311 6.592342
2312 6.592342
2313 6.592342
2314 6.592342
2315 6.592342
2316 6.592342
2317 6.592342
2318 6.592342
2319 6.592342
2320 6.592342
2321 6.592342
2322 6.592342
2323 6.592342
2324 6.592342
2325 6.592342
2326 6.592342
2327 6.592342
2328 6.592342
2329 6.592342
2330 6.592342
2331 6.592342
2332 6.592342
2333 6.592342
2334 6.592342
2335 6.592342
2336 6.592342
2337 6.592342
2338 6.592342
2339 6.592342
2340 6.592342
2341 6.592342
2342 6.592342
2343 6.592342
2344 6.592342
2345 6.592342
2346 6.592342
2347 6.592342
2348 6.592342
2349 6.592342
2350 6.592342
2351 6.592342
2352 6.592342
2353 6.592342
2354 6.592342
2355 6.592342
2356 6.592342
2357 6.592342
2358 6.592342
2359 6.592342
2360 6.592342
2361 6.592342
2362 6.592342
2363 6.592342
2364 6.592342
2365 6.592342
2366 6.592342
2367 6.592342
2368 6.592342
2369 6.592342
2370 6.592342
2371 6.592342
2372 6.592342
2373 6.592342
2374 6.592342
2375 6.592342
2376 6.592342
2377 6.592342
2378 6.592342
2379 6.592342
2380 6.592342
2381 6.592342
2382 6.592342
2383 6.592342
2384 6.592342
2385 6.592342
2386 6.592342
2387 6.592342
2388 6.592342
2389 6.592342
2390 6.592342
2391 6.592342
2392 6.592342
2393 6.592342
2394 6.592342
2395 6.592342
2396 6.592342
2397 6.592342
2398 6.592342
2399 6.592342
2400 6.592342
2401 6.592342
2402 6.592342
2403 6.592342
2404 6.592342
2405 6.592342
2406 6.592342
2407 6.592342
2408 6.592342
2409 6.592342
2410 6.592342
2411 6.592342
2412 6.592342
2413 6.592342
2414 6.592342
2415 6.592342
2416 6.592342
2417 6.592342
2418 6.592342
2419 6.592342
2420 6.592342
2421 6.592342
2422 6.592342
2423 6.592342
2424 6.592342
2425 6.592342
2426 6.592342
2427 6.592342
2428 6.592342
2429 6.592342
2430 6.592342
2431 6.592342
2432 6.592342
2433 6.592342
2434 6.592342
2435 6.592342
2436 6.592342
2437 6.592342
2438 6.592342
2439 6.592342
2440 6.592342
2441 6.592342
2442 6.592342
2443 6.592342
2444 6.592342
2445 6.592342
2446 6.592342
2447 6.592342
2448 6.592342
2449 6.592342
2450 6.592342
2451 6.592342
2452 6.592342
2453 6.592342
2454 6.592342
2455 6.592342
2456 6.592342
2457 6.592342
2458 6.592342
2459 6.592342
2460 6.592342
2461 6.592342
2462 6.592342
2463 6.592342
2464 6.592342
2465 6.592342
2466 6.592342
2467 6.592342
2468 6.592342
2469 6.592342
2470 6.592342
2471 6.592342
2472 6.592342
2473 6.592342
2474 6.592342
2475 6.592342
2476 6.592342
2477 6.592342
2478 6.592342
2479 6.592342
2480 6.592342
2481 6.592342
2482 6.592342
2483 6.592342
2484 6.592342
2485 6.592342
2486 6.592342
2487 6.592342
2488 6.592342
2489 6.592342
2490 6.592342
2491 6.592342
2492 6.592342
2493 6.592342
2494 6.592342
2495 6.592342
2496 6.592342
2497 6.592342
2498 6.592342
2499 6.592342
2500 6.592342
2501 6.592342
2502 6.592342
2503 6.592342
2504 6.592342
2505 6.592342
2506 6.592342
2507 6.592342
2508 6.592342
2509 6.592342
2510 6.592342
2511 6.592342
2512 6.592342
2513 6.592342
2514 6.592342
2515 6.592342
2516 6.592342
2517 6.592342
2518 6.592342
2519 6.592342
2520 6.592342
2521 6.592342
2522 6.592342
2523 6.592342
2524 6.592342
2525 6.592342
2526 6.592342
2527 6.592342
2528 6.592342
2529 6.592342
2530 6.592342
2531 6.592342
2532 6.592342
2533 6.592342
2534 6.592342
2535 6.592342
2536 6.592342
2537 6.592342
2538 6.592342
2539 6.592342
2540 6.592342
2541 6.592342
2542 6.592342
2543 6.592342
2544 6.592342
2545 6.592342
2546 6.592342
2547 6.592342
2548 6.592342
2549 6.592342
2550 6.592342
2551 6.592342
2552 6.592342
2553 6.592342
2554 6.592342
2555 6.592342
2556 6.592342
2557 6.592342
2558 6.592342
2559 6.592342
2560 6.592342
2561 6.592342
2562 6.592342
2563 6.592342
2564 6.592342
2565 6.592342
2566 6.592342
2567 6.592342
2568 6.592342
2569 6.592342
2570 6.592342
2571 6.592342
2572 6.592342
2573 6.592342
2574 6.592342
2575 6.592342
2576 6.592342
2577 6.592342
2578 6.592342
2579 6.592342
2580 6.592342
2581 6.592342
2582 6.592342
2583 6.592342
2584 6.592342
2585 6.592342
2586 6.592342
2587 6.592342
2588 6.592342
2589 6.592342
2590 6.592342
2591 6.592342
2592 6.592342
2593 6.592342
2594 6.592342
2595 6.592342
2596 6.592342
2597 6.592342
2598 6.592342
2599 6.592342
2600 6.592342
2601 6.592342
2602 6.592342
2603 6.592342
2604 6.592342
2605 6.592342
2606 6.592342
2607 6.592342
2608 6.592342
2609 6.592342
2610 6.592342
2611 6.592342
2612 6.592342
2613 6.592342
2614 6.592342
2615 6.592342
2616 6.592342
2617 6.592342
2618 6.592342
2619 6.592342
2620 6.592342
2621 6.592342
2622 6.592342
2623 6.592342
2624 6.592342
2625 6.592342
2626 6.592342
2627 6.592342
2628 6.592342
2629 6.592342
2630 6.592342
2631 6.592342
2632 6.592342
2633 6.592342
2634 6.592342
2635 6.592342
2636 6.592342
2637 6.592342
2638 6.592342
2639 6.592342
2640 6.592342
2641 6.592342
2642 6.592342
2643 6.592342
2644 6.592342
2645 6.592342
2646 6.592342
2647 6.592342
2648 6.592342
2649 6.592342
2650 6.592342
2651 6.592342
2652 6.592342
2653 6.592342
2654 6.592342
2655 6.592342
2656 6.592342
2657 6.592342
2658 6.592342
2659 6.592342
2660 6.592342
2661 6.592342
2662 6.592342
2663 6.592342
2664 6.592342
2665 6.592342
2666 6.592342
2667 6.592342
2668 6.592342
2669 6.592342
2670 6.592342
2671 6.592342
2672 6.592342
2673 6.592342
2674 6.592342
2675 6.592342
2676 6.592342
2677 6.592342
2678 6.592342
2679 6.592342
2680 6.592342
2681 6.592342
2682 6.592342
2683 6.592342
2684 6.592342
2685 6.592342
2686 6.592342
2687 6.592342
2688 6.592342
2689 6.592342
2690 6.592342
2691 6.592342
2692 6.592342
2693 6.592342
2694 6.592342
2695 6.592342
2696 6.592342
2697 6.592342
2698 6.592342
2699 6.592342
2700 6.592342
2701 6.592342
2702 6.592342
2703 6.592342
2704 6.592342
2705 6.592342
2706 6.592342
2707 6.592342
2708 6.592342
2709 6.592342
2710 6.592342
2711 6.592342
2712 6.592342
2713 6.592342
2714 6.592342
2715 6.592342
2716 6.592342
2717 6.592342
2718 6.592342
2719 6.592342
2720 6.592342
2721 6.592342
2722 6.592342
2723 6.592342
2724 6.592342
2725 6.592342
2726 6.592342
2727 6.592342
2728 6.592342
2729 6.592342
2730 6.592342
2731 6.592342
2732 6.592342
2733 6.592342
2734 6.592342
2735 6.592342
2736 6.592342
2737 6.592342
2738 6.592342
2739 6.592342
2740 6.592342
2741 6.592342
2742 6.592342
2743 6.592342
2744 6.592342
2745 6.592342
2746 6.592342
2747 6.592342
2748 6.592342
2749 6.592342
2750 6.592342
2751 6.592342
2752 6.592342
2753 6.592342
2754 6.592342
2755 6.592342
2756 6.592342
2757 6.592342
2758 6.592342
2759 6.592342
2760 6.592342
2761 6.592342
2762 6.592342
2763 6.592342
2764 6.592342
2765 6.592342
2766 6.592342
2767 6.592342
2768 6.592342
2769 6.592342
2770 6.592342
2771 6.592342
2772 6.592342
2773 6.592342
2774 6.592342
2775 6.592342
2776 6.592342
2777 6.592342
2778 6.592342
2779 6.592342
2780 6.592342
2781 6.592342
2782 6.592342
2783 6.592342
2784 6.592342
2785 6.592342
2786 6.592342
2787 6.592342
2788 6.592342
2789 6.592342
2790 6.592342
2791 6.592342
2792 6.592342
2793 6.592342
2794 6.592342
2795 6.592342
2796 6.592342
2797 6.592342
2798 6.592342
2799 6.592342
2800 6.592342
2801 6.592342
2802 6.592342
2803 6.366121
2804 6.366121
2805 6.366121
2806 6.366121
2807 6.366121
2808 6.366121
2809 6.366121
2810 6.366121
2811 6.366121
2812 6.366121
2813 6.366121
2814 6.366121
2815 6.366121
2816 6.366121
2817 6.366121
2818 6.366121
2819 6.366121
2820 6.366121
2821 6.366121
2822 6.366121
2823 6.366121
2824 6.366121
2825 6.366121
2826 6.366121
2827 6.366121
2828 6.366121
2829 6.366121
2830 6.366121
2831 6.366121
2832 6.366121
2833 6.366121
2834 6.366121
2835 6.366121
2836 6.366121
2837 6.366121
2838 6.366121
2839 6.366121
2840 6.366121
2841 6.366121
2842 6.366121
2843 6.366121
2844 6.366121
2845 6.366121
2846 6.366121
2847 6.366121
2848 6.366121
2849 6.366121
2850 6.366121
2851 6.366121
2852 6.366121
2853 6.366121
2854 6.366121
2855 6.366121
2856 6.366121
2857 6.366121
2858 6.366121
2859 6.366121
2860 6.366121
2861 6.366121
2862 6.366121
2863 6.366121
2864 6.366121
2865 6.366121
2866 6.366121
2867 6.366121
2868 6.366121
2869 6.366121
2870 6.366121
2871 6.366121
2872 6.366121
2873 6.366121
2874 6.366121
2875 6.366121
2876 6.366121
2877 6.366121
2878 6.366121
2879 6.366121
2880 6.366121
2881 6.366121
2882 6.366121
2883 6.366121
2884 6.366121
2885 6.366121
2886 6.366121
2887 6.366121
2888 6.366121
2889 6.366121
2890 6.366121
2891 6.366121
2892 6.366121
2893 6.366121
2894 6.366121
2895 6.366121
2896 6.366121
2897 6.366121
2898 6.366121
2899 6.366121
2900 6.366121
2901 6.366121
2902 6.366121
2903 6.366121
2904 6.366121
2905 6.366121
2906 6.366121
2907 6.366121
2908 6.366121
2909 6.366121
2910 6.366121
2911 6.366121
2912 6.366121
2913 6.366121
2914 6.366121
2915 6.366121
2916 6.366121
2917 6.366121
2918 6.366121
2919 6.366121
2920 6.366121
2921 6.366121
2922 6.366121
2923 6.366121
2924 6.366121
2925 6.366121
2926 6.366121
2927 6.366121
2928 6.366121
2929 6.366121
2930 6.366121
2931 6.366121
2932 6.366121
2933 6.366121
2934 6.366121
2935 6.366121
2936 6.366121
2937 6.366121
2938 6.366121
2939 6.366121
2940 6.366121
2941 6.366121
2942 6.366121
2943 6.366121
2944 6.366121
2945 6.366121
2946 6.366121
2947 6.366121
2948 6.366121
2949 6.366121
2950 6.366121
2951 6.366121
2952 6.366121
2953 6.366121
2954 6.366121
2955 6.366121
2956 6.366121
2957 6.366121
2958 6.366121
2959 6.366121
2960 6.366121
2961 6.366121
2962 6.366121
2963 6.366121
2964 6.366121
2965 6.366121
2966 6.366121
2967 6.366121
2968 6.366121
2969 6.366121
2970 6.366121
2971 6.366121
2972 6.366121
2973 6.366121
2974 6.366121
2975 6.366121
2976 6.366121
2977 6.366121
2978 6.366121
2979 6.366121
2980 6.366121
2981 6.366121
2982 6.366121
2983 6.366121
2984 6.366121
2985 6.366121
2986 6.366121
2987 6.366121
2988 6.366121
2989 6.366121
2990 6.366121
2991 6.366121
2992 6.366121
2993 6.366121
2994 6.366121
2995 6.366121
2996 6.366121
2997 6.366121
2998 6.366121
2999 6.366121
3000 6.366121
3001 6.366121
3002 6.366121
3003 6.366121
3004 6.366121
3005 6.366121
3006 6.366121
3007 6.366121
3008 6.366121
3009 6.366121
3010 6.366121
3011 6.366121
3012 6.366121
3013 6.366121
3014 6.366121
3015 6.366121
3016 6.366121
3017 6.366121
3018 6.366121
3019 6.366121
3020 6.366121
3021 6.366121
3022 6.366121
3023 6.366121
3024 6.366121
3025 6.366121
3026 6.366121
3027 6.366121
3028 6.366121
3029 6.366121
3030 6.366121
3031 6.366121
3032 6.366121
3033 6.366121
3034 6.366121
3035 6.366121
3036 6.366121
3037 6.366121
3038 6.366121
3039 6.366121
3040 6.366121
3041 6.366121
3042 6.366121
3043 6.366121
3044 6.366121
3045 6.366121
3046 6.366121
3047 6.366121
3048 6.366121
3049 6.366121
3050 6.366121
3051 6.366121
3052 6.366121
3053 6.366121
3054 6.366121
3055 6.366121
3056 6.366121
3057 6.366121
3058 6.366121
3059 6.366121
3060 6.366121
3061 6.366121
3062 6.366121
3063 6.366121
3064 6.366121
3065 6.366121
3066 6.366121
3067 6.366121
3068 6.366121
3069 6.366121
3070 6.366121
3071 6.366121
3072 6.366121
3073 6.366121
3074 6.366121
3075 6.366121
3076 6.366121
3077 6.366121
3078 6.366121
3079 6.366121
3080 6.366121
3081 6.366121
3082 6.366121
3083 6.366121
3084 6.366121
3085 6.366121
3086 6.366121
3087 6.366121
3088 6.366121
3089 6.366121
3090 6.366121
3091 6.366121
3092 6.366121
3093 6.366121
3094 6.366121
3095 6.366121
3096 6.366121
3097 6.366121
3098 6.366121
3099 6.366121
3100 6.366121
3101 6.366121
3102 6.366121
3103 6.366121
3104 6.366121
3105 6.366121
3106 6.366121
3107 6.366121
3108 6.366121
3109 6.366121
3110 6.366121
3111 6.366121
3112 6.366121
3113 6.366121
3114 6.366121
3115 6.366121
3116 6.366121
3117 6.366121
3118 6.366121
3119 6.366121
3120 6.366121
3121 6.366121
3122 6.366121
3123 6.366121
3124 6.366121
3125 6.366121
3126 6.366121
3127 6.366121
3128 6.366121
3129 6.366121
3130 6.366121
3131 6.366121
3132 6.366121
3133 6.366121
3134 6.366121
3135 6.366121
3136 6.366121
3137 6.366121
3138 6.366121
3139 6.366121
3140 6.366121
3141 6.366121
3142 6.366121
3143 6.366121
3144 6.366121
3145 6.366121
3146 6.366121
3147 6.366121
3148 6.366121
3149 6.366121
3150 6.366121
3151 6.366121
3152 6.366121
3153 6.366121
3154 6.366121
3155 6.366121
3156 6.366121
3157 6.366121
3158 6.366121
3159 6.366121
3160 6.366121
3161 6.366121
3162 6.366121
3163 6.366121
3164 6.366121
3165 6.366121
3166 6.366121
3167 6.366121
3168 6.366121
3169 6.366121
3170 6.366121
3171 6.366121
3172 6.366121
3173 6.366121
3174 6.366121
3175 6.366121
3176 6.366121
3177 6.366121
3178 6.366121
3179 6.366121
3180 6.366121
3181 6.366121
3182 6.366121
3183 6.366121
3184 6.366121
3185 6.366121
3186 6.366121
3187 6.366121
3188 6.366121
3189 6.366121
3190 6.366121
3191 6.366121
3192 6.366121
3193 6.366121
3194 6.366121
3195 6.366121
3196 6.366121
3197 6.366121
3198 6.366121
3199 6.366121
3200 6.366121
3201 6.366121
3202 6.366121
3203 6.366121
3204 6.366121
3205 6.366121
3206 6.366121
3207 6.366121
3208 6.366121
3209 6.366121
3210 6.366121
3211 6.366121
3212 6.366121
3213 6.366121
3214 6.366121
3215 6.366121
3216 6.366121
3217 6.366121
3218 6.366121
3219 6.366121
3220 6.366121
3221 6.366121
3222 6.366121
3223 6.366121
3224 6.366121
3225 6.366121
3226 6.366121
3227 6.366121
3228 6.366121
3229 6.366121
3230 6.366121
3231 6.366121
3232 6.366121
3233 6.366121
3234 6.366121
3235 6.366121
3236 6.366121
3237 6.366121
3238 6.366121
3239 6.366121
3240 6.366121
3241 6.366121
3242 6.366121
3243 6.366121
3244 6.366121
3245 6.366121
3246 6.366121
3247 6.366121
3248 6.366121
3249 6.366121
3250 6.366121
3251 6.366121
3252 6.366121
3253 6.366121
3254 6.366121
3255 6.366121
3256 6.366121
3257 6.366121
3258 6.366121
3259 6.366121
3260 6.366121
3261 6.366121
3262 6.366121
3263 6.366121
3264 6.366121
3265 6.366121
3266 6.366121
3267 6.366121
3268 6.366121
3269 6.366121
3270 6.366121
3271 6.366121
3272 6.366121
3273 6.366121
3274 6.366121
3275 6.366121
3276 6.366121
3277 6.366121
3278 6.366121
3279 6.366121
3280 6.366121
3281 6.366121
3282 6.366121
3283 6.366121
3284 6.366121
3285 6.366121
3286 6.366121
3287 6.366121
3288 6.366121
3289 6.366121
3290 6.366121
3291 6.366121
3292 6.366121
3293 6.366121
3294 6.366121
3295 6.366121
3296 6.366121
3297 6.366121
3298 6.366121
3299 6.366121
3300 6.366121
3301 6.366121
3302 6.366121
3303 6.366121
3304 6.366121
3305 6.366121
3306 6.366121
3307 6.366121
3308 6.366121
3309 6.366121
3310 6.366121
3311 6.366121
3312 6.366121
3313 6.366121
3314 6.366121
3315 6.366121
3316 6.366121
3317 6.366121
3318 6.366121
3319 6.366121
3320 6.366121
3321 6.366121
3322 6.366121
3323 6.366121
3324 6.366121
3325 6.366121
3326 6.366121
3327 6.366121
3328 6.366121
3329 6.366121
3330 6.366121
3331 6.366121
3332 6.366121
3333 6.366121
3334 6.366121
3335 6.366121
3336 6.366121
3337 6.366121
3338 6.366121
3339 6.366121
3340 6.366121
3341 6.366121
3342 6.366121
3343 6.366121
3344 6.366121
3345 6.366121
3346 6.366121
3347 6.366121
3348 6.366121
3349 6.366121
3350 6.366121
3351 6.366121
3352 6.366121
3353 6.366121
3354 6.366121
3355 6.366121
3356 6.366121
3357 6.366121
3358 6.366121
3359 6.366121
3360 6.366121
3361 6.366121
3362 6.366121
3363 6.366121
3364 6.366121
3365 6.366121
3366 6.366121
3367 6.366121
3368 6.366121
3369 6.366121
3370 6.366121
3371 6.366121
3372 6.366121
3373 6.366121
3374 6.366121
3375 6.366121
3376 6.366121
3377 6.366121
3378 6.366121
3379 6.366121
3380 6.366121
3381 6.366121
3382 6.366121
3383 6.366121
3384 6.366121
3385 6.366121
3386 6.366121
3387 6.366121
3388 6.366121
3389 6.366121
3390 6.366121
3391 6.366121
3392 6.366121
3393 6.366121
3394 6.366121
3395 6.366121
3396 6.366121
3397 6.366121
3398 6.366121
3399 6.366121
3400 6.366121
3401 6.366121
3402 6.366121
3403 6.366121
3404 6.366121
3405 6.366121
3406 6.366121
3407 6.366121
3408 6.366121
3409 6.366121
3410 6.366121
3411 6.366121
3412 6.366121
3413 6.366121
3414 6.366121
3415 6.366121
3416 6.366121
3417 6.366121
3418 6.366121
3419 6.366121
3420 6.366121
3421 6.366121
3422 6.366121
3423 6.366121
3424 6.366121
3425 6.366121
3426 6.366121
3427 6.366121
3428 6.366121
3429 6.366121
3430 6.366121
3431 6.366121
3432 6.366121
3433 6.366121
3434 6.366121
3435 6.366121
3436 6.366121
3437 6.366121
3438 6.366121
3439 6.366121
3440 6.366121
3441 6.366121
3442 6.366121
3443 6.366121
3444 6.366121
3445 6.366121
3446 6.366121
3447 6.366121
3448 6.366121
3449 6.366121
3450 6.366121
3451 6.366121
3452 6.366121
3453 6.366121
3454 6.366121
3455 6.366121
3456 6.366121
3457 6.366121
3458 6.366121
3459 6.366121
3460 6.366121
3461 6.366121
3462 6.366121
3463 6.366121
3464 6.366121
3465 6.366121
3466 6.366121
3467 6.366121
3468 6.366121
3469 6.366121
3470 6.366121
3471 6.366121
3472 6.366121
3473 6.366121
3474 6.366121
3475 6.366121
3476 6.366121
3477 6.366121
3478 6.366121
3479 6.366121
3480 6.366121
3481 6.366121
3482 6.366121
3483 6.366121
3484 6.366121
3485 6.366121
3486 6.366121
3487 6.366121
3488 6.366121
3489 6.366121
3490 6.366121
3491 6.366121
3492 6.366121
3493 6.366121
3494 6.366121
3495 6.366121
3496 6.366121
3497 6.366121
3498 6.366121
3499 6.366121
3500 6.366121
3501 6.366121
3502 6.366121
3503 6.366121
3504 6.366121
3505 6.366121
3506 6.366121
3507 6.366121
3508 6.366121
3509 6.366121
3510 6.366121
3511 6.366121
3512 6.366121
3513 6.366121
3514 6.366121
3515 6.366121
3516 6.366121
3517 6.366121
3518 6.366121
3519 6.366121
3520 6.366121
3521 6.366121
3522 6.366121
3523 6.366121
3524 6.366121
3525 6.366121
3526 6.366121
3527 6.366121
3528 6.366121
3529 6.366121
3530 6.366121
3531 6.366121
3532 6.366121
3533 6.366121
3534 6.366121
3535 6.366121
3536 6.366121
3537 6.366121
3538 6.366121
3539 6.366121
3540 6.366121
3541 6.366121
3542 6.366121
3543 6.366121
3544 6.366121
3545 6.366121
3546 6.366121
3547 6.366121
3548 6.366121
3549 6.269978
3550 6.269978
3551 6.269978
3552 6.269978
3553 6.269978
3554 6.269978
3555 6.269978
3556 6.269978
3557 6.269978
3558 6.269978
3559 6.269978
3560 6.269978
3561 6.269978
3562 6.269978
3563 6.269978
3564 6.269978
3565 6.269978
3566 6.269978
3567 6.269978
3568 6.269978
3569 6.269978
3570 6.269978
3571 6.269978
3572 6.269978
3573 6.269978
3574 6.269978
3575 6.269978
3576 6.269978
3577 6.269978
3578 6.269978
3579 6.269978
3580 6.269978
3581 6.269978
3582 6.269978
3583 6.269978
3584 6.269978
3585 6.269978
3586 6.269978
3587 6.269978
3588 6.269978
3589 6.269978
3590 6.269978
3591 6.269978
3592 6.269978
3593 6.269978
3594 6.269978
3595 6.269978
3596 6.269978
3597 6.269978
3598 6.269978
3599 6.269978
3600 6.269978
3601 6.269978
3602 6.269978
3603 6.269978
3604 6.269978
3605 6.269978
3606 6.269978
3607 6.269978
3608 6.269978
3609 6.269978
3610 6.269978
3611 6.269978
3612 6.269978
3613 6.269978
3614 6.269978
3615 6.269978
3616 6.269978
3617 6.269978
3618 6.269978
3619 6.269978
3620 6.269978
3621 6.269978
3622 6.269978
3623 6.269978
3624 6.269978
3625 6.269978
3626 6.269978
3627 6.269978
3628 6.269978
3629 6.269978
3630 6.269978
3631 6.269978
3632 6.269978
3633 6.269978
3634 6.269978
3635 6.269978
3636 6.269978
3637 6.269978
3638 6.269978
3639 6.269978
3640 6.269978
3641 6.269978
3642 6.269978
3643 6.269978
3644 6.269978
3645 6.269978
3646 6.269978
3647 6.269978
3648 6.269978
3649 6.269978
3650 6.269978
3651 6.269978
3652 6.269978
3653 6.269978
3654 6.269978
3655 6.269978
3656 6.269978
3657 6.269978
3658 6.269978
3659 6.269978
3660 6.269978
3661 6.269978
3662 6.269978
3663 6.269978
3664 6.269978
3665 6.269978
3666 6.269978
3667 6.269978
3668 6.269978
3669 6.269978
3670 6.269978
3671 6.269978
3672 6.269978
3673 6.269978
3674 6.269978
3675 6.269978
3676 6.269978
3677 6.269978
3678 6.269978
3679 6.269978
3680 6.269978
3681 6.269978
3682 6.269978
3683 6.269978
3684 6.269978
3685 6.269978
3686 6.269978
3687 6.269978
3688 6.269978
3689 6.269978
3690 6.269978
3691 6.269978
3692 6.269978
3693 6.269978
3694 6.269978
3695 6.269978
3696 6.269978
3697 6.269978
3698 6.269978
3699 6.269978
3700 6.269978
3701 6.269978
3702 6.269978
3703 6.269978
3704 6.269978
3705 6.269978
3706 6.269978
3707 6.269978
3708 6.269978
3709 6.269978
3710 6.269978
3711 6.269978
3712 6.269978
3713 6.269978
3714 6.269978
3715 6.269978
3716 6.269978
3717 6.269978
3718 6.269978
3719 6.269978
3720 6.269978
3721 6.269978
3722 6.269978
3723 6.269978
3724 6.269978
3725 6.269978
3726 6.269978
3727 6.269978
3728 6.269978
3729 6.269978
3730 6.269978
3731 6.269978
3732 6.269978
3733 6.269978
3734 6.269978
3735 6.269978
3736 6.269978
3737 6.269978
3738 6.269978
3739 6.269978
3740 6.269978
3741 6.269978
3742 6.269978
3743 6.269978
3744 6.269978
3745 6.269978
3746 6.269978
3747 6.269978
3748 6.269978
3749 6.269978
3750 6.269978
3751 6.269978
3752 6.269978
3753 6.269978
3754 6.269978
3755 6.269978
3756 6.269978
3757 6.269978
3758 6.269978
3759 6.269978
3760 6.269978
3761 6.269978
3762 6.269978
3763 6.269978
3764 6.269978
3765 6.269978
3766 6.269978
3767 6.269978
3768 6.269978
3769 6.269978
3770 6.269978
3771 6.269978
3772 6.269978
3773 6.269978
3774 6.269978
3775 6.269978
3776 6.269978
3777 6.269978
3778 6.269978
3779 6.269978
3780 6.269978
3781 6.269978
3782 6.269978
3783 6.269978
3784 6.269978
3785 6.269978
3786 6.269978
3787 6.269978
3788 6.269978
3789 6.269978
3790 6.269978
3791 6.269978
3792 6.269978
3793 6.269978
3794 6.269978
3795 6.269978
3796 6.269978
3797 6.269978
3798 6.269978
3799 6.269978
3800 6.269978
3801 6.269978
3802 6.269978
3803 6.269978
3804 6.269978
3805 6.269978
3806 6.269978
3807 6.269978
3808 6.269978
3809 6.269978
3810 6.269978
3811 6.269978
3812 6.269978
3813 6.269978
3814 6.269978
3815 6.269978
3816 6.269978
3817 6.269978
3818 6.269978
3819 6.269978
3820 6.269978
3821 6.269978
3822 6.269978
3823 6.269978
3824 6.269978
3825 6.269978
3826 6.269978
3827 6.269978
3828 6.269978
3829 6.269978
3830 6.269978
3831 6.269978
3832 6.269978
3833 6.269978
3834 6.269978
3835 6.269978
3836 6.269978
3837 6.269978
3838 6.269978
3839 6.269978
3840 6.269978
3841 6.269978
3842 6.269978
3843 6.269978
3844 6.269978
3845 6.269978
3846 6.269978
3847 6.269978
3848 6.269978
3849 6.269978
3850 6.269978
3851 6.269978
3852 6.269978
3853 6.269978
3854 6.269978
3855 6.269978
3856 6.269978
3857 6.269978
3858 6.269978
3859 6.269978
3860 6.269978
3861 6.269978
3862 6.269978
3863 6.269978
3864 6.269978
3865 6.269978
3866 6.269978
3867 6.269978
3868 6.269978
3869 6.269978
3870 6.269978
3871 6.269978
3872 6.269978
3873 6.269978
3874 6.269978
3875 6.269978
3876 6.269978
3877 6.269978
3878 6.269978
3879 6.269978
3880 6.269978
3881 6.269978
3882 6.269978
3883 6.269978
3884 6.269978
3885 6.269978
3886 6.269978
3887 6.269978
3888 6.269978
3889 6.269978
3890 6.269978
3891 6.269978
3892 6.269978
3893 6.269978
3894 6.269978
3895 6.269978
3896 6.269978
3897 6.269978
3898 6.269978
3899 6.269978
3900 6.269978
3901 6.269978
3902 6.269978
3903 6.269978
3904 6.269978
3905 6.269978
3906 6.269978
3907 6.269978
3908 6.269978
3909 6.269978
3910 6.269978
3911 6.269978
3912 6.269978
3913 6.269978
3914 6.269978
3915 6.269978
3916 6.269978
3917 6.269978
3918 6.269978
3919 6.269978
3920 6.269978
3921 6.269978
3922 6.269978
3923 6.269978
3924 6.269978
3925 6.269978
3926 6.269978
3927 6.269978
3928 6.269978
3929 6.269978
3930 6.269978
3931 6.269978
3932 6.269978
3933 6.269978
3934 6.269978
3935 6.269978
3936 6.269978
3937 6.269978
3938 6.269978
3939 6.269978
3940 6.269978
3941 6.269978
3942 6.269978
3943 6.269978
3944 6.269978
3945 6.269978
3946 6.269978
3947 6.269978
3948 6.269978
3949 6.269978
3950 6.269978
3951 6.269978
3952 6.269978
3953 6.269978
3954 6.269978
3955 6.269978
3956 6.269978
3957 6.269978
3958 6.269978
3959 6.269978
3960 6.269978
3961 6.269978
3962 6.269978
3963 6.269978
3964 6.269978
3965 6.269978
3966 6.269978
3967 6.269978
3968 6.269978
3969 6.269978
3970 6.269978
3971 6.269978
3972 6.269978
3973 6.269978
3974 6.269978
3975 6.269978
3976 6.269978
3977 6.269978
3978 6.269978
3979 6.269978
3980 6.269978
3981 6.269978
3982 6.269978
3983 6.269978
3984 6.269978
3985 6.269978
3986 6.269978
3987 6.269978
3988 6.269978
3989 6.269978
3990 6.269978
3991 6.269978
3992 6.269978
3993 6.269978
3994 6.269978
3995 6.269978
3996 6.269978
3997 6.269978
3998 6.269978
3999 6.269978
4000 6.269978
4001 6.269978
4002 6.269978
4003 6.269978
4004 6.269978
4005 6.269978
4006 6.269978
4007 6.269978
4008 6.269978
4009 6.269978
4010 6.269978
4011 6.269978
4012 6.269978
4013 6.269978
4014 6.269978
4015 6.269978
4016 6.269978
4017 6.269978
4018 6.269978
4019 6.269978
4020 6.269978
4021 6.269978
4022 6.269978
4023 6.269978
4024 6.269978
4025 6.269978
4026 6.269978
4027 6.269978
4028 6.269978
4029 6.269978
4030 6.269978
4031 6.269978
4032 6.269978
4033 6.269978
4034 6.269978
4035 6.269978
4036 6.269978
4037 6.269978
4038 6.269978
4039 6.269978
4040 6.269978
4041 6.269978
4042 6.269978
4043 6.269978
4044 6.269978
4045 6.269978
4046 6.269978
4047 6.269978
4048 6.269978
4049 6.269978
4050 6.269978
4051 6.269978
4052 6.269978
4053 6.269978
4054 6.269978
4055 6.269978
4056 6.269978
4057 6.269978
4058 6.269978
4059 6.269978
4060 6.269978
4061 6.269978
4062 6.269978
4063 6.269978
4064 6.269978
4065 6.269978
4066 6.269978
4067 6.269978
4068 6.269978
4069 6.269978
4070 6.269978
4071 6.269978
4072 6.269978
4073 6.269978
4074 6.269978
4075 6.269978
4076 6.269978
4077 6.269978
4078 6.269978
4079 6.269978
4080 6.269978
4081 6.269978
4082 6.269978
4083 6.269978
4084 6.269978
4085 6.269978
4086 6.269978
4087 6.269978
4088 6.269978
4089 6.269978
4090 6.269978
4091 6.269978
4092 6.269978
4093 6.269978
4094 6.269978
4095 6.269978
4096 6.269978
4097 6.269978
4098 6.269978
4099 6.269978
4100 6.269978
4101 6.269978
4102 6.269978
4103 6.269978
4104 6.269978
4105 6.269978
4106 6.269978
4107 6.269978
4108 6.269978
4109 6.269978
4110 6.269978
4111 6.269978
4112 6.269978
4113 6.269978
4114 6.269978
4115 6.269978
4116 6.269978
4117 6.269978
4118 6.269978
4119 6.269978
4120 6.269978
4121 6.269978
4122 6.269978
4123 6.269978
4124 6.269978
4125 6.269978
4126 6.269978
4127 6.269978
4128 6.269978
4129 6.269978
4130 6.269978
4131 6.269978
4132 6.269978
4133 6.269978
4134 6.269978
4135 6.269978
4136 6.269978
4137 6.269978
4138 6.269978
4139 6.269978
4140 6.269978
4141 6.269978
4142 6.269978
4143 6.269978
4144 6.269978
4145 6.269978
4146 6.269978
4147 6.269978
4148 6.269978
4149 6.269978
4150 6.269978
4151 6.269978
4152 6.269978
4153 6.269978
4154 6.269978
4155 6.269978
4156 6.269978
4157 6.269978
4158 6.269978
4159 6.269978
4160 6.269978
4161 6.269978
4162 6.269978
4163 6.269978
4164 6.269978
4165 6.269978
4166 6.269978
4167 6.269978
4168 6.269978
4169 6.269978
4170 6.269978
4171 6.269978
4172 6.269978
4173 6.269978
4174 6.269978
4175 6.269978
4176 6.269978
4177 6.269978
4178 6.269978
4179 6.269978
4180 6.269978
4181 6.269978
4182 6.269978
4183 6.269978
4184 6.269978
4185 6.269978
4186 6.269978
4187 6.269978
4188 6.269978
4189 6.269978
4190 6.269978
4191 6.269978
4192 6.269978
4193 6.269978
4194 6.269978
4195 6.269978
4196 6.269978
4197 6.269978
4198 6.269978
4199 6.269978
4200 6.269978
4201 6.269978
4202 6.269978
4203 6.269978
4204 6.269978
4205 6.269978
4206 6.269978
4207 6.269978
4208 6.269978
4209 6.269978
4210 6.269978
4211 6.269978
4212 6.269978
4213 6.269978
4214 6.269978
4215 6.269978
4216 6.269978
4217 6.269978
4218 6.269978
4219 6.269978
4220 6.269978
4221 6.269978
4222 6.269978
4223 6.269978
4224 6.269978
4225 6.269978
4226 6.269978
4227 6.269978
4228 6.269978
4229 6.269978
4230 6.269978
4231 6.269978
4232 6.269978
4233 6.269978
4234 6.269978
4235 6.269978
4236 6.269978
4237 6.269978
4238 6.269978
4239 6.269978
4240 6.269978
4241 6.269978
4242 6.269978
4243 6.269978
4244 6.269978
4245 6.269978
4246 6.269978
4247 6.269978
4248 6.269978
4249 6.269978
4250 6.269978
4251 6.269978
4252 6.269978
4253 6.269978
4254 6.269978
4255 6.269978
4256 6.269978
4257 6.269978
4258 6.269978
4259 6.269978
4260 6.269978
4261 6.269978
4262 6.269978
4263 6.269978
4264 6.269978
4265 6.269978
4266 6.269978
4267 6.269978
4268 6.269978
4269 6.269978
4270 6.269978
4271 6.269978
4272 6.269978
4273 6.269978
4274 6.269978
4275 6.269978
4276 6.269978
4277 6.269978
4278 6.269978
4279 6.269978
4280 6.269978
4281 6.269978
4282 6.269978
4283 6.269978
4284 6.269978
4285 6.269978
4286 6.269978
4287 6.269978
4288 6.269978
4289 6.269978
4290 6.269978
4291 6.269978
4292 6.269978
4293 6.269978
4294 6.269978
4295 6.269978
4296 6.269978
4297 6.269978
4298 6.269978
4299 6.269978
4300 6.269978
4301 6.269978
4302 6.269978
4303 6.269978
4304 6.269978
4305 6.269978
4306 6.269978
4307 6.269978
4308 6.269978
4309 6.269978
4310 6.269978
4311 6.269978
4312 6.269978
4313 6.269978
4314 6.269978
4315 6.269978
4316 6.269978
4317 6.269978
4318 6.269978
4319 6.269978
4320 6.269978
4321 6.269978
4322 6.269978
4323 6.269978
4324 6.269978
4325 6.269978
4326 6.269978
4327 6.269978
4328 6.269978
4329 6.269978
4330 6.269978
4331 6.269978
4332 6.269978
4333 6.269978
4334 6.269978
4335 6.269978
4336 6.269978
4337 6.269978
4338 6.269978
4339 6.269978
4340 6.269978
4341 6.269978
4342 6.269978
4343 6.269978
4344 6.269978
4345 6.269978
4346 6.269978
4347 6.269978
4348 6.269978
4349 6.269978
4350 6.269978
4351 6.269978
4352 6.269978
4353 6.269978
4354 6.269978
4355 6.269978
4356 6.269978
4357 6.269978
4358 6.269978
4359 6.269978
4360 6.269978
4361 6.269978
4362 6.269978
4363 6.269978
4364 6.269978
4365 6.269978
4366 6.269978
4367 6.269978
4368 6.269978
4369 6.269978
4370 6.269978
4371 6.269978
4372 6.269978
4373 6.269978
4374 6.269978
4375 6.269978
4376 6.269978
4377 6.269978
4378 6.269978
4379 6.269978
4380 6.269978
4381 6.269978
4382 6.269978
4383 6.269978
4384 6.269978
4385 6.269978
4386 6.269978
4387 6.269978
4388 6.269978
4389 6.269978
4390 6.269978
4391 6.269978
4392 6.269978
4393 6.269978
4394 6.269978
4395 6.269978
4396 6.269978
4397 6.269978
4398 6.269978
4399 6.269978
4400 6.269978
4401 6.269978
4402 6.269978
4403 6.269978
4404 6.269978
4405 6.269978
4406 6.269978
4407 6.269978
4408 6.269978
4409 6.269978
4410 6.269978
4411 6.269978
4412 6.269978
4413 6.269978
4414 6.269978
4415 6.269978
4416 6.269978
4417 6.269978
4418 6.269978
4419 6.269978
4420 6.269978
4421 6.269978
4422 6.269978
4423 6.269978
4424 6.269978
4425 6.269978
4426 6.269978
4427 6.269978
4428 6.269978
4429 6.269978
4430 6.269978
4431 6.269978
4432 6.269978
4433 6.269978
4434 6.269978
4435 6.269978
4436 6.269978
4437 6.269978
4438 6.269978
4439 6.269978
4440 6.269978
4441 6.269978
4442 6.269978
4443 6.269978
4444 6.269978
4445 6.269978
4446 6.269978
4447 6.269978
4448 6.269978
4449 6.269978
4450 6.269978
4451 6.269978
4452 6.269978
4453 6.269978
4454 6.269978
4455 6.269978
4456 6.269978
4457 6.269978
4458 6.269978
4459 6.269978
4460 6.269978
4461 6.269978
4462 6.269978
4463 6.269978
4464 6.269978
4465 6.269978
4466 6.269978
4467 6.269978
4468 6.269978
4469 6.269978
4470 6.269978
4471 6.269978
4472 6.269978
4473 6.269978
4474 6.269978
4475 6.269978
4476 6.269978
4477 6.269978
4478 6.269978
4479 6.269978
4480 6.269978
4481 6.269978
4482 6.269978
4483 6.269978
4484 6.269978
4485 6.269978
4486 6.269978
4487 6.269978
4488 6.269978
4489 6.269978
4490 6.269978
4491 6.269978
4492 6.269978
4493 6.269978
4494 6.269978
4495 6.269978
4496 6.269978
4497 6.269978
4498 6.269978
4499 6.269978
4500 6.269978
4501 6.269978
4502 6.269978
4503 6.269978
4504 6.269978
4505 6.269978
4506 6.269978
4507 6.269978
4508 6.269978
4509 6.269978
4510 6.269978
4511 6.269978
4512 6.269978
4513 6.269978
4514 6.269978
4515 6.269978
4516 6.269978
4517 6.269978
4518 6.269978
4519 6.269978
4520 6.269978
4521 6.269978
4522 6.269978
4523 6.269978
4524 6.269978
4525 6.269978
4526 6.269978
4527 6.269978
4528 6.269978
4529 6.269978
4530 6.269978
4531 6.269978
4532 6.269978
4533 6.269978
4534 6.269978
4535 6.269978
4536 6.269978
4537 6.269978
4538 6.269978
4539 6.269978
4540 6.269978
4541 6.269978
4542 6.269978
4543 6.269978
4544 6.269978
4545 6.269978
4546 6.269978
4547 6.269978
4548 6.269978
4549 6.269978
4550 6.269978
4551 6.269978
4552 6.269978
4553 6.269978
4554 6.269978
4555 6.269978
4556 6.269978
4557 6.269978
4558 6.269978
4559 6.269978
4560 6.269978
4561 6.269978
4562 6.269978
4563 6.269978
4564 6.269978
4565 6.269978
4566 6.269978
4567 6.269978
4568 6.269978
4569 6.269978
4570 6.269978
4571 6.269978
4572 6.269978
4573 6.269978
4574 6.269978
4575 6.269978
4576 6.269978
4577 6.269978
4578 6.269978
4579 6.269978
4580 6.269978
4581 6.269978
4582 6.269978
4583 6.269978
4584 6.269978
4585 6.269978
4586 6.269978
4587 6.269978
4588 6.269978
4589 6.269978
4590 6.269978
4591 6.269978
4592 6.269978
4593 6.269978
4594 6.269978
4595 6.269978
4596 6.269978
4597 6.269978
4598 6.269978
4599 6.269978
4600 6.269978
4601 6.269978
4602 6.269978
4603 6.269978
4604 6.269978
4605 6.269978
4606 6.269978
4607 6.269978
4608 6.269978
4609 6.269978
4610 6.269978
4611 6.269978
4612 6.269978
4613 6.269978
4614 6.269978
4615 6.269978
4616 6.269978
4617 6.269978
4618 6.269978
4619 6.269978
4620 6.269978
4621 6.269978
4622 6.269978
4623 6.269978
4624 6.269978
4625 6.269978
4626 6.269978
4627 6.269978
4628 6.269978
4629 6.269978
4630 6.269978
4631 6.269978
4632 6.269978
4633 6.269978
4634 6.269978
4635 6.269978
4636 6.269978
4637 6.269978
4638 6.269978
4639 6.269978
4640 6.269978
4641 6.269978
4642 6.269978
4643 6.269978
4644 6.269978
4645 6.269978
4646 6.269978
4647 6.269978
4648 6.269978
4649 6.269978
4650 6.269978
4651 6.269978
4652 6.269978
4653 6.269978
4654 6.269978
4655 6.269978
4656 6.269978
4657 6.269978
4658 6.269978
4659 6.269978
4660 6.269978
4661 6.269978
4662 6.269978
4663 6.269978
4664 6.269978
4665 6.269978
4666 6.269978
4667 6.269978
4668 6.269978
4669 6.269978
4670 6.269978
4671 6.269978
4672 6.269978
4673 6.269978
4674 6.269978
4675 6.269978
4676 6.269978
4677 6.269978
4678 6.269978
4679 6.269978
4680 6.269978
4681 6.269978
4682 6.269978
4683 6.269978
4684 6.269978
4685 6.269978
4686 6.269978
4687 6.269978
4688 6.269978
4689 6.269978
4690 6.269978
4691 6.269978
4692 6.269978
4693 6.269978
4694 6.269978
4695 6.269978
4696 6.269978
4697 6.269978
4698 6.269978
4699 6.269978
4700 6.269978
4701 6.269978
4702 6.269978
4703 6.269978
4704 6.269978
4705 6.269978
4706 6.269978
4707 6.269978
4708 6.269978
4709 6.269978
4710 6.269978
4711 6.269978
4712 6.269978
4713 6.269978
4714 6.269978
4715 6.269978
4716 6.269978
4717 6.269978
4718 6.269978
4719 6.269978
4720 6.269978
4721 6.269978
4722 6.269978
4723 6.269978
4724 6.269978
4725 6.269978
4726 6.269978
4727 6.269978
4728 6.269978
4729 6.269978
4730 6.269978
4731 6.269978
4732 6.269978
4733 6.269978
4734 6.269978
4735 6.269978
4736 6.269978
4737 6.269978
4738 6.269978
4739 6.269978
4740 6.269978
4741 6.269978
4742 6.269978
4743 6.269978
4744 6.269978
4745 6.269978
4746 6.269978
4747 6.269978
4748 6.269978
4749 6.269978
4750 6.269978
4751 6.269978
4752 6.269978
4753 6.269978
4754 6.269978
4755 6.269978
4756 6.269978
4757 6.269978
4758 6.269978
4759 6.269978
4760 6.269978
4761 6.269978
4762 6.269978
4763 6.269978
4764 6.269978
4765 6.269978
4766 6.269978
4767 6.269978
4768 6.269978
4769 6.269978
4770 6.269978
4771 6.269978
4772 6.269978
4773 6.269978
4774 6.269978
4775 6.269978
4776 6.269978
4777 6.269978
4778 6.269978
4779 6.269978
4780 6.269978
4781 6.269978
4782 6.269978
4783 6.269978
4784 6.269978
4785 6.269978
4786 6.269978
4787 6.269978
4788 6.269978
4789 6.269978
4790 6.269978
4791 6.269978
4792 6.269978
4793 6.269978
4794 6.269978
4795 6.269978
4796 6.269978
4797 6.269978
4798 6.269978
4799 6.269978
4800 6.269978
4801 6.269978
4802 6.269978
4803 6.269978
4804 6.269978
4805 6.269978
4806 6.269978
4807 6.269978
4808 6.269978
4809 6.269978
4810 6.269978
4811 6.269978
4812 6.269978
4813 6.269978
4814 6.269978
4815 6.269978
4816 6.269978
4817 6.269978
4818 6.269978
4819 6.269978
4820 6.269978
4821 6.269978
4822 6.269978
4823 6.269978
4824 6.269978
4825 6.269978
4826 6.269978
4827 6.269978
4828 6.269978
4829 6.269978
4830 6.269978
4831 6.269978
4832 6.269978
4833 6.269978
4834 6.269978
4835 6.269978
4836 6.269978
4837 6.269978
4838 6.269978
4839 6.269978
4840 6.269978
4841 6.269978
4842 6.269978
4843 6.269978
4844 6.269978
4845 6.269978
4846 6.269978
4847 6.269978
4848 6.269978
4849 6.269978
4850 6.269978
4851 6.269978
4852 6.269978
4853 6.269978
4854 6.269978
4855 6.269978
4856 6.269978
4857 6.269978
4858 6.269978
4859 6.269978
4860 6.269978
4861 6.269978
4862 6.269978
4863 6.269978
4864 6.269978
4865 6.269978
4866 6.269978
4867 6.269978
4868 6.269978
4869 6.269978
4870 6.269978
4871 6.269978
4872 6.269978
4873 6.269978
4874 6.269978
4875 6.269978
4876 6.269978
4877 6.269978
4878 6.269978
4879 6.269978
4880 6.269978
4881 6.269978
4882 6.269978
4883 6.269978
4884 6.269978
4885 6.269978
4886 6.269978
4887 6.269978
4888 6.269978
4889 6.269978
4890 6.269978
4891 6.269978
4892 6.269978
4893 6.269978
4894 6.269978
4895 6.269978
4896 6.269978
4897 6.269978
4898 6.269978
4899 6.269978
4900 6.269978
4901 6.269978
4902 6.269978
4903 6.269978
4904 6.269978
4905 6.269978
4906 6.269978
4907 6.269978
4908 6.269978
4909 6.269978
4910 6.269978
4911 6.269978
4912 6.269978
4913 6.269978
4914 6.269978
4915 6.269978
4916 6.269978
4917 6.269978
4918 6.269978
4919 6.269978
4920 6.269978
4921 6.269978
4922 6.269978
4923 6.269978
4924 6.269978
4925 6.269978
4926 6.269978
4927 6.269978
4928 6.269978
4929 6.269978
4930 6.269978
4931 6.269978
4932 6.269978
4933 6.269978
4934 6.269978
4935 6.269978
4936 6.269978
4937 6.269978
4938 6.269978
4939 6.269978
4940 6.269978
4941 6.269978
4942 6.269978
4943 6.269978
4944 6.269978
4945 6.269978
4946 6.269978
4947 6.269978
4948 6.269978
4949 6.269978
4950 6.269978
4951 6.269978
4952 6.269978
4953 6.269978
4954 6.269978
4955 6.269978
4956 6.269978
4957 6.269978
4958 6.269978
4959 6.269978
4960 6.269978
4961 6.269978
4962 6.269978
4963 6.269978
4964 6.269978
4965 6.269978
4966 6.269978
4967 6.269978
4968 6.269978
4969 6.269978
4970 6.269978
4971 6.269978
4972 6.269978
4973 6.269978
4974 6.269978
4975 6.269978
4976 6.269978
4977 6.269978
4978 6.269978
4979 6.269978
4980 6.269978
4981 6.269978
4982 6.269978
4983 6.269978
4984 6.269978
4985 6.269978
4986 6.269978
4987 6.269978
4988 6.269978
4989 6.269978
4990 6.269978
4991 6.269978
4992 6.269978
4993 6.269978
4994 6.269978
4995 6.269978
4996 6.269978
4997 6.269978
4998 6.269978
4999 6.269978
5000 6.269978
5001 6.269978
5002 6.269978
5003 6.269978
5004 6.269978
5005 6.269978
5006 6.269978
5007 6.269978
5008 6.269978
5009 6.269978
5010 6.269978
5011 6.269978
5012 6.269978
5013 6.269978
5014 6.269978
5015 6.269978
5016 6.269978
5017 6.269978
5018 6.269978
5019 6.269978
5020 6.269978
5021 6.269978
5022 6.269978
5023 6.269978
5024 6.269978
5025 6.269978
5026 6.269978
5027 6.269978
5028 6.269978
5029 6.269978
5030 6.269978
5031 6.269978
5032 6.269978
5033 6.269978
5034 6.269978
5035 6.269978
5036 6.269978
5037 6.269978
5038 6.269978
5039 6.269978
5040 6.269978
5041 6.269978
5042 6.269978
5043 6.269978
5044 6.269978
5045 6.269978
5046 6.269978
5047 6.269978
5048 6.269978
5049 6.269978
5050 6.269978
5051 6.269978
5052 6.269978
5053 6.269978
5054 6.269978
5055 6.269978
5056 6.269978
5057 6.269978
5058 6.269978
5059 6.269978
5060 6.269978
5061 6.269978
5062 6.269978
5063 6.269978
5064 6.269978
5065 6.269978
5066 6.269978
5067 6.269978
5068 6.269978
5069 6.269978
5070 6.269978
5071 6.269978
5072 6.269978
5073 6.269978
5074 6.269978
5075 6.269978
5076 6.269978
5077 6.269978
5078 6.269978
5079 6.269978
5080 6.269978
5081 6.269978
5082 6.269978
5083 6.269978
5084 6.269978
5085 6.269978
5086 6.269978
5087 6.269978
5088 6.269978
5089 6.269978
5090 6.269978
5091 6.269978
5092 6.269978
5093 6.269978
5094 6.269978
5095 6.269978
5096 6.269978
5097 6.269978
5098 6.269978
5099 6.269978
5100 6.269978
5101 6.269978
5102 6.269978
5103 6.269978
5104 6.269978
5105 6.269978
5106 6.269978
5107 6.269978
5108 6.269978
5109 6.269978
5110 6.269978
5111 6.269978
5112 6.269978
5113 6.269978
5114 6.269978
5115 6.269978
5116 6.269978
5117 6.269978
5118 6.269978
5119 6.269978
5120 6.269978
5121 6.269978
5122 6.269978
5123 6.269978
5124 6.269978
5125 6.269978
5126 6.269978
5127 6.269978
5128 6.269978
5129 6.269978
5130 6.269978
5131 6.269978
5132 6.269978
5133 6.269978
5134 6.269978
5135 6.269978
5136 6.269978
5137 6.269978
5138 6.269978
5139 6.269978
5140 6.269978
5141 6.269978
5142 6.269978
5143 6.269978
5144 6.269978
5145 6.269978
5146 6.269978
5147 6.269978
5148 6.269978
5149 6.269978
5150 6.269978
5151 6.269978
5152 6.269978
5153 6.269978
5154 6.269978
5155 6.269978
5156 6.269978
5157 6.269978
5158 6.269978
5159 6.269978
5160 6.269978
5161 6.269978
5162 6.269978
5163 6.269978
5164 6.269978
5165 6.269978
5166 6.269978
5167 6.269978
5168 6.269978
5169 6.269978
5170 6.269978
5171 6.269978
5172 6.269978
5173 6.269978
5174 6.269978
5175 6.269978
5176 6.269978
5177 6.269978
5178 6.269978
5179 6.269978
5180 6.269978
5181 6.269978
5182 6.269978
5183 6.269978
5184 6.269978
5185 6.269978
5186 6.269978
5187 6.269978
5188 6.269978
5189 6.269978
5190 6.269978
5191 6.269978
5192 6.269978
5193 6.269978
5194 6.269978
5195 6.269978
5196 6.269978
5197 6.269978
5198 6.269978
5199 6.269978
5200 6.269978
5201 6.269978
5202 6.269978
5203 6.269978
5204 6.269978
5205 6.269978
5206 6.269978
5207 6.269978
5208 6.269978
5209 6.269978
5210 6.269978
5211 6.269978
5212 6.269978
5213 6.269978
5214 6.269978
5215 6.269978
5216 6.269978
5217 6.269978
5218 6.269978
5219 6.269978
5220 6.269978
5221 6.269978
5222 6.269978
5223 6.269978
5224 6.269978
5225 6.269978
5226 6.269978
5227 6.269978
5228 6.269978
5229 6.269978
5230 6.269978
5231 6.269978
5232 6.269978
5233 6.269978
5234 6.269978
5235 6.269978
5236 6.269978
5237 6.269978
5238 6.269978
5239 6.269978
5240 6.269978
5241 6.269978
5242 6.269978
5243 6.269978
5244 6.269978
5245 6.269978
5246 6.269978
5247 6.269978
5248 6.269978
5249 6.269978
5250 6.269978
5251 6.269978
5252 6.269978
5253 6.269978
5254 6.269978
5255 6.269978
5256 6.269978
5257 6.269978
5258 6.269978
5259 6.269978
5260 6.269978
5261 6.269978
5262 6.269978
5263 6.269978
5264 6.269978
5265 6.269978
5266 6.269978
5267 6.269978
5268 6.269978
5269 6.269978
5270 6.269978
5271 6.269978
5272 6.269978
5273 6.269978
5274 6.269978
5275 6.269978
5276 6.269978
5277 6.269978
5278 6.269978
5279 6.269978
5280 6.269978
5281 6.269978
5282 6.269978
5283 6.269978
5284 6.269978
5285 6.269978
5286 6.269978
5287 6.269978
5288 6.269978
5289 6.269978
5290 6.269978
5291 6.269978
5292 6.269978
5293 6.269978
5294 6.269978
5295 6.269978
5296 6.269978
5297 6.269978
5298 6.269978
5299 6.269978
5300 6.269978
5301 6.269978
5302 6.269978
5303 6.269978
5304 6.269978
5305 6.269978
5306 6.269978
5307 6.269978
5308 6.269978
5309 6.269978
5310 6.269978
5311 6.269978
5312 6.269978
5313 6.269978
5314 6.269978
5315 6.269978
5316 6.269978
5317 6.269978
5318 6.269978
5319 6.269978
5320 6.269978
5321 6.269978
5322 6.269978
5323 6.269978
5324 6.269978
5325 6.269978
5326 6.269978
5327 6.269978
5328 6.269978
5329 6.269978
5330 6.269978
5331 6.269978
5332 6.269978
5333 6.269978
5334 6.269978
5335 6.269978
5336 6.269978
5337 6.269978
5338 6.269978
5339 6.269978
5340 6.269978
5341 6.269978
5342 6.269978
5343 6.269978
5344 6.269978
5345 6.269978
5346 6.269978
5347 6.269978
5348 6.269978
5349 6.269978
5350 6.269978
5351 6.269978
5352 6.269978
5353 6.269978
5354 6.269978
5355 6.269978
5356 6.269978
5357 6.269978
5358 6.269978
5359 6.269978
5360 6.269978
5361 6.269978
5362 6.269978
5363 6.269978
5364 6.269978
5365 6.269978
5366 6.269978
5367 6.269978
5368 6.269978
5369 6.269978
5370 6.269978
5371 6.269978
5372 6.269978
5373 6.269978
5374 6.269978
5375 6.269978
5376 6.269978
5377 6.269978
5378 6.269978
5379 6.269978
5380 6.269978
5381 6.269978
5382 6.269978
5383 6.269978
5384 6.269978
5385 6.269978
5386 6.269978
5387 6.269978
5388 6.269978
5389 6.269978
5390 6.269978
5391 6.269978
5392 6.269978
5393 6.269978
5394 6.269978
5395 6.269978
5396 6.269978
5397 6.269978
5398 6.269978
5399 6.269978
5400 6.269978
5401 6.269978
5402 6.269978
5403 6.269978
5404 6.269978
5405 6.269978
5406 6.269978
5407 6.269978
5408 6.269978
5409 6.269978
5410 6.269978
5411 6.269978
5412 6.269978
5413 6.269978
5414 6.269978
5415 6.269978
5416 6.269978
5417 6.269978
5418 6.269978
5419 6.269978
5420 6.269978
5421 6.269978
5422 6.269978
5423 6.269978
5424 6.269978
5425 6.269978
5426 6.269978
5427 6.269978
5428 6.269978
5429 6.269978
5430 6.269978
5431 6.269978
5432 6.269978
5433 6.269978
5434 6.269978
5435 6.269978
5436 6.269978
5437 6.269978
5438 6.269978
5439 6.269978
5440 6.269978
5441 6.269978
5442 6.269978
5443 6.269978
5444 6.269978
5445 6.269978
5446 6.269978
5447 6.269978
5448 6.269978
5449 6.269978
5450 6.269978
5451 6.269978
5452 6.269978
5453 6.269978
5454 6.269978
5455 6.269978
5456 6.269978
5457 6.269978
5458 6.269978
5459 6.269978
5460 6.269978
5461 6.269978
5462 6.269978
5463 6.269978
5464 6.269978
5465 6.269978
5466 6.269978
5467 6.269978
5468 6.269978
5469 6.269978
5470 6.269978
5471 6.269978
5472 6.269978
5473 6.269978
5474 6.269978
5475 6.269978
5476 6.269978
5477 6.269978
5478 6.269978
5479 6.269978
5480 6.269978
5481 6.269978
5482 6.269978
5483 6.269978
5484 6.269978
5485 6.269978
5486 6.269978
5487 6.269978
5488 6.269978
5489 6.269978
5490 6.269978
5491 6.269978
5492 6.269978
5493 6.269978
5494 6.269978
5495 6.269978
5496 6.269978
5497 6.269978
5498 6.269978
5499 6.269978
5500 6.269978
5501 6.269978
5502 6.269978
5503 6.269978
5504 6.269978
5505 6.269978
5506 6.269978
5507 6.269978
5508 6.269978
5509 6.269978
5510 6.269978
5511 6.269978
5512 6.269978
5513 6.269978
5514 6.269978
5515 6.269978
5516 6.269978
5517 6.269978
5518 6.269978
5519 6.269978
5520 6.269978
5521 6.269978
5522 6.269978
5523 6.269978
5524 6.269978
5525 6.269978
5526 6.269978
5527 6.269978
5528 6.269978
5529 6.269978
5530 6.269978
5531 6.269978
5532 6.269978
5533 6.269978
5534 6.269978
5535 6.269978
5536 6.269978
5537 6.269978
5538 6.269978
5539 6.269978
5540 6.269978
5541 6.269978
5542 6.269978
5543 6.269978
5544 6.269978
5545 6.269978
5546 6.269978
5547 6.269978
5548 6.269978
5549 6.269978
5550 6.269978
5551 6.269978
5552 6.269978
5553 6.269978
5554 6.269978
5555 6.269978
5556 6.269978
5557 6.269978
5558 6.269978
5559 6.269978
5560 6.269978
5561 6.269978
5562 6.269978
5563 6.269978
5564 6.269978
5565 6.269978
5566 6.269978
5567 6.269978
5568 6.269978
5569 6.269978
5570 6.269978
5571 6.269978
5572 6.269978
5573 6.269978
5574 6.269978
5575 6.269978
5576 6.269978
5577 6.269978
5578 6.269978
5579 6.269978
5580 6.269978
5581 6.269978
5582 6.269978
5583 6.269978
5584 6.269978
5585 6.269978
5586 6.269978
5587 6.269978
5588 6.269978
5589 6.269978
5590 6.269978
5591 6.269978
5592 6.269978
5593 6.269978
5594 6.269978
5595 6.269978
5596 6.269978
5597 6.269978
5598 6.269978
5599 6.269978
5600 6.269978
5601 6.269978
5602 6.269978
5603 6.269978
5604 6.269978
5605 6.269978
5606 6.269978
5607 6.269978
5608 6.269978
5609 6.269978
5610 6.269978
5611 6.269978
5612 6.269978
5613 6.269978
5614 6.269978
5615 6.269978
5616 6.269978
5617 6.269978
5618 6.269978
5619 6.269978
5620 6.269978
5621 6.269978
5622 6.269978
5623 6.269978
5624 6.269978
5625 6.269978
5626 6.269978
5627 6.269978
5628 6.269978
5629 6.269978
5630 6.269978
5631 6.269978
5632 6.269978
5633 6.269978
5634 6.269978
5635 6.269978
5636 6.269978
5637 6.269978
5638 6.269978
5639 6.269978
5640 6.269978
5641 6.269978
5642 6.269978
5643 6.269978
5644 6.269978
5645 6.269978
5646 6.269978
5647 6.269978
5648 6.269978
5649 6.269978
5650 6.269978
5651 6.269978
5652 6.269978
5653 6.269978
5654 6.269978
5655 6.269978
5656 6.269978
5657 6.269978
5658 6.269978
5659 6.269978
5660 6.269978
5661 6.269978
5662 6.269978
5663 6.269978
5664 6.269978
5665 6.269978
5666 6.269978
5667 6.269978
5668 6.269978
5669 6.269978
5670 6.269978
5671 6.269978
5672 6.269978
5673 6.269978
5674 6.269978
5675 6.269978
5676 6.269978
5677 6.269978
5678 6.269978
5679 6.269978
5680 6.269978
5681 6.269978
5682 6.269978
5683 6.269978
5684 6.269978
5685 6.269978
5686 6.269978
5687 6.269978
5688 6.269978
5689 6.269978
5690 6.269978
5691 6.269978
5692 6.269978
5693 6.269978
5694 6.269978
5695 6.269978
5696 6.269978
5697 6.269978
5698 6.269978
5699 6.269978
5700 6.269978
5701 6.269978
5702 6.269978
5703 6.269978
5704 6.269978
5705 6.269978
5706 6.269978
5707 6.269978
5708 6.269978
5709 6.269978
5710 6.269978
5711 6.269978
5712 6.269978
5713 6.269978
5714 6.269978
5715 6.269978
5716 6.269978
5717 6.269978
5718 6.269978
5719 6.269978
5720 6.269978
5721 6.269978
5722 6.269978
5723 6.269978
5724 6.269978
5725 6.269978
5726 6.269978
5727 6.269978
5728 6.269978
5729 6.269978
5730 6.269978
5731 6.269978
5732 6.269978
5733 6.269978
5734 6.269978
5735 6.269978
5736 6.269978
5737 6.269978
5738 6.269978
5739 6.269978
5740 6.269978
5741 6.269978
5742 6.269978
5743 6.269978
5744 6.269978
5745 6.269978
5746 6.269978
5747 6.269978
5748 6.269978
5749 6.269978
5750 6.269978
5751 6.269978
5752 6.269978
5753 6.269978
5754 6.269978
5755 6.269978
5756 6.269978
5757 6.269978
5758 6.269978
5759 6.269978
5760 6.269978
5761 6.269978
5762 6.269978
5763 6.269978
5764 6.269978
5765 6.269978
5766 6.269978
5767 6.269978
5768 6.269978
5769 6.269978
5770 6.269978
5771 6.269978
5772 6.269978
5773 6.269978
5774 6.269978
5775 6.269978
5776 6.269978
5777 6.269978
5778 6.269978
5779 6.269978
5780 6.269978
5781 6.269978
5782 6.269978
5783 6.269978
5784 6.269978
5785 6.269978
5786 6.269978
5787 6.269978
5788 6.269978
5789 6.269978
5790 6.269978
5791 6.269978
5792 6.269978
5793 6.269978
5794 6.269978
5795 6.269978
5796 6.269978
5797 6.269978
5798 6.269978
5799 6.269978
5800 6.269978
5801 6.269978
5802 6.269978
5803 6.269978
5804 6.269978
5805 6.269978
5806 6.269978
5807 6.269978
5808 6.269978
5809 6.269978
5810 6.269978
5811 6.269978
5812 6.269978
5813 6.269978
5814 6.269978
5815 6.269978
5816 6.269978
5817 6.269978
5818 6.269978
5819 6.269978
5820 6.269978
5821 6.269978
5822 6.269978
5823 6.269978
5824 6.269978
5825 6.269978
5826 6.269978
5827 6.269978
5828 6.269978
5829 6.269978
5830 6.269978
5831 6.269978
5832 6.269978
5833 6.269978
5834 6.269978
5835 6.269978
5836 6.269978
5837 6.269978
5838 6.269978
5839 6.269978
5840 6.269978
5841 6.269978
5842 6.269978
5843 6.269978
5844 6.269978
5845 6.269978
5846 6.269978
5847 6.269978
5848 6.269978
5849 6.269978
5850 6.269978
5851 6.269978
5852 6.269978
5853 6.269978
5854 6.269978
5855 6.269978
5856 6.269978
5857 6.269978
5858 6.269978
5859 6.269978
5860 6.269978
5861 6.269978
5862 6.269978
5863 6.269978
5864 6.269978
5865 6.269978
5866 6.269978
5867 6.269978
5868 6.269978
5869 6.269978
5870 6.269978
5871 6.269978
5872 6.269978
5873 6.269978
5874 6.269978
5875 6.269978
5876 6.269978
5877 6.269978
5878 6.269978
5879 6.269978
5880 6.269978
5881 6.269978
5882 6.269978
5883 6.269978
5884 6.269978
5885 6.269978
5886 6.269978
5887 6.269978
5888 6.269978
5889 6.269978
5890 6.269978
5891 6.269978
5892 6.269978
5893 6.269978
5894 6.269978
5895 6.269978
5896 6.269978
5897 6.269978
5898 6.269978
5899 6.269978
5900 6.269978
5901 6.269978
5902 6.269978
5903 6.269978
5904 6.269978
5905 6.269978
5906 6.269978
5907 6.269978
5908 6.269978
5909 6.269978
5910 6.269978
5911 6.269978
5912 6.269978
5913 6.269978
5914 6.269978
5915 6.269978
5916 6.269978
5917 6.269978
5918 6.269978
5919 6.269978
5920 6.269978
5921 6.269978
5922 6.269978
5923 6.269978
5924 6.269978
5925 6.269978
5926 6.269978
5927 6.269978
5928 6.269978
5929 6.269978
5930 6.269978
5931 6.269978
5932 6.269978
5933 6.269978
5934 6.269978
5935 6.269978
5936 6.269978
5937 6.269978
5938 6.269978
5939 6.269978
5940 6.269978
5941 6.269978
5942 6.269978
5943 6.269978
5944 6.269978
5945 6.269978
5946 6.269978
5947 6.269978
5948 6.269978
5949 6.269978
5950 6.269978
5951 6.269978
5952 6.269978
5953 6.269978
5954 6.269978
5955 6.269978
5956 6.269978
5957 6.269978
5958 6.269978
5959 6.269978
5960 6.269978
5961 6.269978
5962 6.269978
5963 6.269978
5964 6.269978
5965 6.269978
5966 6.269978
5967 6.269978
5968 6.269978
5969 6.269978
5970 6.269978
5971 6.269978
5972 6.269978
5973 6.269978
5974 6.269978
5975 6.269978
5976 6.269978
5977 6.269978
5978 6.269978
5979 6.269978
5980 6.269978
5981 6.269978
5982 6.269978
5983 6.269978
5984 6.269978
5985 6.269978
5986 6.269978
5987 6.269978
5988 6.269978
5989 6.269978
5990 6.269978
5991 6.269978
5992 6.269978
5993 6.269978
5994 6.269978
5995 6.269978
5996 6.269978
5997 6.269978
5998 6.269978
5999 6.269978
6000 6.269978
6001 6.269978
6002 6.269978
6003 6.269978
6004 6.269978
6005 6.269978
6006 6.269978
6007 6.269978
6008 6.269978
6009 6.269978
6010 6.269978
6011 6.269978
6012 6.269978
6013 6.269978
6014 6.269978
6015 6.269978
6016 6.269978
6017 6.269978
6018 6.269978
6019 6.269978
6020 6.269978
6021 6.269978
6022 6.269978
6023 6.269978
6024 6.269978
6025 6.269978
6026 6.269978
6027 6.269978
6028 6.269978
6029 6.269978
6030 6.269978
6031 6.269978
6032 6.269978
6033 6.269978
6034 6.269978
6035 6.269978
6036 6.269978
6037 6.269978
6038 6.269978
6039 6.269978
6040 6.269978
6041 6.269978
6042 6.269978
6043 6.269978
6044 6.269978
6045 6.269978
6046 6.269978
6047 6.269978
6048 6.269978
6049 6.269978
6050 6.269978
6051 6.269978
6052 6.269978
6053 6.269978
6054 6.269978
6055 6.269978
6056 6.269978
6057 6.269978
6058 6.269978
6059 6.269978
6060 6.269978
6061 6.269978
6062 6.269978
6063 6.269978
6064 6.269978
6065 6.269978
6066 6.269978
6067 6.269978
6068 6.269978
6069 6.269978
6070 6.269978
6071 6.269978
6072 6.269978
6073 6.269978
6074 6.269978
6075 6.269978
6076 6.269978
6077 6.269978
6078 6.269978
6079 6.269978
6080 6.269978
6081 6.269978
6082 6.269978
6083 6.269978
6084 6.269978
6085 6.269978
6086 6.269978
6087 6.269978
6088 6.269978
6089 6.269978
6090 6.269978
6091 6.269978
6092 6.269978
6093 6.269978
6094 6.269978
6095 6.269978
6096 6.269978
6097 6.269978
6098 6.269978
6099 6.269978
6100 6.269978
6101 6.269978
6102 6.269978
6103 6.269978
6104 6.269978
6105 6.269978
6106 6.269978
6107 6.269978
6108 6.269978
6109 6.269978
6110 6.269978
6111 6.269978
6112 6.269978
6113 6.269978
6114 6.269978
6115 6.269978
6116 6.269978
6117 6.269978
6118 6.269978
6119 6.269978
6120 6.269978
6121 6.269978
6122 6.269978
6123 6.269978
6124 6.269978
6125 6.269978
6126 6.269978
6127 6.269978
6128 6.269978
6129 6.269978
6130 6.269978
6131 6.269978
6132 6.269978
6133 6.269978
6134 6.269978
6135 6.269978
6136 6.269978
6137 6.269978
6138 6.269978
6139 6.269978
6140 6.269978
6141 6.269978
6142 6.269978
6143 6.269978
6144 6.269978
6145 6.269978
6146 6.269978
6147 6.269978
6148 6.269978
6149 6.269978
6150 6.269978
6151 6.269978
6152 6.269978
6153 6.269978
6154 6.269978
6155 6.269978
6156 6.269978
6157 6.269978
6158 6.269978
6159 6.269978
6160 6.269978
6161 6.269978
6162 6.269978
6163 6.269978
6164 6.269978
6165 6.269978
6166 6.269978
6167 6.269978
6168 6.269978
6169 6.269978
6170 6.269978
6171 6.269978
6172 6.269978
6173 6.269978
6174 6.269978
6175 6.269978
6176 6.269978
6177 6.269978
6178 6.269978
6179 6.269978
6180 6.269978
6181 6.269978
6182 6.269978
6183 6.269978
6184 6.269978
6185 6.269978
6186 6.269978
6187 6.269978
6188 6.269978
6189 6.269978
6190 6.269978
6191 6.269978
6192 6.269978
6193 6.269978
6194 6.269978
6195 6.269978
6196 6.269978
6197 6.269978
6198 6.269978
6199 6.269978
6200 6.269978
6201 6.269978
6202 6.269978
6203 6.269978
6204 6.269978
6205 6.269978
6206 6.269978
6207 6.269978
6208 6.269978
6209 6.269978
6210 6.269978
6211 6.269978
6212 6.269978
6213 6.269978
6214 6.269978
6215 6.269978
6216 6.269978
6217 6.269978
6218 6.269978
6219 6.269978
6220 6.269978
6221 6.269978
6222 6.269978
6223 6.269978
6224 6.269978
6225 6.269978
6226 6.269978
6227 6.269978
6228 6.269978
6229 6.269978
6230 6.269978
6231 6.269978
6232 6.269978
6233 6.269978
6234 6.269978
6235 6.269978
6236 6.269978
6237 6.269978
6238 6.269978
6239 6.269978
6240 6.269978
6241 6.269978
6242 6.269978
6243 6.269978
6244 6.269978
6245 6.269978
6246 6.269978
6247 6.269978
6248 6.269978
6249 6.269978
6250 6.269978
6251 6.269978
6252 6.269978
6253 6.269978
6254 6.269978
6255 6.269978
6256 6.269978
6257 6.269978
6258 6.269978
6259 6.269978
6260 6.269978
6261 6.269978
6262 6.269978
6263 6.269978
6264 6.269978
6265 6.269978
6266 6.269978
6267 6.269978
6268 6.269978
6269 6.269978
6270 6.269978
6271 6.269978
6272 6.269978
6273 6.269978
6274 6.269978
6275 6.269978
6276 6.269978
6277 6.269978
6278 6.269978
6279 6.269978
6280 6.269978
6281 6.269978
6282 6.269978
6283 6.269978
6284 6.269978
6285 6.269978
6286 6.269978
6287 6.269978
6288 6.269978
6289 6.269978
6290 6.269978
6291 6.269978
6292 6.269978
6293 6.269978
6294 6.269978
6295 6.269978
6296 6.269978
6297 6.269978
6298 6.269978
6299 6.269978
6300 6.269978
6301 6.269978
6302 6.269978
6303 6.269978
6304 6.269978
6305 6.269978
6306 6.269978
6307 6.269978
6308 6.269978
6309 6.269978
6310 6.269978
6311 6.269978
6312 6.269978
6313 6.269978
6314 6.269978
6315 6.269978
6316 6.269978
6317 6.269978
6318 6.269978
6319 6.269978
6320 6.269978
6321 6.269978
6322 6.269978
6323 6.269978
6324 6.269978
6325 6.269978
6326 6.269978
6327 6.269978
6328 6.269978
6329 6.269978
6330 6.269978
6331 6.269978
6332 6.269978
6333 6.269978
6334 6.269978
6335 6.269978
6336 6.269978
6337 6.269978
6338 6.269978
6339 6.269978
6340 6.269978
6341 6.269978
6342 6.269978
6343 6.269978
6344 6.269978
6345 6.269978
6346 6.269978
6347 6.269978
6348 6.269978
6349 6.269978
6350 6.269978
6351 6.269978
6352 6.269978
6353 6.269978
6354 6.269978
6355 6.269978
6356 6.269978
6357 6.269978
6358 6.269978
6359 6.269978
6360 6.269978
6361 6.269978
6362 6.269978
6363 6.269978
6364 6.269978
6365 6.269978
6366 6.269978
6367 6.269978
6368 6.269978
6369 6.269978
6370 6.269978
6371 6.269978
6372 6.269978
6373 6.269978
6374 6.269978
6375 6.269978
6376 6.269978
6377 6.269978
6378 6.269978
6379 6.269978
6380 6.269978
6381 6.269978
6382 6.269978
6383 6.269978
6384 6.269978
6385 6.269978
6386 6.269978
6387 6.269978
6388 6.269978
6389 6.269978
6390 6.269978
6391 6.269978
6392 6.269978
6393 6.269978
6394 6.269978
6395 6.269978
6396 6.269978
6397 6.269978
6398 6.269978
6399 6.269978
6400 6.269978
6401 6.269978
6402 6.269978
6403 6.269978
6404 6.269978
6405 6.269978
6406 6.269978
6407 6.269978
6408 6.269978
6409 6.269978
6410 6.269978
6411 6.269978
6412 6.269978
6413 6.269978
6414 6.269978
6415 6.269978
6416 6.269978
6417 6.269978
6418 6.269978
6419 6.269978
6420 6.269978
6421 6.269978
6422 6.269978
6423 6.269978
6424 6.269978
6425 6.269978
6426 6.269978
6427 6.269978
6428 6.269978
6429 6.269978
6430 6.269978
6431 6.269978
6432 6.269978
6433 6.269978
6434 6.269978
6435 6.269978
6436 6.269978
6437 6.269978
6438 6.269978
6439 6.269978
6440 6.269978
6441 6.269978
6442 6.269978
6443 6.269978
6444 6.269978
6445 6.269978
6446 6.269978
6447 6.269978
6448 6.269978
6449 6.269978
6450 6.269978
6451 6.269978
6452 6.269978
6453 6.269978
6454 6.269978
6455 6.269978
6456 6.269978
6457 6.269978
6458 6.269978
6459 6.269978
6460 6.269978
6461 6.269978
6462 6.269978
6463 6.269978
6464 6.269978
6465 6.269978
6466 6.269978
6467 6.269978
6468 6.269978
6469 6.269978
6470 6.269978
6471 6.269978
6472 6.269978
6473 6.269978
6474 6.269978
6475 6.269978
6476 6.269978
6477 6.269978
6478 6.269978
6479 6.269978
6480 6.269978
6481 6.269978
6482 6.269978
6483 6.269978
6484 6.269978
6485 6.269978
6486 6.269978
6487 6.269978
6488 6.269978
6489 6.269978
6490 6.269978
6491 6.269978
6492 6.269978
6493 6.269978
6494 6.269978
6495 6.269978
6496 6.269978
6497 6.269978
6498 6.269978
6499 6.269978
6500 6.269978
6501 6.269978
6502 6.269978
6503 6.269978
6504 6.269978
6505 6.269978
6506 6.269978
6507 6.269978
6508 6.269978
6509 6.269978
6510 6.269978
6511 6.269978
6512 6.269978
6513 6.269978
6514 6.269978
6515 6.269978
6516 6.269978
6517 6.269978
6518 6.269978
6519 6.269978
6520 6.269978
6521 6.269978
6522 6.269978
6523 6.269978
6524 6.269978
6525 6.269978
6526 6.269978
6527 6.269978
6528 6.269978
6529 6.269978
6530 6.269978
6531 6.269978
6532 6.269978
6533 6.269978
6534 6.269978
6535 6.269978
6536 6.269978
6537 6.269978
6538 6.269978
6539 6.269978
6540 6.269978
6541 6.269978
6542 6.269978
6543 6.269978
6544 6.269978
6545 6.269978
6546 6.269978
6547 6.269978
6548 6.269978
6549 6.269978
6550 6.269978
6551 6.269978
6552 6.269978
6553 6.269978
6554 6.269978
6555 6.269978
6556 6.269978
6557 6.269978
6558 6.269978
6559 6.269978
6560 6.269978
6561 6.269978
6562 6.269978
6563 6.269978
6564 6.269978
6565 6.269978
6566 6.269978
6567 6.269978
6568 6.269978
6569 6.269978
6570 6.269978
6571 6.269978
6572 6.269978
6573 6.269978
6574 6.269978
6575 6.269978
6576 6.269978
6577 6.269978
6578 6.269978
6579 6.269978
6580 6.269978
6581 6.269978
6582 6.269978
6583 6.269978
6584 6.269978
6585 6.269978
6586 6.269978
6587 6.269978
6588 6.269978
6589 6.269978
6590 6.269978
6591 6.269978
6592 6.269978
6593 6.269978
6594 6.269978
6595 6.269978
6596 6.269978
6597 6.269978
6598 6.269978
6599 6.269978
6600 6.269978
6601 6.269978
6602 6.269978
6603 6.269978
6604 6.269978
6605 6.269978
6606 6.269978
6607 6.269978
6608 6.269978
6609 6.269978
6610 6.269978
6611 6.269978
6612 6.269978
6613 6.269978
6614 6.269978
6615 6.269978
6616 6.269978
6617 6.269978
6618 6.269978
6619 6.269978
6620 6.269978
6621 6.269978
6622 6.269978
6623 6.269978
6624 6.269978
6625 6.269978
6626 6.269978
6627 6.269978
6628 6.269978
6629 6.269978
6630 6.269978
6631 6.269978
6632 6.269978
6633 6.269978
6634 6.269978
6635 6.269978
6636 6.269978
6637 6.269978
6638 6.269978
6639 6.269978
6640 6.269978
6641 6.269978
6642 6.269978
6643 6.269978
6644 6.269978
6645 6.269978
6646 6.269978
6647 6.269978
6648 6.269978
6649 6.269978
6650 6.269978
6651 6.269978
6652 6.269978
6653 6.269978
6654 6.269978
6655 6.269978
6656 6.269978
6657 6.269978
6658 6.269978
6659 6.269978
6660 6.269978
6661 6.269978
6662 6.269978
6663 6.269978
6664 6.269978
6665 6.269978
6666 6.269978
6667 6.269978
6668 6.269978
6669 6.269978
6670 6.269978
6671 6.269978
6672 6.269978
6673 6.269978
6674 6.269978
6675 6.269978
6676 6.269978
6677 6.269978
6678 6.269978
6679 6.269978
6680 6.269978
6681 6.269978
6682 6.269978
6683 6.269978
6684 6.269978
6685 6.269978
6686 6.269978
6687 6.269978
6688 6.269978
6689 6.269978
6690 6.269978
6691 6.269978
6692 6.269978
6693 6.269978
6694 6.269978
6695 6.269978
6696 6.269978
6697 6.269978
6698 6.269978
6699 6.269978
6700 6.269978
6701 6.269978
6702 6.269978
6703 6.269978
6704 6.269978
6705 6.269978
6706 6.269978
6707 6.269978
6708 6.269978
6709 6.269978
6710 6.269978
6711 6.269978
6712 6.269978
6713 6.269978
6714 6.269978
6715 6.269978
6716 6.269978
6717 6.269978
6718 6.269978
6719 6.269978
6720 6.269978
6721 6.269978
6722 6.269978
6723 6.269978
6724 6.269978
6725 6.269978
6726 6.269978
6727 6.269978
6728 6.269978
6729 6.269978
6730 6.269978
6731 6.269978
6732 6.269978
6733 6.269978
6734 6.269978
6735 6.269978
6736 6.269978
6737 6.269978
6738 6.269978
6739 6.269978
6740 6.269978
6741 6.269978
6742 6.269978
6743 6.269978
6744 6.269978
6745 6.269978
6746 6.269978
6747 6.269978
6748 6.269978
6749 6.269978
6750 6.269978
6751 6.269978
6752 6.269978
6753 6.269978
6754 6.269978
6755 6.269978
6756 6.269978
6757 6.269978
6758 6.269978
6759 6.269978
6760 6.269978
6761 6.269978
6762 6.269978
6763 6.269978
6764 6.269978
6765 6.269978
6766 6.269978
6767 6.269978
6768 6.269978
6769 6.269978
6770 6.269978
6771 6.269978
6772 6.269978
6773 6.269978
6774 6.269978
6775 6.269978
6776 6.269978
6777 6.269978
6778 6.269978
6779 6.269978
6780 6.269978
6781 6.269978
6782 6.269978
6783 6.269978
6784 6.269978
6785 6.269978
6786 6.269978
6787 6.269978
6788 6.269978
6789 6.269978
6790 6.269978
6791 6.269978
6792 6.269978
6793 6.269978
6794 6.269978
6795 6.269978
6796 6.269978
6797 6.269978
6798 6.269978
6799 6.269978
6800 6.269978
6801 6.269978
6802 6.269978
6803 6.269978
6804 6.269978
6805 6.269978
6806 6.269978
6807 6.269978
6808 6.269978
6809 6.269978
6810 6.269978
6811 6.269978
6812 6.269978
6813 6.269978
6814 6.269978
6815 6.269978
6816 6.269978
6817 6.269978
6818 6.269978
6819 6.269978
6820 6.269978
6821 6.269978
6822 6.269978
6823 6.269978
6824 6.269978
6825 6.269978
6826 6.269978
6827 6.269978
6828 6.269978
6829 6.269978
6830 6.269978
6831 6.269978
6832 6.269978
6833 6.269978
6834 6.269978
6835 6.269978
6836 6.269978
6837 6.269978
6838 6.269978
6839 6.269978
6840 6.269978
6841 6.269978
6842 6.269978
6843 6.269978
6844 6.269978
6845 6.269978
6846 6.269978
6847 6.269978
6848 6.269978
6849 6.269978
6850 6.269978
6851 6.269978
6852 6.269978
6853 6.269978
6854 6.269978
6855 6.269978
6856 6.269978
6857 6.269978
6858 6.269978
6859 6.269978
6860 6.269978
6861 6.269978
6862 6.269978
6863 6.269978
6864 6.269978
6865 6.269978
6866 6.269978
6867 6.269978
6868 6.269978
6869 6.269978
6870 6.269978
6871 6.269978
6872 6.269978
6873 6.269978
6874 6.269978
6875 6.269978
6876 6.269978
6877 6.269978
6878 6.269978
6879 6.269978
6880 6.269978
6881 6.269978
6882 6.269978
6883 6.269978
6884 6.269978
6885 6.269978
6886 6.269978
6887 6.269978
6888 6.269978
6889 6.269978
6890 6.269978
6891 6.269978
6892 6.269978
6893 6.269978
6894 6.269978
6895 6.269978
6896 6.269978
6897 6.269978
6898 6.269978
6899 6.269978
6900 6.269978
6901 6.269978
6902 6.269978
6903 6.269978
6904 6.269978
6905 6.269978
6906 6.269978
6907 6.269978
6908 6.269978
6909 6.269978
6910 6.269978
6911 6.269978
6912 6.269978
6913 6.269978
6914 6.269978
6915 6.269978
6916 6.269978
6917 6.269978
6918 6.269978
6919 6.269978
6920 6.269978
6921 6.269978
6922 6.269978
6923 6.269978
6924 6.269978
6925 6.269978
6926 6.269978
6927 6.269978
6928 6.269978
6929 6.269978
6930 6.269978
6931 6.269978
6932 6.269978
6933 6.269978
6934 6.269978
6935 6.269978
6936 6.269978
6937 6.269978
6938 6.269978
6939 6.269978
6940 6.269978
6941 6.269978
6942 6.269978
6943 6.269978
6944 6.269978
6945 6.269978
6946 6.269978
6947 6.269978
6948 6.269978
6949 6.269978
6950 6.269978
6951 6.269978
6952 6.269978
6953 6.269978
6954 6.269978
6955 6.269978
6956 6.269978
6957 6.269978
6958 6.269978
6959 6.269978
6960 6.269978
6961 6.269978
6962 6.269978
6963 6.269978
6964 6.269978
6965 6.269978
6966 6.269978
6967 6.269978
6968 6.269978
6969 6.269978
6970 6.269978
6971 6.269978
6972 6.269978
6973 6.269978
6974 6.269978
6975 6.269978
6976 6.269978
6977 6.269978
6978 6.269978
6979 6.269978
6980 6.269978
6981 6.269978
6982 6.269978
6983 6.269978
6984 6.269978
6985 6.269978
6986 6.269978
6987 6.269978
6988 6.269978
6989 6.269978
6990 6.269978
6991 6.269978
6992 6.269978
6993 6.269978
6994 6.269978
6995 6.269978
6996 6.269978
6997 6.269978
6998 6.269978
6999 6.269978
7000 6.269978
7001 6.269978
7002 6.269978
7003 6.269978
7004 6.269978
7005 6.269978
7006 6.269978
7007 6.269978
7008 6.269978
7009 6.269978
7010 6.269978
7011 6.269978
7012 6.269978
7013 6.269978
7014 6.269978
7015 6.269978
7016 6.269978
7017 6.269978
7018 6.269978
7019 6.269978
7020 6.269978
7021 6.269978
7022 6.269978
7023 6.269978
7024 6.269978
7025 6.269978
7026 6.269978
7027 6.269978
7028 6.269978
7029 6.269978
7030 6.269978
7031 6.269978
7032 6.269978
7033 6.269978
7034 6.269978
7035 6.269978
7036 6.269978
7037 6.269978
7038 6.269978
7039 6.269978
7040 6.269978
7041 6.269978
7042 6.269978
7043 6.269978
7044 6.269978
7045 6.269978
7046 6.269978
7047 6.269978
7048 6.269978
7049 6.269978
7050 6.269978
7051 6.269978
7052 6.269978
7053 6.269978
7054 6.269978
7055 6.269978
7056 6.269978
7057 6.269978
7058 6.269978
7059 6.269978
7060 6.269978
7061 6.269978
7062 6.269978
7063 6.269978
7064 6.269978
7065 6.269978
7066 6.269978
7067 6.269978
7068 6.269978
7069 6.269978
7070 6.269978
7071 6.269978
7072 6.269978
7073 6.269978
7074 6.269978
7075 6.269978
7076 6.269978
7077 6.269978
7078 6.269978
7079 6.269978
7080 6.269978
7081 6.269978
7082 6.269978
7083 6.269978
7084 6.269978
7085 6.269978
7086 6.269978
7087 6.269978
7088 6.269978
7089 6.269978
7090 6.269978
7091 6.269978
7092 6.269978
7093 6.269978
7094 6.269978
7095 6.269978
7096 6.269978
7097 6.269978
7098 6.269978
7099 6.269978
7100 6.269978
7101 6.269978
7102 6.269978
7103 6.269978
7104 6.269978
7105 6.269978
7106 6.269978
7107 6.269978
7108 6.269978
7109 6.269978
7110 6.269978
7111 6.269978
7112 6.269978
7113 6.269978
7114 6.269978
7115 6.269978
7116 6.269978
7117 6.269978
7118 6.269978
7119 6.269978
7120 6.269978
7121 6.269978
7122 6.269978
7123 6.269978
7124 6.269978
7125 6.269978
7126 6.269978
7127 6.269978
7128 6.269978
7129 6.269978
7130 6.269978
7131 6.269978
7132 6.269978
7133 6.269978
7134 6.269978
7135 6.269978
7136 6.269978
7137 6.269978
7138 6.269978
7139 6.269978
7140 6.269978
7141 6.269978
7142 6.269978
7143 6.269978
7144 6.269978
7145 6.269978
7146 6.269978
7147 6.269978
7148 6.269978
7149 6.269978
7150 6.269978
7151 6.269978
7152 6.269978
7153 6.269978
7154 6.269978
7155 6.269978
7156 6.269978
7157 6.269978
7158 6.269978
7159 6.269978
7160 6.269978
7161 6.269978
7162 6.269978
7163 6.269978
7164 6.269978
7165 6.269978
7166 6.269978
7167 6.269978
7168 6.269978
7169 6.269978
7170 6.269978
7171 6.269978
7172 6.269978
7173 6.269978
7174 6.269978
7175 6.269978
7176 6.269978
7177 6.269978
7178 6.269978
7179 6.269978
7180 6.269978
7181 6.269978
7182 6.269978
7183 6.269978
7184 6.269978
7185 6.269978
7186 6.269978
7187 6.269978
7188 6.269978
7189 6.269978
7190 6.269978
7191 6.269978
7192 6.269978
7193 6.269978
7194 6.269978
7195 6.269978
7196 6.269978
7197 6.269978
7198 6.269978
7199 6.269978
7200 6.269978
7201 6.269978
7202 6.269978
7203 6.269978
7204 6.269978
7205 6.269978
7206 6.269978
7207 6.269978
7208 6.269978
7209 6.269978
7210 6.269978
7211 6.269978
7212 6.269978
7213 6.269978
7214 6.269978
7215 6.269978
7216 6.269978
7217 6.269978
7218 6.269978
7219 6.269978
7220 6.269978
7221 6.269978
7222 6.269978
7223 6.269978
7224 6.269978
7225 6.269978
7226 6.269978
7227 6.269978
7228 6.269978
7229 6.269978
7230 6.269978
7231 6.269978
7232 6.269978
7233 6.269978
7234 6.269978
7235 6.269978
7236 6.269978
7237 6.269978
7238 6.269978
7239 6.269978
7240 6.269978
7241 6.269978
7242 6.269978
7243 6.269978
7244 6.269978
7245 6.269978
7246 6.269978
7247 6.269978
7248 6.269978
7249 6.269978
7250 6.269978
7251 6.269978
7252 6.269978
7253 6.269978
7254 6.269978
7255 6.269978
7256 6.269978
7257 6.269978
7258 6.269978
7259 6.269978
7260 6.269978
7261 6.269978
7262 6.269978
7263 6.269978
7264 6.269978
7265 6.269978
7266 6.269978
7267 6.269978
7268 6.269978
7269 6.269978
7270 6.269978
7271 6.269978
7272 6.269978
7273 6.269978
7274 6.269978
7275 6.269978
7276 6.269978
7277 6.269978
7278 6.269978
7279 6.269978
7280 6.269978
7281 6.269978
7282 6.269978
7283 6.269978
7284 6.269978
7285 6.269978
7286 6.269978
7287 6.269978
7288 6.269978
7289 6.269978
7290 6.269978
7291 6.269978
7292 6.269978
7293 6.269978
7294 6.269978
7295 6.269978
7296 6.269978
7297 6.269978
7298 6.269978
7299 6.269978
7300 6.269978
7301 6.269978
7302 6.269978
7303 6.269978
7304 6.269978
7305 6.269978
7306 6.269978
7307 6.269978
7308 6.269978
7309 6.269978
7310 6.269978
7311 6.269978
7312 6.269978
7313 6.269978
7314 6.269978
7315 6.269978
7316 6.269978
7317 6.269978
7318 6.269978
7319 6.269978
7320 6.269978
7321 6.269978
7322 6.269978
7323 6.269978
7324 6.269978
7325 6.269978
7326 6.269978
7327 6.269978
7328 6.269978
7329 6.269978
7330 6.269978
7331 6.269978
7332 6.269978
7333 6.269978
7334 6.269978
7335 6.269978
7336 6.269978
7337 6.269978
7338 6.269978
7339 6.269978
7340 6.269978
7341 6.269978
7342 6.269978
7343 6.269978
7344 6.269978
7345 6.269978
7346 6.269978
7347 6.269978
7348 6.269978
7349 6.269978
7350 6.269978
7351 6.269978
7352 6.269978
7353 6.269978
7354 6.269978
7355 6.269978
7356 6.269978
7357 6.269978
7358 6.269978
7359 6.269978
7360 6.269978
7361 6.269978
7362 6.269978
7363 6.269978
7364 6.269978
7365 6.269978
7366 6.269978
7367 6.269978
7368 6.269978
7369 6.269978
7370 6.269978
7371 6.269978
7372 6.269978
7373 6.269978
7374 6.269978
7375 6.269978
7376 6.269978
7377 6.269978
7378 6.269978
7379 6.269978
7380 6.269978
7381 6.269978
7382 6.269978
7383 6.269978
7384 6.269978
7385 6.269978
7386 6.269978
7387 6.269978
7388 6.269978
7389 6.269978
7390 6.269978
7391 6.269978
7392 6.269978
7393 6.269978
7394 6.269978
7395 6.269978
7396 6.269978
7397 6.269978
7398 6.269978
7399 6.269978
7400 6.269978
7401 6.269978
7402 6.269978
7403 6.269978
7404 6.269978
7405 6.269978
7406 6.269978
7407 6.269978
7408 6.269978
7409 6.269978
7410 6.269978
7411 6.269978
7412 6.269978
7413 6.269978
7414 6.269978
7415 6.269978
7416 6.269978
7417 6.269978
7418 6.269978
7419 6.269978
7420 6.269978
7421 6.269978
7422 6.269978
7423 6.269978
7424 6.269978
7425 6.269978
7426 6.269978
7427 6.269978
7428 6.269978
7429 6.269978
7430 6.269978
7431 6.269978
7432 6.269978
7433 6.269978
7434 6.269978
7435 6.269978
7436 6.269978
7437 6.269978
7438 6.269978
7439 6.269978
7440 6.269978
7441 6.269978
7442 6.269978
7443 6.269978
7444 6.269978
7445 6.269978
7446 6.269978
7447 6.269978
7448 6.269978
7449 6.269978
7450 6.269978
7451 6.269978
7452 6.269978
7453 6.269978
7454 6.269978
7455 6.269978
7456 6.269978
7457 6.269978
7458 6.269978
7459 6.269978
7460 6.269978
7461 6.269978
7462 6.269978
7463 6.269978
7464 6.269978
7465 6.269978
7466 6.269978
7467 6.269978
7468 6.269978
7469 6.269978
7470 6.269978
7471 6.269978
7472 6.269978
7473 6.269978
7474 6.269978
7475 6.269978
7476 6.269978
7477 6.269978
7478 6.269978
7479 6.269978
7480 6.269978
7481 6.269978
7482 6.269978
7483 6.269978
7484 6.269978
7485 6.269978
7486 6.269978
7487 6.269978
7488 6.269978
7489 6.269978
7490 6.269978
7491 6.269978
7492 6.269978
7493 6.269978
7494 6.269978
7495 6.269978
7496 6.269978
7497 6.269978
7498 6.269978
7499 6.269978
7500 6.269978
7501 6.269978
7502 6.269978
7503 6.269978
7504 6.269978
7505 6.269978
7506 6.269978
7507 6.269978
7508 6.269978
7509 6.269978
7510 6.269978
7511 6.269978
7512 6.269978
7513 6.269978
7514 6.269978
7515 6.269978
7516 6.269978
7517 6.269978
7518 6.269978
7519 6.269978
7520 6.269978
7521 6.269978
7522 6.269978
7523 6.269978
7524 6.269978
7525 6.269978
7526 6.269978
7527 6.269978
7528 6.269978
7529 6.269978
7530 6.269978
7531 6.269978
7532 6.269978
7533 6.269978
7534 6.269978
7535 6.269978
7536 6.269978
7537 6.269978
7538 6.269978
7539 6.269978
7540 6.269978
7541 6.269978
7542 6.269978
7543 6.269978
7544 6.269978
7545 6.269978
7546 6.269978
7547 6.269978
7548 6.269978
7549 6.269978
7550 6.269978
7551 6.269978
7552 6.269978
7553 6.269978
7554 6.269978
7555 6.269978
7556 6.269978
7557 6.269978
7558 6.269978
7559 6.269978
7560 6.269978
7561 6.269978
7562 6.269978
7563 6.269978
7564 6.269978
7565 6.269978
7566 6.269978
7567 6.269978
7568 6.269978
7569 6.269978
7570 6.269978
7571 6.269978
7572 6.269978
7573 6.269978
7574 6.269978
7575 6.269978
7576 6.269978
7577 6.269978
7578 6.269978
7579 6.269978
7580 6.269978
7581 6.269978
7582 6.269978
7583 6.269978
7584 6.269978
7585 6.269978
7586 6.269978
7587 6.269978
7588 6.269978
7589 6.269978
7590 6.269978
7591 6.269978
7592 6.269978
7593 6.269978
7594 6.269978
7595 6.269978
7596 6.269978
7597 6.269978
7598 6.269978
7599 6.269978
7600 6.269978
7601 6.269978
7602 6.269978
7603 6.269978
7604 6.269978
7605 6.269978
7606 6.269978
7607 6.269978
7608 6.269978
7609 6.269978
7610 6.269978
7611 6.269978
7612 6.269978
7613 6.269978
7614 6.269978
7615 6.269978
7616 6.269978
7617 6.269978
7618 6.269978
7619 6.269978
7620 6.269978
7621 6.269978
7622 6.269978
7623 6.269978
7624 6.269978
7625 6.269978
7626 6.269978
7627 6.269978
7628 6.269978
7629 6.269978
7630 6.269978
7631 6.269978
7632 6.269978
7633 6.269978
7634 6.269978
7635 6.269978
7636 6.269978
7637 6.269978
7638 6.269978
7639 6.269978
7640 6.269978
7641 6.269978
7642 6.269978
7643 6.269978
7644 6.269978
7645 6.269978
7646 6.269978
7647 6.269978
7648 6.269978
7649 6.269978
7650 6.269978
7651 6.269978
7652 6.269978
7653 6.269978
7654 6.269978
7655 6.269978
7656 6.269978
7657 6.269978
7658 6.269978
7659 6.269978
7660 6.269978
7661 6.269978
7662 6.269978
7663 6.269978
7664 6.269978
7665 6.269978
7666 6.269978
7667 6.269978
7668 6.269978
7669 6.269978
7670 6.269978
7671 6.269978
7672 6.269978
7673 6.269978
7674 6.269978
7675 6.269978
7676 6.269978
7677 6.269978
7678 6.269978
7679 6.269978
7680 6.269978
7681 6.269978
7682 6.269978
7683 6.269978
7684 6.269978
7685 6.269978
7686 6.269978
7687 6.269978
7688 6.269978
7689 6.269978
7690 6.269978
7691 6.269978
7692 6.269978
7693 6.269978
7694 6.269978
7695 6.269978
7696 6.269978
7697 6.269978
7698 6.269978
7699 6.269978
7700 6.269978
7701 6.269978
7702 6.269978
7703 6.269978
7704 6.269978
7705 6.269978
7706 6.269978
7707 6.269978
7708 6.269978
7709 6.269978
7710 6.269978
7711 6.269978
7712 6.269978
7713 6.269978
7714 6.269978
7715 6.269978
7716 6.269978
7717 6.269978
7718 6.269978
7719 6.269978
7720 6.269978
7721 6.269978
7722 6.269978
7723 6.269978
7724 6.269978
7725 6.269978
7726 6.269978
7727 6.269978
7728 6.269978
7729 6.269978
7730 6.269978
7731 6.269978
7732 6.269978
7733 6.269978
7734 6.269978
7735 6.269978
7736 6.269978
7737 6.269978
7738 6.269978
7739 6.269978
7740 6.269978
7741 6.269978
7742 6.269978
7743 6.269978
7744 6.269978
7745 6.269978
7746 6.269978
7747 6.269978
7748 6.269978
7749 6.269978
7750 6.269978
7751 6.269978
7752 6.269978
7753 6.269978
7754 6.269978
7755 6.269978
7756 6.269978
7757 6.269978
7758 6.269978
7759 6.269978
7760 6.269978
7761 6.269978
7762 6.269978
7763 6.269978
7764 6.269978
7765 6.269978
7766 6.269978
7767 6.269978
7768 6.269978
7769 6.269978
7770 6.269978
7771 6.269978
7772 6.269978
7773 6.269978
7774 6.269978
7775 6.269978
7776 6.269978
7777 6.269978
7778 6.269978
7779 6.269978
7780 6.269978
7781 6.269978
7782 6.269978
7783 6.269978
7784 6.269978
7785 6.269978
7786 6.269978
7787 6.269978
7788 6.269978
7789 6.269978
7790 6.269978
7791 6.269978
7792 6.269978
7793 6.269978
7794 6.269978
7795 6.269978
7796 6.269978
7797 6.269978
7798 6.269978
7799 6.269978
7800 6.269978
7801 6.269978
7802 6.269978
7803 6.269978
7804 6.269978
7805 6.269978
7806 6.269978
7807 6.269978
7808 6.269978
7809 6.269978
7810 6.269978
7811 6.269978
7812 6.269978
7813 6.269978
7814 6.269978
7815 6.269978
7816 6.269978
7817 6.269978
7818 6.269978
7819 6.269978
7820 6.269978
7821 6.269978
7822 6.269978
7823 6.269978
7824 6.269978
7825 6.269978
7826 6.269978
7827 6.269978
7828 6.269978
7829 6.269978
7830 6.269978
7831 6.269978
7832 6.269978
7833 6.269978
7834 6.269978
7835 6.269978
7836 6.269978
7837 6.269978
7838 6.269978
7839 6.269978
7840 6.269978
7841 6.269978
7842 6.269978
7843 6.269978
7844 6.269978
7845 6.269978
7846 6.269978
7847 6.269978
7848 6.269978
7849 6.269978
7850 6.269978
7851 6.269978
7852 6.269978
7853 6.269978
7854 6.269978
7855 6.269978
7856 6.269978
7857 6.269978
7858 6.269978
7859 6.269978
7860 6.269978
7861 6.269978
7862 6.269978
7863 6.269978
7864 6.269978
7865 6.269978
7866 6.269978
7867 6.269978
7868 6.269978
7869 6.269978
7870 6.269978
7871 6.269978
7872 6.269978
7873 6.269978
7874 6.269978
7875 6.269978
7876 6.269978
7877 6.269978
7878 6.269978
7879 6.269978
7880 6.269978
7881 6.269978
7882 6.269978
7883 6.269978
7884 6.269978
7885 6.269978
7886 6.269978
7887 6.269978
7888 6.269978
7889 6.269978
7890 6.269978
7891 6.269978
7892 6.269978
7893 6.269978
7894 6.269978
7895 6.269978
7896 6.269978
7897 6.269978
7898 6.269978
7899 6.269978
7900 6.269978
7901 6.269978
7902 6.269978
7903 6.269978
7904 6.269978
7905 6.269978
7906 6.269978
7907 6.269978
7908 6.269978
7909 6.269978
7910 6.269978
7911 6.269978
7912 6.269978
7913 6.269978
7914 6.269978
7915 6.269978
7916 6.269978
7917 6.269978
7918 6.269978
7919 6.269978
7920 6.269978
7921 6.269978
7922 6.269978
7923 6.269978
7924 6.269978
7925 6.269978
7926 6.269978
7927 6.269978
7928 6.269978
7929 6.269978
7930 6.269978
7931 6.269978
7932 6.269978
7933 6.269978
7934 6.269978
7935 6.269978
7936 6.269978
7937 6.269978
7938 6.269978
7939 6.269978
7940 6.269978
7941 6.269978
7942 6.269978
7943 6.269978
7944 6.269978
7945 6.269978
7946 6.269978
7947 6.269978
7948 6.269978
7949 6.269978
7950 6.269978
7951 6.269978
7952 6.269978
7953 6.269978
7954 6.269978
7955 6.269978
7956 6.269978
7957 6.269978
7958 6.269978
7959 6.269978
7960 6.269978
7961 6.269978
7962 6.269978
7963 6.269978
7964 6.269978
7965 6.269978
7966 6.269978
7967 6.269978
7968 6.269978
7969 6.269978
7970 6.269978
7971 6.269978
7972 6.269978
7973 6.269978
7974 6.269978
7975 6.269978
7976 6.269978
7977 6.269978
7978 6.269978
7979 6.269978
7980 6.269978
7981 6.269978
7982 6.269978
7983 6.269978
7984 6.269978
7985 6.269978
7986 6.269978
7987 6.269978
7988 6.269978
7989 6.269978
7990 6.269978
7991 6.269978
7992 6.269978
7993 6.269978
7994 6.269978
7995 6.269978
7996 6.269978
7997 6.269978
7998 6.269978
7999 6.269978
8000 6.269978
8001 6.269978
8002 6.269978
8003 6.269978
8004 6.269978
8005 6.269978
8006 6.269978
8007 6.269978
8008 6.269978
8009 6.269978
8010 6.269978
8011 6.269978
8012 6.269978
8013 6.269978
8014 6.269978
8015 6.269978
8016 6.269978
8017 6.269978
8018 6.269978
8019 6.269978
8020 6.269978
8021 6.269978
8022 6.269978
8023 6.269978
8024 6.269978
8025 6.269978
8026 6.269978
8027 6.269978
8028 6.269978
8029 6.269978
8030 6.269978
8031 6.269978
8032 6.269978
8033 6.269978
8034 6.269978
8035 6.269978
8036 6.269978
8037 6.269978
8038 6.269978
8039 6.269978
8040 6.269978
8041 6.269978
8042 6.269978
8043 6.269978
8044 6.269978
8045 6.269978
8046 6.269978
8047 6.269978
8048 6.269978
8049 6.269978
8050 6.269978
8051 6.269978
8052 6.269978
8053 6.269978
8054 6.269978
8055 6.269978
8056 6.269978
8057 6.269978
8058 6.269978
8059 6.269978
8060 6.269978
8061 6.269978
8062 6.269978
8063 6.269978
8064 6.269978
8065 6.269978
8066 6.269978
8067 6.269978
8068 6.269978
8069 6.269978
8070 6.269978
8071 6.269978
8072 6.269978
8073 6.269978
8074 6.269978
8075 6.269978
8076 6.269978
8077 6.269978
8078 6.269978
8079 6.269978
8080 6.269978
8081 6.269978
8082 6.269978
8083 6.269978
8084 6.269978
8085 6.269978
8086 6.269978
8087 6.269978
8088 6.269978
8089 6.269978
8090 6.269978
8091 6.269978
8092 6.269978
8093 6.269978
8094 6.269978
8095 6.269978
8096 6.269978
8097 6.269978
8098 6.269978
8099 6.269978
8100 6.269978
8101 6.269978
8102 6.269978
8103 6.269978
8104 6.269978
8105 6.269978
8106 6.269978
8107 6.269978
8108 6.269978
8109 6.269978
8110 6.269978
8111 6.269978
8112 6.269978
8113 6.269978
8114 6.269978
8115 6.269978
8116 6.269978
8117 6.269978
8118 6.269978
8119 6.269978
8120 6.269978
8121 6.269978
8122 6.269978
8123 6.269978
8124 6.269978
8125 6.269978
8126 6.269978
8127 6.269978
8128 6.269978
8129 6.269978
8130 6.269978
8131 6.269978
8132 6.269978
8133 6.269978
8134 6.269978
8135 6.269978
8136 6.269978
8137 6.269978
8138 6.269978
8139 6.269978
8140 6.269978
8141 6.269978
8142 6.269978
8143 6.269978
8144 6.269978
8145 6.269978
8146 6.269978
8147 6.269978
8148 6.269978
8149 6.269978
8150 6.269978
8151 6.269978
8152 6.269978
8153 6.269978
8154 6.269978
8155 6.269978
8156 6.269978
8157 6.269978
8158 6.269978
8159 6.269978
8160 6.269978
8161 6.269978
8162 6.269978
8163 6.269978
8164 6.269978
8165 6.269978
8166 6.269978
8167 6.269978
8168 6.269978
8169 6.269978
8170 6.269978
8171 6.269978
8172 6.269978
8173 6.269978
8174 6.269978
8175 6.269978
8176 6.269978
8177 6.269978
8178 6.269978
8179 6.269978
8180 6.269978
8181 6.269978
8182 6.269978
8183 6.269978
8184 6.269978
8185 6.269978
8186 6.269978
8187 6.269978
8188 6.269978
8189 6.269978
8190 6.269978
8191 6.269978
8192 6.269978
8193 6.269978
8194 6.269978
8195 6.269978
8196 6.269978
8197 6.269978
8198 6.269978
8199 6.269978
8200 6.269978
8201 6.269978
8202 6.269978
8203 6.269978
8204 6.269978
8205 6.269978
8206 6.269978
8207 6.269978
8208 6.269978
8209 6.269978
8210 6.269978
8211 6.269978
8212 6.269978
8213 6.269978
8214 6.269978
8215 6.269978
8216 6.269978
8217 6.269978
8218 6.269978
8219 6.269978
8220 6.269978
8221 6.269978
8222 6.269978
8223 6.269978
8224 6.269978
8225 6.269978
8226 6.269978
8227 6.269978
8228 6.269978
8229 6.269978
8230 6.269978
8231 6.269978
8232 6.269978
8233 6.269978
8234 6.269978
8235 6.269978
8236 6.269978
8237 6.269978
8238 6.269978
8239 6.269978
8240 6.269978
8241 6.269978
8242 6.269978
8243 6.269978
8244 6.269978
8245 6.269978
8246 6.269978
8247 6.269978
8248 6.269978
8249 6.269978
8250 6.269978
8251 6.269978
8252 6.269978
8253 6.269978
8254 6.269978
8255 6.269978
8256 6.269978
8257 6.269978
8258 6.269978
8259 6.269978
8260 6.269978
8261 6.269978
8262 6.269978
8263 6.269978
8264 6.269978
8265 6.269978
8266 6.269978
8267 6.269978
8268 6.269978
8269 6.269978
8270 6.269978
8271 6.269978
8272 6.269978
8273 6.269978
8274 6.269978
8275 6.269978
8276 6.269978
8277 6.269978
8278 6.269978
8279 6.269978
8280 6.269978
8281 6.269978
8282 6.269978
8283 6.269978
8284 6.269978
8285 6.269978
8286 6.269978
8287 6.269978
8288 6.269978
8289 6.269978
8290 6.269978
8291 6.269978
8292 6.269978
8293 6.269978
8294 6.269978
8295 6.269978
8296 6.269978
8297 6.269978
8298 6.269978
8299 6.269978
8300 6.269978
8301 6.269978
8302 6.269978
8303 6.269978
8304 6.269978
8305 6.269978
8306 6.269978
8307 6.269978
8308 6.269978
8309 6.269978
8310 6.269978
8311 6.269978
8312 6.269978
8313 6.269978
8314 6.269978
8315 6.269978
8316 6.269978
8317 6.269978
8318 6.269978
8319 6.269978
8320 6.269978
8321 6.269978
8322 6.269978
8323 6.269978
8324 6.269978
8325 6.269978
8326 6.269978
8327 6.269978
8328 6.269978
8329 6.269978
8330 6.269978
8331 6.269978
8332 6.269978
8333 6.269978
8334 6.269978
8335 6.269978
8336 6.269978
8337 6.269978
8338 6.269978
8339 6.269978
8340 6.269978
8341 6.269978
8342 6.269978
8343 6.269978
8344 6.269978
8345 6.269978
8346 6.269978
8347 6.269978
8348 6.269978
8349 6.269978
8350 6.269978
8351 6.269978
8352 6.269978
8353 6.269978
8354 6.269978
8355 6.269978
8356 6.269978
8357 6.269978
8358 6.269978
8359 6.269978
8360 6.269978
8361 6.269978
8362 6.269978
8363 6.269978
8364 6.269978
8365 6.269978
8366 6.269978
8367 6.269978
8368 6.269978
8369 6.269978
8370 6.269978
8371 6.269978
8372 6.269978
8373 6.269978
8374 6.269978
8375 6.269978
8376 6.269978
8377 6.269978
8378 6.269978
8379 6.269978
8380 6.269978
8381 6.269978
8382 6.269978
8383 6.269978
8384 6.269978
8385 6.269978
8386 6.269978
8387 6.269978
8388 6.269978
8389 6.269978
8390 6.269978
8391 6.269978
8392 6.269978
8393 6.269978
8394 6.269978
8395 6.269978
8396 6.269978
8397 6.269978
8398 6.269978
8399 6.269978
8400 6.269978
8401 6.269978
8402 6.269978
8403 6.269978
8404 6.269978
8405 6.269978
8406 6.269978
8407 6.269978
8408 6.269978
8409 6.269978
8410 6.269978
8411 6.269978
8412 6.269978
8413 6.269978
8414 6.269978
8415 6.269978
8416 6.269978
8417 6.269978
8418 6.269978
8419 6.269978
8420 6.269978
8421 6.269978
8422 6.269978
8423 6.269978
8424 6.269978
8425 6.269978
8426 6.269978
8427 6.269978
8428 6.269978
8429 6.269978
8430 6.269978
8431 6.269978
8432 6.269978
8433 6.269978
8434 6.269978
8435 6.269978
8436 6.269978
8437 6.269978
8438 6.269978
8439 6.269978
8440 6.269978
8441 6.269978
8442 6.269978
8443 6.269978
8444 6.269978
8445 6.269978
8446 6.269978
8447 6.269978
8448 6.269978
8449 6.269978
8450 6.269978
8451 6.269978
8452 6.269978
8453 6.269978
8454 6.269978
8455 6.269978
8456 6.269978
8457 6.269978
8458 6.269978
8459 6.269978
8460 6.269978
8461 6.269978
8462 6.269978
8463 6.269978
8464 6.269978
8465 6.269978
8466 6.269978
8467 6.269978
8468 6.269978
8469 6.269978
8470 6.269978
8471 6.269978
8472 6.269978
8473 6.269978
8474 6.269978
8475 6.269978
8476 6.269978
8477 6.269978
8478 6.269978
8479 6.269978
8480 6.269978
8481 6.269978
8482 6.269978
8483 6.269978
8484 6.269978
8485 6.269978
8486 6.269978
8487 6.269978
8488 6.269978
8489 6.269978
8490 6.269978
8491 6.269978
8492 6.269978
8493 6.269978
8494 6.269978
8495 6.269978
8496 6.269978
8497 6.269978
8498 6.269978
8499 6.269978
8500 6.269978
8501 6.269978
8502 6.269978
8503 6.269978
8504 6.269978
8505 6.269978
8506 6.269978
8507 6.269978
8508 6.269978
8509 6.269978
8510 6.269978
8511 6.269978
8512 6.269978
8513 6.269978
8514 6.269978
8515 6.269978
8516 6.269978
8517 6.269978
8518 6.269978
8519 6.269978
8520 6.269978
8521 6.269978
8522 6.269978
8523 6.269978
8524 6.269978
8525 6.269978
8526 6.269978
8527 6.269978
8528 6.269978
8529 6.269978
8530 6.269978
8531 6.269978
8532 6.269978
8533 6.269978
8534 6.269978
8535 6.269978
8536 6.269978
8537 6.269978
8538 6.269978
8539 6.269978
8540 6.269978
8541 6.269978
8542 6.269978
8543 6.269978
8544 6.269978
8545 6.269978
8546 6.269978
8547 6.269978
8548 6.269978
8549 6.269978
8550 6.269978
8551 6.269978
8552 6.269978
8553 6.269978
8554 6.269978
8555 6.269978
8556 6.269978
8557 6.269978
8558 6.269978
8559 6.269978
8560 6.269978
8561 6.269978
8562 6.269978
8563 6.269978
8564 6.269978
8565 6.269978
8566 6.269978
8567 6.269978
8568 6.269978
8569 6.269978
8570 6.269978
8571 6.269978
8572 6.269978
8573 6.269978
8574 6.269978
8575 6.269978
8576 6.269978
8577 6.269978
8578 6.269978
8579 6.269978
8580 6.269978
8581 6.269978
8582 6.269978
8583 6.269978
8584 6.269978
8585 6.269978
8586 6.269978
8587 6.269978
8588 6.269978
8589 6.269978
8590 6.269978
8591 6.269978
8592 6.269978
8593 6.269978
8594 6.269978
8595 6.269978
8596 6.269978
8597 6.269978
8598 6.269978
8599 6.269978
8600 6.269978
8601 6.269978
8602 6.269978
8603 6.269978
8604 6.269978
8605 6.269978
8606 6.269978
8607 6.269978
8608 6.269978
8609 6.269978
8610 6.269978
8611 6.269978
8612 6.269978
8613 6.269978
8614 6.269978
8615 6.269978
8616 6.269978
8617 6.269978
8618 6.269978
8619 6.269978
8620 6.269978
8621 6.269978
8622 6.269978
8623 6.269978
8624 6.269978
8625 6.269978
8626 6.269978
8627 6.269978
8628 6.269978
8629 6.269978
8630 6.269978
8631 6.269978
8632 6.269978
8633 6.269978
8634 6.269978
8635 6.269978
8636 6.269978
8637 6.269978
8638 6.269978
8639 6.269978
8640 6.269978
8641 6.269978
8642 6.269978
8643 6.269978
8644 6.269978
8645 6.269978
8646 6.269978
8647 6.269978
8648 6.269978
8649 6.269978
8650 6.269978
8651 6.269978
8652 6.269978
8653 6.269978
8654 6.269978
8655 6.269978
8656 6.269978
8657 6.269978
8658 6.269978
8659 6.269978
8660 6.269978
8661 6.269978
8662 6.269978
8663 6.269978
8664 6.269978
8665 6.269978
8666 6.269978
8667 6.269978
8668 6.269978
8669 6.269978
8670 6.269978
8671 6.269978
8672 6.269978
8673 6.269978
8674 6.269978
8675 6.269978
8676 6.269978
8677 6.269978
8678 6.269978
8679 6.269978
8680 6.269978
8681 6.269978
8682 6.269978
8683 6.269978
8684 6.269978
8685 6.269978
8686 6.269978
8687 6.269978
8688 6.269978
8689 6.269978
8690 6.269978
8691 6.269978
8692 6.269978
8693 6.269978
8694 6.269978
8695 6.269978
8696 6.269978
8697 6.269978
8698 6.269978
8699 6.269978
8700 6.269978
8701 6.269978
8702 6.269978
8703 6.269978
8704 6.269978
8705 6.269978
8706 6.269978
8707 6.269978
8708 6.269978
8709 6.269978
8710 6.269978
8711 6.269978
8712 6.269978
8713 6.269978
8714 6.269978
8715 6.269978
8716 6.269978
8717 6.269978
8718 6.269978
8719 6.269978
8720 6.269978
8721 6.269978
8722 6.269978
8723 6.269978
8724 6.269978
8725 6.269978
8726 6.269978
8727 6.269978
8728 6.269978
8729 6.269978
8730 6.269978
8731 6.269978
8732 6.269978
8733 6.269978
8734 6.269978
8735 6.269978
8736 6.269978
8737 6.269978
8738 6.269978
8739 6.269978
8740 6.269978
8741 6.269978
8742 6.269978
8743 6.269978
8744 6.269978
8745 6.269978
8746 6.269978
8747 6.269978
8748 6.269978
8749 6.269978
8750 6.269978
8751 6.269978
8752 6.269978
8753 6.269978
8754 6.269978
8755 6.269978
8756 6.269978
8757 6.269978
8758 6.269978
8759 6.269978
8760 6.269978
8761 6.269978
8762 6.269978
8763 6.269978
8764 6.269978
8765 6.269978
8766 6.269978
8767 6.269978
8768 6.269978
8769 6.269978
8770 6.269978
8771 6.269978
8772 6.269978
8773 6.269978
8774 6.269978
8775 6.269978
8776 6.269978
8777 6.269978
8778 6.269978
8779 6.269978
8780 6.269978
8781 6.269978
8782 6.269978
8783 6.269978
8784 6.269978
8785 6.269978
8786 6.269978
8787 6.269978
8788 6.269978
8789 6.269978
8790 6.269978
8791 6.269978
8792 6.269978
8793 6.269978
8794 6.269978
8795 6.269978
8796 6.269978
8797 6.269978
8798 6.269978
8799 6.269978
8800 6.269978
8801 6.269978
8802 6.269978
8803 6.269978
8804 6.269978
8805 6.269978
8806 6.269978
8807 6.269978
8808 6.269978
8809 6.269978
8810 6.269978
8811 6.269978
8812 6.269978
8813 6.269978
8814 6.269978
8815 6.269978
8816 6.269978
8817 6.269978
8818 6.269978
8819 6.269978
8820 6.269978
8821 6.269978
8822 6.269978
8823 6.269978
8824 6.269978
8825 6.269978
8826 6.269978
8827 6.269978
8828 6.269978
8829 6.269978
8830 6.269978
8831 6.269978
8832 6.269978
8833 6.269978
8834 6.269978
8835 6.269978
8836 6.269978
8837 6.269978
8838 6.269978
8839 6.269978
8840 6.269978
8841 6.269978
8842 6.269978
8843 6.269978
8844 6.269978
8845 6.269978
8846 6.269978
8847 6.269978
8848 6.269978
8849 6.269978
8850 6.269978
8851 6.269978
8852 6.269978
8853 6.269978
8854 6.269978
8855 6.269978
8856 6.269978
8857 6.269978
8858 6.269978
8859 6.269978
8860 6.269978
8861 6.269978
8862 6.269978
8863 6.269978
8864 6.269978
8865 6.269978
8866 6.269978
8867 6.269978
8868 6.269978
8869 6.269978
8870 6.269978
8871 6.269978
8872 6.269978
8873 6.269978
8874 6.269978
8875 6.269978
8876 6.269978
8877 6.269978
8878 6.269978
8879 6.269978
8880 6.269978
8881 6.269978
8882 6.269978
8883 6.269978
8884 6.269978
8885 6.269978
8886 6.269978
8887 6.269978
8888 6.269978
8889 6.269978
8890 6.269978
8891 6.269978
8892 6.269978
8893 6.269978
8894 6.269978
8895 6.269978
8896 6.269978
8897 6.269978
8898 6.269978
8899 6.269978
8900 6.269978
8901 6.269978
8902 6.269978
8903 6.269978
8904 6.269978
8905 6.269978
8906 6.269978
8907 6.269978
8908 6.269978
8909 6.269978
8910 6.269978
8911 6.269978
8912 6.269978
8913 6.269978
8914 6.269978
8915 6.269978
8916 6.269978
8917 6.269978
8918 6.269978
8919 6.269978
8920 6.269978
8921 6.269978
8922 6.269978
8923 6.269978
8924 6.269978
8925 6.269978
8926 6.269978
8927 6.269978
8928 6.269978
8929 6.269978
8930 6.269978
8931 6.269978
8932 6.269978
8933 6.269978
8934 6.269978
8935 6.269978
8936 6.269978
8937 6.269978
8938 6.269978
8939 6.269978
8940 6.269978
8941 6.269978
8942 6.269978
8943 6.269978
8944 6.269978
8945 6.269978
8946 6.269978
8947 6.269978
8948 6.269978
8949 6.269978
8950 6.269978
8951 6.269978
8952 6.269978
8953 6.269978
8954 6.269978
8955 6.269978
8956 6.269978
8957 6.269978
8958 6.269978
8959 6.269978
8960 6.269978
8961 6.269978
8962 6.269978
8963 6.269978
8964 6.269978
8965 6.269978
8966 6.269978
8967 6.269978
8968 6.269978
8969 6.269978
8970 6.269978
8971 6.269978
8972 6.269978
8973 6.269978
8974 6.269978
8975 6.269978
8976 6.269978
8977 6.269978
8978 6.269978
8979 6.269978
8980 6.269978
8981 6.269978
8982 6.269978
8983 6.269978
8984 6.269978
8985 6.269978
8986 6.269978
8987 6.269978
8988 6.269978
8989 6.269978
8990 6.269978
8991 6.269978
8992 6.269978
8993 6.269978
8994 6.269978
8995 6.269978
8996 6.269978
8997 6.269978
8998 6.269978
8999 6.269978
9000 6.269978
9001 6.269978
9002 6.269978
9003 6.269978
9004 6.269978
9005 6.269978
9006 6.269978
9007 6.269978
9008 6.269978
9009 6.269978
9010 6.269978
9011 6.269978
9012 6.269978
9013 6.269978
9014 6.269978
9015 6.269978
9016 6.269978
9017 6.269978
9018 6.269978
9019 6.269978
9020 6.269978
9021 6.269978
9022 6.269978
9023 6.269978
9024 6.269978
9025 6.269978
9026 6.269978
9027 6.269978
9028 6.269978
9029 6.269978
9030 6.269978
9031 6.269978
9032 6.269978
9033 6.269978
9034 6.269978
9035 6.269978
9036 6.269978
9037 6.269978
9038 6.269978
9039 6.269978
9040 6.269978
9041 6.269978
9042 6.269978
9043 6.269978
9044 6.269978
9045 6.269978
9046 6.269978
9047 6.269978
9048 6.269978
9049 6.269978
9050 6.269978
9051 6.269978
9052 6.269978
9053 6.269978
9054 6.269978
9055 6.269978
9056 6.269978
9057 6.269978
9058 6.269978
9059 6.269978
9060 6.269978
9061 6.269978
9062 6.269978
9063 6.269978
9064 6.269978
9065 6.269978
9066 6.269978
9067 6.269978
9068 6.269978
9069 6.269978
9070 6.269978
9071 6.269978
9072 6.269978
9073 6.269978
9074 6.269978
9075 6.269978
9076 6.269978
9077 6.269978
9078 6.269978
9079 6.269978
9080 6.269978
9081 6.269978
9082 6.269978
9083 6.269978
9084 6.269978
9085 6.269978
9086 6.269978
9087 6.269978
9088 6.269978
9089 6.269978
9090 6.269978
9091 6.269978
9092 6.269978
9093 6.269978
9094 6.269978
9095 6.269978
9096 6.269978
9097 6.269978
9098 6.269978
9099 6.269978
9100 6.269978
9101 6.269978
9102 6.269978
9103 6.269978
9104 6.269978
9105 6.269978
9106 6.269978
9107 6.269978
9108 6.269978
9109 6.269978
9110 6.269978
9111 6.269978
9112 6.269978
9113 6.269978
9114 6.269978
9115 6.269978
9116 6.269978
9117 6.269978
9118 6.269978
9119 6.269978
9120 6.269978
9121 6.269978
9122 6.269978
9123 6.269978
9124 6.269978
9125 6.269978
9126 6.269978
9127 6.269978
9128 6.269978
9129 6.269978
9130 6.269978
9131 6.269978
9132 6.269978
9133 6.269978
9134 6.269978
9135 6.269978
9136 6.269978
9137 6.269978
9138 6.269978
9139 6.269978
9140 6.269978
9141 6.269978
9142 6.269978
9143 6.269978
9144 6.269978
9145 6.269978
9146 6.269978
9147 6.269978
9148 6.269978
9149 6.269978
9150 6.269978
9151 6.269978
9152 6.269978
9153 6.269978
9154 6.269978
9155 6.269978
9156 6.269978
9157 6.269978
9158 6.269978
9159 6.269978
9160 6.269978
9161 6.269978
9162 6.269978
9163 6.269978
9164 6.269978
9165 6.269978
9166 6.269978
9167 6.269978
9168 6.269978
9169 6.269978
9170 6.269978
9171 6.269978
9172 6.269978
9173 6.269978
9174 6.269978
9175 6.269978
9176 6.269978
9177 6.269978
9178 6.269978
9179 6.269978
9180 6.269978
9181 6.269978
9182 6.269978
9183 6.269978
9184 6.269978
9185 6.269978
9186 6.269978
9187 6.269978
9188 6.269978
9189 6.269978
9190 6.269978
9191 6.269978
9192 6.269978
9193 6.269978
9194 6.269978
9195 6.269978
9196 6.269978
9197 6.269978
9198 6.269978
9199 6.269978
9200 6.269978
9201 6.269978
9202 6.269978
9203 6.269978
9204 6.269978
9205 6.269978
9206 6.269978
9207 6.269978
9208 6.269978
9209 6.269978
9210 6.269978
9211 6.269978
9212 6.269978
9213 6.269978
9214 6.269978
9215 6.269978
9216 6.269978
9217 6.269978
9218 6.269978
9219 6.269978
9220 6.269978
9221 6.269978
9222 6.269978
9223 6.269978
9224 6.269978
9225 6.269978
9226 6.269978
9227 6.269978
9228 6.269978
9229 6.269978
9230 6.269978
9231 6.269978
9232 6.269978
9233 6.269978
9234 6.269978
9235 6.269978
9236 6.269978
9237 6.269978
9238 6.269978
9239 6.269978
9240 6.269978
9241 6.269978
9242 6.269978
9243 6.269978
9244 6.269978
9245 6.269978
9246 6.269978
9247 6.269978
9248 6.269978
9249 6.269978
9250 6.269978
9251 6.269978
9252 6.269978
9253 6.269978
9254 6.269978
9255 6.269978
9256 6.269978
9257 6.269978
9258 6.269978
9259 6.269978
9260 6.269978
9261 6.269978
9262 6.269978
9263 6.269978
9264 6.269978
9265 6.269978
9266 6.269978
9267 6.269978
9268 6.269978
9269 6.269978
9270 6.269978
9271 6.269978
9272 6.269978
9273 6.269978
9274 6.269978
9275 6.269978
9276 6.269978
9277 6.269978
9278 6.269978
9279 6.269978
9280 6.269978
9281 6.269978
9282 6.269978
9283 6.269978
9284 6.269978
9285 6.269978
9286 6.269978
9287 6.269978
9288 6.269978
9289 6.269978
9290 6.269978
9291 6.269978
9292 6.269978
9293 6.269978
9294 6.269978
9295 6.269978
9296 6.269978
9297 6.269978
9298 6.269978
9299 6.269978
9300 6.269978
9301 6.269978
9302 6.269978
9303 6.269978
9304 6.269978
9305 6.269978
9306 6.269978
9307 6.269978
9308 6.269978
9309 6.269978
9310 6.269978
9311 6.269978
9312 6.269978
9313 6.269978
9314 6.269978
9315 6.269978
9316 6.269978
9317 6.269978
9318 6.269978
9319 6.269978
9320 6.269978
9321 6.269978
9322 6.269978
9323 6.269978
9324 6.269978
9325 6.269978
9326 6.269978
9327 6.269978
9328 6.269978
9329 6.269978
9330 6.269978
9331 6.269978
9332 6.269978
9333 6.269978
9334 6.269978
9335 6.269978
9336 6.269978
9337 6.269978
9338 6.269978
9339 6.269978
9340 6.269978
9341 6.269978
9342 6.269978
9343 6.269978
9344 6.269978
9345 6.269978
9346 6.269978
9347 6.269978
9348 6.269978
9349 6.269978
9350 6.269978
9351 6.269978
9352 6.269978
9353 6.269978
9354 6.269978
9355 6.269978
9356 6.269978
9357 6.269978
9358 6.269978
9359 6.269978
9360 6.269978
9361 6.269978
9362 6.269978
9363 6.269978
9364 6.269978
9365 6.269978
9366 6.269978
9367 6.269978
9368 6.269978
9369 6.269978
9370 6.269978
9371 6.269978
9372 6.269978
9373 6.269978
9374 6.269978
9375 6.269978
9376 6.269978
9377 6.269978
9378 6.269978
9379 6.269978
9380 6.269978
9381 6.269978
9382 6.269978
9383 6.269978
9384 6.269978
9385 6.269978
9386 6.269978
9387 6.269978
9388 6.269978
9389 6.269978
9390 6.269978
9391 6.269978
9392 6.269978
9393 6.269978
9394 6.269978
9395 6.269978
9396 6.269978
9397 6.269978
9398 6.269978
9399 6.269978
9400 6.269978
9401 6.269978
9402 6.269978
9403 6.269978
9404 6.269978
9405 6.269978
9406 6.269978
9407 6.269978
9408 6.269978
9409 6.269978
9410 6.269978
9411 6.269978
9412 6.269978
9413 6.269978
9414 6.269978
9415 6.269978
9416 6.269978
9417 6.269978
9418 6.269978
9419 6.269978
9420 6.269978
9421 6.269978
9422 6.269978
9423 6.269978
9424 6.269978
9425 6.269978
9426 6.269978
9427 6.269978
9428 6.269978
9429 6.269978
9430 6.269978
9431 6.269978
9432 6.269978
9433 6.269978
9434 6.269978
9435 6.269978
9436 6.269978
9437 6.269978
9438 6.269978
9439 6.269978
9440 6.269978
9441 6.269978
9442 6.269978
9443 6.269978
9444 6.269978
9445 6.269978
9446 6.269978
9447 6.269978
9448 6.269978
9449 6.269978
9450 6.269978
9451 6.269978
9452 6.269978
9453 6.269978
9454 6.269978
9455 6.269978
9456 6.269978
9457 6.269978
9458 6.269978
9459 6.269978
9460 6.269978
9461 6.269978
9462 6.269978
9463 6.269978
9464 6.269978
9465 6.269978
9466 6.269978
9467 6.269978
9468 6.269978
9469 6.269978
9470 6.269978
9471 6.269978
9472 6.269978
9473 6.269978
9474 6.269978
9475 6.269978
9476 6.269978
9477 6.269978
9478 6.269978
9479 6.269978
9480 6.269978
9481 6.269978
9482 6.269978
9483 6.269978
9484 6.269978
9485 6.269978
9486 6.269978
9487 6.269978
9488 6.269978
9489 6.269978
9490 6.269978
9491 6.269978
9492 6.269978
9493 6.269978
9494 6.269978
9495 6.269978
9496 6.269978
9497 6.269978
9498 6.269978
9499 6.269978
9500 6.269978
9501 6.269978
9502 6.269978
9503 6.269978
9504 6.269978
9505 6.269978
9506 6.269978
9507 6.269978
9508 6.269978
9509 6.269978
9510 6.269978
9511 6.269978
9512 6.269978
9513 6.269978
9514 6.269978
9515 6.269978
9516 6.269978
9517 6.269978
9518 6.269978
9519 6.269978
9520 6.269978
9521 6.269978
9522 6.269978
9523 6.269978
9524 6.269978
9525 6.269978
9526 6.269978
9527 6.269978
9528 6.269978
9529 6.269978
9530 6.269978
9531 6.269978
9532 6.269978
9533 6.269978
9534 6.269978
9535 6.269978
9536 6.269978
9537 6.269978
9538 6.269978
9539 6.269978
9540 6.269978
9541 6.269978
9542 6.269978
9543 6.269978
9544 6.269978
9545 6.269978
9546 6.269978
9547 6.269978
9548 6.269978
9549 6.269978
9550 6.269978
9551 6.269978
9552 6.269978
9553 6.269978
9554 6.269978
9555 6.269978
9556 6.269978
9557 6.269978
9558 6.269978
9559 6.269978
9560 6.269978
9561 6.269978
9562 6.269978
9563 6.269978
9564 6.269978
9565 6.269978
9566 6.269978
9567 6.269978
9568 6.269978
9569 6.269978
9570 6.269978
9571 6.269978
9572 6.269978
9573 6.269978
9574 6.269978
9575 6.269978
9576 6.269978
9577 6.269978
9578 6.269978
9579 6.269978
9580 6.269978
9581 6.269978
9582 6.269978
9583 6.269978
9584 6.269978
9585 6.269978
9586 6.269978
9587 6.269978
9588 6.269978
9589 6.269978
9590 6.269978
9591 6.269978
9592 6.269978
9593 6.269978
9594 6.269978
9595 6.269978
9596 6.269978
9597 6.269978
9598 6.269978
9599 6.269978
9600 6.269978
9601 6.269978
9602 6.269978
9603 6.269978
9604 6.269978
9605 6.269978
9606 6.269978
9607 6.269978
9608 6.269978
9609 6.269978
9610 6.269978
9611 6.269978
9612 6.269978
9613 6.269978
9614 6.269978
9615 6.269978
9616 6.269978
9617 6.269978
9618 6.269978
9619 6.269978
9620 6.269978
9621 6.269978
9622 6.269978
9623 6.269978
9624 6.269978
9625 6.269978
9626 6.269978
9627 6.269978
9628 6.269978
9629 6.269978
9630 6.269978
9631 6.269978
9632 6.269978
9633 6.269978
9634 6.269978
9635 6.269978
9636 6.269978
9637 6.269978
9638 6.269978
9639 6.269978
9640 6.269978
9641 6.269978
9642 6.269978
9643 6.269978
9644 6.269978
9645 6.269978
9646 6.269978
9647 6.269978
9648 6.269978
9649 6.269978
9650 6.269978
9651 6.269978
9652 6.269978
9653 6.269978
9654 6.269978
9655 6.269978
9656 6.269978
9657 6.269978
9658 6.269978
9659 6.269978
9660 6.269978
9661 6.269978
9662 6.269978
9663 6.269978
9664 6.269978
9665 6.269978
9666 6.269978
9667 6.269978
9668 6.269978
9669 6.269978
9670 6.269978
9671 6.269978
9672 6.269978
9673 6.269978
9674 6.269978
9675 6.269978
9676 6.269978
9677 6.269978
9678 6.269978
9679 6.269978
9680 6.269978
9681 6.269978
9682 6.269978
9683 6.269978
9684 6.269978
9685 6.269978
9686 6.269978
9687 6.269978
9688 6.269978
9689 6.269978
9690 6.269978
9691 6.269978
9692 6.269978
9693 6.269978
9694 6.269978
9695 6.269978
9696 6.269978
9697 6.269978
9698 6.269978
9699 6.269978
9700 6.269978
9701 6.269978
9702 6.269978
9703 6.269978
9704 6.269978
9705 6.269978
9706 6.269978
9707 6.269978
9708 6.269978
9709 6.269978
9710 6.269978
9711 6.269978
9712 6.269978
9713 6.269978
9714 6.269978
9715 6.269978
9716 6.269978
9717 6.269978
9718 6.269978
9719 6.269978
9720 6.269978
9721 6.269978
9722 6.269978
9723 6.269978
9724 6.269978
9725 6.269978
9726 6.269978
9727 6.269978
9728 6.269978
9729 6.269978
9730 6.269978
9731 6.269978
9732 6.269978
9733 6.269978
9734 6.269978
9735 6.269978
9736 6.269978
9737 6.269978
9738 6.269978
9739 6.269978
9740 6.269978
9741 6.269978
9742 6.269978
9743 6.269978
9744 6.269978
9745 6.269978
9746 6.269978
9747 6.269978
9748 6.269978
9749 6.269978
9750 6.269978
9751 6.269978
9752 6.269978
9753 6.269978
9754 6.269978
9755 6.269978
9756 6.269978
9757 6.269978
9758 6.269978
9759 6.269978
9760 6.269978
9761 6.269978
9762 6.269978
9763 6.269978
9764 6.269978
9765 6.269978
9766 6.269978
9767 6.269978
9768 6.269978
9769 6.269978
9770 6.269978
9771 6.269978
9772 6.269978
9773 6.269978
9774 6.269978
9775 6.269978
9776 6.269978
9777 6.269978
9778 6.269978
9779 6.269978
9780 6.269978
9781 6.269978
9782 6.269978
9783 6.269978
9784 6.269978
9785 6.269978
9786 6.269978
9787 6.269978
9788 6.269978
9789 6.269978
9790 6.269978
9791 6.269978
9792 6.269978
9793 6.269978
9794 6.269978
9795 6.269978
9796 6.269978
9797 6.269978
9798 6.269978
9799 6.269978
9800 6.269978
9801 6.269978
9802 6.269978
9803 6.269978
9804 6.269978
9805 6.269978
9806 6.269978
9807 6.269978
9808 6.269978
9809 6.269978
9810 6.269978
9811 6.269978
9812 6.269978
9813 6.269978
9814 6.269978
9815 6.269978
9816 6.269978
9817 6.269978
9818 6.269978
9819 6.269978
9820 6.269978
9821 6.269978
9822 6.269978
9823 6.269978
9824 6.269978
9825 6.269978
9826 6.269978
9827 6.269978
9828 6.269978
9829 6.269978
9830 6.269978
9831 6.269978
9832 6.269978
9833 6.269978
9834 6.269978
9835 6.269978
9836 6.269978
9837 6.269978
9838 6.269978
9839 6.269978
9840 6.269978
9841 6.269978
9842 6.269978
9843 6.269978
9844 6.269978
9845 6.269978
9846 6.269978
9847 6.269978
9848 6.269978
9849 6.269978
9850 6.269978
9851 6.269978
9852 6.269978
9853 6.269978
9854 6.269978
9855 6.269978
9856 6.269978
9857 6.269978
9858 6.269978
9859 6.269978
9860 6.269978
9861 6.269978
9862 6.269978
9863 6.269978
9864 6.269978
9865 6.269978
9866 6.269978
9867 6.269978
9868 6.269978
9869 6.269978
9870 6.269978
9871 6.269978
9872 6.269978
9873 6.269978
9874 6.269978
9875 6.269978
9876 6.269978
9877 6.269978
9878 6.269978
9879 6.269978
9880 6.269978
9881 6.269978
9882 6.269978
9883 6.269978
9884 6.269978
9885 6.269978
9886 6.269978
9887 6.269978
9888 6.269978
9889 6.269978
9890 6.269978
9891 6.269978
9892 6.269978
9893 6.269978
9894 6.269978
9895 6.269978
9896 6.269978
9897 6.269978
9898 6.269978
9899 6.269978
9900 6.269978
9901 6.269978
9902 6.269978
9903 6.269978
9904 6.269978
9905 6.269978
9906 6.269978
9907 6.269978
9908 6.269978
9909 6.269978
9910 6.269978
9911 6.269978
9912 6.269978
9913 6.269978
9914 6.269978
9915 6.269978
9916 6.269978
9917 6.269978
9918 6.269978
9919 6.269978
9920 6.269978
9921 6.269978
9922 6.269978
9923 6.269978
9924 6.269978
9925 6.269978
9926 6.269978
9927 6.269978
9928 6.269978
9929 6.269978
9930 6.269978
9931 6.269978
9932 6.269978
9933 6.269978
9934 6.269978
9935 6.269978
9936 6.269978
9937 6.269978
9938 6.269978
9939 6.269978
9940 6.269978
9941 6.269978
9942 6.269978
9943 6.269978
9944 6.269978
9945 6.269978
9946 6.269978
9947 6.269978
9948 6.269978
9949 6.269978
9950 6.269978
9951 6.269978
9952 6.269978
9953 6.269978
9954 6.269978
9955 6.269978
9956 6.269978
9957 6.269978
9958 6.269978
9959 6.269978
9960 6.269978
9961 6.269978
9962 6.269978
9963 6.269978
9964 6.269978
9965 6.269978
9966 6.269978
9967 6.269978
9968 6.269978
9969 6.269978
9970 6.269978
9971 6.269978
9972 6.269978
9973 6.269978
9974 6.269978
9975 6.269978
9976 6.269978
9977 6.269978
9978 6.269978
9979 6.269978
9980 6.269978
9981 6.269978
9982 6.269978
9983 6.269978
9984 6.269978
9985 6.269978
9986 6.269978
9987 6.269978
9988 6.269978
9989 6.269978
9990 6.269978
9991 6.269978
9992 6.269978
9993 6.269978
9994 6.269978
9995 6.269978
9996 6.269978
9997 6.269978
9998 6.269978
9999 6.269978
10000 6.269978
10001 6.269978
10002 6.269978
10003 6.269978
10004 6.269978
10005 6.269978
10006 6.269978
10007 6.269978
10008 6.269978
10009 6.269978
10010 6.269978
10011 6.269978
10012 6.269978
10013 6.269978
10014 6.269978
10015 6.269978
10016 6.269978
10017 6.269978
10018 6.269978
10019 6.269978
10020 6.269978
10021 6.269978
10022 6.269978
10023 6.269978
10024 6.269978
10025 6.269978
10026 6.269978
10027 6.269978
10028 6.269978
10029 6.269978
10030 6.269978
10031 6.269978
10032 6.269978
10033 6.269978
10034 6.269978
10035 6.269978
10036 6.269978
10037 6.269978
10038 6.269978
10039 6.269978
10040 6.269978
10041 6.269978
10042 6.269978
10043 6.269978
10044 6.269978
10045 6.269978
10046 6.269978
10047 6.269978
10048 6.269978
10049 6.269978
10050 6.269978
10051 6.269978
10052 6.269978
10053 6.269978
10054 6.269978
10055 6.269978
10056 6.269978
10057 6.269978
10058 6.269978
10059 6.269978
10060 6.269978
10061 6.269978
10062 6.269978
10063 6.269978
10064 6.269978
10065 6.269978
10066 6.269978
10067 6.269978
10068 6.269978
10069 6.269978
10070 6.269978
10071 6.269978
10072 6.269978
10073 6.269978
10074 6.269978
10075 6.269978
10076 6.269978
10077 6.269978
10078 6.269978
10079 6.269978
10080 6.269978
10081 6.269978
10082 6.269978
10083 6.269978
10084 6.269978
10085 6.269978
10086 6.269978
10087 6.269978
10088 6.269978
10089 6.269978
10090 6.269978
10091 6.269978
10092 6.269978
10093 6.269978
10094 6.269978
10095 6.269978
10096 6.269978
10097 6.269978
10098 6.269978
10099 6.269978
10100 6.269978
10101 6.269978
10102 6.269978
10103 6.269978
10104 6.269978
10105 6.269978
10106 6.269978
10107 6.269978
10108 6.269978
10109 6.269978
10110 6.269978
10111 6.269978
10112 6.269978
10113 6.269978
10114 6.269978
10115 6.269978
10116 6.269978
10117 6.269978
10118 6.269978
10119 6.269978
10120 6.269978
10121 6.269978
10122 6.269978
10123 6.269978
10124 6.269978
10125 6.269978
10126 6.269978
10127 6.269978
10128 6.269978
10129 6.269978
10130 6.269978
10131 6.269978
10132 6.269978
10133 6.269978
10134 6.269978
10135 6.269978
10136 6.269978
10137 6.269978
10138 6.269978
10139 6.269978
10140 6.269978
10141 6.269978
10142 6.269978
10143 6.269978
10144 6.269978
10145 6.269978
10146 6.269978
10147 6.269978
10148 6.269978
10149 6.269978
10150 6.269978
10151 6.269978
10152 6.269978
10153 6.269978
10154 6.269978
10155 6.269978
10156 6.269978
10157 6.269978
10158 6.269978
10159 6.269978
10160 6.269978
10161 6.269978
10162 6.269978
10163 6.269978
10164 6.269978
10165 6.269978
10166 6.269978
10167 6.269978
10168 6.269978
10169 6.269978
10170 6.269978
10171 6.269978
10172 6.269978
10173 6.269978
10174 6.269978
10175 6.269978
10176 6.269978
10177 6.269978
10178 6.269978
10179 6.269978
10180 6.269978
10181 6.269978
10182 6.269978
10183 6.269978
10184 6.269978
10185 6.269978
10186 6.269978
10187 6.269978
10188 6.269978
10189 6.269978
10190 6.269978
10191 6.269978
10192 6.269978
10193 6.269978
10194 6.269978
10195 6.269978
10196 6.269978
10197 6.269978
10198 6.269978
10199 6.269978
10200 6.269978
10201 6.269978
10202 6.269978
10203 6.269978
10204 6.269978
10205 6.269978
10206 6.269978
10207 6.269978
10208 6.269978
10209 6.269978
10210 6.269978
10211 6.269978
10212 6.269978
10213 6.269978
10214 6.269978
10215 6.269978
10216 6.269978
10217 6.269978
10218 6.269978
10219 6.269978
10220 6.269978
10221 6.269978
10222 6.269978
10223 6.269978
10224 6.269978
10225 6.269978
10226 6.269978
10227 6.269978
10228 6.269978
10229 6.269978
10230 6.269978
10231 6.269978
10232 6.269978
10233 6.269978
10234 6.269978
10235 6.269978
10236 6.269978
10237 6.269978
10238 6.269978
10239 6.269978
10240 6.269978
10241 6.269978
10242 6.269978
10243 6.269978
10244 6.269978
10245 6.269978
10246 6.269978
10247 6.269978
10248 6.269978
10249 6.269978
10250 6.269978
10251 6.269978
10252 6.269978
10253 6.269978
10254 6.269978
10255 6.269978
10256 6.269978
10257 6.269978
10258 6.269978
10259 6.269978
10260 6.269978
10261 6.269978
10262 6.269978
10263 6.269978
10264 6.269978
10265 6.269978
10266 6.269978
10267 6.269978
10268 6.269978
10269 6.269978
10270 6.269978
10271 6.269978
10272 6.269978
10273 6.269978
10274 6.269978
10275 6.269978
10276 6.269978
10277 6.269978
10278 6.269978
10279 6.269978
10280 6.269978
10281 6.269978
10282 6.269978
10283 6.269978
10284 6.269978
10285 6.269978
10286 6.269978
10287 6.269978
10288 6.269978
10289 6.269978
10290 6.269978
10291 6.269978
10292 6.269978
10293 6.269978
10294 6.269978
10295 6.269978
10296 6.269978
10297 6.269978
10298 6.269978
10299 6.269978
10300 6.269978
10301 6.269978
10302 6.269978
10303 6.269978
10304 6.269978
10305 6.269978
10306 6.269978
10307 6.269978
10308 6.269978
10309 6.269978
10310 6.269978
10311 6.269978
10312 6.269978
10313 6.269978
10314 6.269978
10315 6.269978
10316 6.269978
10317 6.269978
10318 6.269978
10319 6.269978
10320 6.269978
10321 6.269978
10322 6.269978
10323 6.269978
10324 6.269978
10325 6.269978
10326 6.269978
10327 6.269978
10328 6.269978
10329 6.269978
10330 6.269978
10331 6.269978
10332 6.269978
10333 6.269978
10334 6.269978
10335 6.269978
10336 6.269978
10337 6.269978
10338 6.269978
10339 6.269978
10340 6.269978
10341 6.269978
10342 6.269978
10343 6.269978
10344 6.269978
10345 6.269978
10346 6.269978
10347 6.269978
10348 6.269978
10349 6.269978
10350 6.269978
10351 6.269978
10352 6.269978
10353 6.269978
10354 6.269978
10355 6.269978
10356 6.269978
10357 6.269978
10358 6.269978
10359 6.269978
10360 6.269978
10361 6.269978
10362 6.269978
10363 6.269978
10364 6.269978
10365 6.269978
10366 6.269978
10367 6.269978
10368 6.269978
10369 6.269978
10370 6.269978
10371 6.269978
10372 6.269978
10373 6.269978
10374 6.269978
10375 6.269978
10376 6.269978
10377 6.269978
10378 6.269978
10379 6.269978
10380 6.269978
10381 6.269978
10382 6.269978
10383 6.269978
10384 6.269978
10385 6.269978
10386 6.269978
10387 6.269978
10388 6.269978
10389 6.269978
10390 6.269978
10391 6.269978
10392 6.269978
10393 6.269978
10394 6.269978
10395 6.269978
10396 6.269978
10397 6.269978
10398 6.269978
10399 6.269978
10400 6.269978
10401 6.269978
10402 6.269978
10403 6.269978
10404 6.269978
10405 6.269978
10406 6.269978
10407 6.269978
10408 6.269978
10409 6.269978
10410 6.269978
10411 6.269978
10412 6.269978
10413 6.269978
10414 6.269978
10415 6.269978
10416 6.269978
10417 6.269978
10418 6.269978
10419 6.269978
10420 6.269978
10421 6.269978
10422 6.269978
10423 6.269978
10424 6.269978
10425 6.269978
10426 6.269978
10427 6.269978
10428 6.269978
10429 6.269978
10430 6.269978
10431 6.269978
10432 6.269978
10433 6.269978
10434 6.269978
10435 6.269978
10436 6.269978
10437 6.269978
10438 6.269978
10439 6.269978
10440 6.269978
10441 6.269978
10442 6.269978
10443 6.269978
10444 6.269978
10445 6.269978
10446 6.269978
10447 6.269978
10448 6.269978
10449 6.269978
10450 6.269978
10451 6.269978
10452 6.269978
10453 6.269978
10454 6.269978
10455 6.269978
10456 6.269978
10457 6.269978
10458 6.269978
10459 6.269978
10460 6.269978
10461 6.269978
10462 6.269978
10463 6.269978
10464 6.269978
10465 6.269978
10466 6.269978
10467 6.269978
10468 6.269978
10469 6.269978
10470 6.269978
10471 6.269978
10472 6.269978
10473 6.269978
10474 6.269978
10475 6.269978
10476 6.269978
10477 6.269978
10478 6.269978
10479 6.269978
10480 6.269978
10481 6.269978
10482 6.269978
10483 6.269978
10484 6.269978
10485 6.269978
10486 6.269978
10487 6.269978
10488 6.269978
10489 6.269978
10490 6.269978
10491 6.269978
10492 6.269978
10493 6.269978
10494 6.269978
10495 6.269978
10496 6.269978
10497 6.269978
10498 6.269978
10499 6.269978
10500 6.269978
10501 6.269978
10502 6.269978
10503 6.269978
10504 6.269978
10505 6.269978
10506 6.269978
10507 6.269978
10508 6.269978
10509 6.269978
10510 6.269978
10511 6.269978
10512 6.269978
10513 6.269978
10514 6.269978
10515 6.269978
10516 6.269978
10517 6.269978
10518 6.269978
10519 6.269978
10520 6.269978
10521 6.269978
10522 6.269978
10523 6.269978
10524 6.269978
10525 6.269978
10526 6.269978
10527 6.269978
10528 6.269978
10529 6.269978
10530 6.269978
10531 6.269978
10532 6.269978
10533 6.269978
10534 6.269978
10535 6.269978
10536 6.269978
10537 6.269978
10538 6.269978
10539 6.269978
10540 6.269978
10541 6.269978
10542 6.269978
10543 6.269978
10544 6.269978
10545 6.269978
10546 6.269978
10547 6.269978
10548 6.269978
10549 6.269978
10550 6.269978
10551 6.269978
10552 6.269978
10553 6.269978
10554 6.269978
10555 6.269978
10556 6.269978
10557 6.269978
10558 6.269978
10559 6.269978
10560 6.269978
10561 6.269978
10562 6.269978
10563 6.269978
10564 6.269978
10565 6.269978
10566 6.269978
10567 6.269978
10568 6.269978
10569 6.269978
10570 6.269978
10571 6.269978
10572 6.269978
10573 6.269978
10574 6.269978
10575 6.269978
10576 6.269978
10577 6.269978
10578 6.269978
10579 6.269978
10580 6.269978
10581 6.269978
10582 6.269978
10583 6.269978
10584 6.269978
10585 6.269978
10586 6.269978
10587 6.269978
10588 6.269978
10589 6.269978
10590 6.269978
10591 6.269978
10592 6.269978
10593 6.269978
10594 6.269978
10595 6.269978
10596 6.269978
10597 6.269978
10598 6.269978
10599 6.269978
10600 6.269978
10601 6.269978
10602 6.269978
10603 6.269978
10604 6.269978
10605 6.269978
10606 6.269978
10607 6.269978
10608 6.269978
10609 6.269978
10610 6.269978
10611 6.269978
10612 6.269978
10613 6.269978
10614 6.269978
10615 6.269978
10616 6.269978
10617 6.269978
10618 6.269978
10619 6.269978
10620 6.269978
10621 6.269978
10622 6.269978
10623 6.269978
10624 6.269978
10625 6.269978
10626 6.269978
10627 6.269978
10628 6.269978
10629 6.269978
10630 6.269978
10631 6.269978
10632 6.269978
10633 6.269978
10634 6.269978
10635 6.269978
10636 6.269978
10637 6.269978
10638 6.269978
10639 6.269978
10640 6.269978
10641 6.269978
10642 6.269978
10643 6.269978
10644 6.269978
10645 6.269978
10646 6.269978
10647 6.269978
10648 6.269978
10649 6.269978
10650 6.269978
10651 6.269978
10652 6.269978
10653 6.269978
10654 6.269978
10655 6.269978
10656 6.269978
10657 6.269978
10658 6.269978
10659 6.269978
10660 6.269978
10661 6.269978
10662 6.269978
10663 6.269978
10664 6.269978
10665 6.269978
10666 6.269978
10667 6.269978
10668 6.269978
10669 6.269978
10670 6.269978
10671 6.269978
10672 6.269978
10673 6.269978
10674 6.269978
10675 6.269978
10676 6.269978
10677 6.269978
10678 6.269978
10679 6.269978
10680 6.269978
10681 6.269978
10682 6.269978
10683 6.269978
10684 6.269978
10685 6.269978
10686 6.269978
10687 6.269978
10688 6.269978
10689 6.269978
10690 6.269978
10691 6.269978
10692 6.269978
10693 6.269978
10694 6.269978
10695 6.269978
10696 6.269978
10697 6.269978
10698 6.269978
10699 6.269978
10700 6.269978
10701 6.269978
10702 6.269978
10703 6.269978
10704 6.269978
10705 6.269978
10706 6.269978
10707 6.269978
10708 6.269978
10709 6.269978
10710 6.269978
10711 6.269978
10712 6.269978
10713 6.269978
10714 6.269978
10715 6.269978
10716 6.269978
10717 6.269978
10718 6.269978
10719 6.269978
10720 6.269978
10721 6.269978
10722 6.269978
10723 6.269978
10724 6.269978
10725 6.269978
10726 6.269978
10727 6.269978
10728 6.269978
10729 6.269978
10730 6.269978
10731 6.269978
10732 6.269978
10733 6.269978
10734 6.269978
10735 6.269978
10736 6.269978
10737 6.269978
10738 6.269978
10739 6.269978
10740 6.269978
10741 6.269978
10742 6.269978
10743 6.269978
10744 6.269978
10745 6.269978
10746 6.269978
10747 6.269978
10748 6.269978
10749 6.269978
10750 6.269978
10751 6.269978
10752 6.269978
10753 6.269978
10754 6.269978
10755 6.269978
10756 6.269978
10757 6.269978
10758 6.269978
10759 6.269978
10760 6.269978
10761 6.269978
10762 6.269978
10763 6.269978
10764 6.269978
10765 6.269978
10766 6.269978
10767 6.269978
10768 6.269978
10769 6.269978
10770 6.269978
10771 6.269978
10772 6.269978
10773 6.269978
10774 6.269978
10775 6.269978
10776 6.269978
10777 6.269978
10778 6.269978
10779 6.269978
10780 6.269978
10781 6.269978
10782 6.269978
10783 6.269978
10784 6.269978
10785 6.269978
10786 6.269978
10787 6.269978
10788 6.269978
10789 6.269978
10790 6.269978
10791 6.269978
10792 6.269978
10793 6.269978
10794 6.269978
10795 6.269978
10796 6.269978
10797 6.269978
10798 6.269978
10799 6.269978
10800 6.269978
10801 6.269978
10802 6.269978
10803 6.269978
10804 6.269978
10805 6.269978
10806 6.269978
10807 6.269978
10808 6.269978
10809 6.269978
10810 6.269978
10811 6.269978
10812 6.269978
10813 6.269978
10814 6.269978
10815 6.269978
10816 6.269978
10817 6.269978
10818 6.269978
10819 6.269978
10820 6.269978
10821 6.269978
10822 6.269978
10823 6.269978
10824 6.269978
10825 6.269978
10826 6.269978
10827 6.269978
10828 6.269978
10829 6.269978
10830 6.269978
10831 6.269978
10832 6.269978
10833 6.269978
10834 6.269978
10835 6.269978
10836 6.269978
10837 6.269978
10838 6.269978
10839 6.269978
10840 6.269978
10841 6.269978
10842 6.269978
10843 6.269978
10844 6.269978
10845 6.269978
10846 6.269978
10847 6.269978
10848 6.269978
10849 6.269978
10850 6.269978
10851 6.269978
10852 6.269978
10853 6.269978
10854 6.269978
10855 6.269978
10856 6.269978
10857 6.269978
10858 6.269978
10859 6.269978
10860 6.269978
10861 6.269978
10862 6.269978
10863 6.269978
10864 6.269978
10865 6.269978
10866 6.269978
10867 6.269978
10868 6.269978
10869 6.269978
10870 6.269978
10871 6.269978
10872 6.269978
10873 6.269978
10874 6.269978
10875 6.269978
10876 6.269978
10877 6.269978
10878 6.269978
10879 6.269978
10880 6.269978
10881 6.269978
10882 6.269978
10883 6.269978
10884 6.269978
10885 6.269978
10886 6.269978
10887 6.269978
10888 6.269978
10889 6.269978
10890 6.269978
10891 6.269978
10892 6.269978
10893 6.269978
10894 6.269978
10895 6.269978
10896 6.269978
10897 6.269978
10898 6.269978
10899 6.269978
10900 6.269978
10901 6.269978
10902 6.269978
10903 6.269978
10904 6.269978
10905 6.269978
10906 6.269978
10907 6.269978
10908 6.269978
10909 6.269978
10910 6.269978
10911 6.269978
10912 6.269978
10913 6.269978
10914 6.269978
10915 6.269978
10916 6.269978
10917 6.269978
10918 6.269978
10919 6.269978
10920 6.269978
10921 6.269978
10922 6.269978
10923 6.269978
10924 6.269978
10925 6.269978
10926 6.269978
10927 6.269978
10928 6.269978
10929 6.269978
10930 6.269978
10931 6.269978
10932 6.269978
10933 6.269978
10934 6.269978
10935 6.269978
10936 6.269978
10937 6.269978
10938 6.269978
10939 6.269978
10940 6.269978
10941 6.269978
10942 6.269978
10943 6.269978
10944 6.269978
10945 6.269978
10946 6.269978
10947 6.269978
10948 6.269978
10949 6.269978
10950 6.269978
10951 6.269978
10952 6.269978
10953 6.269978
10954 6.269978
10955 6.269978
10956 6.269978
10957 6.269978
10958 6.269978
10959 6.269978
10960 6.269978
10961 6.269978
10962 6.269978
10963 6.269978
10964 6.269978
10965 6.269978
10966 6.269978
10967 6.269978
10968 6.269978
10969 6.269978
10970 6.269978
10971 6.269978
10972 6.269978
10973 6.269978
10974 6.269978
10975 6.269978
10976 6.269978
10977 6.269978
10978 6.269978
10979 6.269978
10980 6.269978
10981 6.269978
10982 6.269978
10983 6.269978
10984 6.269978
10985 6.269978
10986 6.269978
10987 6.269978
10988 6.269978
10989 6.269978
10990 6.269978
10991 6.269978
10992 6.269978
10993 6.269978
10994 6.269978
10995 6.269978
10996 6.269978
10997 6.269978
10998 6.269978
10999 6.269978
11000 6.269978
11001 6.269978
11002 6.269978
11003 6.269978
11004 6.269978
11005 6.269978
11006 6.269978
11007 6.269978
11008 6.269978
11009 6.269978
11010 6.269978
11011 6.269978
11012 6.269978
11013 6.269978
11014 6.269978
11015 6.269978
11016 6.269978
11017 6.269978
11018 6.269978
11019 6.269978
11020 6.269978
11021 6.269978
11022 6.269978
11023 6.269978
11024 6.269978
11025 6.269978
11026 6.269978
11027 6.269978
11028 6.269978
11029 6.269978
11030 6.269978
11031 6.269978
11032 6.269978
11033 6.269978
11034 6.269978
11035 6.269978
11036 6.269978
11037 6.269978
11038 6.269978
11039 6.269978
11040 6.269978
11041 6.269978
11042 6.269978
11043 6.269978
11044 6.269978
11045 6.269978
11046 6.269978
11047 6.269978
11048 6.269978
11049 6.269978
11050 6.269978
11051 6.269978
11052 6.269978
11053 6.269978
11054 6.269978
11055 6.269978
11056 6.269978
11057 6.269978
11058 6.269978
11059 6.269978
11060 6.269978
11061 6.269978
11062 6.269978
11063 6.269978
11064 6.269978
11065 6.269978
11066 6.269978
11067 6.269978
11068 6.269978
11069 6.269978
11070 6.269978
11071 6.269978
11072 6.269978
11073 6.269978
11074 6.269978
11075 6.269978
11076 6.269978
11077 6.269978
11078 6.269978
11079 6.269978
11080 6.269978
11081 6.269978
11082 6.269978
11083 6.269978
11084 6.269978
11085 6.269978
11086 6.269978
11087 6.269978
11088 6.269978
11089 6.269978
11090 6.269978
11091 6.269978
11092 6.269978
11093 6.269978
11094 6.269978
11095 6.269978
11096 6.269978
11097 6.269978
11098 6.269978
11099 6.269978
11100 6.269978
11101 6.269978
11102 6.269978
11103 6.269978
11104 6.269978
11105 6.269978
11106 6.269978
11107 6.269978
11108 6.269978
11109 6.269978
11110 6.269978
11111 6.269978
11112 6.269978
11113 6.269978
11114 6.269978
11115 6.269978
11116 6.269978
11117 6.269978
11118 6.269978
11119 6.269978
11120 6.269978
11121 6.269978
11122 6.269978
11123 6.269978
11124 6.269978
11125 6.269978
11126 6.269978
11127 6.269978
11128 6.269978
11129 6.269978
11130 6.269978
11131 6.269978
11132 6.269978
11133 6.269978
11134 6.269978
11135 6.269978
11136 6.269978
11137 6.269978
11138 6.269978
11139 6.269978
11140 6.269978
11141 6.269978
11142 6.269978
11143 6.269978
11144 6.269978
11145 6.269978
11146 6.269978
11147 6.269978
11148 6.269978
11149 6.269978
11150 6.269978
11151 6.269978
11152 6.269978
11153 6.269978
11154 6.269978
11155 6.269978
11156 6.269978
11157 6.269978
11158 6.269978
11159 6.269978
11160 6.269978
11161 6.269978
11162 6.269978
11163 6.269978
11164 6.269978
11165 6.269978
11166 6.269978
11167 6.269978
11168 6.269978
11169 6.269978
11170 6.269978
11171 6.269978
11172 6.269978
11173 6.269978
11174 6.269978
11175 6.269978
11176 6.269978
11177 6.269978
11178 6.269978
11179 6.269978
11180 6.269978
11181 6.269978
11182 6.269978
11183 6.269978
11184 6.269978
11185 6.269978
11186 6.269978
11187 6.269978
11188 6.269978
11189 6.269978
11190 6.269978
11191 6.269978
11192 6.269978
11193 6.269978
11194 6.269978
11195 6.269978
11196 6.269978
11197 6.269978
11198 6.269978
11199 6.269978
11200 6.269978
11201 6.269978
11202 6.269978
11203 6.269978
11204 6.269978
11205 6.269978
11206 6.269978
11207 6.269978
11208 6.269978
11209 6.269978
11210 6.269978
11211 6.269978
11212 6.269978
11213 6.269978
11214 6.269978
11215 6.269978
11216 6.269978
11217 6.269978
11218 6.269978
11219 6.269978
11220 6.269978
11221 6.269978
11222 6.269978
11223 6.269978
11224 6.269978
11225 6.269978
11226 6.269978
11227 6.269978
11228 6.269978
11229 6.269978
11230 6.269978
11231 6.269978
11232 6.269978
11233 6.269978
11234 6.269978
11235 6.269978
11236 6.269978
11237 6.269978
11238 6.269978
11239 6.269978
11240 6.269978
11241 6.269978
11242 6.269978
11243 6.269978
11244 6.269978
11245 6.269978
11246 6.269978
11247 6.269978
11248 6.269978
11249 6.269978
11250 6.269978
11251 6.269978
11252 6.269978
11253 6.269978
11254 6.269978
11255 6.269978
11256 6.269978
11257 6.269978
11258 6.269978
11259 6.269978
11260 6.269978
11261 6.269978
11262 6.269978
11263 6.269978
11264 6.269978
11265 6.269978
11266 6.269978
11267 6.269978
11268 6.269978
11269 6.269978
11270 6.269978
11271 6.269978
11272 6.269978
11273 6.269978
11274 6.269978
11275 6.269978
11276 6.269978
11277 6.269978
11278 6.269978
11279 6.269978
11280 6.269978
11281 6.269978
11282 6.269978
11283 6.269978
11284 6.269978
11285 6.269978
11286 6.269978
11287 6.269978
11288 6.269978
11289 6.269978
11290 6.269978
11291 6.269978
11292 6.269978
11293 6.269978
11294 6.269978
11295 6.269978
11296 6.269978
11297 6.269978
11298 6.269978
11299 6.269978
11300 6.269978
11301 6.269978
11302 6.269978
11303 6.269978
11304 6.269978
11305 6.269978
11306 6.269978
11307 6.269978
11308 6.269978
11309 6.269978
11310 6.269978
11311 6.269978
11312 6.269978
11313 6.269978
11314 6.269978
11315 6.269978
11316 6.269978
11317 6.269978
11318 6.269978
11319 6.269978
11320 6.269978
11321 6.269978
11322 6.269978
11323 6.269978
11324 6.269978
11325 6.269978
11326 6.269978
11327 6.269978
11328 6.269978
11329 6.269978
11330 6.269978
11331 6.269978
11332 6.269978
11333 6.269978
11334 6.269978
11335 6.269978
11336 6.269978
11337 6.269978
11338 6.269978
11339 6.269978
11340 6.269978
11341 6.269978
11342 6.269978
11343 6.269978
11344 6.269978
11345 6.269978
11346 6.269978
11347 6.269978
11348 6.269978
11349 6.269978
11350 6.269978
11351 6.269978
11352 6.269978
11353 6.269978
11354 6.269978
11355 6.269978
11356 6.269978
11357 6.269978
11358 6.269978
11359 6.269978
11360 6.269978
11361 6.269978
11362 6.269978
11363 6.269978
11364 6.269978
11365 6.269978
11366 6.269978
11367 6.269978
11368 6.269978
11369 6.269978
11370 6.269978
11371 6.269978
11372 6.269978
11373 6.269978
11374 6.269978
11375 6.269978
11376 6.269978
11377 6.269978
11378 6.269978
11379 6.269978
11380 6.269978
11381 6.269978
11382 6.269978
11383 6.269978
11384 6.269978
11385 6.269978
11386 6.269978
11387 6.269978
11388 6.269978
11389 6.269978
11390 6.269978
11391 6.269978
11392 6.269978
11393 6.269978
11394 6.269978
11395 6.269978
11396 6.269978
11397 6.269978
11398 6.269978
11399 6.269978
11400 6.269978
11401 6.269978
11402 6.269978
11403 6.269978
11404 6.269978
11405 6.269978
11406 6.269978
11407 6.269978
11408 6.269978
11409 6.269978
11410 6.269978
11411 6.269978
11412 6.269978
11413 6.269978
11414 6.269978
11415 6.269978
11416 6.269978
11417 6.269978
11418 6.269978
11419 6.269978
11420 6.269978
11421 6.269978
11422 6.269978
11423 6.269978
11424 6.269978
11425 6.269978
11426 6.269978
11427 6.269978
11428 6.269978
11429 6.269978
11430 6.269978
11431 6.269978
11432 6.269978
11433 6.269978
11434 6.269978
11435 6.269978
11436 6.269978
11437 6.269978
11438 6.269978
11439 6.269978
11440 6.269978
11441 6.269978
11442 6.269978
11443 6.269978
11444 6.269978
11445 6.269978
11446 6.269978
11447 6.269978
11448 6.269978
11449 6.269978
11450 6.269978
11451 6.269978
11452 6.269978
11453 6.269978
11454 6.269978
11455 6.269978
11456 6.269978
11457 6.269978
11458 6.269978
11459 6.269978
11460 6.269978
11461 6.269978
11462 6.269978
11463 6.269978
11464 6.269978
11465 6.269978
11466 6.269978
11467 6.269978
11468 6.269978
11469 6.269978
11470 6.269978
11471 6.269978
11472 6.269978
11473 6.269978
11474 6.269978
11475 6.269978
11476 6.269978
11477 6.269978
11478 6.269978
11479 6.269978
11480 6.269978
11481 6.269978
11482 6.269978
11483 6.269978
11484 6.269978
11485 6.269978
11486 6.269978
11487 6.269978
11488 6.269978
11489 6.269978
11490 6.269978
11491 6.269978
11492 6.269978
11493 6.269978
11494 6.269978
11495 6.269978
11496 6.269978
11497 6.269978
11498 6.269978
11499 6.269978
11500 6.269978
11501 6.269978
11502 6.269978
11503 6.269978
11504 6.269978
11505 6.269978
11506 6.269978
11507 6.269978
11508 6.269978
11509 6.269978
11510 6.269978
11511 6.269978
11512 6.269978
11513 6.269978
11514 6.269978
11515 6.269978
11516 6.269978
11517 6.269978
11518 6.269978
11519 6.269978
11520 6.269978
11521 6.269978
11522 6.269978
11523 6.269978
11524 6.269978
11525 6.269978
11526 6.269978
11527 6.269978
11528 6.269978
11529 6.269978
11530 6.269978
11531 6.269978
11532 6.269978
11533 6.269978
11534 6.269978
11535 6.269978
11536 6.269978
11537 6.269978
11538 6.269978
11539 6.269978
11540 6.269978
11541 6.269978
11542 6.269978
11543 6.269978
11544 6.269978
11545 6.269978
11546 6.269978
11547 6.269978
11548 6.269978
11549 6.269978
11550 6.269978
11551 6.269978
11552 6.269978
11553 6.269978
11554 6.269978
11555 6.269978
11556 6.269978
11557 6.269978
11558 6.269978
11559 6.269978
11560 6.269978
11561 6.269978
11562 6.269978
11563 6.269978
11564 6.269978
11565 6.269978
11566 6.269978
11567 6.269978
11568 6.269978
11569 6.269978
11570 6.269978
11571 6.269978
11572 6.269978
11573 6.269978
11574 6.269978
11575 6.269978
11576 6.269978
11577 6.269978
11578 6.269978
11579 6.269978
11580 6.269978
11581 6.269978
11582 6.269978
11583 6.269978
11584 6.269978
11585 6.269978
11586 6.269978
11587 6.269978
11588 6.269978
11589 6.269978
11590 6.269978
11591 6.269978
11592 6.269978
11593 6.269978
11594 6.269978
11595 6.269978
11596 6.269978
11597 6.269978
11598 6.269978
11599 6.269978
11600 6.269978
11601 6.269978
11602 6.269978
11603 6.269978
11604 6.269978
11605 6.269978
11606 6.269978
11607 6.269978
11608 6.269978
11609 6.269978
11610 6.269978
11611 6.269978
11612 6.269978
11613 6.269978
11614 6.269978
11615 6.269978
11616 6.269978
11617 6.269978
11618 6.269978
11619 6.269978
11620 6.269978
11621 6.269978
11622 6.269978
11623 6.269978
11624 6.269978
11625 6.269978
11626 6.269978
11627 6.269978
11628 6.269978
11629 6.269978
11630 6.269978
11631 6.269978
11632 6.269978
11633 6.269978
11634 6.269978
11635 6.269978
11636 6.269978
11637 6.269978
11638 6.269978
11639 6.269978
11640 6.269978
11641 6.269978
11642 6.269978
11643 6.269978
11644 6.269978
11645 6.269978
11646 6.269978
11647 6.269978
11648 6.269978
11649 6.269978
11650 6.269978
11651 6.269978
11652 6.269978
11653 6.269978
11654 6.269978
11655 6.269978
11656 6.269978
11657 6.269978
11658 6.269978
11659 6.269978
11660 6.269978
11661 6.269978
11662 6.269978
11663 6.269978
11664 6.269978
11665 6.269978
11666 6.269978
11667 6.269978
11668 6.269978
11669 6.269978
11670 6.269978
11671 6.269978
11672 6.269978
11673 6.269978
11674 6.269978
11675 6.269978
11676 6.269978
11677 6.269978
11678 6.269978
11679 6.269978
11680 6.269978
11681 6.269978
11682 6.269978
11683 6.269978
11684 6.269978
11685 6.269978
11686 6.269978
11687 6.269978
11688 6.269978
11689 6.269978
11690 6.269978
11691 6.269978
11692 6.269978
11693 6.269978
11694 6.269978
11695 6.269978
11696 6.269978
11697 6.269978
11698 6.269978
11699 6.269978
11700 6.269978
11701 6.269978
11702 6.269978
11703 6.269978
11704 6.269978
11705 6.269978
11706 6.269978
11707 6.269978
11708 6.269978
11709 6.269978
11710 6.269978
11711 6.269978
11712 6.269978
11713 6.269978
11714 6.269978
11715 6.269978
11716 6.269978
11717 6.269978
11718 6.269978
11719 6.269978
11720 6.269978
11721 6.269978
11722 6.269978
11723 6.269978
11724 6.269978
11725 6.269978
11726 6.269978
11727 6.269978
11728 6.269978
11729 6.269978
11730 6.269978
11731 6.269978
11732 6.269978
11733 6.269978
11734 6.269978
11735 6.269978
11736 6.269978
11737 6.269978
11738 6.269978
11739 6.269978
11740 6.269978
11741 6.269978
11742 6.269978
11743 6.269978
11744 6.269978
11745 6.269978
11746 6.269978
11747 6.269978
11748 6.269978
11749 6.269978
11750 6.269978
11751 6.269978
11752 6.269978
11753 6.269978
11754 6.269978
11755 6.269978
11756 6.269978
11757 6.269978
11758 6.269978
11759 6.269978
11760 6.269978
11761 6.269978
11762 6.269978
11763 6.269978
11764 6.269978
11765 6.269978
11766 6.269978
11767 6.269978
11768 6.269978
11769 6.269978
11770 6.269978
11771 6.269978
11772 6.269978
11773 6.269978
11774 6.269978
11775 6.269978
11776 6.269978
11777 6.269978
11778 6.269978
11779 6.269978
11780 6.269978
11781 6.269978
11782 6.269978
11783 6.269978
11784 6.269978
11785 6.269978
11786 6.269978
11787 6.269978
11788 6.269978
11789 6.269978
11790 6.269978
11791 6.269978
11792 6.269978
11793 6.269978
11794 6.269978
11795 6.269978
11796 6.269978
11797 6.269978
11798 6.269978
11799 6.269978
11800 6.269978
11801 6.269978
11802 6.269978
11803 6.269978
11804 6.269978
11805 6.269978
11806 6.269978
11807 6.269978
11808 6.269978
11809 6.269978
11810 6.269978
11811 6.269978
11812 6.269978
11813 6.269978
11814 6.269978
11815 6.269978
11816 6.269978
11817 6.269978
11818 6.269978
11819 6.269978
11820 6.269978
11821 6.269978
11822 6.269978
11823 6.269978
11824 6.269978
11825 6.269978
11826 6.269978
11827 6.269978
11828 6.269978
11829 6.269978
11830 6.269978
11831 6.269978
11832 6.269978
11833 6.269978
11834 6.269978
11835 6.269978
11836 6.269978
11837 6.269978
11838 6.269978
11839 6.269978
11840 6.269978
11841 6.269978
11842 6.269978
11843 6.269978
11844 6.269978
11845 6.269978
11846 6.269978
11847 6.269978
11848 6.269978
11849 6.269978
11850 6.269978
11851 6.269978
11852 6.269978
11853 6.269978
11854 6.269978
11855 6.269978
11856 6.269978
11857 6.269978
11858 6.269978
11859 6.269978
11860 6.269978
11861 6.269978
11862 6.269978
11863 6.269978
11864 6.269978
11865 6.269978
11866 6.269978
11867 6.269978
11868 6.269978
11869 6.269978
11870 6.269978
11871 6.269978
11872 6.269978
11873 6.269978
11874 6.269978
11875 6.269978
11876 6.269978
11877 6.269978
11878 6.269978
11879 6.269978
11880 6.269978
11881 6.269978
11882 6.269978
11883 6.269978
11884 6.269978
11885 6.269978
11886 6.269978
11887 6.269978
11888 6.269978
11889 6.269978
11890 6.269978
11891 6.269978
11892 6.269978
11893 6.269978
11894 6.269978
11895 6.269978
11896 6.269978
11897 6.269978
11898 6.269978
11899 6.269978
11900 6.269978
11901 6.269978
11902 6.269978
11903 6.269978
11904 6.269978
11905 6.269978
11906 6.269978
11907 6.269978
11908 6.269978
11909 6.269978
11910 6.269978
11911 6.269978
11912 6.269978
11913 6.269978
11914 6.269978
11915 6.269978
11916 6.269978
11917 6.269978
11918 6.269978
11919 6.269978
11920 6.269978
11921 6.269978
11922 6.269978
11923 6.269978
11924 6.269978
11925 6.269978
11926 6.269978
11927 6.269978
11928 6.269978
11929 6.269978
11930 6.269978
11931 6.269978
11932 6.269978
11933 6.269978
11934 6.269978
11935 6.269978
11936 6.269978
11937 6.269978
11938 6.269978
11939 6.269978
11940 6.269978
11941 6.269978
11942 6.269978
11943 6.269978
11944 6.269978
11945 6.269978
11946 6.269978
11947 6.269978
11948 6.269978
11949 6.269978
11950 6.269978
11951 6.269978
11952 6.269978
11953 6.269978
11954 6.269978
11955 6.269978
11956 6.269978
11957 6.269978
11958 6.269978
11959 6.269978
11960 6.269978
11961 6.269978
11962 6.269978
11963 6.269978
11964 6.269978
11965 6.269978
11966 6.269978
11967 6.269978
11968 6.269978
11969 6.269978
11970 6.269978
11971 6.269978
11972 6.269978
11973 6.269978
11974 6.269978
11975 6.269978
11976 6.269978
11977 6.269978
11978 6.269978
11979 6.269978
11980 6.269978
11981 6.269978
11982 6.269978
11983 6.269978
11984 6.269978
11985 6.269978
11986 6.269978
11987 6.269978
11988 6.269978
11989 6.269978
11990 6.269978
11991 6.269978
11992 6.269978
11993 6.269978
11994 6.269978
11995 6.269978
11996 6.269978
11997 6.269978
11998 6.269978
11999 6.269978
12000 6.269978
12001 6.269978
12002 6.269978
12003 6.269978
12004 6.269978
12005 6.269978
12006 6.269978
12007 6.269978
12008 6.269978
12009 6.269978
12010 6.269978
12011 6.269978
12012 6.269978
12013 6.269978
12014 6.269978
12015 6.269978
12016 6.269978
12017 6.269978
12018 6.269978
12019 6.269978
12020 6.269978
12021 6.269978
12022 6.269978
12023 6.269978
12024 6.269978
12025 6.269978
12026 6.269978
12027 6.269978
12028 6.269978
12029 6.269978
12030 6.269978
12031 6.269978
12032 6.269978
12033 6.269978
12034 6.269978
12035 6.269978
12036 6.269978
12037 6.269978
12038 6.269978
12039 6.269978
12040 6.269978
12041 6.269978
12042 6.269978
12043 6.269978
12044 6.269978
12045 6.269978
12046 6.269978
12047 6.269978
12048 6.269978
12049 6.269978
12050 6.269978
12051 6.269978
12052 6.269978
12053 6.269978
12054 6.269978
12055 6.269978
12056 6.269978
12057 6.269978
12058 6.269978
12059 6.269978
12060 6.269978
12061 6.269978
12062 6.269978
12063 6.269978
12064 6.269978
12065 6.269978
12066 6.269978
12067 6.269978
12068 6.269978
12069 6.269978
12070 6.269978
12071 6.269978
12072 6.269978
12073 6.269978
12074 6.269978
12075 6.269978
12076 6.269978
12077 6.269978
12078 6.269978
12079 6.269978
12080 6.269978
12081 6.269978
12082 6.269978
12083 6.269978
12084 6.269978
12085 6.269978
12086 6.269978
12087 6.269978
12088 6.269978
12089 6.269978
12090 6.269978
12091 6.269978
12092 6.269978
12093 6.269978
12094 6.269978
12095 6.269978
12096 6.269978
12097 6.269978
12098 6.269978
12099 6.269978
12100 6.269978
12101 6.269978
12102 6.269978
12103 6.269978
12104 6.269978
12105 6.269978
12106 6.269978
12107 6.269978
12108 6.269978
12109 6.269978
12110 6.269978
12111 6.269978
12112 6.269978
12113 6.269978
12114 6.269978
12115 6.269978
12116 6.269978
12117 6.269978
12118 6.269978
12119 6.269978
12120 6.269978
12121 6.269978
12122 6.269978
12123 6.269978
12124 6.269978
12125 6.269978
12126 6.269978
12127 6.269978
12128 6.269978
12129 6.269978
12130 6.269978
12131 6.269978
12132 6.269978
12133 6.269978
12134 6.269978
12135 6.269978
12136 6.269978
12137 6.269978
12138 6.269978
12139 6.269978
12140 6.269978
12141 6.269978
12142 6.269978
12143 6.269978
12144 6.269978
12145 6.269978
12146 6.269978
12147 6.269978
12148 6.269978
12149 6.269978
12150 6.269978
12151 6.269978
12152 6.269978
12153 6.269978
12154 6.269978
12155 6.269978
12156 6.269978
12157 6.269978
12158 6.269978
12159 6.269978
12160 6.269978
12161 6.269978
12162 6.269978
12163 6.269978
12164 6.269978
12165 6.269978
12166 6.269978
12167 6.269978
12168 6.269978
12169 6.269978
12170 6.269978
12171 6.269978
12172 6.269978
12173 6.269978
12174 6.269978
12175 6.269978
12176 6.269978
12177 6.269978
12178 6.269978
12179 6.269978
12180 6.269978
12181 6.269978
12182 6.269978
12183 6.269978
12184 6.269978
12185 6.269978
12186 6.269978
12187 6.269978
12188 6.269978
12189 6.269978
12190 6.269978
12191 6.269978
12192 6.269978
12193 6.269978
12194 6.269978
12195 6.269978
12196 6.269978
12197 6.269978
12198 6.269978
12199 6.269978
12200 6.269978
12201 6.269978
12202 6.269978
12203 6.269978
12204 6.269978
12205 6.269978
12206 6.269978
12207 6.269978
12208 6.269978
12209 6.269978
12210 6.269978
12211 6.269978
12212 6.269978
12213 6.269978
12214 6.269978
12215 6.269978
12216 6.269978
12217 6.269978
12218 6.269978
12219 6.269978
12220 6.269978
12221 6.269978
12222 6.269978
12223 6.269978
12224 6.269978
12225 6.269978
12226 6.269978
12227 6.269978
12228 6.269978
12229 6.269978
12230 6.269978
12231 6.269978
12232 6.269978
12233 6.269978
12234 6.269978
12235 6.269978
12236 6.269978
12237 6.269978
12238 6.269978
12239 6.269978
12240 6.269978
12241 6.269978
12242 6.269978
12243 6.269978
12244 6.269978
12245 6.269978
12246 6.269978
12247 6.269978
12248 6.269978
12249 6.269978
12250 6.269978
12251 6.269978
12252 6.269978
12253 6.269978
12254 6.269978
12255 6.269978
12256 6.269978
12257 6.269978
12258 6.269978
12259 6.269978
12260 6.269978
12261 6.269978
12262 6.269978
12263 6.269978
12264 6.269978
12265 6.269978
12266 6.269978
12267 6.269978
12268 6.269978
12269 6.269978
12270 6.269978
12271 6.269978
12272 6.269978
12273 6.269978
12274 6.269978
12275 6.269978
12276 6.269978
12277 6.269978
12278 6.269978
12279 6.269978
12280 6.269978
12281 6.269978
12282 6.269978
12283 6.269978
12284 6.269978
12285 6.269978
12286 6.269978
12287 6.269978
12288 6.269978
12289 6.269978
12290 6.269978
12291 6.269978
12292 6.269978
12293 6.269978
12294 6.269978
12295 6.269978
12296 6.269978
12297 6.269978
12298 6.269978
12299 6.269978
12300 6.269978
12301 6.269978
12302 6.269978
12303 6.269978
12304 6.269978
12305 6.269978
12306 6.269978
12307 6.269978
12308 6.269978
12309 6.269978
12310 6.269978
12311 6.269978
12312 6.269978
12313 6.269978
12314 6.269978
12315 6.269978
12316 6.269978
12317 6.269978
12318 6.269978
12319 6.269978
12320 6.269978
12321 6.269978
12322 6.269978
12323 6.269978
12324 6.269978
12325 6.269978
12326 6.269978
12327 6.269978
12328 6.269978
12329 6.269978
12330 6.269978
12331 6.269978
12332 6.269978
12333 6.269978
12334 6.269978
12335 6.269978
12336 6.269978
12337 6.269978
12338 6.269978
12339 6.269978
12340 6.269978
12341 6.269978
12342 6.269978
12343 6.269978
12344 6.269978
12345 6.269978
12346 6.269978
12347 6.269978
12348 6.269978
12349 6.269978
12350 6.269978
12351 6.269978
12352 6.269978
12353 6.269978
12354 6.269978
12355 6.269978
12356 6.269978
12357 6.269978
12358 6.269978
12359 6.269978
12360 6.269978
12361 6.269978
12362 6.269978
12363 6.269978
12364 6.269978
12365 6.269978
12366 6.269978
12367 6.269978
12368 6.269978
12369 6.269978
12370 6.269978
12371 6.269978
12372 6.269978
12373 6.269978
12374 6.269978
12375 6.269978
12376 6.269978
12377 6.269978
12378 6.269978
12379 6.269978
12380 6.269978
12381 6.269978
12382 6.269978
12383 6.269978
12384 6.269978
12385 6.269978
12386 6.269978
12387 6.269978
12388 6.269978
12389 6.269978
12390 6.269978
12391 6.269978
12392 6.269978
12393 6.269978
12394 6.269978
12395 6.269978
12396 6.269978
12397 6.269978
12398 6.269978
12399 6.269978
12400 6.269978
12401 6.269978
12402 6.269978
12403 6.269978
12404 6.269978
12405 6.269978
12406 6.269978
12407 6.269978
12408 6.269978
12409 6.269978
12410 6.269978
12411 6.269978
12412 6.269978
12413 6.269978
12414 6.269978
12415 6.269978
12416 6.269978
12417 6.269978
12418 6.269978
12419 6.269978
12420 6.269978
12421 6.269978
12422 6.269978
12423 6.269978
12424 6.269978
12425 6.269978
12426 6.269978
12427 6.269978
12428 6.269978
12429 6.269978
12430 6.269978
12431 6.269978
12432 6.269978
12433 6.269978
12434 6.269978
12435 6.269978
12436 6.269978
12437 6.269978
12438 6.269978
12439 6.269978
12440 6.269978
12441 6.269978
12442 6.269978
12443 6.269978
12444 6.269978
12445 6.269978
12446 6.269978
12447 6.269978
12448 6.269978
12449 6.269978
12450 6.269978
12451 6.269978
12452 6.269978
12453 6.269978
12454 6.269978
12455 6.269978
12456 6.269978
12457 6.269978
12458 6.269978
12459 6.269978
12460 6.269978
12461 6.269978
12462 6.269978
12463 6.269978
12464 6.269978
12465 6.269978
12466 6.269978
12467 6.269978
12468 6.269978
12469 6.269978
12470 6.269978
12471 6.269978
12472 6.269978
12473 6.269978
12474 6.269978
12475 6.269978
12476 6.269978
12477 6.269978
12478 6.269978
12479 6.269978
12480 6.269978
12481 6.269978
12482 6.269978
12483 6.269978
12484 6.269978
12485 6.269978
12486 6.269978
12487 6.269978
12488 6.269978
12489 6.269978
12490 6.269978
12491 6.269978
12492 6.269978
12493 6.269978
12494 6.269978
12495 6.269978
12496 6.269978
12497 6.269978
12498 6.269978
12499 6.269978
12500 6.269978
12501 6.269978
12502 6.269978
12503 6.269978
12504 6.269978
12505 6.269978
12506 6.269978
12507 6.269978
12508 6.269978
12509 6.269978
12510 6.269978
12511 6.269978
12512 6.269978
12513 6.269978
12514 6.269978
12515 6.269978
12516 6.269978
12517 6.269978
12518 6.269978
12519 6.269978
12520 6.269978
12521 6.269978
12522 6.269978
12523 6.269978
12524 6.269978
12525 6.269978
12526 6.269978
12527 6.269978
12528 6.269978
12529 6.269978
12530 6.269978
12531 6.269978
12532 6.269978
12533 6.269978
12534 6.269978
12535 6.269978
12536 6.269978
12537 6.269978
12538 6.269978
12539 6.269978
12540 6.269978
12541 6.269978
12542 6.269978
12543 6.269978
12544 6.269978
12545 6.269978
12546 6.269978
12547 6.269978
12548 6.269978
12549 6.269978
12550 6.269978
12551 6.269978
12552 6.269978
12553 6.269978
12554 6.269978
12555 6.269978
12556 6.269978
12557 6.269978
12558 6.269978
12559 6.269978
12560 6.269978
12561 6.269978
12562 6.269978
12563 6.269978
12564 6.269978
12565 6.269978
12566 6.269978
12567 6.269978
12568 6.269978
12569 6.269978
12570 6.269978
12571 6.269978
12572 6.269978
12573 6.269978
12574 6.269978
12575 6.269978
12576 6.269978
12577 6.269978
12578 6.269978
12579 6.269978
12580 6.269978
12581 6.269978
12582 6.269978
12583 6.269978
12584 6.269978
12585 6.269978
12586 6.269978
12587 6.269978
12588 6.269978
12589 6.269978
12590 6.269978
12591 6.269978
12592 6.269978
12593 6.269978
12594 6.269978
12595 6.269978
12596 6.269978
12597 6.269978
12598 6.269978
12599 6.269978
12600 6.269978
12601 6.269978
12602 6.269978
12603 6.269978
12604 6.269978
12605 6.269978
12606 6.269978
12607 6.269978
12608 6.269978
12609 6.269978
12610 6.269978
12611 6.269978
12612 6.269978
12613 6.269978
12614 6.269978
12615 6.269978
12616 6.269978
12617 6.269978
12618 6.269978
12619 6.269978
12620 6.269978
12621 6.269978
12622 6.269978
12623 6.269978
12624 6.269978
12625 6.269978
12626 6.269978
12627 6.269978
12628 6.269978
12629 6.269978
12630 6.269978
12631 6.269978
12632 6.269978
12633 6.269978
12634 6.269978
12635 6.269978
12636 6.269978
12637 6.269978
12638 6.269978
12639 6.269978
12640 6.269978
12641 6.269978
12642 6.269978
12643 6.269978
12644 6.269978
12645 6.269978
12646 6.269978
12647 6.269978
12648 6.269978
12649 6.269978
12650 6.269978
12651 6.269978
12652 6.269978
12653 6.269978
12654 6.269978
12655 6.269978
12656 6.269978
12657 6.269978
12658 6.269978
12659 6.269978
12660 6.269978
12661 6.269978
12662 6.269978
12663 6.269978
12664 6.269978
12665 6.269978
12666 6.269978
12667 6.269978
12668 6.269978
12669 6.269978
12670 6.269978
12671 6.269978
12672 6.269978
12673 6.269978
12674 6.269978
12675 6.269978
12676 6.269978
12677 6.269978
12678 6.269978
12679 6.269978
12680 6.269978
12681 6.269978
12682 6.269978
12683 6.269978
12684 6.269978
12685 6.269978
12686 6.269978
12687 6.269978
12688 6.269978
12689 6.269978
12690 6.269978
12691 6.269978
12692 6.269978
12693 6.269978
12694 6.269978
12695 6.269978
12696 6.269978
12697 6.269978
12698 6.269978
12699 6.269978
12700 6.269978
12701 6.269978
12702 6.269978
12703 6.269978
12704 6.269978
12705 6.269978
12706 6.269978
12707 6.269978
12708 6.269978
12709 6.269978
12710 6.269978
12711 6.269978
12712 6.269978
12713 6.269978
12714 6.269978
12715 6.269978
12716 6.269978
12717 6.269978
12718 6.269978
12719 6.269978
12720 6.269978
12721 6.269978
12722 6.269978
12723 6.269978
12724 6.269978
12725 6.269978
12726 6.269978
12727 6.269978
12728 6.269978
12729 6.269978
12730 6.269978
12731 6.269978
12732 6.269978
12733 6.269978
12734 6.269978
12735 6.269978
12736 6.269978
12737 6.269978
12738 6.269978
12739 6.269978
12740 6.269978
12741 6.269978
12742 6.269978
12743 6.269978
12744 6.269978
12745 6.269978
12746 6.269978
12747 6.269978
12748 6.269978
12749 6.269978
12750 6.269978
12751 6.269978
12752 6.269978
12753 6.269978
12754 6.269978
12755 6.269978
12756 6.269978
12757 6.269978
12758 6.269978
12759 6.269978
12760 6.269978
12761 6.269978
12762 6.269978
12763 6.269978
12764 6.269978
12765 6.269978
12766 6.269978
12767 6.269978
12768 6.269978
12769 6.269978
12770 6.269978
12771 6.269978
12772 6.269978
12773 6.269978
12774 6.269978
12775 6.269978
12776 6.269978
12777 6.269978
12778 6.269978
12779 6.269978
12780 6.269978
12781 6.269978
12782 6.269978
12783 6.269978
12784 6.269978
12785 6.269978
12786 6.269978
12787 6.269978
12788 6.269978
12789 6.269978
12790 6.269978
12791 6.269978
12792 6.269978
12793 6.269978
12794 6.269978
12795 6.269978
12796 6.269978
12797 6.269978
12798 6.269978
12799 6.269978
12800 6.269978
12801 6.269978
12802 6.269978
12803 6.269978
12804 6.269978
12805 6.269978
12806 6.269978
12807 6.269978
12808 6.269978
12809 6.269978
12810 6.269978
12811 6.269978
12812 6.269978
12813 6.269978
12814 6.269978
12815 6.269978
12816 6.269978
12817 6.269978
12818 6.269978
12819 6.269978
12820 6.269978
12821 6.269978
12822 6.269978
12823 6.269978
12824 6.269978
12825 6.269978
12826 6.269978
12827 6.269978
12828 6.269978
12829 6.269978
12830 6.269978
12831 6.269978
12832 6.269978
12833 6.269978
12834 6.269978
12835 6.269978
12836 6.269978
12837 6.269978
12838 6.269978
12839 6.269978
12840 6.269978
12841 6.269978
12842 6.269978
12843 6.269978
12844 6.269978
12845 6.269978
12846 6.269978
12847 6.269978
12848 6.269978
12849 6.269978
12850 6.269978
12851 6.269978
12852 6.269978
12853 6.269978
12854 6.269978
12855 6.269978
12856 6.269978
12857 6.269978
12858 6.269978
12859 6.269978
12860 6.269978
12861 6.269978
12862 6.269978
12863 6.269978
12864 6.269978
12865 6.269978
12866 6.269978
12867 6.269978
12868 6.269978
12869 6.269978
12870 6.269978
12871 6.269978
12872 6.269978
12873 6.269978
12874 6.269978
12875 6.269978
12876 6.269978
12877 6.269978
12878 6.269978
12879 6.269978
12880 6.269978
12881 6.269978
12882 6.269978
12883 6.269978
12884 6.269978
12885 6.269978
12886 6.269978
12887 6.269978
12888 6.269978
12889 6.269978
12890 6.269978
12891 6.269978
12892 6.269978
12893 6.269978
12894 6.269978
12895 6.269978
12896 6.269978
12897 6.269978
12898 6.269978
12899 6.269978
12900 6.269978
12901 6.269978
12902 6.269978
12903 6.269978
12904 6.269978
12905 6.269978
12906 6.269978
12907 6.269978
12908 6.269978
12909 6.269978
12910 6.269978
12911 6.269978
12912 6.269978
12913 6.269978
12914 6.269978
12915 6.269978
12916 6.269978
12917 6.269978
12918 6.269978
12919 6.269978
12920 6.269978
12921 6.269978
12922 6.269978
12923 6.269978
12924 6.269978
12925 6.269978
12926 6.269978
12927 6.269978
12928 6.269978
12929 6.269978
12930 6.269978
12931 6.269978
12932 6.269978
12933 6.269978
12934 6.269978
12935 6.269978
12936 6.269978
12937 6.269978
12938 6.269978
12939 6.269978
12940 6.269978
12941 6.269978
12942 6.269978
12943 6.269978
12944 6.269978
12945 6.269978
12946 6.269978
12947 6.269978
12948 6.269978
12949 6.269978
12950 6.269978
12951 6.269978
12952 6.269978
12953 6.269978
12954 6.269978
12955 6.269978
12956 6.269978
12957 6.269978
12958 6.269978
12959 6.269978
12960 6.269978
12961 6.269978
12962 6.269978
12963 6.269978
12964 6.269978
12965 6.269978
12966 6.269978
12967 6.269978
12968 6.269978
12969 6.269978
12970 6.269978
12971 6.269978
12972 6.269978
12973 6.269978
12974 6.269978
12975 6.269978
12976 6.269978
12977 6.269978
12978 6.269978
12979 6.269978
12980 6.269978
12981 6.269978
12982 6.269978
12983 6.269978
12984 6.269978
12985 6.269978
12986 6.269978
12987 6.269978
12988 6.269978
12989 6.269978
12990 6.269978
12991 6.269978
12992 6.269978
12993 6.269978
12994 6.269978
12995 6.269978
12996 6.269978
12997 6.269978
12998 6.269978
12999 6.269978
13000 6.269978
13001 6.269978
13002 6.269978
13003 6.269978
13004 6.269978
13005 6.269978
13006 6.269978
13007 6.269978
13008 6.269978
13009 6.269978
13010 6.269978
13011 6.269978
13012 6.269978
13013 6.269978
13014 6.269978
13015 6.269978
13016 6.269978
13017 6.269978
13018 6.269978
13019 6.269978
13020 6.269978
13021 6.269978
13022 6.269978
13023 6.269978
13024 6.269978
13025 6.269978
13026 6.269978
13027 6.269978
13028 6.269978
13029 6.269978
13030 6.269978
13031 6.269978
13032 6.269978
13033 6.269978
13034 6.269978
13035 6.269978
13036 6.269978
13037 6.269978
13038 6.269978
13039 6.269978
13040 6.269978
13041 6.269978
13042 6.269978
13043 6.269978
13044 6.269978
13045 6.269978
13046 6.269978
13047 6.269978
13048 6.269978
13049 6.269978
13050 6.269978
13051 6.269978
13052 6.269978
13053 6.269978
13054 6.269978
13055 6.269978
13056 6.269978
13057 6.269978
13058 6.269978
13059 6.269978
13060 6.269978
13061 6.269978
13062 6.269978
13063 6.269978
13064 6.269978
13065 6.269978
13066 6.269978
13067 6.269978
13068 6.269978
13069 6.269978
13070 6.269978
13071 6.269978
13072 6.269978
13073 6.269978
13074 6.269978
13075 6.269978
13076 6.269978
13077 6.269978
13078 6.269978
13079 6.269978
13080 6.269978
13081 6.269978
13082 6.269978
13083 6.269978
13084 6.269978
13085 6.269978
13086 6.269978
13087 6.269978
13088 6.269978
13089 6.269978
13090 6.269978
13091 6.269978
13092 6.269978
13093 6.269978
13094 6.269978
13095 6.269978
13096 6.269978
13097 6.269978
13098 6.269978
13099 6.269978
13100 6.269978
13101 6.269978
13102 6.269978
13103 6.269978
13104 6.269978
13105 6.269978
13106 6.269978
13107 6.269978
13108 6.269978
13109 6.269978
13110 6.269978
13111 6.269978
13112 6.269978
13113 6.269978
13114 6.269978
13115 6.269978
13116 6.269978
13117 6.269978
13118 6.269978
13119 6.269978
13120 6.269978
13121 6.269978
13122 6.269978
13123 6.269978
13124 6.269978
13125 6.269978
13126 6.269978
13127 6.269978
13128 6.269978
13129 6.269978
13130 6.269978
13131 6.269978
13132 6.269978
13133 6.269978
13134 6.269978
13135 6.269978
13136 6.269978
13137 6.269978
13138 6.269978
13139 6.269978
13140 6.269978
13141 6.269978
13142 6.269978
13143 6.269978
13144 6.269978
13145 6.269978
13146 6.269978
13147 6.269978
13148 6.269978
13149 6.269978
13150 6.269978
13151 6.269978
13152 6.269978
13153 6.269978
13154 6.269978
13155 6.269978
13156 6.269978
13157 6.269978
13158 6.269978
13159 6.269978
13160 6.269978
13161 6.269978
13162 6.269978
13163 6.269978
13164 6.269978
13165 6.269978
13166 6.269978
13167 6.269978
13168 6.269978
13169 6.269978
13170 6.269978
13171 6.269978
13172 6.269978
13173 6.269978
13174 6.269978
13175 6.269978
13176 6.269978
13177 6.269978
13178 6.269978
13179 6.269978
13180 6.269978
13181 6.269978
13182 6.269978
13183 6.269978
13184 6.269978
13185 6.269978
13186 6.269978
13187 6.269978
13188 6.269978
13189 6.269978
13190 6.269978
13191 6.269978
13192 6.269978
13193 6.269978
13194 6.269978
13195 6.269978
13196 6.269978
13197 6.269978
13198 6.269978
13199 6.269978
13200 6.269978
13201 6.269978
13202 6.269978
13203 6.269978
13204 6.269978
13205 6.269978
13206 6.269978
13207 6.269978
13208 6.269978
13209 6.269978
13210 6.269978
13211 6.269978
13212 6.269978
13213 6.269978
13214 6.269978
13215 6.269978
13216 6.269978
13217 6.269978
13218 6.269978
13219 6.269978
13220 6.269978
13221 6.269978
13222 6.269978
13223 6.269978
13224 6.269978
13225 6.269978
13226 6.269978
13227 6.269978
13228 6.269978
13229 6.269978
13230 6.269978
13231 6.269978
13232 6.269978
13233 6.269978
13234 6.269978
13235 6.269978
13236 6.269978
13237 6.269978
13238 6.269978
13239 6.269978
13240 6.269978
13241 6.269978
13242 6.269978
13243 6.269978
13244 6.269978
13245 6.269978
13246 6.269978
13247 6.269978
13248 6.269978
13249 6.269978
13250 6.269978
13251 6.269978
13252 6.269978
13253 6.269978
13254 6.269978
13255 6.269978
13256 6.269978
13257 6.269978
13258 6.269978
13259 6.269978
13260 6.269978
13261 6.269978
13262 6.269978
13263 6.269978
13264 6.269978
13265 6.269978
13266 6.269978
13267 6.269978
13268 6.269978
13269 6.269978
13270 6.269978
13271 6.269978
13272 6.269978
13273 6.269978
13274 6.269978
13275 6.269978
13276 6.269978
13277 6.269978
13278 6.269978
13279 6.269978
13280 6.269978
13281 6.269978
13282 6.269978
13283 6.269978
13284 6.269978
13285 6.269978
13286 6.269978
13287 6.269978
13288 6.269978
13289 6.269978
13290 6.269978
13291 6.269978
13292 6.269978
13293 6.269978
13294 6.269978
13295 6.269978
13296 6.269978
13297 6.269978
13298 6.269978
13299 6.269978
13300 6.269978
13301 6.269978
13302 6.269978
13303 6.269978
13304 6.269978
13305 6.269978
13306 6.269978
13307 6.269978
13308 6.269978
13309 6.269978
13310 6.269978
13311 6.269978
13312 6.269978
13313 6.269978
13314 6.269978
13315 6.269978
13316 6.269978
13317 6.269978
13318 6.269978
13319 6.269978
13320 6.269978
13321 6.269978
13322 6.269978
13323 6.269978
13324 6.269978
13325 6.269978
13326 6.269978
13327 6.269978
13328 6.269978
13329 6.269978
13330 6.269978
13331 6.269978
13332 6.269978
13333 6.269978
13334 6.269978
13335 6.269978
13336 6.269978
13337 6.269978
13338 6.269978
13339 6.269978
13340 6.269978
13341 6.269978
13342 6.269978
13343 6.269978
13344 6.269978
13345 6.269978
13346 6.269978
13347 6.269978
13348 6.269978
13349 6.269978
13350 6.269978
13351 6.269978
13352 6.269978
13353 6.269978
13354 6.269978
13355 6.269978
13356 6.269978
13357 6.269978
13358 6.269978
13359 6.269978
13360 6.269978
13361 6.269978
13362 6.269978
13363 6.269978
13364 6.269978
13365 6.269978
13366 6.269978
13367 6.269978
13368 6.269978
13369 6.269978
13370 6.269978
13371 6.269978
13372 6.269978
13373 6.269978
13374 6.269978
13375 6.269978
13376 6.269978
13377 6.269978
13378 6.269978
13379 6.269978
13380 6.269978
13381 6.269978
13382 6.269978
13383 6.269978
13384 6.269978
13385 6.269978
13386 6.269978
13387 6.269978
13388 6.269978
13389 6.269978
13390 6.269978
13391 6.269978
13392 6.269978
13393 6.269978
13394 6.269978
13395 6.269978
13396 6.269978
13397 6.269978
13398 6.269978
13399 6.269978
13400 6.269978
13401 6.269978
13402 6.269978
13403 6.269978
13404 6.269978
13405 6.269978
13406 6.269978
13407 6.269978
13408 6.269978
13409 6.269978
13410 6.269978
13411 6.269978
13412 6.269978
13413 6.269978
13414 6.269978
13415 6.269978
13416 6.269978
13417 6.269978
13418 6.269978
13419 6.269978
13420 6.269978
13421 6.269978
13422 6.269978
13423 6.269978
13424 6.269978
13425 6.269978
13426 6.269978
13427 6.269978
13428 6.269978
13429 6.269978
13430 6.269978
13431 6.269978
13432 6.269978
13433 6.269978
13434 6.269978
13435 6.269978
13436 6.269978
13437 6.269978
13438 6.269978
13439 6.269978
13440 6.269978
13441 6.269978
13442 6.269978
13443 6.269978
13444 6.269978
13445 6.269978
13446 6.269978
13447 6.269978
13448 6.269978
13449 6.269978
13450 6.269978
13451 6.269978
13452 6.269978
13453 6.269978
13454 6.269978
13455 6.269978
13456 6.269978
13457 6.269978
13458 6.269978
13459 6.269978
13460 6.269978
13461 6.269978
13462 6.269978
13463 6.269978
13464 6.269978
13465 6.269978
13466 6.269978
13467 6.269978
13468 6.269978
13469 6.269978
13470 6.269978
13471 6.269978
13472 6.269978
13473 6.269978
13474 6.269978
13475 6.269978
13476 6.269978
13477 6.269978
13478 6.269978
13479 6.269978
13480 6.269978
13481 6.269978
13482 6.269978
13483 6.269978
13484 6.269978
13485 6.269978
13486 6.269978
13487 6.269978
13488 6.269978
13489 6.269978
13490 6.269978
13491 6.269978
13492 6.269978
13493 6.269978
13494 6.269978
13495 6.269978
13496 6.269978
13497 6.269978
13498 6.269978
13499 6.269978
13500 6.269978
13501 6.269978
13502 6.269978
13503 6.269978
13504 6.269978
13505 6.269978
13506 6.269978
13507 6.269978
13508 6.269978
13509 6.269978
13510 6.269978
13511 6.269978
13512 6.269978
13513 6.269978
13514 6.269978
13515 6.269978
13516 6.269978
13517 6.269978
13518 6.269978
13519 6.269978
13520 6.269978
13521 6.269978
13522 6.269978
13523 6.269978
13524 6.269978
13525 6.269978
13526 6.269978
13527 6.269978
13528 6.269978
13529 6.269978
13530 6.269978
13531 6.269978
13532 6.269978
13533 6.269978
13534 6.269978
13535 6.269978
13536 6.269978
13537 6.269978
13538 6.269978
13539 6.269978
13540 6.269978
13541 6.269978
13542 6.269978
13543 6.269978
13544 6.269978
13545 6.269978
13546 6.269978
13547 6.269978
13548 6.269978
13549 6.269978
13550 6.269978
13551 6.269978
13552 6.269978
13553 6.269978
13554 6.269978
13555 6.269978
13556 6.269978
13557 6.269978
13558 6.269978
13559 6.269978
13560 6.269978
13561 6.269978
13562 6.269978
13563 6.269978
13564 6.269978
13565 6.269978
13566 6.269978
13567 6.269978
13568 6.269978
13569 6.269978
13570 6.269978
13571 6.269978
13572 6.269978
13573 6.269978
13574 6.269978
13575 6.269978
13576 6.269978
13577 6.269978
13578 6.269978
13579 6.269978
13580 6.269978
13581 6.269978
13582 6.269978
13583 6.269978
13584 6.269978
13585 6.269978
13586 6.269978
13587 6.269978
13588 6.269978
13589 6.269978
13590 6.034375
13591 6.034375
13592 6.034375
13593 6.034375
13594 6.034375
13595 6.034375
13596 6.034375
13597 6.034375
13598 6.034375
13599 6.034375
13600 6.034375
13601 6.034375
13602 6.034375
13603 6.034375
13604 6.034375
13605 6.034375
13606 6.034375
13607 6.034375
13608 6.034375
13609 6.034375
13610 6.034375
13611 6.034375
13612 6.034375
13613 6.034375
13614 6.034375
13615 6.034375
13616 6.034375
13617 6.034375
13618 6.034375
13619 6.034375
13620 6.034375
13621 6.034375
13622 6.034375
13623 6.034375
13624 6.034375
13625 6.034375
13626 6.034375
13627 6.034375
13628 6.034375
13629 6.034375
13630 6.034375
13631 6.034375
13632 6.034375
13633 6.034375
13634 6.034375
13635 6.034375
13636 6.034375
13637 6.034375
13638 6.034375
13639 6.034375
13640 6.034375
13641 6.034375
13642 6.034375
13643 6.034375
13644 6.034375
13645 6.034375
13646 6.034375
13647 6.034375
13648 6.034375
13649 6.034375
13650 6.034375
13651 6.034375
13652 6.034375
13653 6.034375
13654 6.034375
13655 6.034375
13656 6.034375
13657 6.034375
13658 6.034375
13659 6.034375
13660 6.034375
13661 6.034375
13662 6.034375
13663 6.034375
13664 6.034375
13665 6.034375
13666 6.034375
13667 6.034375
13668 6.034375
13669 6.034375
13670 6.034375
13671 6.034375
13672 6.034375
13673 6.034375
13674 6.034375
13675 6.034375
13676 6.034375
13677 6.034375
13678 6.034375
13679 6.034375
13680 6.034375
13681 6.034375
13682 6.034375
13683 6.034375
13684 6.034375
13685 6.034375
13686 6.034375
13687 6.034375
13688 6.034375
13689 6.034375
13690 6.034375
13691 6.034375
13692 6.034375
13693 6.034375
13694 6.034375
13695 6.034375
13696 6.034375
13697 6.034375
13698 6.034375
13699 6.034375
13700 6.034375
13701 6.034375
13702 6.034375
13703 6.034375
13704 6.034375
13705 6.034375
13706 6.034375
13707 6.034375
13708 6.034375
13709 6.034375
13710 6.034375
13711 6.034375
13712 6.034375
13713 6.034375
13714 6.034375
13715 6.034375
13716 6.034375
13717 6.034375
13718 6.034375
13719 6.034375
13720 6.034375
13721 6.034375
13722 6.034375
13723 6.034375
13724 6.034375
13725 6.034375
13726 6.034375
13727 6.034375
13728 6.034375
13729 6.034375
13730 6.034375
13731 6.034375
13732 6.034375
13733 6.034375
13734 6.034375
13735 6.034375
13736 6.034375
13737 6.034375
13738 6.034375
13739 6.034375
13740 6.034375
13741 6.034375
13742 6.034375
13743 6.034375
13744 6.034375
13745 6.034375
13746 6.034375
13747 6.034375
13748 6.034375
13749 6.034375
13750 6.034375
13751 6.034375
13752 6.034375
13753 6.034375
13754 6.034375
13755 6.034375
13756 6.034375
13757 6.034375
13758 6.034375
13759 6.034375
13760 6.034375
13761 6.034375
13762 6.034375
13763 6.034375
13764 6.034375
13765 6.034375
13766 6.034375
13767 6.034375
13768 6.034375
13769 6.034375
13770 6.034375
13771 6.034375
13772 6.034375
13773 6.034375
13774 6.034375
13775 6.034375
13776 6.034375
13777 6.034375
13778 6.034375
13779 6.034375
13780 6.034375
13781 6.034375
13782 6.034375
13783 6.034375
13784 6.034375
13785 6.034375
13786 6.034375
13787 6.034375
13788 6.034375
13789 6.034375
13790 6.034375
13791 6.034375
13792 6.034375
13793 6.034375
13794 6.034375
13795 6.034375
13796 6.034375
13797 6.034375
13798 6.034375
13799 6.034375
13800 6.034375
13801 6.034375
13802 6.034375
13803 6.034375
13804 6.034375
13805 6.034375
13806 6.034375
13807 6.034375
13808 6.034375
13809 6.034375
13810 6.034375
13811 6.034375
13812 6.034375
13813 6.034375
13814 6.034375
13815 6.034375
13816 6.034375
13817 6.034375
13818 6.034375
13819 6.034375
13820 6.034375
13821 6.034375
13822 6.034375
13823 6.034375
13824 6.034375
13825 6.034375
13826 6.034375
13827 6.034375
13828 6.034375
13829 6.034375
13830 6.034375
13831 6.034375
13832 6.034375
13833 6.034375
13834 6.034375
13835 6.034375
13836 6.034375
13837 6.034375
13838 6.034375
13839 6.034375
13840 6.034375
13841 6.034375
13842 6.034375
13843 6.034375
13844 6.034375
13845 6.034375
13846 6.034375
13847 6.034375
13848 6.034375
13849 6.034375
13850 6.034375
13851 6.034375
13852 6.034375
13853 6.034375
13854 6.034375
13855 6.034375
13856 6.034375
13857 6.034375
13858 6.034375
13859 6.034375
13860 6.034375
13861 6.034375
13862 6.034375
13863 6.034375
13864 6.034375
13865 6.034375
13866 6.034375
13867 6.034375
13868 6.034375
13869 6.034375
13870 6.034375
13871 6.034375
13872 6.034375
13873 6.034375
13874 6.034375
13875 6.034375
13876 6.034375
13877 6.034375
13878 6.034375
13879 6.034375
13880 6.034375
13881 6.034375
13882 6.034375
13883 6.034375
13884 6.034375
13885 6.034375
13886 6.034375
13887 6.034375
13888 6.034375
13889 6.034375
13890 6.034375
13891 6.034375
13892 6.034375
13893 6.034375
13894 6.034375
13895 6.034375
13896 6.034375
13897 6.034375
13898 6.034375
13899 6.034375
13900 6.034375
13901 6.034375
13902 6.034375
13903 6.034375
13904 6.034375
13905 6.034375
13906 6.034375
13907 6.034375
13908 6.034375
13909 6.034375
13910 6.034375
13911 6.034375
13912 6.034375
13913 6.034375
13914 6.034375
13915 6.034375
13916 6.034375
13917 6.034375
13918 6.034375
13919 6.034375
13920 6.034375
13921 6.034375
13922 6.034375
13923 6.034375
13924 6.034375
13925 6.034375
13926 6.034375
13927 6.034375
13928 6.034375
13929 6.034375
13930 6.034375
13931 6.034375
13932 6.034375
13933 6.034375
13934 6.034375
13935 6.034375
13936 6.034375
13937 6.034375
13938 6.034375
13939 6.034375
13940 6.034375
13941 6.034375
13942 6.034375
13943 6.034375
13944 6.034375
13945 6.034375
13946 6.034375
13947 6.034375
13948 6.034375
13949 6.034375
13950 6.034375
13951 6.034375
13952 6.034375
13953 6.034375
13954 6.034375
13955 6.034375
13956 6.034375
13957 6.034375
13958 6.034375
13959 6.034375
13960 6.034375
13961 6.034375
13962 6.034375
13963 6.034375
13964 6.034375
13965 6.034375
13966 6.034375
13967 6.034375
13968 6.034375
13969 6.034375
13970 6.034375
13971 6.034375
13972 6.034375
13973 6.034375
13974 6.034375
13975 6.034375
13976 6.034375
13977 6.034375
13978 6.034375
13979 6.034375
13980 6.034375
13981 6.034375
13982 6.034375
13983 6.034375
13984 6.034375
13985 6.034375
13986 6.034375
13987 6.034375
13988 6.034375
13989 6.034375
13990 6.034375
13991 6.034375
13992 6.034375
13993 6.034375
13994 6.034375
13995 6.034375
13996 6.034375
13997 6.034375
13998 6.034375
13999 6.034375
14000 6.034375
14001 6.034375
14002 6.034375
14003 6.034375
14004 6.034375
14005 6.034375
14006 6.034375
14007 6.034375
14008 6.034375
14009 6.034375
14010 6.034375
14011 6.034375
14012 6.034375
14013 6.034375
14014 6.034375
14015 6.034375
14016 6.034375
14017 6.034375
14018 6.034375
14019 6.034375
14020 6.034375
14021 6.034375
14022 6.034375
14023 6.034375
14024 6.034375
14025 6.034375
14026 6.034375
14027 6.034375
14028 6.034375
14029 6.034375
14030 6.034375
14031 6.034375
14032 6.034375
14033 6.034375
14034 6.034375
14035 6.034375
14036 6.034375
14037 6.034375
14038 6.034375
14039 6.034375
14040 6.034375
14041 6.034375
14042 6.034375
14043 6.034375
14044 6.034375
14045 6.034375
14046 6.034375
14047 6.034375
14048 6.034375
14049 6.034375
14050 6.034375
14051 6.034375
14052 6.034375
14053 6.034375
14054 6.034375
14055 6.034375
14056 6.034375
14057 6.034375
14058 6.034375
14059 6.034375
14060 6.034375
14061 6.034375
14062 6.034375
14063 6.034375
14064 6.034375
14065 6.034375
14066 6.034375
14067 6.034375
14068 6.034375
14069 6.034375
14070 6.034375
14071 6.034375
14072 6.034375
14073 6.034375
14074 6.034375
14075 6.034375
14076 6.034375
14077 6.034375
14078 6.034375
14079 6.034375
14080 6.034375
14081 6.034375
14082 6.034375
14083 6.034375
14084 6.034375
14085 6.034375
14086 6.034375
14087 6.034375
14088 6.034375
14089 6.034375
14090 6.034375
14091 6.034375
14092 6.034375
14093 6.034375
14094 6.034375
14095 6.034375
14096 6.034375
14097 6.034375
14098 6.034375
14099 6.034375
14100 6.034375
14101 6.034375
14102 6.034375
14103 6.034375
14104 6.034375
14105 6.034375
14106 6.034375
14107 6.034375
14108 6.034375
14109 6.034375
14110 6.034375
14111 6.034375
14112 6.034375
14113 6.034375
14114 6.034375
14115 6.034375
14116 6.034375
14117 6.034375
14118 6.034375
14119 6.034375
14120 6.034375
14121 6.034375
14122 6.034375
14123 6.034375
14124 6.034375
14125 6.034375
14126 6.034375
14127 6.034375
14128 6.034375
14129 6.034375
14130 6.034375
14131 6.034375
14132 6.034375
14133 6.034375
14134 6.034375
14135 6.034375
14136 6.034375
14137 6.034375
14138 6.034375
14139 6.034375
14140 6.034375
14141 6.034375
14142 6.034375
14143 6.034375
14144 6.034375
14145 6.034375
14146 6.034375
14147 6.034375
14148 6.034375
14149 6.034375
14150 6.034375
14151 6.034375
14152 6.034375
14153 6.034375
14154 6.034375
14155 6.034375
14156 6.034375
14157 6.034375
14158 6.034375
14159 6.034375
14160 6.034375
14161 6.034375
14162 6.034375
14163 6.034375
14164 6.034375
14165 6.034375
14166 6.034375
14167 6.034375
14168 6.034375
14169 6.034375
14170 6.034375
14171 6.034375
14172 6.034375
14173 6.034375
14174 6.034375
14175 6.034375
14176 6.034375
14177 6.034375
14178 6.034375
14179 6.034375
14180 6.034375
14181 6.034375
14182 6.034375
14183 6.034375
14184 6.034375
14185 6.034375
14186 6.034375
14187 6.034375
14188 6.034375
14189 6.034375
14190 6.034375
14191 6.034375
14192 6.034375
14193 6.034375
14194 6.034375
14195 6.034375
14196 6.034375
14197 6.034375
14198 6.034375
14199 6.034375
14200 6.034375
14201 6.034375
14202 6.034375
14203 6.034375
14204 6.034375
14205 6.034375
14206 6.034375
14207 6.034375
14208 6.034375
14209 6.034375
14210 6.034375
14211 6.034375
14212 6.034375
14213 6.034375
14214 6.034375
14215 6.034375
14216 6.034375
14217 6.034375
14218 6.034375
14219 6.034375
14220 6.034375
14221 6.034375
14222 6.034375
14223 6.034375
14224 6.034375
14225 6.034375
14226 6.034375
14227 6.034375
14228 6.034375
14229 6.034375
14230 6.034375
14231 6.034375
14232 6.034375
14233 6.034375
14234 6.034375
14235 6.034375
14236 6.034375
14237 6.034375
14238 6.034375
14239 6.034375
14240 6.034375
14241 6.034375
14242 6.034375
14243 6.034375
14244 6.034375
14245 6.034375
14246 6.034375
14247 6.034375
14248 6.034375
14249 6.034375
14250 6.034375
14251 6.034375
14252 6.034375
14253 6.034375
14254 6.034375
14255 6.034375
14256 6.034375
14257 6.034375
14258 6.034375
14259 6.034375
14260 6.034375
14261 6.034375
14262 6.034375
14263 6.034375
14264 6.034375
14265 6.034375
14266 6.034375
14267 6.034375
14268 6.034375
14269 6.034375
14270 6.034375
14271 6.034375
14272 6.034375
14273 6.034375
14274 6.034375
14275 6.034375
14276 6.034375
14277 6.034375
14278 6.034375
14279 6.034375
14280 6.034375
14281 6.034375
14282 6.034375
14283 6.034375
14284 6.034375
14285 6.034375
14286 6.034375
14287 6.034375
14288 6.034375
14289 6.034375
14290 6.034375
14291 6.034375
14292 6.034375
14293 6.034375
14294 6.034375
14295 6.034375
14296 6.034375
14297 6.034375
14298 6.034375
14299 6.034375
14300 6.034375
14301 6.034375
14302 6.034375
14303 6.034375
14304 6.034375
14305 6.034375
14306 6.034375
14307 6.034375
14308 6.034375
14309 6.034375
14310 6.034375
14311 6.034375
14312 6.034375
14313 6.034375
14314 6.034375
14315 6.034375
14316 6.034375
14317 6.034375
14318 6.034375
14319 6.034375
14320 6.034375
14321 6.034375
14322 6.034375
14323 6.034375
14324 6.034375
14325 6.034375
14326 6.034375
14327 6.034375
14328 6.034375
14329 6.034375
14330 6.034375
14331 6.034375
14332 6.034375
14333 6.034375
14334 6.034375
14335 6.034375
14336 6.034375
14337 6.034375
14338 6.034375
14339 6.034375
14340 6.034375
14341 6.034375
14342 6.034375
14343 6.034375
14344 6.034375
14345 6.034375
14346 6.034375
14347 6.034375
14348 6.034375
14349 6.034375
14350 6.034375
14351 6.034375
14352 6.034375
14353 6.034375
14354 6.034375
14355 6.034375
14356 6.034375
14357 6.034375
14358 6.034375
14359 6.034375
14360 6.034375
14361 6.034375
14362 6.034375
14363 6.034375
14364 6.034375
14365 6.034375
14366 6.034375
14367 6.034375
14368 6.034375
14369 6.034375
14370 6.034375
14371 6.034375
14372 6.034375
14373 6.034375
14374 6.034375
14375 6.034375
14376 6.034375
14377 6.034375
14378 6.034375
14379 6.034375
14380 6.034375
14381 6.034375
14382 6.034375
14383 6.034375
14384 6.034375
14385 6.034375
14386 6.034375
14387 6.034375
14388 6.034375
14389 6.034375
14390 6.034375
14391 6.034375
14392 6.034375
14393 6.034375
14394 6.034375
14395 6.034375
14396 6.034375
14397 6.034375
14398 6.034375
14399 6.034375
14400 6.034375
14401 6.034375
14402 6.034375
14403 6.034375
14404 6.034375
14405 6.034375
14406 6.034375
14407 6.034375
14408 6.034375
14409 6.034375
14410 6.034375
14411 6.034375
14412 6.034375
14413 6.034375
14414 6.034375
14415 6.034375
14416 6.034375
14417 6.034375
14418 6.034375
14419 6.034375
14420 6.034375
14421 6.034375
14422 6.034375
14423 6.034375
14424 6.034375
14425 6.034375
14426 6.034375
14427 6.034375
14428 6.034375
14429 6.034375
14430 6.034375
14431 6.034375
14432 6.034375
14433 6.034375
14434 6.034375
14435 6.034375
14436 6.034375
14437 6.034375
14438 6.034375
14439 6.034375
14440 6.034375
14441 6.034375
14442 6.034375
14443 6.034375
14444 6.034375
14445 6.034375
14446 6.034375
14447 6.034375
14448 6.034375
14449 6.034375
14450 6.034375
14451 6.034375
14452 6.034375
14453 6.034375
14454 6.034375
14455 6.034375
14456 6.034375
14457 6.034375
14458 6.034375
14459 6.034375
14460 6.034375
14461 6.034375
14462 6.034375
14463 6.034375
14464 6.034375
14465 6.034375
14466 6.034375
14467 6.034375
14468 6.034375
14469 6.034375
14470 6.034375
14471 6.034375
14472 6.034375
14473 6.034375
14474 6.034375
14475 6.034375
14476 6.034375
14477 6.034375
14478 6.034375
14479 6.034375
14480 6.034375
14481 6.034375
14482 6.034375
14483 6.034375
14484 6.034375
14485 6.034375
14486 6.034375
14487 6.034375
14488 6.034375
14489 6.034375
14490 6.034375
14491 6.034375
14492 6.034375
14493 6.034375
14494 6.034375
14495 6.034375
14496 6.034375
14497 6.034375
14498 6.034375
14499 6.034375
14500 6.034375
14501 6.034375
14502 6.034375
14503 6.034375
14504 6.034375
14505 6.034375
14506 6.034375
14507 6.034375
14508 6.034375
14509 6.034375
14510 6.034375
14511 6.034375
14512 6.034375
14513 6.034375
14514 6.034375
14515 6.034375
14516 6.034375
14517 6.034375
14518 6.034375
14519 6.034375
14520 6.034375
14521 6.034375
14522 6.034375
14523 6.034375
14524 6.034375
14525 6.034375
14526 6.034375
14527 6.034375
14528 6.034375
14529 6.034375
14530 6.034375
14531 6.034375
14532 6.034375
14533 6.034375
14534 6.034375
14535 6.034375
14536 6.034375
14537 6.034375
14538 6.034375
14539 6.034375
14540 6.034375
14541 6.034375
14542 6.034375
14543 6.034375
14544 6.034375
14545 6.034375
14546 6.034375
14547 6.034375
14548 6.034375
14549 6.034375
14550 6.034375
14551 6.034375
14552 6.034375
14553 6.034375
14554 6.034375
14555 6.034375
14556 6.034375
14557 6.034375
14558 6.034375
14559 6.034375
14560 6.034375
14561 6.034375
14562 6.034375
14563 6.034375
14564 6.034375
14565 6.034375
14566 6.034375
14567 6.034375
14568 6.034375
14569 6.034375
14570 6.034375
14571 6.034375
14572 6.034375
14573 6.034375
14574 6.034375
14575 6.034375
14576 6.034375
14577 6.034375
14578 6.034375
14579 6.034375
14580 6.034375
14581 6.034375
14582 6.034375
14583 6.034375
14584 6.034375
14585 6.034375
14586 6.034375
14587 6.034375
14588 6.034375
14589 6.034375
14590 6.034375
14591 6.034375
14592 6.034375
14593 6.034375
14594 6.034375
14595 6.034375
14596 6.034375
14597 6.034375
14598 6.034375
14599 6.034375
14600 6.034375
14601 6.034375
14602 6.034375
14603 6.034375
14604 6.034375
14605 6.034375
14606 6.034375
14607 6.034375
14608 6.034375
14609 6.034375
14610 6.034375
14611 6.034375
14612 6.034375
14613 6.034375
14614 6.034375
14615 6.034375
14616 6.034375
14617 6.034375
14618 6.034375
14619 6.034375
14620 6.034375
14621 6.034375
14622 6.034375
14623 6.034375
14624 6.034375
14625 6.034375
14626 6.034375
14627 6.034375
14628 6.034375
14629 6.034375
14630 6.034375
14631 6.034375
14632 6.034375
14633 6.034375
14634 6.034375
14635 6.034375
14636 6.034375
14637 6.034375
14638 6.034375
14639 6.034375
14640 6.034375
14641 6.034375
14642 6.034375
14643 6.034375
14644 6.034375
14645 6.034375
14646 6.034375
14647 6.034375
14648 6.034375
14649 6.034375
14650 6.034375
14651 6.034375
14652 6.034375
14653 6.034375
14654 6.034375
14655 6.034375
14656 6.034375
14657 6.034375
14658 6.034375
14659 6.034375
14660 6.034375
14661 6.034375
14662 6.034375
14663 6.034375
14664 6.034375
14665 6.034375
14666 6.034375
14667 6.034375
14668 6.034375
14669 6.034375
14670 6.034375
14671 6.034375
14672 6.034375
14673 6.034375
14674 6.034375
14675 6.034375
14676 6.034375
14677 6.034375
14678 6.034375
14679 6.034375
14680 6.034375
14681 6.034375
14682 6.034375
14683 6.034375
14684 6.034375
14685 6.034375
14686 6.034375
14687 6.034375
14688 6.034375
14689 6.034375
14690 6.034375
14691 6.034375
14692 6.034375
14693 6.034375
14694 6.034375
14695 6.034375
14696 6.034375
14697 6.034375
14698 6.034375
14699 6.034375
14700 6.034375
14701 6.034375
14702 6.034375
14703 6.034375
14704 6.034375
14705 6.034375
14706 6.034375
14707 6.034375
14708 6.034375
14709 6.034375
14710 6.034375
14711 6.034375
14712 6.034375
14713 6.034375
14714 6.034375
14715 6.034375
14716 6.034375
14717 6.034375
14718 6.034375
14719 6.034375
14720 6.034375
14721 6.034375
14722 6.034375
14723 6.034375
14724 6.034375
14725 6.034375
14726 6.034375
14727 6.034375
14728 6.034375
14729 6.034375
14730 6.034375
14731 6.034375
14732 6.034375
14733 6.034375
14734 6.034375
14735 6.034375
14736 6.034375
14737 6.034375
14738 6.034375
14739 6.034375
14740 6.034375
14741 6.034375
14742 6.034375
14743 6.034375
14744 6.034375
14745 6.034375
14746 6.034375
14747 6.034375
14748 6.034375
14749 6.034375
14750 6.034375
14751 6.034375
14752 6.034375
14753 6.034375
14754 6.034375
14755 6.034375
14756 6.034375
14757 6.034375
14758 6.034375
14759 6.034375
14760 6.034375
14761 6.034375
14762 6.034375
14763 6.034375
14764 6.034375
14765 6.034375
14766 6.034375
14767 6.034375
14768 6.034375
14769 6.034375
14770 6.034375
14771 6.034375
14772 6.034375
14773 6.034375
14774 6.034375
14775 6.034375
14776 6.034375
14777 6.034375
14778 6.034375
14779 6.034375
14780 6.034375
14781 6.034375
14782 6.034375
14783 6.034375
14784 6.034375
14785 6.034375
14786 6.034375
14787 6.034375
14788 6.034375
14789 6.034375
14790 6.034375
14791 6.034375
14792 6.034375
14793 6.034375
14794 6.034375
14795 6.034375
14796 6.034375
14797 6.034375
14798 6.034375
14799 6.034375
14800 6.034375
14801 6.034375
14802 6.034375
14803 6.034375
14804 6.034375
14805 6.034375
14806 6.034375
14807 6.034375
14808 6.034375
14809 6.034375
14810 6.034375
14811 6.034375
14812 6.034375
14813 6.034375
14814 6.034375
14815 6.034375
14816 6.034375
14817 6.034375
14818 6.034375
14819 6.034375
14820 6.034375
14821 6.034375
14822 6.034375
14823 6.034375
14824 6.034375
14825 6.034375
14826 6.034375
14827 6.034375
14828 6.034375
14829 6.034375
14830 6.034375
14831 6.034375
14832 6.034375
14833 6.034375
14834 6.034375
14835 6.034375
14836 6.034375
14837 6.034375
14838 6.034375
14839 6.034375
14840 6.034375
14841 6.034375
14842 6.034375
14843 6.034375
14844 6.034375
14845 6.034375
14846 6.034375
14847 6.034375
14848 6.034375
14849 6.034375
14850 6.034375
14851 6.034375
14852 6.034375
14853 6.034375
14854 6.034375
14855 6.034375
14856 6.034375
14857 6.034375
14858 6.034375
14859 6.034375
14860 6.034375
14861 6.034375
14862 6.034375
14863 6.034375
14864 6.034375
14865 6.034375
14866 6.034375
14867 6.034375
14868 6.034375
14869 6.034375
14870 6.034375
14871 6.034375
14872 6.034375
14873 6.034375
14874 6.034375
14875 6.034375
14876 6.034375
14877 6.034375
14878 6.034375
14879 6.034375
14880 6.034375
14881 6.034375
14882 6.034375
14883 6.034375
14884 6.034375
14885 6.034375
14886 6.034375
14887 6.034375
14888 6.034375
14889 6.034375
14890 6.034375
14891 6.034375
14892 6.034375
14893 6.034375
14894 6.034375
14895 6.034375
14896 6.034375
14897 6.034375
14898 6.034375
14899 6.034375
14900 6.034375
14901 6.034375
14902 6.034375
14903 6.034375
14904 6.034375
14905 6.034375
14906 6.034375
14907 6.034375
14908 6.034375
14909 6.034375
14910 6.034375
14911 6.034375
14912 6.034375
14913 6.034375
14914 6.034375
14915 6.034375
14916 6.034375
14917 6.034375
14918 6.034375
14919 6.034375
14920 6.034375
14921 6.034375
14922 6.034375
14923 6.034375
14924 6.034375
14925 6.034375
14926 6.034375
14927 6.034375
14928 6.034375
14929 6.034375
14930 6.034375
14931 6.034375
14932 6.034375
14933 6.034375
14934 6.034375
14935 6.034375
14936 6.034375
14937 6.034375
14938 6.034375
14939 6.034375
14940 6.034375
14941 6.034375
14942 6.034375
14943 6.034375
14944 6.034375
14945 6.034375
14946 6.034375
14947 6.034375
14948 6.034375
14949 6.034375
14950 6.034375
14951 6.034375
14952 6.034375
14953 6.034375
14954 6.034375
14955 6.034375
14956 6.034375
14957 6.034375
14958 6.034375
14959 6.034375
14960 6.034375
14961 6.034375
14962 6.034375
14963 6.034375
14964 6.034375
14965 6.034375
14966 6.034375
14967 6.034375
14968 6.034375
14969 6.034375
14970 6.034375
14971 6.034375
14972 6.034375
14973 6.034375
14974 6.034375
14975 6.034375
14976 6.034375
14977 6.034375
14978 6.034375
14979 6.034375
14980 6.034375
14981 6.034375
14982 6.034375
14983 6.034375
14984 6.034375
14985 6.034375
14986 6.034375
14987 6.034375
14988 6.034375
14989 6.034375
14990 6.034375
14991 6.034375
14992 6.034375
14993 6.034375
14994 6.034375
14995 6.034375
14996 6.034375
14997 6.034375
14998 6.034375
14999 6.034375
15000 6.034375
15001 6.034375
15002 6.034375
15003 6.034375
15004 6.034375
15005 6.034375
15006 6.034375
15007 6.034375
15008 6.034375
15009 6.034375
15010 6.034375
15011 6.034375
15012 6.034375
15013 6.034375
15014 6.034375
15015 6.034375
15016 6.034375
15017 6.034375
15018 6.034375
15019 6.034375
15020 6.034375
15021 6.034375
15022 6.034375
15023 6.034375
15024 6.034375
15025 6.034375
15026 6.034375
15027 6.034375
15028 6.034375
15029 6.034375
15030 6.034375
15031 6.034375
15032 6.034375
15033 6.034375
15034 6.034375
15035 6.034375
15036 6.034375
15037 6.034375
15038 6.034375
15039 6.034375
15040 6.034375
15041 6.034375
15042 6.034375
15043 6.034375
15044 6.034375
15045 6.034375
15046 6.034375
15047 6.034375
15048 6.034375
15049 6.034375
15050 6.034375
15051 6.034375
15052 6.034375
15053 6.034375
15054 6.034375
15055 6.034375
15056 6.034375
15057 6.034375
15058 6.034375
15059 6.034375
15060 6.034375
15061 6.034375
15062 6.034375
15063 6.034375
15064 6.034375
15065 6.034375
15066 6.034375
15067 6.034375
15068 6.034375
15069 6.034375
15070 6.034375
15071 6.034375
15072 6.034375
15073 6.034375
15074 6.034375
15075 6.034375
15076 6.034375
15077 6.034375
15078 6.034375
15079 6.034375
15080 6.034375
15081 6.034375
15082 6.034375
15083 6.034375
15084 6.034375
15085 6.034375
15086 6.034375
15087 6.034375
15088 6.034375
15089 6.034375
15090 6.034375
15091 6.034375
15092 6.034375
15093 6.034375
15094 6.034375
15095 6.034375
15096 6.034375
15097 6.034375
15098 6.034375
15099 6.034375
15100 6.034375
15101 6.034375
15102 6.034375
15103 6.034375
15104 6.034375
15105 6.034375
15106 6.034375
15107 6.034375
15108 6.034375
15109 6.034375
15110 6.034375
15111 6.034375
15112 6.034375
15113 6.034375
15114 6.034375
15115 6.034375
15116 6.034375
15117 6.034375
15118 6.034375
15119 6.034375
15120 6.034375
15121 6.034375
15122 6.034375
15123 6.034375
15124 6.034375
15125 6.034375
15126 6.034375
15127 6.034375
15128 6.034375
15129 6.034375
15130 6.034375
15131 6.034375
15132 6.034375
15133 6.034375
15134 6.034375
15135 6.034375
15136 6.034375
15137 6.034375
15138 6.034375
15139 6.034375
15140 6.034375
15141 6.034375
15142 6.034375
15143 6.034375
15144 6.034375
15145 6.034375
15146 6.034375
15147 6.034375
15148 6.034375
15149 6.034375
15150 6.034375
15151 6.034375
15152 6.034375
15153 6.034375
15154 6.034375
15155 6.034375
15156 6.034375
15157 6.034375
15158 6.034375
15159 6.034375
15160 6.034375
15161 6.034375
15162 6.034375
15163 6.034375
15164 6.034375
15165 6.034375
15166 6.034375
15167 6.034375
15168 6.034375
15169 6.034375
15170 6.034375
15171 6.034375
15172 6.034375
15173 6.034375
15174 6.034375
15175 6.034375
15176 6.034375
15177 6.034375
15178 6.034375
15179 6.034375
15180 6.034375
15181 6.034375
15182 6.034375
15183 6.034375
15184 6.034375
15185 6.034375
15186 6.034375
15187 6.034375
15188 6.034375
15189 6.034375
15190 6.034375
15191 6.034375
15192 6.034375
15193 6.034375
15194 6.034375
15195 6.034375
15196 6.034375
15197 6.034375
15198 6.034375
15199 6.034375
15200 6.034375
15201 6.034375
15202 6.034375
15203 6.034375
15204 6.034375
15205 6.034375
15206 6.034375
15207 6.034375
15208 6.034375
15209 6.034375
15210 6.034375
15211 6.034375
15212 6.034375
15213 6.034375
15214 6.034375
15215 6.034375
15216 6.034375
15217 6.034375
15218 6.034375
15219 6.034375
15220 6.034375
15221 6.034375
15222 6.034375
15223 6.034375
15224 6.034375
15225 6.034375
15226 6.034375
15227 6.034375
15228 6.034375
15229 6.034375
15230 6.034375
15231 6.034375
15232 6.034375
15233 6.034375
15234 6.034375
15235 6.034375
15236 6.034375
15237 6.034375
15238 6.034375
15239 6.034375
15240 6.034375
15241 6.034375
15242 6.034375
15243 6.034375
15244 6.034375
15245 6.034375
15246 6.034375
15247 6.034375
15248 6.034375
15249 6.034375
15250 6.034375
15251 6.034375
15252 6.034375
15253 6.034375
15254 6.034375
15255 6.034375
15256 6.034375
15257 6.034375
15258 6.034375
15259 6.034375
15260 6.034375
15261 6.034375
15262 6.034375
15263 6.034375
15264 6.034375
15265 6.034375
15266 6.034375
15267 6.034375
15268 6.034375
15269 6.034375
15270 6.034375
15271 6.034375
15272 6.034375
15273 6.034375
15274 6.034375
15275 6.034375
15276 6.034375
15277 6.034375
15278 6.034375
15279 6.034375
15280 6.034375
15281 6.034375
15282 6.034375
15283 6.034375
15284 6.034375
15285 6.034375
15286 6.034375
15287 6.034375
15288 6.034375
15289 6.034375
15290 6.034375
15291 6.034375
15292 6.034375
15293 6.034375
15294 6.034375
15295 6.034375
15296 6.034375
15297 6.034375
15298 6.034375
15299 6.034375
15300 6.034375
15301 6.034375
15302 6.034375
15303 6.034375
15304 6.034375
15305 6.034375
15306 6.034375
15307 6.034375
15308 6.034375
15309 6.034375
15310 6.034375
15311 6.034375
15312 6.034375
15313 6.034375
15314 6.034375
15315 6.034375
15316 6.034375
15317 6.034375
15318 6.034375
15319 6.034375
15320 6.034375
15321 6.034375
15322 6.034375
15323 6.034375
15324 6.034375
15325 6.034375
15326 6.034375
15327 6.034375
15328 6.034375
15329 6.034375
15330 6.034375
15331 6.034375
15332 6.034375
15333 6.034375
15334 6.034375
15335 6.034375
15336 6.034375
15337 6.034375
15338 6.034375
15339 6.034375
15340 6.034375
15341 6.034375
15342 6.034375
15343 6.034375
15344 6.034375
15345 6.034375
15346 6.034375
15347 6.034375
15348 6.034375
15349 6.034375
15350 6.034375
15351 6.034375
15352 6.034375
15353 6.034375
15354 6.034375
15355 6.034375
15356 6.034375
15357 6.034375
15358 6.034375
15359 6.034375
15360 6.034375
15361 6.034375
15362 6.034375
15363 6.034375
15364 6.034375
15365 6.034375
15366 6.034375
15367 6.034375
15368 6.034375
15369 6.034375
15370 6.034375
15371 6.034375
15372 6.034375
15373 6.034375
15374 6.034375
15375 6.034375
15376 6.034375
15377 6.034375
15378 6.034375
15379 6.034375
15380 6.034375
15381 6.034375
15382 6.034375
15383 6.034375
15384 6.034375
15385 6.034375
15386 6.034375
15387 6.034375
15388 6.034375
15389 6.034375
15390 6.034375
15391 6.034375
15392 6.034375
15393 6.034375
15394 6.034375
15395 6.034375
15396 6.034375
15397 6.034375
15398 6.034375
15399 6.034375
15400 6.034375
15401 6.034375
15402 6.034375
15403 6.034375
15404 6.034375
15405 6.034375
15406 6.034375
15407 6.034375
15408 6.034375
15409 6.034375
15410 6.034375
15411 6.034375
15412 6.034375
15413 6.034375
15414 6.034375
15415 6.034375
15416 6.034375
15417 6.034375
15418 6.034375
15419 6.034375
15420 6.034375
15421 6.034375
15422 6.034375
15423 6.034375
15424 6.034375
15425 6.034375
15426 6.034375
15427 6.034375
15428 6.034375
15429 6.034375
15430 6.034375
15431 6.034375
15432 6.034375
15433 6.034375
15434 6.034375
15435 6.034375
15436 6.034375
15437 6.034375
15438 6.034375
15439 6.034375
15440 6.034375
15441 6.034375
15442 6.034375
15443 6.034375
15444 6.034375
15445 6.034375
15446 6.034375
15447 6.034375
15448 6.034375
15449 6.034375
15450 6.034375
15451 6.034375
15452 6.034375
15453 6.034375
15454 6.034375
15455 6.034375
15456 6.034375
15457 6.034375
15458 6.034375
15459 6.034375
15460 6.034375
15461 6.034375
15462 6.034375
15463 6.034375
15464 6.034375
15465 6.034375
15466 6.034375
15467 6.034375
15468 6.034375
15469 6.034375
15470 6.034375
15471 6.034375
15472 6.034375
15473 6.034375
15474 6.034375
15475 6.034375
15476 6.034375
15477 6.034375
15478 6.034375
15479 6.034375
15480 6.034375
15481 6.034375
15482 6.034375
15483 6.034375
15484 6.034375
15485 6.034375
15486 6.034375
15487 6.034375
15488 6.034375
15489 6.034375
15490 6.034375
15491 6.034375
15492 6.034375
15493 6.034375
15494 6.034375
15495 6.034375
15496 6.034375
15497 6.034375
15498 6.034375
15499 6.034375
15500 6.034375
15501 6.034375
15502 6.034375
15503 6.034375
15504 6.034375
15505 6.034375
15506 6.034375
15507 6.034375
15508 6.034375
15509 6.034375
15510 6.034375
15511 6.034375
15512 6.034375
15513 6.034375
15514 6.034375
15515 6.034375
15516 6.034375
15517 6.034375
15518 6.034375
15519 6.034375
15520 6.034375
15521 6.034375
15522 6.034375
15523 6.034375
15524 6.034375
15525 6.034375
15526 6.034375
15527 6.034375
15528 6.034375
15529 6.034375
15530 6.034375
15531 6.034375
15532 6.034375
15533 6.034375
15534 6.034375
15535 6.034375
15536 6.034375
15537 6.034375
15538 6.034375
15539 6.034375
15540 6.034375
15541 6.034375
15542 6.034375
15543 6.034375
15544 6.034375
15545 6.034375
15546 6.034375
15547 6.034375
15548 6.034375
15549 6.034375
15550 6.034375
15551 6.034375
15552 6.034375
15553 6.034375
15554 6.034375
15555 6.034375
15556 6.034375
15557 6.034375
15558 6.034375
15559 6.034375
15560 6.034375
15561 6.034375
15562 6.034375
15563 6.034375
15564 6.034375
15565 6.034375
15566 6.034375
15567 6.034375
15568 6.034375
15569 6.034375
15570 6.034375
15571 6.034375
15572 6.034375
15573 6.034375
15574 6.034375
15575 6.034375
15576 6.034375
15577 6.034375
15578 6.034375
15579 6.034375
15580 6.034375
15581 6.034375
15582 6.034375
15583 6.034375
15584 6.034375
15585 6.034375
15586 6.034375
15587 6.034375
15588 6.034375
15589 6.034375
15590 6.034375
15591 6.034375
15592 6.034375
15593 6.034375
15594 6.034375
15595 6.034375
15596 6.034375
15597 6.034375
15598 6.034375
15599 6.034375
15600 6.034375
15601 6.034375
15602 6.034375
15603 6.034375
15604 6.034375
15605 6.034375
15606 6.034375
15607 6.034375
15608 6.034375
15609 6.034375
15610 6.034375
15611 6.034375
15612 6.034375
15613 6.034375
15614 6.034375
15615 6.034375
15616 6.034375
15617 6.034375
15618 6.034375
15619 6.034375
15620 6.034375
15621 6.034375
15622 6.034375
15623 6.034375
15624 6.034375
15625 6.034375
15626 6.034375
15627 6.034375
15628 6.034375
15629 6.034375
15630 6.034375
15631 6.034375
15632 6.034375
15633 6.034375
15634 6.034375
15635 6.034375
15636 6.034375
15637 6.034375
15638 6.034375
15639 6.034375
15640 6.034375
15641 6.034375
15642 6.034375
15643 6.034375
15644 6.034375
15645 6.034375
15646 6.034375
15647 6.034375
15648 6.034375
15649 6.034375
15650 6.034375
15651 6.034375
15652 6.034375
15653 6.034375
15654 6.034375
15655 6.034375
15656 6.034375
15657 6.034375
15658 6.034375
15659 6.034375
15660 6.034375
15661 6.034375
15662 6.034375
15663 6.034375
15664 6.034375
15665 6.034375
15666 6.034375
15667 6.034375
15668 6.034375
15669 6.034375
15670 6.034375
15671 6.034375
15672 6.034375
15673 6.034375
15674 6.034375
15675 6.034375
15676 6.034375
15677 6.034375
15678 6.034375
15679 6.034375
15680 6.034375
15681 6.034375
15682 6.034375
15683 6.034375
15684 6.034375
15685 6.034375
15686 6.034375
15687 6.034375
15688 6.034375
15689 6.034375
15690 6.034375
15691 6.034375
15692 6.034375
15693 6.034375
15694 6.034375
15695 6.034375
15696 6.034375
15697 6.034375
15698 6.034375
15699 6.034375
15700 6.034375
15701 6.034375
15702 6.034375
15703 6.034375
15704 6.034375
15705 6.034375
15706 6.034375
15707 6.034375
15708 6.034375
15709 6.034375
15710 6.034375
15711 6.034375
15712 6.034375
15713 6.034375
15714 6.034375
15715 6.034375
15716 6.034375
15717 6.034375
15718 6.034375
15719 6.034375
15720 6.034375
15721 6.034375
15722 6.034375
15723 6.034375
15724 6.034375
15725 6.034375
15726 6.034375
15727 6.034375
15728 6.034375
15729 6.034375
15730 6.034375
15731 6.034375
15732 6.034375
15733 6.034375
15734 6.034375
15735 6.034375
15736 6.034375
15737 6.034375
15738 6.034375
15739 6.034375
15740 6.034375
15741 6.034375
15742 6.034375
15743 6.034375
15744 6.034375
15745 6.034375
15746 6.034375
15747 6.034375
15748 6.034375
15749 6.034375
15750 6.034375
15751 6.034375
15752 6.034375
15753 6.034375
15754 6.034375
15755 6.034375
15756 6.034375
15757 6.034375
15758 6.034375
15759 6.034375
15760 6.034375
15761 6.034375
15762 6.034375
15763 6.034375
15764 6.034375
15765 6.034375
15766 6.034375
15767 6.034375
15768 6.034375
15769 6.034375
15770 6.034375
15771 6.034375
15772 6.034375
15773 6.034375
15774 6.034375
15775 6.034375
15776 6.034375
15777 6.034375
15778 6.034375
15779 6.034375
15780 6.034375
15781 6.034375
15782 6.034375
15783 6.034375
15784 6.034375
15785 6.034375
15786 6.034375
15787 6.034375
15788 6.034375
15789 6.034375
15790 6.034375
15791 6.034375
15792 6.034375
15793 6.034375
15794 6.034375
15795 6.034375
15796 6.034375
15797 6.034375
15798 6.034375
15799 6.034375
15800 6.034375
15801 6.034375
15802 6.034375
15803 6.034375
15804 6.034375
15805 6.034375
15806 6.034375
15807 6.034375
15808 6.034375
15809 6.034375
15810 6.034375
15811 6.034375
15812 6.034375
15813 6.034375
15814 6.034375
15815 6.034375
15816 6.034375
15817 6.034375
15818 6.034375
15819 6.034375
15820 6.034375
15821 6.034375
15822 6.034375
15823 6.034375
15824 6.034375
15825 6.034375
15826 6.034375
15827 6.034375
15828 6.034375
15829 6.034375
15830 6.034375
15831 6.034375
15832 6.034375
15833 6.034375
15834 6.034375
15835 6.034375
15836 6.034375
15837 6.034375
15838 6.034375
15839 6.034375
15840 6.034375
15841 6.034375
15842 6.034375
15843 6.034375
15844 6.034375
15845 6.034375
15846 6.034375
15847 6.034375
15848 6.034375
15849 6.034375
15850 6.034375
15851 6.034375
15852 6.034375
15853 6.034375
15854 6.034375
15855 6.034375
15856 6.034375
15857 6.034375
15858 6.034375
15859 6.034375
15860 6.034375
15861 6.034375
15862 6.034375
15863 6.034375
15864 6.034375
15865 6.034375
15866 6.034375
15867 6.034375
15868 6.034375
15869 6.034375
15870 6.034375
15871 6.034375
15872 6.034375
15873 6.034375
15874 6.034375
15875 6.034375
15876 6.034375
15877 6.034375
15878 6.034375
15879 6.034375
15880 6.034375
15881 6.034375
15882 6.034375
15883 6.034375
15884 6.034375
15885 6.034375
15886 6.034375
15887 6.034375
15888 6.034375
15889 6.034375
15890 6.034375
15891 6.034375
15892 6.034375
15893 6.034375
15894 6.034375
15895 6.034375
15896 6.034375
15897 6.034375
15898 6.034375
15899 6.034375
15900 6.034375
15901 6.034375
15902 6.034375
15903 6.034375
15904 6.034375
15905 6.034375
15906 6.034375
15907 6.034375
15908 6.034375
15909 6.034375
15910 6.034375
15911 6.034375
15912 6.034375
15913 6.034375
15914 6.034375
15915 6.034375
15916 6.034375
15917 6.034375
15918 6.034375
15919 6.034375
15920 6.034375
15921 6.034375
15922 6.034375
15923 6.034375
15924 6.034375
15925 6.034375
15926 6.034375
15927 6.034375
15928 6.034375
15929 6.034375
15930 6.034375
15931 6.034375
15932 6.034375
15933 6.034375
15934 6.034375
15935 6.034375
15936 6.034375
15937 6.034375
15938 6.034375
15939 6.034375
15940 6.034375
15941 6.034375
15942 6.034375
15943 6.034375
15944 6.034375
15945 6.034375
15946 6.034375
15947 6.034375
15948 6.034375
15949 6.034375
15950 6.034375
15951 6.034375
15952 6.034375
15953 6.034375
15954 6.034375
15955 6.034375
15956 6.034375
15957 6.034375
15958 6.034375
15959 6.034375
15960 6.034375
15961 6.034375
15962 6.034375
15963 6.034375
15964 6.034375
15965 6.034375
15966 6.034375
15967 6.034375
15968 6.034375
15969 6.034375
15970 6.034375
15971 6.034375
15972 6.034375
15973 6.034375
15974 6.034375
15975 6.034375
15976 6.034375
15977 6.034375
15978 6.034375
15979 6.034375
15980 6.034375
15981 6.034375
15982 6.034375
15983 6.034375
15984 6.034375
15985 6.034375
15986 6.034375
15987 6.034375
15988 6.034375
15989 6.034375
15990 6.034375
15991 6.034375
15992 6.034375
15993 6.034375
15994 6.034375
15995 6.034375
15996 6.034375
15997 6.034375
15998 6.034375
15999 6.034375
16000 6.034375
16001 6.034375
16002 6.034375
16003 6.034375
16004 6.034375
16005 6.034375
16006 6.034375
16007 6.034375
16008 6.034375
16009 6.034375
16010 6.034375
16011 6.034375
16012 6.034375
16013 6.034375
16014 6.034375
16015 6.034375
16016 6.034375
16017 6.034375
16018 6.034375
16019 6.034375
16020 6.034375
16021 6.034375
16022 6.034375
16023 6.034375
16024 6.034375
16025 6.034375
16026 6.034375
16027 6.034375
16028 6.034375
16029 6.034375
16030 6.034375
16031 6.034375
16032 6.034375
16033 6.034375
16034 6.034375
16035 6.034375
16036 6.034375
16037 6.034375
16038 6.034375
16039 6.034375
16040 6.034375
16041 6.034375
16042 6.034375
16043 6.034375
16044 6.034375
16045 6.034375
16046 6.034375
16047 6.034375
16048 6.034375
16049 6.034375
16050 6.034375
16051 6.034375
16052 6.034375
16053 6.034375
16054 6.034375
16055 6.034375
16056 6.034375
16057 6.034375
16058 6.034375
16059 6.034375
16060 6.034375
16061 6.034375
16062 6.034375
16063 6.034375
16064 6.034375
16065 6.034375
16066 6.034375
16067 6.034375
16068 6.034375
16069 6.034375
16070 6.034375
16071 6.034375
16072 6.034375
16073 6.034375
16074 6.034375
16075 6.034375
16076 6.034375
16077 6.034375
16078 6.034375
16079 6.034375
16080 6.034375
16081 6.034375
16082 6.034375
16083 6.034375
16084 6.034375
16085 6.034375
16086 6.034375
16087 6.034375
16088 6.034375
16089 6.034375
16090 6.034375
16091 6.034375
16092 6.034375
16093 6.034375
16094 6.034375
16095 6.034375
16096 6.034375
16097 6.034375
16098 6.034375
16099 6.034375
16100 6.034375
16101 6.034375
16102 6.034375
16103 6.034375
16104 6.034375
16105 6.034375
16106 6.034375
16107 6.034375
16108 6.034375
16109 6.034375
16110 6.034375
16111 6.034375
16112 6.034375
16113 6.034375
16114 6.034375
16115 6.034375
16116 6.034375
16117 6.034375
16118 6.034375
16119 6.034375
16120 6.034375
16121 6.034375
16122 6.034375
16123 6.034375
16124 6.034375
16125 6.034375
16126 6.034375
16127 6.034375
16128 6.034375
16129 6.034375
16130 6.034375
16131 6.034375
16132 6.034375
16133 6.034375
16134 6.034375
16135 6.034375
16136 6.034375
16137 6.034375
16138 6.034375
16139 6.034375
16140 6.034375
16141 6.034375
16142 6.034375
16143 6.034375
16144 6.034375
16145 6.034375
16146 6.034375
16147 6.034375
16148 6.034375
16149 6.034375
16150 6.034375
16151 6.034375
16152 6.034375
16153 6.034375
16154 6.034375
16155 6.034375
16156 6.034375
16157 6.034375
16158 6.034375
16159 6.034375
16160 6.034375
16161 6.034375
16162 6.034375
16163 6.034375
16164 6.034375
16165 6.034375
16166 6.034375
16167 6.034375
16168 6.034375
16169 6.034375
16170 6.034375
16171 6.034375
16172 6.034375
16173 6.034375
16174 6.034375
16175 6.034375
16176 6.034375
16177 6.034375
16178 6.034375
16179 6.034375
16180 6.034375
16181 6.034375
16182 6.034375
16183 6.034375
16184 6.034375
16185 6.034375
16186 6.034375
16187 6.034375
16188 6.034375
16189 6.034375
16190 6.034375
16191 6.034375
16192 6.034375
16193 6.034375
16194 6.034375
16195 6.034375
16196 6.034375
16197 6.034375
16198 6.034375
16199 6.034375
16200 6.034375
16201 6.034375
16202 6.034375
16203 6.034375
16204 6.034375
16205 6.034375
16206 6.034375
16207 6.034375
16208 6.034375
16209 6.034375
16210 6.034375
16211 6.034375
16212 6.034375
16213 6.034375
16214 6.034375
16215 6.034375
16216 6.034375
16217 6.034375
16218 6.034375
16219 6.034375
16220 6.034375
16221 6.034375
16222 6.034375
16223 6.034375
16224 6.034375
16225 6.034375
16226 6.034375
16227 6.034375
16228 6.034375
16229 6.034375
16230 6.034375
16231 6.034375
16232 6.034375
16233 6.034375
16234 6.034375
16235 6.034375
16236 6.034375
16237 6.034375
16238 6.034375
16239 6.034375
16240 6.034375
16241 6.034375
16242 6.034375
16243 6.034375
16244 6.034375
16245 6.034375
16246 6.034375
16247 6.034375
16248 6.034375
16249 6.034375
16250 6.034375
16251 6.034375
16252 6.034375
16253 6.034375
16254 6.034375
16255 6.034375
16256 6.034375
16257 6.034375
16258 6.034375
16259 6.034375
16260 6.034375
16261 6.034375
16262 6.034375
16263 6.034375
16264 6.034375
16265 6.034375
16266 6.034375
16267 6.034375
16268 6.034375
16269 6.034375
16270 6.034375
16271 6.034375
16272 6.034375
16273 6.034375
16274 6.034375
16275 6.034375
16276 6.034375
16277 6.034375
16278 6.034375
16279 6.034375
16280 6.034375
16281 6.034375
16282 6.034375
16283 6.034375
16284 6.034375
16285 6.034375
16286 6.034375
16287 6.034375
16288 6.034375
16289 6.034375
16290 6.034375
16291 6.034375
16292 6.034375
16293 6.034375
16294 6.034375
16295 6.034375
16296 6.034375
16297 6.034375
16298 6.034375
16299 6.034375
16300 6.034375
16301 6.034375
16302 6.034375
16303 6.034375
16304 6.034375
16305 6.034375
16306 6.034375
16307 6.034375
16308 6.034375
16309 6.034375
16310 6.034375
16311 6.034375
16312 6.034375
16313 6.034375
16314 6.034375
16315 6.034375
16316 6.034375
16317 6.034375
16318 6.034375
16319 6.034375
16320 6.034375
16321 6.034375
16322 6.034375
16323 6.034375
16324 6.034375
16325 6.034375
16326 6.034375
16327 6.034375
16328 6.034375
16329 6.034375
16330 6.034375
16331 6.034375
16332 6.034375
16333 6.034375
16334 6.034375
16335 6.034375
16336 6.034375
16337 6.034375
16338 6.034375
16339 6.034375
16340 6.034375
16341 6.034375
16342 6.034375
16343 6.034375
16344 6.034375
16345 6.034375
16346 6.034375
16347 6.034375
16348 6.034375
16349 6.034375
16350 6.034375
16351 6.034375
16352 6.034375
16353 6.034375
16354 6.034375
16355 6.034375
16356 6.034375
16357 6.034375
16358 6.034375
16359 6.034375
16360 6.034375
16361 6.034375
16362 6.034375
16363 6.034375
16364 6.034375
16365 6.034375
16366 6.034375
16367 6.034375
16368 6.034375
16369 6.034375
16370 6.034375
16371 6.034375
16372 6.034375
16373 6.034375
16374 6.034375
16375 6.034375
16376 6.034375
16377 6.034375
16378 6.034375
16379 6.034375
16380 6.034375
16381 6.034375
16382 6.034375
16383 6.034375
16384 6.034375
16385 6.034375
16386 6.034375
16387 6.034375
16388 6.034375
16389 6.034375
16390 6.034375
16391 6.034375
16392 6.034375
16393 6.034375
16394 6.034375
16395 6.034375
16396 6.034375
16397 6.034375
16398 6.034375
16399 6.034375
16400 6.034375
16401 6.034375
16402 6.034375
16403 6.034375
16404 6.034375
16405 6.034375
16406 6.034375
16407 6.034375
16408 6.034375
16409 6.034375
16410 6.034375
16411 6.034375
16412 6.034375
16413 6.034375
16414 6.034375
16415 6.034375
16416 6.034375
16417 6.034375
16418 6.034375
16419 6.034375
16420 6.034375
16421 6.034375
16422 6.034375
16423 6.034375
16424 6.034375
16425 6.034375
16426 6.034375
16427 6.034375
16428 6.034375
16429 6.034375
16430 6.034375
16431 6.034375
16432 6.034375
16433 6.034375
16434 6.034375
16435 6.034375
16436 6.034375
16437 6.034375
16438 6.034375
16439 6.034375
16440 6.034375
16441 6.034375
16442 6.034375
16443 6.034375
16444 6.034375
16445 6.034375
16446 6.034375
16447 6.034375
16448 6.034375
16449 6.034375
16450 6.034375
16451 6.034375
16452 6.034375
16453 6.034375
16454 6.034375
16455 6.034375
16456 6.034375
16457 6.034375
16458 6.034375
16459 6.034375
16460 6.034375
16461 6.034375
16462 6.034375
16463 6.034375
16464 6.034375
16465 6.034375
16466 6.034375
16467 6.034375
16468 6.034375
16469 6.034375
16470 6.034375
16471 6.034375
16472 6.034375
16473 6.034375
16474 6.034375
16475 6.034375
16476 6.034375
16477 6.034375
16478 6.034375
16479 6.034375
16480 6.034375
16481 6.034375
16482 6.034375
16483 6.034375
16484 6.034375
16485 6.034375
16486 6.034375
16487 6.034375
16488 6.034375
16489 6.034375
16490 6.034375
16491 6.034375
16492 6.034375
16493 6.034375
16494 6.034375
16495 6.034375
16496 6.034375
16497 6.034375
16498 6.034375
16499 6.034375
16500 6.034375
16501 6.034375
16502 6.034375
16503 6.034375
16504 6.034375
16505 6.034375
16506 6.034375
16507 6.034375
16508 6.034375
16509 6.034375
16510 6.034375
16511 6.034375
16512 6.034375
16513 6.034375
16514 6.034375
16515 6.034375
16516 6.034375
16517 6.034375
16518 6.034375
16519 6.034375
16520 6.034375
16521 6.034375
16522 6.034375
16523 6.034375
16524 6.034375
16525 6.034375
16526 6.034375
16527 6.034375
16528 6.034375
16529 6.034375
16530 6.034375
16531 6.034375
16532 6.034375
16533 6.034375
16534 6.034375
16535 6.034375
16536 6.034375
16537 6.034375
16538 6.034375
16539 6.034375
16540 6.034375
16541 6.034375
16542 6.034375
16543 6.034375
16544 6.034375
16545 6.034375
16546 6.034375
16547 6.034375
16548 6.034375
16549 6.034375
16550 6.034375
16551 6.034375
16552 6.034375
16553 6.034375
16554 6.034375
16555 6.034375
16556 6.034375
16557 6.034375
16558 6.034375
16559 6.034375
16560 6.034375
16561 6.034375
16562 6.034375
16563 6.034375
16564 6.034375
16565 6.034375
16566 6.034375
16567 6.034375
16568 6.034375
16569 6.034375
16570 6.034375
16571 6.034375
16572 6.034375
16573 6.034375
16574 6.034375
16575 6.034375
16576 6.034375
16577 6.034375
16578 6.034375
16579 6.034375
16580 6.034375
16581 6.034375
16582 6.034375
16583 6.034375
16584 6.034375
16585 6.034375
16586 6.034375
16587 6.034375
16588 6.034375
16589 6.034375
16590 6.034375
16591 6.034375
16592 6.034375
16593 6.034375
16594 6.034375
16595 6.034375
16596 6.034375
16597 6.034375
16598 6.034375
16599 6.034375
16600 6.034375
16601 6.034375
16602 6.034375
16603 6.034375
16604 6.034375
16605 6.034375
16606 6.034375
16607 6.034375
16608 6.034375
16609 6.034375
16610 6.034375
16611 6.034375
16612 6.034375
16613 6.034375
16614 6.034375
16615 6.034375
16616 6.034375
16617 6.034375
16618 6.034375
16619 6.034375
16620 6.034375
16621 6.034375
16622 6.034375
16623 6.034375
16624 6.034375
16625 6.034375
16626 6.034375
16627 6.034375
16628 6.034375
16629 6.034375
16630 6.034375
16631 6.034375
16632 6.034375
16633 6.034375
16634 6.034375
16635 6.034375
16636 6.034375
16637 6.034375
16638 6.034375
16639 6.034375
16640 6.034375
16641 6.034375
16642 6.034375
16643 6.034375
16644 6.034375
16645 6.034375
16646 6.034375
16647 6.034375
16648 6.034375
16649 6.034375
16650 6.034375
16651 6.034375
16652 6.034375
16653 6.034375
16654 6.034375
16655 6.034375
16656 6.034375
16657 6.034375
16658 6.034375
16659 6.034375
16660 6.034375
16661 6.034375
16662 6.034375
16663 6.034375
16664 6.034375
16665 6.034375
16666 6.034375
16667 6.034375
16668 6.034375
16669 6.034375
16670 6.034375
16671 6.034375
16672 6.034375
16673 6.034375
16674 6.034375
16675 6.034375
16676 6.034375
16677 6.034375
16678 6.034375
16679 6.034375
16680 6.034375
16681 6.034375
16682 6.034375
16683 6.034375
16684 6.034375
16685 6.034375
16686 6.034375
16687 6.034375
16688 6.034375
16689 6.034375
16690 6.034375
16691 6.034375
16692 6.034375
16693 6.034375
16694 6.034375
16695 6.034375
16696 6.034375
16697 6.034375
16698 6.034375
16699 6.034375
16700 6.034375
16701 6.034375
16702 6.034375
16703 6.034375
16704 6.034375
16705 6.034375
16706 6.034375
16707 6.034375
16708 6.034375
16709 6.034375
16710 6.034375
16711 6.034375
16712 6.034375
16713 6.034375
16714 6.034375
16715 6.034375
16716 6.034375
16717 6.034375
16718 6.034375
16719 6.034375
16720 6.034375
16721 6.034375
16722 6.034375
16723 6.034375
16724 6.034375
16725 6.034375
16726 6.034375
16727 6.034375
16728 6.034375
16729 6.034375
16730 6.034375
16731 6.034375
16732 6.034375
16733 6.034375
16734 6.034375
16735 6.034375
16736 6.034375
16737 6.034375
16738 6.034375
16739 6.034375
16740 6.034375
16741 6.034375
16742 6.034375
16743 6.034375
16744 6.034375
16745 6.034375
16746 6.034375
16747 6.034375
16748 6.034375
16749 6.034375
16750 6.034375
16751 6.034375
16752 6.034375
16753 6.034375
16754 6.034375
16755 6.034375
16756 6.034375
16757 6.034375
16758 6.034375
16759 6.034375
16760 6.034375
16761 6.034375
16762 6.034375
16763 6.034375
16764 6.034375
16765 6.034375
16766 6.034375
16767 6.034375
16768 6.034375
16769 6.034375
16770 6.034375
16771 6.034375
16772 6.034375
16773 6.034375
16774 6.034375
16775 6.034375
16776 6.034375
16777 6.034375
16778 6.034375
16779 6.034375
16780 6.034375
16781 6.034375
16782 6.034375
16783 6.034375
16784 6.034375
16785 6.034375
16786 6.034375
16787 6.034375
16788 6.034375
16789 6.034375
16790 6.034375
16791 6.034375
16792 6.034375
16793 6.034375
16794 6.034375
16795 6.034375
16796 6.034375
16797 6.034375
16798 6.034375
16799 6.034375
16800 6.034375
16801 6.034375
16802 6.034375
16803 6.034375
16804 6.034375
16805 6.034375
16806 6.034375
16807 6.034375
16808 6.034375
16809 6.034375
16810 6.034375
16811 6.034375
16812 6.034375
16813 6.034375
16814 6.034375
16815 6.034375
16816 6.034375
16817 6.034375
16818 6.034375
16819 6.034375
16820 6.034375
16821 6.034375
16822 6.034375
16823 6.034375
16824 6.034375
16825 6.034375
16826 6.034375
16827 6.034375
16828 6.034375
16829 6.034375
16830 6.034375
16831 6.034375
16832 6.034375
16833 6.034375
16834 6.034375
16835 6.034375
16836 6.034375
16837 6.034375
16838 6.034375
16839 6.034375
16840 6.034375
16841 6.034375
16842 6.034375
16843 6.034375
16844 6.034375
16845 6.034375
16846 6.034375
16847 6.034375
16848 6.034375
16849 6.034375
16850 6.034375
16851 6.034375
16852 6.034375
16853 6.034375
16854 6.034375
16855 6.034375
16856 6.034375
16857 6.034375
16858 6.034375
16859 6.034375
16860 6.034375
16861 6.034375
16862 6.034375
16863 6.034375
16864 6.034375
16865 6.034375
16866 6.034375
16867 6.034375
16868 6.034375
16869 6.034375
16870 6.034375
16871 6.034375
16872 6.034375
16873 6.034375
16874 6.034375
16875 6.034375
16876 6.034375
16877 6.034375
16878 6.034375
16879 6.034375
16880 6.034375
16881 6.034375
16882 6.034375
16883 6.034375
16884 6.034375
16885 6.034375
16886 6.034375
16887 6.034375
16888 6.034375
16889 6.034375
16890 6.034375
16891 6.034375
16892 6.034375
16893 6.034375
16894 6.034375
16895 6.034375
16896 6.034375
16897 6.034375
16898 6.034375
16899 6.034375
16900 6.034375
16901 6.034375
16902 6.034375
16903 6.034375
16904 6.034375
16905 6.034375
16906 6.034375
16907 6.034375
16908 6.034375
16909 6.034375
16910 6.034375
16911 6.034375
16912 6.034375
16913 6.034375
16914 6.034375
16915 6.034375
16916 6.034375
16917 6.034375
16918 6.034375
16919 6.034375
16920 6.034375
16921 6.034375
16922 6.034375
16923 6.034375
16924 6.034375
16925 6.034375
16926 6.034375
16927 6.034375
16928 6.034375
16929 6.034375
16930 6.034375
16931 6.034375
16932 6.034375
16933 6.034375
16934 6.034375
16935 6.034375
16936 6.034375
16937 6.034375
16938 6.034375
16939 6.034375
16940 6.034375
16941 6.034375
16942 6.034375
16943 6.034375
16944 6.034375
16945 6.034375
16946 6.034375
16947 6.034375
16948 6.034375
16949 6.034375
16950 6.034375
16951 6.034375
16952 6.034375
16953 6.034375
16954 6.034375
16955 6.034375
16956 6.034375
16957 6.034375
16958 6.034375
16959 6.034375
16960 6.034375
16961 6.034375
16962 6.034375
16963 6.034375
16964 6.034375
16965 6.034375
16966 6.034375
16967 6.034375
16968 6.034375
16969 6.034375
16970 6.034375
16971 6.034375
16972 6.034375
16973 6.034375
16974 6.034375
16975 6.034375
16976 6.034375
16977 6.034375
16978 6.034375
16979 6.034375
16980 6.034375
16981 6.034375
16982 6.034375
16983 6.034375
16984 6.034375
16985 6.034375
16986 6.034375
16987 6.034375
16988 6.034375
16989 6.034375
16990 6.034375
16991 6.034375
16992 6.034375
16993 6.034375
16994 6.034375
16995 6.034375
16996 6.034375
16997 6.034375
16998 6.034375
16999 6.034375
17000 6.034375
17001 6.034375
17002 6.034375
17003 6.034375
17004 6.034375
17005 6.034375
17006 6.034375
17007 6.034375
17008 6.034375
17009 6.034375
17010 6.034375
17011 6.034375
17012 6.034375
17013 6.034375
17014 6.034375
17015 6.034375
17016 6.034375
17017 6.034375
17018 6.034375
17019 6.034375
17020 6.034375
17021 6.034375
17022 6.034375
17023 6.034375
17024 6.034375
17025 6.034375
17026 6.034375
17027 6.034375
17028 6.034375
17029 6.034375
17030 6.034375
17031 6.034375
17032 6.034375
17033 6.034375
17034 6.034375
17035 6.034375
17036 6.034375
17037 6.034375
17038 6.034375
17039 6.034375
17040 6.034375
17041 6.034375
17042 6.034375
17043 6.034375
17044 6.034375
17045 6.034375
17046 6.034375
17047 6.034375
17048 6.034375
17049 6.034375
17050 6.034375
17051 6.034375
17052 6.034375
17053 6.034375
17054 6.034375
17055 6.034375
17056 6.034375
17057 6.034375
17058 6.034375
17059 6.034375
17060 6.034375
17061 6.034375
17062 6.034375
17063 6.034375
17064 6.034375
17065 6.034375
17066 6.034375
17067 6.034375
17068 6.034375
17069 6.034375
17070 6.034375
17071 6.034375
17072 6.034375
17073 6.034375
17074 6.034375
17075 6.034375
17076 6.034375
17077 6.034375
17078 6.034375
17079 6.034375
17080 6.034375
17081 6.034375
17082 6.034375
17083 6.034375
17084 6.034375
17085 6.034375
17086 6.034375
17087 6.034375
17088 6.034375
17089 6.034375
17090 6.034375
17091 6.034375
17092 6.034375
17093 6.034375
17094 6.034375
17095 6.034375
17096 6.034375
17097 6.034375
17098 6.034375
17099 6.034375
17100 6.034375
17101 6.034375
17102 6.034375
17103 6.034375
17104 6.034375
17105 6.034375
17106 6.034375
17107 6.034375
17108 6.034375
17109 6.034375
17110 6.034375
17111 6.034375
17112 6.034375
17113 6.034375
17114 6.034375
17115 6.034375
17116 6.034375
17117 6.034375
17118 6.034375
17119 6.034375
17120 6.034375
17121 6.034375
17122 6.034375
17123 6.034375
17124 6.034375
17125 6.034375
17126 6.034375
17127 6.034375
17128 6.034375
17129 6.034375
17130 6.034375
17131 6.034375
17132 6.034375
17133 6.034375
17134 6.034375
17135 6.034375
17136 6.034375
17137 6.034375
17138 6.034375
17139 6.034375
17140 6.034375
17141 6.034375
17142 6.034375
17143 6.034375
17144 6.034375
17145 6.034375
17146 6.034375
17147 6.034375
17148 6.034375
17149 6.034375
17150 6.034375
17151 6.034375
17152 6.034375
17153 6.034375
17154 6.034375
17155 6.034375
17156 6.034375
17157 6.034375
17158 6.034375
17159 6.034375
17160 6.034375
17161 6.034375
17162 6.034375
17163 6.034375
17164 6.034375
17165 6.034375
17166 6.034375
17167 6.034375
17168 6.034375
17169 6.034375
17170 6.034375
17171 6.034375
17172 6.034375
17173 6.034375
17174 6.034375
17175 6.034375
17176 6.034375
17177 6.034375
17178 6.034375
17179 6.034375
17180 6.034375
17181 6.034375
17182 6.034375
17183 6.034375
17184 6.034375
17185 6.034375
17186 6.034375
17187 6.034375
17188 6.034375
17189 6.034375
17190 6.034375
17191 6.034375
17192 6.034375
17193 6.034375
17194 6.034375
17195 6.034375
17196 6.034375
17197 6.034375
17198 6.034375
17199 6.034375
17200 6.034375
17201 6.034375
17202 6.034375
17203 6.034375
17204 6.034375
17205 6.034375
17206 6.034375
17207 6.034375
17208 6.034375
17209 6.034375
17210 6.034375
17211 6.034375
17212 6.034375
17213 6.034375
17214 6.034375
17215 6.034375
17216 6.034375
17217 6.034375
17218 6.034375
17219 6.034375
17220 6.034375
17221 6.034375
17222 6.034375
17223 6.034375
17224 6.034375
17225 6.034375
17226 6.034375
17227 6.034375
17228 6.034375
17229 6.034375
17230 6.034375
17231 6.034375
17232 6.034375
17233 6.034375
17234 6.034375
17235 6.034375
17236 6.034375
17237 6.034375
17238 6.034375
17239 6.034375
17240 6.034375
17241 6.034375
17242 6.034375
17243 6.034375
17244 6.034375
17245 6.034375
17246 6.034375
17247 6.034375
17248 6.034375
17249 6.034375
17250 6.034375
17251 6.034375
17252 6.034375
17253 6.034375
17254 6.034375
17255 6.034375
17256 6.034375
17257 6.034375
17258 6.034375
17259 6.034375
17260 6.034375
17261 6.034375
17262 6.034375
17263 6.034375
17264 6.034375
17265 6.034375
17266 6.034375
17267 6.034375
17268 6.034375
17269 6.034375
17270 6.034375
17271 6.034375
17272 6.034375
17273 6.034375
17274 6.034375
17275 6.034375
17276 6.034375
17277 6.034375
17278 6.034375
17279 6.034375
17280 6.034375
17281 6.034375
17282 6.034375
17283 6.034375
17284 6.034375
17285 6.034375
17286 6.034375
17287 6.034375
17288 6.034375
17289 6.034375
17290 6.034375
17291 6.034375
17292 6.034375
17293 6.034375
17294 6.034375
17295 6.034375
17296 6.034375
17297 6.034375
17298 6.034375
17299 6.034375
17300 6.034375
17301 6.034375
17302 6.034375
17303 6.034375
17304 6.034375
17305 6.034375
17306 6.034375
17307 6.034375
17308 6.034375
17309 6.034375
17310 6.034375
17311 6.034375
17312 6.034375
17313 6.034375
17314 6.034375
17315 6.034375
17316 6.034375
17317 6.034375
17318 6.034375
17319 6.034375
17320 6.034375
17321 6.034375
17322 6.034375
17323 6.034375
17324 6.034375
17325 6.034375
17326 6.034375
17327 6.034375
17328 6.034375
17329 6.034375
17330 6.034375
17331 6.034375
17332 6.034375
17333 6.034375
17334 6.034375
17335 6.034375
17336 6.034375
17337 6.034375
17338 6.034375
17339 6.034375
17340 6.034375
17341 6.034375
17342 6.034375
17343 6.034375
17344 6.034375
17345 6.034375
17346 6.034375
17347 6.034375
17348 6.034375
17349 6.034375
17350 6.034375
17351 6.034375
17352 6.034375
17353 6.034375
17354 6.034375
17355 6.034375
17356 6.034375
17357 6.034375
17358 6.034375
17359 6.034375
17360 6.034375
17361 6.034375
17362 6.034375
17363 6.034375
17364 6.034375
17365 6.034375
17366 6.034375
17367 6.034375
17368 6.034375
17369 6.034375
17370 6.034375
17371 6.034375
17372 6.034375
17373 6.034375
17374 6.034375
17375 6.034375
17376 6.034375
17377 6.034375
17378 6.034375
17379 6.034375
17380 6.034375
17381 6.034375
17382 6.034375
17383 6.034375
17384 6.034375
17385 6.034375
17386 6.034375
17387 6.034375
17388 6.034375
17389 6.034375
17390 6.034375
17391 6.034375
17392 6.034375
17393 6.034375
17394 6.034375
17395 6.034375
17396 6.034375
17397 6.034375
17398 6.034375
17399 6.034375
17400 6.034375
17401 6.034375
17402 6.034375
17403 6.034375
17404 6.034375
17405 6.034375
17406 6.034375
17407 6.034375
17408 6.034375
17409 6.034375
17410 6.034375
17411 6.034375
17412 6.034375
17413 6.034375
17414 6.034375
17415 6.034375
17416 6.034375
17417 6.034375
17418 6.034375
17419 6.034375
17420 6.034375
17421 6.034375
17422 6.034375
17423 6.034375
17424 6.034375
17425 6.034375
17426 6.034375
17427 6.034375
17428 6.034375
17429 6.034375
17430 6.034375
17431 6.034375
17432 6.034375
17433 6.034375
17434 6.034375
17435 6.034375
17436 6.034375
17437 6.034375
17438 6.034375
17439 6.034375
17440 6.034375
17441 6.034375
17442 6.034375
17443 6.034375
17444 6.034375
17445 6.034375
17446 6.034375
17447 6.034375
17448 6.034375
17449 6.034375
17450 6.034375
17451 6.034375
17452 6.034375
17453 6.034375
17454 6.034375
17455 6.034375
17456 6.034375
17457 6.034375
17458 6.034375
17459 6.034375
17460 6.034375
17461 6.034375
17462 6.034375
17463 6.034375
17464 6.034375
17465 6.034375
17466 6.034375
17467 6.034375
17468 6.034375
17469 6.034375
17470 6.034375
17471 6.034375
17472 6.034375
17473 6.034375
17474 6.034375
17475 6.034375
17476 6.034375
17477 6.034375
17478 6.034375
17479 6.034375
17480 6.034375
17481 6.034375
17482 6.034375
17483 6.034375
17484 6.034375
17485 6.034375
17486 6.034375
17487 6.034375
17488 6.034375
17489 6.034375
17490 6.034375
17491 6.034375
17492 6.034375
17493 6.034375
17494 6.034375
17495 6.034375
17496 6.034375
17497 6.034375
17498 6.034375
17499 6.034375
17500 6.034375
17501 6.034375
17502 6.034375
17503 6.034375
17504 6.034375
17505 6.034375
17506 6.034375
17507 6.034375
17508 6.034375
17509 6.034375
17510 6.034375
17511 6.034375
17512 6.034375
17513 6.034375
17514 6.034375
17515 6.034375
17516 6.034375
17517 6.034375
17518 6.034375
17519 6.034375
17520 6.034375
17521 6.034375
17522 6.034375
17523 6.034375
17524 6.034375
17525 6.034375
17526 6.034375
17527 6.034375
17528 6.034375
17529 6.034375
17530 6.034375
17531 6.034375
17532 6.034375
17533 6.034375
17534 6.034375
17535 6.034375
17536 6.034375
17537 6.034375
17538 6.034375
17539 6.034375
17540 6.034375
17541 6.034375
17542 6.034375
17543 6.034375
17544 6.034375
17545 6.034375
17546 6.034375
17547 6.034375
17548 6.034375
17549 6.034375
17550 6.034375
17551 6.034375
17552 6.034375
17553 6.034375
17554 6.034375
17555 6.034375
17556 6.034375
17557 6.034375
17558 6.034375
17559 6.034375
17560 6.034375
17561 6.034375
17562 6.034375
17563 6.034375
17564 6.034375
17565 6.034375
17566 6.034375
17567 6.034375
17568 6.034375
17569 6.034375
17570 6.034375
17571 6.034375
17572 6.034375
17573 6.034375
17574 6.034375
17575 6.034375
17576 6.034375
17577 6.034375
17578 6.034375
17579 6.034375
17580 6.034375
17581 6.034375
17582 6.034375
17583 6.034375
17584 6.034375
17585 6.034375
17586 6.034375
17587 6.034375
17588 6.034375
17589 6.034375
17590 6.034375
17591 6.034375
17592 6.034375
17593 6.034375
17594 6.034375
17595 6.034375
17596 6.034375
17597 6.034375
17598 6.034375
17599 6.034375
17600 6.034375
17601 6.034375
17602 6.034375
17603 6.034375
17604 6.034375
17605 6.034375
17606 6.034375
17607 6.034375
17608 6.034375
17609 6.034375
17610 6.034375
17611 6.034375
17612 6.034375
17613 6.034375
17614 6.034375
17615 6.034375
17616 6.034375
17617 6.034375
17618 6.034375
17619 6.034375
17620 6.034375
17621 6.034375
17622 6.034375
17623 6.034375
17624 6.034375
17625 6.034375
17626 6.034375
17627 6.034375
17628 6.034375
17629 6.034375
17630 6.034375
17631 6.034375
17632 6.034375
17633 6.034375
17634 6.034375
17635 6.034375
17636 6.034375
17637 6.034375
17638 6.034375
17639 6.034375
17640 6.034375
17641 6.034375
17642 6.034375
17643 6.034375
17644 6.034375
17645 6.034375
17646 6.034375
17647 6.034375
17648 6.034375
17649 6.034375
17650 6.034375
17651 6.034375
17652 6.034375
17653 6.034375
17654 6.034375
17655 6.034375
17656 6.034375
17657 6.034375
17658 6.034375
17659 6.034375
17660 6.034375
17661 6.034375
17662 6.034375
17663 6.034375
17664 6.034375
17665 6.034375
17666 6.034375
17667 6.034375
17668 6.034375
17669 6.034375
17670 6.034375
17671 6.034375
17672 6.034375
17673 6.034375
17674 6.034375
17675 6.034375
17676 6.034375
17677 6.034375
17678 6.034375
17679 6.034375
17680 6.034375
17681 6.034375
17682 6.034375
17683 6.034375
17684 6.034375
17685 6.034375
17686 6.034375
17687 6.034375
17688 6.034375
17689 6.034375
17690 6.034375
17691 6.034375
17692 6.034375
17693 6.034375
17694 6.034375
17695 6.034375
17696 6.034375
17697 6.034375
17698 6.034375
17699 6.034375
17700 6.034375
17701 6.034375
17702 6.034375
17703 6.034375
17704 6.034375
17705 6.034375
17706 6.034375
17707 6.034375
17708 6.034375
17709 6.034375
17710 6.034375
17711 6.034375
17712 6.034375
17713 6.034375
17714 6.034375
17715 6.034375
17716 6.034375
17717 6.034375
17718 6.034375
17719 6.034375
17720 6.034375
17721 6.034375
17722 6.034375
17723 6.034375
17724 6.034375
17725 6.034375
17726 6.034375
17727 6.034375
17728 6.034375
17729 6.034375
17730 6.034375
17731 6.034375
17732 6.034375
17733 6.034375
17734 6.034375
17735 6.034375
17736 6.034375
17737 6.034375
17738 6.034375
17739 6.034375
17740 6.034375
17741 6.034375
17742 6.034375
17743 6.034375
17744 6.034375
17745 6.034375
17746 6.034375
17747 6.034375
17748 6.034375
17749 6.034375
17750 6.034375
17751 6.034375
17752 6.034375
17753 6.034375
17754 6.034375
17755 6.034375
17756 6.034375
17757 6.034375
17758 6.034375
17759 6.034375
17760 6.034375
17761 6.034375
17762 6.034375
17763 6.034375
17764 6.034375
17765 6.034375
17766 6.034375
17767 6.034375
17768 6.034375
17769 6.034375
17770 6.034375
17771 6.034375
17772 6.034375
17773 6.034375
17774 6.034375
17775 6.034375
17776 6.034375
17777 6.034375
17778 6.034375
17779 6.034375
17780 6.034375
17781 6.034375
17782 6.034375
17783 6.034375
17784 6.034375
17785 6.034375
17786 6.034375
17787 6.034375
17788 6.034375
17789 6.034375
17790 6.034375
17791 6.034375
17792 6.034375
17793 6.034375
17794 6.034375
17795 6.034375
17796 6.034375
17797 6.034375
17798 6.034375
17799 6.034375
17800 6.034375
17801 6.034375
17802 6.034375
17803 6.034375
17804 6.034375
17805 6.034375
17806 6.034375
17807 6.034375
17808 6.034375
17809 6.034375
17810 6.034375
17811 6.034375
17812 6.034375
17813 6.034375
17814 6.034375
17815 6.034375
17816 6.034375
17817 6.034375
17818 6.034375
17819 6.034375
17820 6.034375
17821 6.034375
17822 6.034375
17823 6.034375
17824 6.034375
17825 6.034375
17826 6.034375
17827 6.034375
17828 6.034375
17829 6.034375
17830 6.034375
17831 6.034375
17832 6.034375
17833 6.034375
17834 6.034375
17835 6.034375
17836 6.034375
17837 6.034375
17838 6.034375
17839 6.034375
17840 6.034375
17841 6.034375
17842 6.034375
17843 6.034375
17844 6.034375
17845 6.034375
17846 6.034375
17847 6.034375
17848 6.034375
17849 6.034375
17850 6.034375
17851 6.034375
17852 6.034375
17853 6.034375
17854 6.034375
17855 6.034375
17856 6.034375
17857 6.034375
17858 6.034375
17859 6.034375
17860 6.034375
17861 6.034375
17862 6.034375
17863 6.034375
17864 6.034375
17865 6.034375
17866 6.034375
17867 6.034375
17868 6.034375
17869 6.034375
17870 6.034375
17871 6.034375
17872 6.034375
17873 6.034375
17874 6.034375
17875 6.034375
17876 6.034375
17877 6.034375
17878 6.034375
17879 6.034375
17880 6.034375
17881 6.034375
17882 6.034375
17883 6.034375
17884 6.034375
17885 6.034375
17886 6.034375
17887 6.034375
17888 6.034375
17889 6.034375
17890 6.034375
17891 6.034375
17892 6.034375
17893 6.034375
17894 6.034375
17895 6.034375
17896 6.034375
17897 6.034375
17898 6.034375
17899 6.034375
17900 6.034375
17901 6.034375
17902 6.034375
17903 6.034375
17904 6.034375
17905 6.034375
17906 6.034375
17907 6.034375
17908 6.034375
17909 6.034375
17910 6.034375
17911 6.034375
17912 6.034375
17913 6.034375
17914 6.034375
17915 6.034375
17916 6.034375
17917 6.034375
17918 6.034375
17919 6.034375
17920 6.034375
17921 6.034375
17922 6.034375
17923 6.034375
17924 6.034375
17925 6.034375
17926 6.034375
17927 6.034375
17928 6.034375
17929 6.034375
17930 6.034375
17931 6.034375
17932 6.034375
17933 6.034375
17934 6.034375
17935 6.034375
17936 6.034375
17937 6.034375
17938 6.034375
17939 6.034375
17940 6.034375
17941 6.034375
17942 6.034375
17943 6.034375
17944 6.034375
17945 6.034375
17946 6.034375
17947 6.034375
17948 6.034375
17949 6.034375
17950 6.034375
17951 6.034375
17952 6.034375
17953 6.034375
17954 6.034375
17955 6.034375
17956 6.034375
17957 6.034375
17958 6.034375
17959 6.034375
17960 6.034375
17961 6.034375
17962 6.034375
17963 6.034375
17964 6.034375
17965 6.034375
17966 6.034375
17967 6.034375
17968 6.034375
17969 6.034375
17970 6.034375
17971 6.034375
17972 6.034375
17973 6.034375
17974 6.034375
17975 6.034375
17976 6.034375
17977 6.034375
17978 6.034375
17979 6.034375
17980 6.034375
17981 6.034375
17982 6.034375
17983 6.034375
17984 6.034375
17985 6.034375
17986 6.034375
17987 6.034375
17988 6.034375
17989 6.034375
17990 6.034375
17991 6.034375
17992 6.034375
17993 6.034375
17994 6.034375
17995 6.034375
17996 6.034375
17997 6.034375
17998 6.034375
17999 6.034375
18000 6.034375
18001 6.034375
18002 6.034375
18003 6.034375
18004 6.034375
18005 6.034375
18006 6.034375
18007 6.034375
18008 6.034375
18009 6.034375
18010 6.034375
18011 6.034375
18012 6.034375
18013 6.034375
18014 6.034375
18015 6.034375
18016 6.034375
18017 6.034375
18018 6.034375
18019 6.034375
18020 6.034375
18021 6.034375
18022 6.034375
18023 6.034375
18024 6.034375
18025 6.034375
18026 6.034375
18027 6.034375
18028 6.034375
18029 6.034375
18030 6.034375
18031 6.034375
18032 6.034375
18033 6.034375
18034 6.034375
18035 6.034375
18036 6.034375
18037 6.034375
18038 6.034375
18039 6.034375
18040 6.034375
18041 6.034375
18042 6.034375
18043 6.034375
18044 6.034375
18045 6.034375
18046 6.034375
18047 6.034375
18048 6.034375
18049 6.034375
18050 6.034375
18051 6.034375
18052 6.034375
18053 6.034375
18054 6.034375
18055 6.034375
18056 6.034375
18057 6.034375
18058 6.034375
18059 6.034375
18060 6.034375
18061 6.034375
18062 6.034375
18063 6.034375
18064 6.034375
18065 6.034375
18066 6.034375
18067 6.034375
18068 6.034375
18069 6.034375
18070 6.034375
18071 6.034375
18072 6.034375
18073 6.034375
18074 6.034375
18075 6.034375
18076 6.034375
18077 6.034375
18078 6.034375
18079 6.034375
18080 6.034375
18081 6.034375
18082 6.034375
18083 6.034375
18084 6.034375
18085 6.034375
18086 6.034375
18087 6.034375
18088 6.034375
18089 6.034375
18090 6.034375
18091 6.034375
18092 6.034375
18093 6.034375
18094 6.034375
18095 6.034375
18096 6.034375
18097 6.034375
18098 6.034375
18099 6.034375
18100 6.034375
18101 6.034375
18102 6.034375
18103 6.034375
18104 6.034375
18105 6.034375
18106 6.034375
18107 6.034375
18108 6.034375
18109 6.034375
18110 6.034375
18111 6.034375
18112 6.034375
18113 6.034375
18114 6.034375
18115 6.034375
18116 6.034375
18117 6.034375
18118 6.034375
18119 6.034375
18120 6.034375
18121 6.034375
18122 6.034375
18123 6.034375
18124 6.034375
18125 6.034375
18126 6.034375
18127 6.034375
18128 6.034375
18129 6.034375
18130 6.034375
18131 6.034375
18132 6.034375
18133 6.034375
18134 6.034375
18135 6.034375
18136 6.034375
18137 6.034375
18138 6.034375
18139 6.034375
18140 6.034375
18141 6.034375
18142 6.034375
18143 6.034375
18144 6.034375
18145 6.034375
18146 6.034375
18147 6.034375
18148 6.034375
18149 6.034375
18150 6.034375
18151 6.034375
18152 6.034375
18153 6.034375
18154 6.034375
18155 6.034375
18156 6.034375
18157 6.034375
18158 6.034375
18159 6.034375
18160 6.034375
18161 6.034375
18162 6.034375
18163 6.034375
18164 6.034375
18165 6.034375
18166 6.034375
18167 6.034375
18168 6.034375
18169 6.034375
18170 6.034375
18171 6.034375
18172 6.034375
18173 6.034375
18174 6.034375
18175 6.034375
18176 6.034375
18177 6.034375
18178 6.034375
18179 6.034375
18180 6.034375
18181 6.034375
18182 6.034375
18183 6.034375
18184 6.034375
18185 6.034375
18186 6.034375
18187 6.034375
18188 6.034375
18189 6.034375
18190 6.034375
18191 6.034375
18192 6.034375
18193 6.034375
18194 6.034375
18195 6.034375
18196 6.034375
18197 6.034375
18198 6.034375
18199 6.034375
18200 6.034375
18201 6.034375
18202 6.034375
18203 6.034375
18204 6.034375
18205 6.034375
18206 6.034375
18207 6.034375
18208 6.034375
18209 6.034375
18210 6.034375
18211 6.034375
18212 6.034375
18213 6.034375
18214 6.034375
18215 6.034375
18216 6.034375
18217 6.034375
18218 6.034375
18219 6.034375
18220 6.034375
18221 6.034375
18222 6.034375
18223 6.034375
18224 6.034375
18225 6.034375
18226 6.034375
18227 6.034375
18228 6.034375
18229 6.034375
18230 6.034375
18231 6.034375
18232 6.034375
18233 6.034375
18234 6.034375
18235 6.034375
18236 6.034375
18237 6.034375
18238 6.034375
18239 6.034375
18240 6.034375
18241 6.034375
18242 6.034375
18243 6.034375
18244 6.034375
18245 6.034375
18246 6.034375
18247 6.034375
18248 6.034375
18249 6.034375
18250 6.034375
18251 6.034375
18252 6.034375
18253 6.034375
18254 6.034375
18255 6.034375
18256 6.034375
18257 6.034375
18258 6.034375
18259 6.034375
18260 6.034375
18261 6.034375
18262 6.034375
18263 6.034375
18264 6.034375
18265 6.034375
18266 6.034375
18267 6.034375
18268 6.034375
18269 6.034375
18270 6.034375
18271 6.034375
18272 6.034375
18273 6.034375
18274 6.034375
18275 6.034375
18276 6.034375
18277 6.034375
18278 6.034375
18279 6.034375
18280 6.034375
18281 6.034375
18282 6.034375
18283 6.034375
18284 6.034375
18285 6.034375
18286 6.034375
18287 6.034375
18288 6.034375
18289 6.034375
18290 6.034375
18291 6.034375
18292 6.034375
18293 6.034375
18294 6.034375
18295 6.034375
18296 6.034375
18297 6.034375
18298 6.034375
18299 6.034375
18300 6.034375
18301 6.034375
18302 6.034375
18303 6.034375
18304 6.034375
18305 6.034375
18306 6.034375
18307 6.034375
18308 6.034375
18309 6.034375
18310 6.034375
18311 6.034375
18312 6.034375
18313 6.034375
18314 6.034375
18315 6.034375
18316 6.034375
18317 6.034375
18318 6.034375
18319 6.034375
18320 6.034375
18321 6.034375
18322 6.034375
18323 6.034375
18324 6.034375
18325 6.034375
18326 6.034375
18327 6.034375
18328 6.034375
18329 6.034375
18330 6.034375
18331 6.034375
18332 6.034375
18333 6.034375
18334 6.034375
18335 6.034375
18336 6.034375
18337 6.034375
18338 6.034375
18339 6.034375
18340 6.034375
18341 6.034375
18342 6.034375
18343 6.034375
18344 6.034375
18345 6.034375
18346 6.034375
18347 6.034375
18348 6.034375
18349 6.034375
18350 6.034375
18351 6.034375
18352 6.034375
18353 6.034375
18354 6.034375
18355 6.034375
18356 6.034375
18357 6.034375
18358 6.034375
18359 6.034375
18360 6.034375
18361 6.034375
18362 6.034375
18363 6.034375
18364 6.034375
18365 6.034375
18366 6.034375
18367 6.034375
18368 6.034375
18369 6.034375
18370 6.034375
18371 6.034375
18372 6.034375
18373 6.034375
18374 6.034375
18375 6.034375
18376 6.034375
18377 6.034375
18378 6.034375
18379 6.034375
18380 6.034375
18381 6.034375
18382 6.034375
18383 6.034375
18384 6.034375
18385 6.034375
18386 6.034375
18387 6.034375
18388 6.034375
18389 6.034375
18390 6.034375
18391 6.034375
18392 6.034375
18393 6.034375
18394 6.034375
18395 6.034375
18396 6.034375
18397 6.034375
18398 6.034375
18399 6.034375
18400 6.034375
18401 6.034375
18402 6.034375
18403 6.034375
18404 6.034375
18405 6.034375
18406 6.034375
18407 6.034375
18408 6.034375
18409 6.034375
18410 6.034375
18411 6.034375
18412 6.034375
18413 6.034375
18414 6.034375
18415 6.034375
18416 6.034375
18417 6.034375
18418 6.034375
18419 6.034375
18420 6.034375
18421 6.034375
18422 6.034375
18423 6.034375
18424 6.034375
18425 6.034375
18426 6.034375
18427 6.034375
18428 6.034375
18429 6.034375
18430 6.034375
18431 6.034375
18432 6.034375
18433 6.034375
18434 6.034375
18435 6.034375
18436 6.034375
18437 6.034375
18438 6.034375
18439 6.034375
18440 6.034375
18441 6.034375
18442 6.034375
18443 6.034375
18444 6.034375
18445 6.034375
18446 6.034375
18447 6.034375
18448 6.034375
18449 6.034375
18450 6.034375
18451 6.034375
18452 6.034375
18453 6.034375
18454 6.034375
18455 6.034375
18456 6.034375
18457 6.034375
18458 6.034375
18459 6.034375
18460 6.034375
18461 6.034375
18462 6.034375
18463 6.034375
18464 6.034375
18465 6.034375
18466 6.034375
18467 6.034375
18468 6.034375
18469 6.034375
18470 6.034375
18471 6.034375
18472 6.034375
18473 6.034375
18474 6.034375
18475 6.034375
18476 6.034375
18477 6.034375
18478 6.034375
18479 6.034375
18480 6.034375
18481 6.034375
18482 6.034375
18483 6.034375
18484 6.034375
18485 6.034375
18486 6.034375
18487 6.034375
18488 6.034375
18489 6.034375
18490 6.034375
18491 6.034375
18492 6.034375
18493 6.034375
18494 6.034375
18495 6.034375
18496 6.034375
18497 6.034375
18498 6.034375
18499 6.034375
18500 6.034375
18501 6.034375
18502 6.034375
18503 6.034375
18504 6.034375
18505 6.034375
18506 6.034375
18507 6.034375
18508 6.034375
18509 6.034375
18510 6.034375
18511 6.034375
18512 6.034375
18513 6.034375
18514 6.034375
18515 6.034375
18516 6.034375
18517 6.034375
18518 6.034375
18519 6.034375
18520 6.034375
18521 6.034375
18522 6.034375
18523 6.034375
18524 6.034375
18525 6.034375
18526 6.034375
18527 6.034375
18528 6.034375
18529 6.034375
18530 6.034375
18531 6.034375
18532 6.034375
18533 6.034375
18534 6.034375
18535 6.034375
18536 6.034375
18537 6.034375
18538 6.034375
18539 6.034375
18540 6.034375
18541 6.034375
18542 6.034375
18543 6.034375
18544 6.034375
18545 6.034375
18546 6.034375
18547 6.034375
18548 6.034375
18549 6.034375
18550 6.034375
18551 6.034375
18552 6.034375
18553 6.034375
18554 6.034375
18555 6.034375
18556 6.034375
18557 6.034375
18558 6.034375
18559 6.034375
18560 6.034375
18561 6.034375
18562 6.034375
18563 6.034375
18564 6.034375
18565 6.034375
18566 6.034375
18567 6.034375
18568 6.034375
18569 6.034375
18570 6.034375
18571 6.034375
18572 6.034375
18573 6.034375
18574 6.034375
18575 6.034375
18576 6.034375
18577 6.034375
18578 6.034375
18579 6.034375
18580 6.034375
18581 6.034375
18582 6.034375
18583 6.034375
18584 6.034375
18585 6.034375
18586 6.034375
18587 6.034375
18588 6.034375
18589 6.034375
18590 6.034375
18591 6.034375
18592 6.034375
18593 6.034375
18594 6.034375
18595 6.034375
18596 6.034375
18597 6.034375
18598 6.034375
18599 6.034375
18600 6.034375
18601 6.034375
18602 6.034375
18603 6.034375
18604 6.034375
18605 6.034375
18606 6.034375
18607 6.034375
18608 6.034375
18609 6.034375
18610 6.034375
18611 6.034375
18612 6.034375
18613 6.034375
18614 6.034375
18615 6.034375
18616 6.034375
18617 6.034375
18618 6.034375
18619 6.034375
18620 6.034375
18621 6.034375
18622 6.034375
18623 6.034375
18624 6.034375
18625 6.034375
18626 6.034375
18627 6.034375
18628 6.034375
18629 6.034375
18630 6.034375
18631 6.034375
18632 6.034375
18633 6.034375
18634 6.034375
18635 6.034375
18636 6.034375
18637 6.034375
18638 6.034375
18639 6.034375
18640 6.034375
18641 6.034375
18642 6.034375
18643 6.034375
18644 6.034375
18645 6.034375
18646 6.034375
18647 6.034375
18648 6.034375
18649 6.034375
18650 6.034375
18651 6.034375
18652 6.034375
18653 6.034375
18654 6.034375
18655 6.034375
18656 6.034375
18657 6.034375
18658 6.034375
18659 6.034375
18660 6.034375
18661 6.034375
18662 6.034375
18663 6.034375
18664 6.034375
18665 6.034375
18666 6.034375
18667 6.034375
18668 6.034375
18669 6.034375
18670 6.034375
18671 6.034375
18672 6.034375
18673 6.034375
18674 6.034375
18675 6.034375
18676 6.034375
18677 6.034375
18678 6.034375
18679 6.034375
18680 6.034375
18681 6.034375
18682 6.034375
18683 6.034375
18684 6.034375
18685 6.034375
18686 6.034375
18687 6.034375
18688 6.034375
18689 6.034375
18690 6.034375
18691 6.034375
18692 6.034375
18693 6.034375
18694 6.034375
18695 6.034375
18696 6.034375
18697 6.034375
18698 6.034375
18699 6.034375
18700 6.034375
18701 6.034375
18702 6.034375
18703 6.034375
18704 6.034375
18705 6.034375
18706 6.034375
18707 6.034375
18708 6.034375
18709 6.034375
18710 6.034375
18711 6.034375
18712 6.034375
18713 6.034375
18714 6.034375
18715 6.034375
18716 6.034375
18717 6.034375
18718 6.034375
18719 6.034375
18720 6.034375
18721 6.034375
18722 6.034375
18723 6.034375
18724 6.034375
18725 6.034375
18726 6.034375
18727 6.034375
18728 6.034375
18729 6.034375
18730 6.034375
18731 6.034375
18732 6.034375
18733 6.034375
18734 6.034375
18735 6.034375
18736 6.034375
18737 6.034375
18738 6.034375
18739 6.034375
18740 6.034375
18741 6.034375
18742 6.034375
18743 6.034375
18744 6.034375
18745 6.034375
18746 6.034375
18747 6.034375
18748 6.034375
18749 6.034375
18750 6.034375
18751 6.034375
18752 6.034375
18753 6.034375
18754 6.034375
18755 6.034375
18756 6.034375
18757 6.034375
18758 6.034375
18759 6.034375
18760 6.034375
18761 6.034375
18762 6.034375
18763 6.034375
18764 6.034375
18765 6.034375
18766 6.034375
18767 6.034375
18768 6.034375
18769 6.034375
18770 6.034375
18771 6.034375
18772 6.034375
18773 6.034375
18774 6.034375
18775 6.034375
18776 6.034375
18777 6.034375
18778 6.034375
18779 6.034375
18780 6.034375
18781 6.034375
18782 6.034375
18783 6.034375
18784 6.034375
18785 6.034375
18786 6.034375
18787 6.034375
18788 6.034375
18789 6.034375
18790 6.034375
18791 6.034375
18792 6.034375
18793 6.034375
18794 6.034375
18795 6.034375
18796 6.034375
18797 6.034375
18798 6.034375
18799 6.034375
18800 6.034375
18801 6.034375
18802 6.034375
18803 6.034375
18804 6.034375
18805 6.034375
18806 6.034375
18807 6.034375
18808 6.034375
18809 6.034375
18810 6.034375
18811 6.034375
18812 6.034375
18813 6.034375
18814 6.034375
18815 6.034375
18816 6.034375
18817 6.034375
18818 6.034375
18819 6.034375
18820 6.034375
18821 6.034375
18822 6.034375
18823 6.034375
18824 6.034375
18825 6.034375
18826 6.034375
18827 6.034375
18828 6.034375
18829 6.034375
18830 6.034375
18831 6.034375
18832 6.034375
18833 6.034375
18834 6.034375
18835 6.034375
18836 6.034375
18837 6.034375
18838 6.034375
18839 6.034375
18840 6.034375
18841 6.034375
18842 6.034375
18843 6.034375
18844 6.034375
18845 6.034375
18846 6.034375
18847 6.034375
18848 6.034375
18849 6.034375
18850 6.034375
18851 6.034375
18852 6.034375
18853 6.034375
18854 6.034375
18855 6.034375
18856 6.034375
18857 6.034375
18858 6.034375
18859 6.034375
18860 6.034375
18861 6.034375
18862 6.034375
18863 6.034375
18864 6.034375
18865 6.034375
18866 6.034375
18867 6.034375
18868 6.034375
18869 6.034375
18870 6.034375
18871 6.034375
18872 6.034375
18873 6.034375
18874 6.034375
18875 6.034375
18876 6.034375
18877 6.034375
18878 6.034375
18879 6.034375
18880 6.034375
18881 6.034375
18882 6.034375
18883 6.034375
18884 6.034375
18885 6.034375
18886 6.034375
18887 6.034375
18888 6.034375
18889 6.034375
18890 6.034375
18891 6.034375
18892 6.034375
18893 6.034375
18894 6.034375
18895 6.034375
18896 6.034375
18897 6.034375
18898 6.034375
18899 6.034375
18900 6.034375
18901 6.034375
18902 6.034375
18903 6.034375
18904 6.034375
18905 6.034375
18906 6.034375
18907 6.034375
18908 6.034375
18909 6.034375
18910 6.034375
18911 6.034375
18912 6.034375
18913 6.034375
18914 6.034375
18915 6.034375
18916 6.034375
18917 6.034375
18918 6.034375
18919 6.034375
18920 6.034375
18921 6.034375
18922 6.034375
18923 6.034375
18924 6.034375
18925 6.034375
18926 6.034375
18927 6.034375
18928 6.034375
18929 6.034375
18930 6.034375
18931 6.034375
18932 6.034375
18933 6.034375
18934 6.034375
18935 6.034375
18936 6.034375
18937 6.034375
18938 6.034375
18939 6.034375
18940 6.034375
18941 6.034375
18942 6.034375
18943 6.034375
18944 6.034375
18945 6.034375
18946 6.034375
18947 6.034375
18948 6.034375
18949 6.034375
18950 6.034375
18951 6.034375
18952 6.034375
18953 6.034375
18954 6.034375
18955 6.034375
18956 6.034375
18957 6.034375
18958 6.034375
18959 6.034375
18960 6.034375
18961 6.034375
18962 6.034375
18963 6.034375
18964 6.034375
18965 6.034375
18966 6.034375
18967 6.034375
18968 6.034375
18969 6.034375
18970 6.034375
18971 6.034375
18972 6.034375
18973 6.034375
18974 6.034375
18975 6.034375
18976 6.034375
18977 6.034375
18978 6.034375
18979 6.034375
18980 6.034375
18981 6.034375
18982 6.034375
18983 6.034375
18984 6.034375
18985 6.034375
18986 6.034375
18987 6.034375
18988 6.034375
18989 6.034375
18990 6.034375
18991 6.034375
18992 6.034375
18993 6.034375
18994 6.034375
18995 6.034375
18996 6.034375
18997 6.034375
18998 6.034375
18999 6.034375
19000 6.034375
19001 6.034375
19002 6.034375
19003 6.034375
19004 6.034375
19005 6.034375
19006 6.034375
19007 6.034375
19008 6.034375
19009 6.034375
19010 6.034375
19011 6.034375
19012 6.034375
19013 6.034375
19014 6.034375
19015 6.034375
19016 6.034375
19017 6.034375
19018 6.034375
19019 6.034375
19020 6.034375
19021 6.034375
19022 6.034375
19023 6.034375
19024 6.034375
19025 6.034375
19026 6.034375
19027 6.034375
19028 6.034375
19029 6.034375
19030 6.034375
19031 6.034375
19032 6.034375
19033 6.034375
19034 6.034375
19035 6.034375
19036 6.034375
19037 6.034375
19038 6.034375
19039 6.034375
19040 6.034375
19041 6.034375
19042 6.034375
19043 6.034375
19044 6.034375
19045 6.034375
19046 6.034375
19047 6.034375
19048 6.034375
19049 6.034375
19050 6.034375
19051 6.034375
19052 6.034375
19053 6.034375
19054 6.034375
19055 6.034375
19056 6.034375
19057 6.034375
19058 6.034375
19059 6.034375
19060 6.034375
19061 6.034375
19062 6.034375
19063 6.034375
19064 6.034375
19065 6.034375
19066 6.034375
19067 6.034375
19068 6.034375
19069 6.034375
19070 6.034375
19071 6.034375
19072 6.034375
19073 6.034375
19074 6.034375
19075 6.034375
19076 6.034375
19077 6.034375
19078 6.034375
19079 6.034375
19080 6.034375
19081 6.034375
19082 6.034375
19083 6.034375
19084 6.034375
19085 6.034375
19086 6.034375
19087 6.034375
19088 6.034375
19089 6.034375
19090 6.034375
19091 6.034375
19092 6.034375
19093 6.034375
19094 6.034375
19095 6.034375
19096 6.034375
19097 6.034375
19098 6.034375
19099 6.034375
19100 6.034375
19101 6.034375
19102 6.034375
19103 6.034375
19104 6.034375
19105 6.034375
19106 6.034375
19107 6.034375
19108 6.034375
19109 6.034375
19110 6.034375
19111 6.034375
19112 6.034375
19113 6.034375
19114 6.034375
19115 6.034375
19116 6.034375
19117 6.034375
19118 6.034375
19119 6.034375
19120 6.034375
19121 6.034375
19122 6.034375
19123 6.034375
19124 6.034375
19125 6.034375
19126 6.034375
19127 6.034375
19128 6.034375
19129 6.034375
19130 6.034375
19131 6.034375
19132 6.034375
19133 6.034375
19134 6.034375
19135 6.034375
19136 6.034375
19137 6.034375
19138 6.034375
19139 6.034375
19140 6.034375
19141 6.034375
19142 6.034375
19143 6.034375
19144 6.034375
19145 6.034375
19146 6.034375
19147 6.034375
19148 6.034375
19149 6.034375
19150 6.034375
19151 6.034375
19152 6.034375
19153 6.034375
19154 6.034375
19155 6.034375
19156 6.034375
19157 6.034375
19158 6.034375
19159 6.034375
19160 6.034375
19161 6.034375
19162 6.034375
19163 6.034375
19164 6.034375
19165 6.034375
19166 6.034375
19167 6.034375
19168 6.034375
19169 6.034375
19170 6.034375
19171 6.034375
19172 6.034375
19173 6.034375
19174 6.034375
19175 6.034375
19176 6.034375
19177 6.034375
19178 6.034375
19179 6.034375
19180 6.034375
19181 6.034375
19182 6.034375
19183 6.034375
19184 6.034375
19185 6.034375
19186 6.034375
19187 6.034375
19188 6.034375
19189 6.034375
19190 6.034375
19191 6.034375
19192 6.034375
19193 6.034375
19194 6.034375
19195 6.034375
19196 6.034375
19197 6.034375
19198 6.034375
19199 6.034375
19200 6.034375
19201 6.034375
19202 6.034375
19203 6.034375
19204 6.034375
19205 6.034375
19206 6.034375
19207 6.034375
19208 6.034375
19209 6.034375
19210 6.034375
19211 6.034375
19212 6.034375
19213 6.034375
19214 6.034375
19215 6.034375
19216 6.034375
19217 6.034375
19218 6.034375
19219 6.034375
19220 6.034375
19221 6.034375
19222 6.034375
19223 6.034375
19224 6.034375
19225 6.034375
19226 6.034375
19227 6.034375
19228 6.034375
19229 6.034375
19230 6.034375
19231 6.034375
19232 6.034375
19233 6.034375
19234 6.034375
19235 6.034375
19236 6.034375
19237 6.034375
19238 6.034375
19239 6.034375
19240 6.034375
19241 6.034375
19242 6.034375
19243 6.034375
19244 6.034375
19245 6.034375
19246 6.034375
19247 6.034375
19248 6.034375
19249 6.034375
19250 6.034375
19251 6.034375
19252 6.034375
19253 6.034375
19254 6.034375
19255 6.034375
19256 6.034375
19257 6.034375
19258 6.034375
19259 6.034375
19260 6.034375
19261 6.034375
19262 6.034375
19263 6.034375
19264 6.034375
19265 6.034375
19266 6.034375
19267 6.034375
19268 6.034375
19269 6.034375
19270 6.034375
19271 6.034375
19272 6.034375
19273 6.034375
19274 6.034375
19275 6.034375
19276 6.034375
19277 6.034375
19278 6.034375
19279 6.034375
19280 6.034375
19281 6.034375
19282 6.034375
19283 6.034375
19284 6.034375
19285 6.034375
19286 6.034375
19287 6.034375
19288 6.034375
19289 6.034375
19290 6.034375
19291 6.034375
19292 6.034375
19293 6.034375
19294 6.034375
19295 6.034375
19296 6.034375
19297 6.034375
19298 6.034375
19299 6.034375
19300 6.034375
19301 6.034375
19302 6.034375
19303 6.034375
19304 6.034375
19305 6.034375
19306 6.034375
19307 6.034375
19308 6.034375
19309 6.034375
19310 6.034375
19311 6.034375
19312 6.034375
19313 6.034375
19314 6.034375
19315 6.034375
19316 6.034375
19317 6.034375
19318 6.034375
19319 6.034375
19320 6.034375
19321 6.034375
19322 6.034375
19323 6.034375
19324 6.034375
19325 6.034375
19326 6.034375
19327 6.034375
19328 6.034375
19329 6.034375
19330 6.034375
19331 6.034375
19332 6.034375
19333 6.034375
19334 6.034375
19335 6.034375
19336 6.034375
19337 6.034375
19338 6.034375
19339 6.034375
19340 6.034375
19341 6.034375
19342 6.034375
19343 6.034375
19344 6.034375
19345 6.034375
19346 6.034375
19347 6.034375
19348 6.034375
19349 6.034375
19350 6.034375
19351 6.034375
19352 6.034375
19353 6.034375
19354 6.034375
19355 6.034375
19356 6.034375
19357 6.034375
19358 6.034375
19359 6.034375
19360 6.034375
19361 6.034375
19362 6.034375
19363 6.034375
19364 6.034375
19365 6.034375
19366 6.034375
19367 6.034375
19368 6.034375
19369 6.034375
19370 6.034375
19371 6.034375
19372 6.034375
19373 6.034375
19374 6.034375
19375 6.034375
19376 6.034375
19377 6.034375
19378 6.034375
19379 6.034375
19380 6.034375
19381 6.034375
19382 6.034375
19383 6.034375
19384 6.034375
19385 6.034375
19386 6.034375
19387 6.034375
19388 6.034375
19389 6.034375
19390 6.034375
19391 6.034375
19392 6.034375
19393 6.034375
19394 6.034375
19395 6.034375
19396 6.034375
19397 6.034375
19398 6.034375
19399 6.034375
19400 6.034375
19401 6.034375
19402 6.034375
19403 6.034375
19404 6.034375
19405 6.034375
19406 6.034375
19407 6.034375
19408 6.034375
19409 6.034375
19410 6.034375
19411 6.034375
19412 6.034375
19413 6.034375
19414 6.034375
19415 6.034375
19416 6.034375
19417 6.034375
19418 6.034375
19419 6.034375
19420 6.034375
19421 6.034375
19422 6.034375
19423 6.034375
19424 6.034375
19425 6.034375
19426 6.034375
19427 6.034375
19428 6.034375
19429 6.034375
19430 6.034375
19431 6.034375
19432 6.034375
19433 6.034375
19434 6.034375
19435 6.034375
19436 6.034375
19437 6.034375
19438 6.034375
19439 6.034375
19440 6.034375
19441 6.034375
19442 6.034375
19443 6.034375
19444 6.034375
19445 6.034375
19446 6.034375
19447 6.034375
19448 6.034375
19449 6.034375
19450 6.034375
19451 6.034375
19452 6.034375
19453 6.034375
19454 6.034375
19455 6.034375
19456 6.034375
19457 6.034375
19458 6.034375
19459 6.034375
19460 6.034375
19461 6.034375
19462 6.034375
19463 6.034375
19464 6.034375
19465 6.034375
19466 6.034375
19467 6.034375
19468 6.034375
19469 6.034375
19470 6.034375
19471 6.034375
19472 6.034375
19473 6.034375
19474 6.034375
19475 6.034375
19476 6.034375
19477 6.034375
19478 6.034375
19479 6.034375
19480 6.034375
19481 6.034375
19482 6.034375
19483 6.034375
19484 6.034375
19485 6.034375
19486 6.034375
19487 6.034375
19488 6.034375
19489 6.034375
19490 6.034375
19491 6.034375
19492 6.034375
19493 6.034375
19494 6.034375
19495 6.034375
19496 6.034375
19497 6.034375
19498 6.034375
19499 6.034375
19500 6.034375
19501 6.034375
19502 6.034375
19503 6.034375
19504 6.034375
19505 6.034375
19506 6.034375
19507 6.034375
19508 6.034375
19509 6.034375
19510 6.034375
19511 6.034375
19512 6.034375
19513 6.034375
19514 6.034375
19515 6.034375
19516 6.034375
19517 6.034375
19518 6.034375
19519 6.034375
19520 6.034375
19521 6.034375
19522 6.034375
19523 6.034375
19524 6.034375
19525 6.034375
19526 6.034375
19527 6.034375
19528 6.034375
19529 6.034375
19530 6.034375
19531 6.034375
19532 6.034375
19533 6.034375
19534 6.034375
19535 6.034375
19536 6.034375
19537 6.034375
19538 6.034375
19539 6.034375
19540 6.034375
19541 6.034375
19542 6.034375
19543 6.034375
19544 6.034375
19545 6.034375
19546 6.034375
19547 6.034375
19548 6.034375
19549 6.034375
19550 6.034375
19551 6.034375
19552 6.034375
19553 6.034375
19554 6.034375
19555 6.034375
19556 6.034375
19557 6.034375
19558 6.034375
19559 6.034375
19560 6.034375
19561 6.034375
19562 6.034375
19563 6.034375
19564 6.034375
19565 6.034375
19566 6.034375
19567 6.034375
19568 6.034375
19569 6.034375
19570 6.034375
19571 6.034375
19572 6.034375
19573 6.034375
19574 6.034375
19575 6.034375
19576 6.034375
19577 6.034375
19578 6.034375
19579 6.034375
19580 6.034375
19581 6.034375
19582 6.034375
19583 6.034375
19584 6.034375
19585 6.034375
19586 6.034375
19587 6.034375
19588 6.034375
19589 6.034375
19590 6.034375
19591 6.034375
19592 6.034375
19593 6.034375
19594 6.034375
19595 6.034375
19596 6.034375
19597 6.034375
19598 6.034375
19599 6.034375
19600 6.034375
19601 6.034375
19602 6.034375
19603 6.034375
19604 6.034375
19605 6.034375
19606 6.034375
19607 6.034375
19608 6.034375
19609 6.034375
19610 6.034375
19611 6.034375
19612 6.034375
19613 6.034375
19614 6.034375
19615 6.034375
19616 6.034375
19617 6.034375
19618 6.034375
19619 6.034375
19620 6.034375
19621 6.034375
19622 6.034375
19623 6.034375
19624 6.034375
19625 6.034375
19626 6.034375
19627 6.034375
19628 6.034375
19629 6.034375
19630 6.034375
19631 6.034375
19632 6.034375
19633 6.034375
19634 6.034375
19635 6.034375
19636 6.034375
19637 6.034375
19638 6.034375
19639 6.034375
19640 6.034375
19641 6.034375
19642 6.034375
19643 6.034375
19644 6.034375
19645 6.034375
19646 6.034375
19647 6.034375
19648 6.034375
19649 6.034375
19650 6.034375
19651 6.034375
19652 6.034375
19653 6.034375
19654 6.034375
19655 6.034375
19656 6.034375
19657 6.034375
19658 6.034375
19659 6.034375
19660 6.034375
19661 6.034375
19662 6.034375
19663 6.034375
19664 6.034375
19665 6.034375
19666 6.034375
19667 6.034375
19668 6.034375
19669 6.034375
19670 6.034375
19671 6.034375
19672 6.034375
19673 6.034375
19674 6.034375
19675 6.034375
19676 6.034375
19677 6.034375
19678 6.034375
19679 6.034375
19680 6.034375
19681 6.034375
19682 6.034375
19683 6.034375
19684 6.034375
19685 6.034375
19686 6.034375
19687 6.034375
19688 6.034375
19689 6.034375
19690 6.034375
19691 6.034375
19692 6.034375
19693 6.034375
19694 6.034375
19695 6.034375
19696 6.034375
19697 6.034375
19698 6.034375
19699 6.034375
19700 6.034375
19701 6.034375
19702 6.034375
19703 6.034375
19704 6.034375
19705 6.034375
19706 6.034375
19707 6.034375
19708 6.034375
19709 6.034375
19710 6.034375
19711 6.034375
19712 6.034375
19713 6.034375
19714 6.034375
19715 6.034375
19716 6.034375
19717 6.034375
19718 6.034375
19719 6.034375
19720 6.034375
19721 6.034375
19722 6.034375
19723 6.034375
19724 6.034375
19725 6.034375
19726 6.034375
19727 6.034375
19728 6.034375
19729 6.034375
19730 6.034375
19731 6.034375
19732 6.034375
19733 6.034375
19734 6.034375
19735 6.034375
19736 6.034375
19737 6.034375
19738 6.034375
19739 6.034375
19740 6.034375
19741 6.034375
19742 6.034375
19743 6.034375
19744 6.034375
19745 6.034375
19746 6.034375
19747 6.034375
19748 6.034375
19749 6.034375
19750 6.034375
19751 6.034375
19752 6.034375
19753 6.034375
19754 6.034375
19755 6.034375
19756 6.034375
19757 6.034375
19758 6.034375
19759 6.034375
19760 6.034375
19761 6.034375
19762 6.034375
19763 6.034375
19764 6.034375
19765 6.034375
19766 6.034375
19767 6.034375
19768 6.034375
19769 6.034375
19770 6.034375
19771 6.034375
19772 6.034375
19773 6.034375
19774 6.034375
19775 6.034375
19776 6.034375
19777 6.034375
19778 6.034375
19779 6.034375
19780 6.034375
19781 6.034375
19782 6.034375
19783 6.034375
19784 6.034375
19785 6.034375
19786 6.034375
19787 6.034375
19788 6.034375
19789 6.034375
19790 6.034375
19791 6.034375
19792 6.034375
19793 6.034375
19794 6.034375
19795 6.034375
19796 6.034375
19797 6.034375
19798 6.034375
19799 6.034375
19800 6.034375
19801 6.034375
19802 6.034375
19803 6.034375
19804 6.034375
19805 6.034375
19806 6.034375
19807 6.034375
19808 6.034375
19809 6.034375
19810 6.034375
19811 6.034375
19812 6.034375
19813 6.034375
19814 6.034375
19815 6.034375
19816 6.034375
19817 6.034375
19818 6.034375
19819 6.034375
19820 6.034375
19821 6.034375
19822 6.034375
19823 6.034375
19824 6.034375
19825 6.034375
19826 6.034375
19827 6.034375
19828 6.034375
19829 6.034375
19830 6.034375
19831 6.034375
19832 6.034375
19833 6.034375
19834 6.034375
19835 6.034375
19836 6.034375
19837 6.034375
19838 6.034375
19839 6.034375
19840 6.034375
19841 6.034375
19842 6.034375
19843 6.034375
19844 6.034375
19845 6.034375
19846 6.034375
19847 6.034375
19848 6.034375
19849 6.034375
19850 6.034375
19851 6.034375
19852 6.034375
19853 6.034375
19854 6.034375
19855 6.034375
19856 6.034375
19857 6.034375
19858 6.034375
19859 6.034375
19860 6.034375
19861 6.034375
19862 6.034375
19863 6.034375
19864 6.034375
19865 6.034375
19866 6.034375
19867 6.034375
19868 6.034375
19869 6.034375
19870 6.034375
19871 6.034375
19872 6.034375
19873 6.034375
19874 6.034375
19875 6.034375
19876 6.034375
19877 6.034375
19878 6.034375
19879 6.034375
19880 6.034375
19881 6.034375
19882 6.034375
19883 6.034375
19884 6.034375
19885 6.034375
19886 6.034375
19887 6.034375
19888 6.034375
19889 6.034375
19890 6.034375
19891 6.034375
19892 6.034375
19893 6.034375
19894 6.034375
19895 6.034375
19896 6.034375
19897 6.034375
19898 6.034375
19899 6.034375
19900 6.034375
19901 6.034375
19902 6.034375
19903 6.034375
19904 6.034375
19905 6.034375
19906 6.034375
19907 6.034375
19908 6.034375
19909 6.034375
19910 6.034375
19911 6.034375
19912 6.034375
19913 6.034375
19914 6.034375
19915 6.034375
19916 6.034375
19917 6.034375
19918 6.034375
19919 6.034375
19920 6.034375
19921 6.034375
19922 6.034375
19923 6.034375
19924 6.034375
19925 6.034375
19926 6.034375
19927 6.034375
19928 6.034375
19929 6.034375
19930 6.034375
19931 6.034375
19932 6.034375
19933 6.034375
19934 6.034375
19935 6.034375
19936 6.034375
19937 6.034375
19938 6.034375
19939 6.034375
19940 6.034375
19941 6.034375
19942 6.034375
19943 6.034375
19944 6.034375
19945 6.034375
19946 6.034375
19947 6.034375
19948 6.034375
19949 6.034375
19950 6.034375
19951 6.034375
19952 6.034375
19953 6.034375
19954 6.034375
19955 6.034375
19956 6.034375
19957 6.034375
19958 6.034375
19959 6.034375
19960 6.034375
19961 6.034375
19962 6.034375
19963 6.034375
19964 6.034375
19965 6.034375
19966 6.034375
19967 6.034375
19968 6.034375
19969 6.034375
19970 6.034375
19971 6.034375
19972 6.034375
19973 6.034375
19974 6.034375
19975 6.034375
19976 6.034375
19977 6.034375
19978 6.034375
19979 6.034375
19980 6.034375
19981 6.034375
19982 6.034375
19983 6.034375
19984 6.034375
19985 6.034375
19986 6.034375
19987 6.034375
19988 6.034375
19989 6.034375
19990 6.034375
19991 6.034375
19992 6.034375
19993 6.034375
19994 6.034375
19995 6.034375
19996 6.034375
19997 6.034375
19998 6.034375
19999 6.034375
20000 6.034375
20001 6.034375
20002 6.034375
20003 6.034375
20004 6.034375
20005 6.034375
20006 6.034375
20007 6.034375
20008 6.034375
20009 6.034375
20010 6.034375
20011 6.034375
20012 6.034375
20013 6.034375
20014 6.034375
20015 6.034375
20016 6.034375
20017 6.034375
20018 6.034375
20019 6.034375
20020 6.034375
20021 6.034375
20022 6.034375
20023 6.034375
20024 6.034375
20025 6.034375
20026 6.034375
20027 6.034375
20028 6.034375
20029 6.034375
20030 6.034375
20031 6.034375
20032 6.034375
20033 6.034375
20034 6.034375
20035 6.034375
20036 6.034375
20037 6.034375
20038 6.034375
20039 6.034375
20040 6.034375
20041 6.034375
20042 6.034375
20043 6.034375
20044 6.034375
20045 6.034375
20046 6.034375
20047 6.034375
20048 6.034375
20049 6.034375
20050 6.034375
20051 6.034375
20052 6.034375
20053 6.034375
20054 6.034375
20055 6.034375
20056 6.034375
20057 6.034375
20058 6.034375
20059 6.034375
20060 6.034375
20061 6.034375
20062 6.034375
20063 6.034375
20064 6.034375
20065 6.034375
20066 6.034375
20067 6.034375
20068 6.034375
20069 6.034375
20070 6.034375
20071 6.034375
20072 6.034375
20073 6.034375
20074 6.034375
20075 6.034375
20076 6.034375
20077 6.034375
20078 6.034375
20079 6.034375
20080 6.034375
20081 6.034375
20082 6.034375
20083 6.034375
20084 6.034375
20085 6.034375
20086 6.034375
20087 6.034375
20088 6.034375
20089 6.034375
20090 6.034375
20091 6.034375
20092 6.034375
20093 6.034375
20094 6.034375
20095 6.034375
20096 6.034375
20097 6.034375
20098 6.034375
20099 6.034375
20100 6.034375
20101 6.034375
20102 6.034375
20103 6.034375
20104 6.034375
20105 6.034375
20106 6.034375
20107 6.034375
20108 6.034375
20109 6.034375
20110 6.034375
20111 6.034375
20112 6.034375
20113 6.034375
20114 6.034375
20115 6.034375
20116 6.034375
20117 6.034375
20118 6.034375
20119 6.034375
20120 6.034375
20121 6.034375
20122 6.034375
20123 6.034375
20124 6.034375
20125 6.034375
20126 6.034375
20127 6.034375
20128 6.034375
20129 6.034375
20130 6.034375
20131 6.034375
20132 6.034375
20133 6.034375
20134 6.034375
20135 6.034375
20136 6.034375
20137 6.034375
20138 6.034375
20139 6.034375
20140 6.034375
20141 6.034375
20142 6.034375
20143 6.034375
20144 6.034375
20145 6.034375
20146 6.034375
20147 6.034375
20148 6.034375
20149 6.034375
20150 6.034375
20151 6.034375
20152 6.034375
20153 6.034375
20154 6.034375
20155 6.034375
20156 6.034375
20157 6.034375
20158 6.034375
20159 6.034375
20160 6.034375
20161 6.034375
20162 6.034375
20163 6.034375
20164 6.034375
20165 6.034375
20166 6.034375
20167 6.034375
20168 6.034375
20169 6.034375
20170 6.034375
20171 6.034375
20172 6.034375
20173 6.034375
20174 6.034375
20175 6.034375
20176 6.034375
20177 6.034375
20178 6.034375
20179 6.034375
20180 6.034375
20181 6.034375
20182 6.034375
20183 6.034375
20184 6.034375
20185 6.034375
20186 6.034375
20187 6.034375
20188 6.034375
20189 6.034375
20190 6.034375
20191 6.034375
20192 6.034375
20193 6.034375
20194 6.034375
20195 6.034375
20196 6.034375
20197 6.034375
20198 6.034375
20199 6.034375
20200 6.034375
20201 6.034375
20202 6.034375
20203 6.034375
20204 6.034375
20205 6.034375
20206 6.034375
20207 6.034375
20208 6.034375
20209 6.034375
20210 6.034375
20211 6.034375
20212 6.034375
20213 6.034375
20214 6.034375
20215 6.034375
20216 6.034375
20217 6.034375
20218 6.034375
20219 6.034375
20220 6.034375
20221 6.034375
20222 6.034375
20223 6.034375
20224 6.034375
20225 6.034375
20226 6.034375
20227 6.034375
20228 6.034375
20229 6.034375
20230 6.034375
20231 6.034375
20232 6.034375
20233 6.034375
20234 6.034375
20235 6.034375
20236 6.034375
20237 6.034375
20238 6.034375
20239 6.034375
20240 6.034375
20241 6.034375
20242 6.034375
20243 6.034375
20244 6.034375
20245 6.034375
20246 6.034375
20247 6.034375
20248 6.034375
20249 6.034375
20250 6.034375
20251 6.034375
20252 6.034375
20253 6.034375
20254 6.034375
20255 6.034375
20256 6.034375
20257 6.034375
20258 6.034375
20259 6.034375
20260 6.034375
20261 6.034375
20262 6.034375
20263 6.034375
20264 6.034375
20265 6.034375
20266 6.034375
20267 6.034375
20268 6.034375
20269 6.034375
20270 6.034375
20271 6.034375
20272 6.034375
20273 6.034375
20274 6.034375
20275 6.034375
20276 6.034375
20277 6.034375
20278 6.034375
20279 6.034375
20280 6.034375
20281 6.034375
20282 6.034375
20283 6.034375
20284 6.034375
20285 6.034375
20286 6.034375
20287 6.034375
20288 6.034375
20289 6.034375
20290 6.034375
20291 6.034375
20292 6.034375
20293 6.034375
20294 6.034375
20295 6.034375
20296 6.034375
20297 6.034375
20298 6.034375
20299 6.034375
20300 6.034375
20301 6.034375
20302 6.034375
20303 6.034375
20304 6.034375
20305 6.034375
20306 6.034375
20307 6.034375
20308 6.034375
20309 6.034375
20310 6.034375
20311 6.034375
20312 6.034375
20313 6.034375
20314 6.034375
20315 6.034375
20316 6.034375
20317 6.034375
20318 6.034375
20319 6.034375
20320 6.034375
20321 6.034375
20322 6.034375
20323 6.034375
20324 6.034375
20325 6.034375
20326 6.034375
20327 6.034375
20328 6.034375
20329 6.034375
20330 6.034375
20331 6.034375
20332 6.034375
20333 6.034375
20334 6.034375
20335 6.034375
20336 6.034375
20337 6.034375
20338 6.034375
20339 6.034375
20340 6.034375
20341 6.034375
20342 6.034375
20343 6.034375
20344 6.034375
20345 6.034375
20346 6.034375
20347 6.034375
20348 6.034375
20349 6.034375
20350 6.034375
20351 6.034375
20352 6.034375
20353 6.034375
20354 6.034375
20355 6.034375
20356 6.034375
20357 6.034375
20358 6.034375
20359 6.034375
20360 6.034375
20361 6.034375
20362 6.034375
20363 6.034375
20364 6.034375
20365 6.034375
20366 6.034375
20367 6.034375
20368 6.034375
20369 6.034375
20370 6.034375
20371 6.034375
20372 6.034375
20373 6.034375
20374 6.034375
20375 6.034375
20376 6.034375
20377 6.034375
20378 6.034375
20379 6.034375
20380 6.034375
20381 6.034375
20382 6.034375
20383 6.034375
20384 6.034375
20385 6.034375
20386 6.034375
20387 6.034375
20388 6.034375
20389 6.034375
20390 6.034375
20391 6.034375
20392 6.034375
20393 6.034375
20394 6.034375
20395 6.034375
20396 6.034375
20397 6.034375
20398 6.034375
20399 6.034375
20400 6.034375
20401 6.034375
20402 6.034375
20403 6.034375
20404 6.034375
20405 6.034375
20406 6.034375
20407 6.034375
20408 6.034375
20409 6.034375
20410 6.034375
20411 6.034375
20412 6.034375
20413 6.034375
20414 6.034375
20415 6.034375
20416 6.034375
20417 6.034375
20418 6.034375
20419 6.034375
20420 6.034375
20421 6.034375
20422 6.034375
20423 6.034375
20424 6.034375
20425 6.034375
20426 6.034375
20427 6.034375
20428 6.034375
20429 6.034375
20430 6.034375
20431 6.034375
20432 6.034375
20433 6.034375
20434 6.034375
20435 6.034375
20436 6.034375
20437 6.034375
20438 6.034375
20439 6.034375
20440 6.034375
20441 6.034375
20442 6.034375
20443 6.034375
20444 6.034375
20445 6.034375
20446 6.034375
20447 6.034375
20448 6.034375
20449 6.034375
20450 6.034375
20451 6.034375
20452 6.034375
20453 6.034375
20454 6.034375
20455 6.034375
20456 6.034375
20457 6.034375
20458 6.034375
20459 6.034375
20460 6.034375
20461 6.034375
20462 6.034375
20463 6.034375
20464 6.034375
20465 6.034375
20466 6.034375
20467 6.034375
20468 6.034375
20469 6.034375
20470 6.034375
20471 6.034375
20472 6.034375
20473 6.034375
20474 6.034375
20475 6.034375
20476 6.034375
20477 6.034375
20478 6.034375
20479 6.034375
20480 6.034375
20481 6.034375
20482 6.034375
20483 6.034375
20484 6.034375
20485 6.034375
20486 6.034375
20487 6.034375
20488 6.034375
20489 6.034375
20490 6.034375
20491 6.034375
20492 6.034375
20493 6.034375
20494 6.034375
20495 6.034375
20496 6.034375
20497 6.034375
20498 6.034375
20499 6.034375
20500 6.034375
20501 6.034375
20502 6.034375
20503 6.034375
20504 6.034375
20505 6.034375
20506 6.034375
20507 6.034375
20508 6.034375
20509 6.034375
20510 6.034375
20511 6.034375
20512 6.034375
20513 6.034375
20514 6.034375
20515 6.034375
20516 6.034375
20517 6.034375
20518 6.034375
20519 6.034375
20520 6.034375
20521 6.034375
20522 6.034375
20523 6.034375
20524 6.034375
20525 6.034375
20526 6.034375
20527 6.034375
20528 6.034375
20529 6.034375
20530 6.034375
20531 6.034375
20532 6.034375
20533 6.034375
20534 6.034375
20535 6.034375
20536 6.034375
20537 6.034375
20538 6.034375
20539 6.034375
20540 6.034375
20541 6.034375
20542 6.034375
20543 6.034375
20544 6.034375
20545 6.034375
20546 6.034375
20547 6.034375
20548 6.034375
20549 6.034375
20550 6.034375
20551 6.034375
20552 6.034375
20553 6.034375
20554 6.034375
20555 6.034375
20556 6.034375
20557 6.034375
20558 6.034375
20559 6.034375
20560 6.034375
20561 6.034375
20562 6.034375
20563 6.034375
20564 6.034375
20565 6.034375
20566 6.034375
20567 6.034375
20568 6.034375
20569 6.034375
20570 6.034375
20571 6.034375
20572 6.034375
20573 6.034375
20574 6.034375
20575 6.034375
20576 6.034375
20577 6.034375
20578 6.034375
20579 6.034375
20580 6.034375
20581 6.034375
20582 6.034375
20583 6.034375
20584 6.034375
20585 6.034375
20586 6.034375
20587 6.034375
20588 6.034375
20589 6.034375
20590 6.034375
20591 6.034375
20592 6.034375
20593 6.034375
20594 6.034375
20595 6.034375
20596 6.034375
20597 6.034375
20598 6.034375
20599 6.034375
20600 6.034375
20601 6.034375
20602 6.034375
20603 6.034375
20604 6.034375
20605 6.034375
20606 6.034375
20607 6.034375
20608 6.034375
20609 6.034375
20610 6.034375
20611 6.034375
20612 6.034375
20613 6.034375
20614 6.034375
20615 6.034375
20616 6.034375
20617 6.034375
20618 6.034375
20619 6.034375
20620 6.034375
20621 6.034375
20622 6.034375
20623 6.034375
20624 6.034375
20625 6.034375
20626 6.034375
20627 6.034375
20628 6.034375
20629 6.034375
20630 6.034375
20631 6.034375
20632 6.034375
20633 6.034375
20634 6.034375
20635 6.034375
20636 6.034375
20637 6.034375
20638 6.034375
20639 6.034375
20640 6.034375
20641 6.034375
20642 6.034375
20643 6.034375
20644 6.034375
20645 6.034375
20646 6.034375
20647 6.034375
20648 6.034375
20649 6.034375
20650 6.034375
20651 6.034375
20652 6.034375
20653 6.034375
20654 6.034375
20655 6.034375
20656 6.034375
20657 6.034375
20658 6.034375
20659 6.034375
20660 6.034375
20661 6.034375
20662 6.034375
20663 6.034375
20664 6.034375
20665 6.034375
20666 6.034375
20667 6.034375
20668 6.034375
20669 6.034375
20670 6.034375
20671 6.034375
20672 6.034375
20673 6.034375
20674 6.034375
20675 6.034375
20676 6.034375
20677 6.034375
20678 6.034375
20679 6.034375
20680 6.034375
20681 6.034375
20682 6.034375
20683 6.034375
20684 6.034375
20685 6.034375
20686 6.034375
20687 6.034375
20688 6.034375
20689 6.034375
20690 6.034375
20691 6.034375
20692 6.034375
20693 6.034375
20694 6.034375
20695 6.034375
20696 6.034375
20697 6.034375
20698 6.034375
20699 6.034375
20700 6.034375
20701 6.034375
20702 6.034375
20703 6.034375
20704 6.034375
20705 6.034375
20706 6.034375
20707 6.034375
20708 6.034375
20709 6.034375
20710 6.034375
20711 6.034375
20712 6.034375
20713 6.034375
20714 6.034375
20715 6.034375
20716 6.034375
20717 6.034375
20718 6.034375
20719 6.034375
20720 6.034375
20721 6.034375
20722 6.034375
20723 6.034375
20724 6.034375
20725 6.034375
20726 6.034375
20727 6.034375
20728 6.034375
20729 6.034375
20730 6.034375
20731 6.034375
20732 6.034375
20733 6.034375
20734 6.034375
20735 6.034375
20736 6.034375
20737 6.034375
20738 6.034375
20739 6.034375
20740 6.034375
20741 6.034375
20742 6.034375
20743 6.034375
20744 6.034375
20745 6.034375
20746 6.034375
20747 6.034375
20748 6.034375
20749 6.034375
20750 6.034375
20751 6.034375
20752 6.034375
20753 6.034375
20754 6.034375
20755 6.034375
20756 6.034375
20757 6.034375
20758 6.034375
20759 6.034375
20760 6.034375
20761 6.034375
20762 6.034375
20763 6.034375
20764 6.034375
20765 6.034375
20766 6.034375
20767 6.034375
20768 6.034375
20769 6.034375
20770 6.034375
20771 6.034375
20772 6.034375
20773 6.034375
20774 6.034375
20775 6.034375
20776 6.034375
20777 6.034375
20778 6.034375
20779 6.034375
20780 6.034375
20781 6.034375
20782 6.034375
20783 6.034375
20784 6.034375
20785 6.034375
20786 6.034375
20787 6.034375
20788 6.034375
20789 6.034375
20790 6.034375
20791 6.034375
20792 6.034375
20793 6.034375
20794 6.034375
20795 6.034375
20796 6.034375
20797 6.034375
20798 6.034375
20799 6.034375
20800 6.034375
20801 6.034375
20802 6.034375
20803 6.034375
20804 6.034375
20805 6.034375
20806 6.034375
20807 6.034375
20808 6.034375
20809 6.034375
20810 6.034375
20811 6.034375
20812 6.034375
20813 6.034375
20814 6.034375
20815 6.034375
20816 6.034375
20817 6.034375
20818 6.034375
20819 6.034375
20820 6.034375
20821 6.034375
20822 6.034375
20823 6.034375
20824 6.034375
20825 6.034375
20826 6.034375
20827 6.034375
20828 6.034375
20829 6.034375
20830 6.034375
20831 6.034375
20832 6.034375
20833 6.034375
20834 6.034375
20835 6.034375
20836 6.034375
20837 6.034375
20838 6.034375
20839 6.034375
20840 6.034375
20841 6.034375
20842 6.034375
20843 6.034375
20844 6.034375
20845 6.034375
20846 6.034375
20847 6.034375
20848 6.034375
20849 6.034375
20850 6.034375
20851 6.034375
20852 6.034375
20853 6.034375
20854 6.034375
20855 6.034375
20856 6.034375
20857 6.034375
20858 6.034375
20859 6.034375
20860 6.034375
20861 6.034375
20862 6.034375
20863 6.034375
20864 6.034375
20865 6.034375
20866 6.034375
20867 6.034375
20868 6.034375
20869 6.034375
20870 6.034375
20871 6.034375
20872 6.034375
20873 6.034375
20874 6.034375
20875 6.034375
20876 6.034375
20877 6.034375
20878 6.034375
20879 6.034375
20880 6.034375
20881 6.034375
20882 6.034375
20883 6.034375
20884 6.034375
20885 6.034375
20886 6.034375
20887 6.034375
20888 6.034375
20889 6.034375
20890 6.034375
20891 6.034375
20892 6.034375
20893 6.034375
20894 6.034375
20895 6.034375
20896 6.034375
20897 6.034375
20898 6.034375
20899 6.034375
20900 6.034375
20901 6.034375
20902 6.034375
20903 6.034375
20904 6.034375
20905 6.034375
20906 6.034375
20907 6.034375
20908 6.034375
20909 6.034375
20910 6.034375
20911 6.034375
20912 6.034375
20913 6.034375
20914 6.034375
20915 6.034375
20916 6.034375
20917 6.034375
20918 6.034375
20919 6.034375
20920 6.034375
20921 6.034375
20922 6.034375
20923 6.034375
20924 6.034375
20925 6.034375
20926 6.034375
20927 6.034375
20928 6.034375
20929 6.034375
20930 6.034375
20931 6.034375
20932 6.034375
20933 6.034375
20934 6.034375
20935 6.034375
20936 6.034375
20937 6.034375
20938 6.034375
20939 6.034375
20940 6.034375
20941 6.034375
20942 6.034375
20943 6.034375
20944 6.034375
20945 6.034375
20946 6.034375
20947 6.034375
20948 6.034375
20949 6.034375
20950 6.034375
20951 6.034375
20952 6.034375
20953 6.034375
20954 6.034375
20955 6.034375
20956 6.034375
20957 6.034375
20958 6.034375
20959 6.034375
20960 6.034375
20961 6.034375
20962 6.034375
20963 6.034375
20964 6.034375
20965 6.034375
20966 6.034375
20967 6.034375
20968 6.034375
20969 6.034375
20970 6.034375
20971 6.034375
20972 6.034375
20973 6.034375
20974 6.034375
20975 6.034375
20976 6.034375
20977 6.034375
20978 6.034375
20979 6.034375
20980 6.034375
20981 6.034375
20982 6.034375
20983 6.034375
20984 6.034375
20985 6.034375
20986 6.034375
20987 6.034375
20988 6.034375
20989 6.034375
20990 6.034375
20991 6.034375
20992 6.034375
20993 6.034375
20994 6.034375
20995 6.034375
20996 6.034375
20997 6.034375
20998 6.034375
20999 6.034375
21000 6.034375
21001 6.034375
21002 6.034375
21003 6.034375
21004 6.034375
21005 6.034375
21006 6.034375
21007 6.034375
21008 6.034375
21009 6.034375
21010 6.034375
21011 6.034375
21012 6.034375
21013 6.034375
21014 6.034375
21015 6.034375
21016 6.034375
21017 6.034375
21018 6.034375
21019 6.034375
21020 6.034375
21021 6.034375
21022 6.034375
21023 6.034375
21024 6.034375
21025 6.034375
21026 6.034375
21027 6.034375
21028 6.034375
21029 6.034375
21030 6.034375
21031 6.034375
21032 6.034375
21033 6.034375
21034 6.034375
21035 6.034375
21036 6.034375
21037 6.034375
21038 6.034375
21039 6.034375
21040 6.034375
21041 6.034375
21042 6.034375
21043 6.034375
21044 6.034375
21045 6.034375
21046 6.034375
21047 6.034375
21048 6.034375
21049 6.034375
21050 6.034375
21051 6.034375
21052 6.034375
21053 6.034375
21054 6.034375
21055 6.034375
21056 6.034375
21057 6.034375
21058 6.034375
21059 6.034375
21060 6.034375
21061 6.034375
21062 6.034375
21063 6.034375
21064 6.034375
21065 6.034375
21066 6.034375
21067 6.034375
21068 6.034375
21069 6.034375
21070 6.034375
21071 6.034375
21072 6.034375
21073 6.034375
21074 6.034375
21075 6.034375
21076 6.034375
21077 6.034375
21078 6.034375
21079 6.034375
21080 6.034375
21081 6.034375
21082 6.034375
21083 6.034375
21084 6.034375
21085 6.034375
21086 6.034375
21087 6.034375
21088 6.034375
21089 6.034375
21090 6.034375
21091 6.034375
21092 6.034375
21093 6.034375
21094 6.034375
21095 6.034375
21096 6.034375
21097 6.034375
21098 6.034375
21099 6.034375
21100 6.034375
21101 6.034375
21102 6.034375
21103 6.034375
21104 6.034375
21105 6.034375
21106 6.034375
21107 6.034375
21108 6.034375
21109 6.034375
21110 6.034375
21111 6.034375
21112 6.034375
21113 6.034375
21114 6.034375
21115 6.034375
21116 6.034375
21117 6.034375
21118 6.034375
21119 6.034375
21120 6.034375
21121 6.034375
21122 6.034375
21123 6.034375
21124 6.034375
21125 6.034375
21126 6.034375
21127 6.034375
21128 6.034375
21129 6.034375
21130 6.034375
21131 6.034375
21132 6.034375
21133 6.034375
21134 6.034375
21135 6.034375
21136 6.034375
21137 6.034375
21138 6.034375
21139 6.034375
21140 6.034375
21141 6.034375
21142 6.034375
21143 6.034375
21144 6.034375
21145 6.034375
21146 6.034375
21147 6.034375
21148 6.034375
21149 6.034375
21150 6.034375
21151 6.034375
21152 6.034375
21153 6.034375
21154 6.034375
21155 6.034375
21156 6.034375
21157 6.034375
21158 6.034375
21159 6.034375
21160 6.034375
21161 6.034375
21162 6.034375
21163 6.034375
21164 6.034375
21165 6.034375
21166 6.034375
21167 6.034375
21168 6.034375
21169 6.034375
21170 6.034375
21171 6.034375
21172 6.034375
21173 6.034375
21174 6.034375
21175 6.034375
21176 6.034375
21177 6.034375
21178 6.034375
21179 6.034375
21180 6.034375
21181 6.034375
21182 6.034375
21183 6.034375
21184 6.034375
21185 6.034375
21186 6.034375
21187 6.034375
21188 6.034375
21189 6.034375
21190 6.034375
21191 6.034375
21192 6.034375
21193 6.034375
21194 6.034375
21195 6.034375
21196 6.034375
21197 6.034375
21198 6.034375
21199 6.034375
21200 6.034375
21201 6.034375
21202 6.034375
21203 6.034375
21204 6.034375
21205 6.034375
21206 6.034375
21207 6.034375
21208 6.034375
21209 6.034375
21210 6.034375
21211 6.034375
21212 6.034375
21213 6.034375
21214 6.034375
21215 6.034375
21216 6.034375
21217 6.034375
21218 6.034375
21219 6.034375
21220 6.034375
21221 6.034375
21222 6.034375
21223 6.034375
21224 6.034375
21225 6.034375
21226 6.034375
21227 6.034375
21228 6.034375
21229 6.034375
21230 6.034375
21231 6.034375
21232 6.034375
21233 6.034375
21234 6.034375
21235 6.034375
21236 6.034375
21237 6.034375
21238 6.034375
21239 6.034375
21240 6.034375
21241 6.034375
21242 6.034375
21243 6.034375
21244 6.034375
21245 6.034375
21246 6.034375
21247 6.034375
21248 6.034375
21249 6.034375
21250 6.034375
21251 6.034375
21252 6.034375
21253 6.034375
21254 6.034375
21255 6.034375
21256 6.034375
21257 6.034375
21258 6.034375
21259 6.034375
21260 6.034375
21261 6.034375
21262 6.034375
21263 6.034375
21264 6.034375
21265 6.034375
21266 6.034375
21267 6.034375
21268 6.034375
21269 6.034375
21270 6.034375
21271 6.034375
21272 6.034375
21273 6.034375
21274 6.034375
21275 6.034375
21276 6.034375
21277 6.034375
21278 6.034375
21279 6.034375
21280 6.034375
21281 6.034375
21282 6.034375
21283 6.034375
21284 6.034375
21285 6.034375
21286 6.034375
21287 6.034375
21288 6.034375
21289 6.034375
21290 6.034375
21291 6.034375
21292 6.034375
21293 6.034375
21294 6.034375
21295 6.034375
21296 6.034375
21297 6.034375
21298 6.034375
21299 6.034375
21300 6.034375
21301 6.034375
21302 6.034375
21303 6.034375
21304 6.034375
21305 6.034375
21306 6.034375
21307 6.034375
21308 6.034375
21309 6.034375
21310 6.034375
21311 6.034375
21312 6.034375
21313 6.034375
21314 6.034375
21315 6.034375
21316 6.034375
21317 6.034375
21318 6.034375
21319 6.034375
21320 6.034375
21321 6.034375
21322 6.034375
21323 6.034375
21324 6.034375
21325 6.034375
21326 6.034375
21327 6.034375
21328 6.034375
21329 6.034375
21330 6.034375
21331 6.034375
21332 6.034375
21333 6.034375
21334 6.034375
21335 6.034375
21336 6.034375
21337 6.034375
21338 6.034375
21339 6.034375
21340 6.034375
21341 6.034375
21342 6.034375
21343 6.034375
21344 6.034375
21345 6.034375
21346 6.034375
21347 6.034375
21348 6.034375
21349 6.034375
21350 6.034375
21351 6.034375
21352 6.034375
21353 6.034375
21354 6.034375
21355 6.034375
21356 6.034375
21357 6.034375
21358 6.034375
21359 6.034375
21360 6.034375
21361 6.034375
21362 6.034375
21363 6.034375
21364 6.034375
21365 6.034375
21366 6.034375
21367 6.034375
21368 6.034375
21369 6.034375
21370 6.034375
21371 6.034375
21372 6.034375
21373 6.034375
21374 6.034375
21375 6.034375
21376 6.034375
21377 6.034375
21378 6.034375
21379 6.034375
21380 6.034375
21381 6.034375
21382 6.034375
21383 6.034375
21384 6.034375
21385 6.034375
21386 6.034375
21387 6.034375
21388 6.034375
21389 6.034375
21390 6.034375
21391 6.034375
21392 6.034375
21393 6.034375
21394 6.034375
21395 6.034375
21396 6.034375
21397 6.034375
21398 6.034375
21399 6.034375
21400 6.034375
21401 6.034375
21402 6.034375
21403 6.034375
21404 6.034375
21405 6.034375
21406 6.034375
21407 6.034375
21408 6.034375
21409 6.034375
21410 6.034375
21411 6.034375
21412 6.034375
21413 6.034375
21414 6.034375
21415 6.034375
21416 6.034375
21417 6.034375
21418 6.034375
21419 6.034375
21420 6.034375
21421 6.034375
21422 6.034375
21423 6.034375
21424 6.034375
21425 6.034375
21426 6.034375
21427 6.034375
21428 6.034375
21429 6.034375
21430 6.034375
21431 6.034375
21432 6.034375
21433 6.034375
21434 6.034375
21435 6.034375
21436 6.034375
21437 6.034375
21438 6.034375
21439 6.034375
21440 6.034375
21441 6.034375
21442 6.034375
21443 6.034375
21444 6.034375
21445 6.034375
21446 6.034375
21447 6.034375
21448 6.034375
21449 6.034375
21450 6.034375
21451 6.034375
21452 6.034375
21453 6.034375
21454 6.034375
21455 6.034375
21456 6.034375
21457 6.034375
21458 6.034375
21459 6.034375
21460 6.034375
21461 6.034375
21462 6.034375
21463 6.034375
21464 6.034375
21465 6.034375
21466 6.034375
21467 6.034375
21468 6.034375
21469 6.034375
21470 6.034375
21471 6.034375
21472 6.034375
21473 6.034375
21474 6.034375
21475 6.034375
21476 6.034375
21477 6.034375
21478 6.034375
21479 6.034375
21480 6.034375
21481 6.034375
21482 6.034375
21483 6.034375
21484 6.034375
21485 6.034375
21486 6.034375
21487 6.034375
21488 6.034375
21489 6.034375
21490 6.034375
21491 6.034375
21492 6.034375
21493 6.034375
21494 6.034375
21495 6.034375
21496 6.034375
21497 6.034375
21498 6.034375
21499 6.034375
21500 6.034375
21501 6.034375
21502 6.034375
21503 6.034375
21504 6.034375
21505 6.034375
21506 6.034375
21507 6.034375
21508 6.034375
21509 6.034375
21510 6.034375
21511 6.034375
21512 6.034375
21513 6.034375
21514 6.034375
21515 6.034375
21516 6.034375
21517 6.034375
21518 6.034375
21519 6.034375
21520 6.034375
21521 6.034375
21522 6.034375
21523 6.034375
21524 6.034375
21525 6.034375
21526 6.034375
21527 6.034375
21528 6.034375
21529 6.034375
21530 6.034375
21531 6.034375
21532 6.034375
21533 6.034375
21534 6.034375
21535 6.034375
21536 6.034375
21537 6.034375
21538 6.034375
21539 6.034375
21540 6.034375
21541 6.034375
21542 6.034375
21543 6.034375
21544 6.034375
21545 6.034375
21546 6.034375
21547 6.034375
21548 6.034375
21549 6.034375
21550 6.034375
21551 6.034375
21552 6.034375
21553 6.034375
21554 6.034375
21555 6.034375
21556 6.034375
21557 6.034375
21558 6.034375
21559 6.034375
21560 6.034375
21561 6.034375
21562 6.034375
21563 6.034375
21564 6.034375
21565 6.034375
21566 6.034375
21567 6.034375
21568 6.034375
21569 6.034375
21570 6.034375
21571 6.034375
21572 6.034375
21573 6.034375
21574 6.034375
21575 6.034375
21576 6.034375
21577 6.034375
21578 6.034375
21579 6.034375
21580 6.034375
21581 6.034375
21582 6.034375
21583 6.034375
21584 6.034375
21585 6.034375
21586 6.034375
21587 6.034375
21588 6.034375
21589 6.034375
21590 6.034375
21591 6.034375
21592 6.034375
21593 6.034375
21594 6.034375
21595 6.034375
21596 6.034375
21597 6.034375
21598 6.034375
21599 6.034375
21600 6.034375
21601 6.034375
21602 6.034375
21603 6.034375
21604 6.034375
21605 6.034375
21606 6.034375
21607 6.034375
21608 6.034375
21609 6.034375
21610 6.034375
21611 6.034375
21612 6.034375
21613 6.034375
21614 6.034375
21615 6.034375
21616 6.034375
21617 6.034375
21618 6.034375
21619 6.034375
21620 6.034375
21621 6.034375
21622 6.034375
21623 6.034375
21624 6.034375
21625 6.034375
21626 6.034375
21627 6.034375
21628 6.034375
21629 6.034375
21630 6.034375
21631 6.034375
21632 6.034375
21633 6.034375
21634 6.034375
21635 6.034375
21636 6.034375
21637 6.034375
21638 6.034375
21639 6.034375
21640 6.034375
21641 6.034375
21642 6.034375
21643 6.034375
21644 6.034375
21645 6.034375
21646 6.034375
21647 6.034375
21648 6.034375
21649 6.034375
21650 6.034375
21651 6.034375
21652 6.034375
21653 6.034375
21654 6.034375
21655 6.034375
21656 6.034375
21657 6.034375
21658 6.034375
21659 6.034375
21660 6.034375
21661 6.034375
21662 6.034375
21663 6.034375
21664 6.034375
21665 6.034375
21666 6.034375
21667 6.034375
21668 6.034375
21669 6.034375
21670 6.034375
21671 6.034375
21672 6.034375
21673 6.034375
21674 6.034375
21675 6.034375
21676 6.034375
21677 6.034375
21678 6.034375
21679 6.034375
21680 6.034375
21681 6.034375
21682 6.034375
21683 6.034375
21684 6.034375
21685 6.034375
21686 6.034375
21687 6.034375
21688 6.034375
21689 6.034375
21690 6.034375
21691 6.034375
21692 6.034375
21693 6.034375
21694 6.034375
21695 6.034375
21696 6.034375
21697 6.034375
21698 6.034375
21699 6.034375
21700 6.034375
21701 6.034375
21702 6.034375
21703 6.034375
21704 6.034375
21705 6.034375
21706 6.034375
21707 6.034375
21708 6.034375
21709 6.034375
21710 6.034375
21711 6.034375
21712 6.034375
21713 6.034375
21714 6.034375
21715 6.034375
21716 6.034375
21717 6.034375
21718 6.034375
21719 6.034375
21720 6.034375
21721 6.034375
21722 6.034375
21723 6.034375
21724 6.034375
21725 6.034375
21726 6.034375
21727 6.034375
21728 6.034375
21729 6.034375
21730 6.034375
21731 6.034375
21732 6.034375
21733 6.034375
21734 6.034375
21735 6.034375
21736 6.034375
21737 6.034375
21738 6.034375
21739 6.034375
21740 6.034375
21741 6.034375
21742 6.034375
21743 6.034375
21744 6.034375
21745 6.034375
21746 6.034375
21747 6.034375
21748 6.034375
21749 6.034375
21750 6.034375
21751 6.034375
21752 6.034375
21753 6.034375
21754 6.034375
21755 6.034375
21756 6.034375
21757 6.034375
21758 6.034375
21759 6.034375
21760 6.034375
21761 6.034375
21762 6.034375
21763 6.034375
21764 6.034375
21765 6.034375
21766 6.034375
21767 6.034375
21768 6.034375
21769 6.034375
21770 6.034375
21771 6.034375
21772 6.034375
21773 6.034375
21774 6.034375
21775 6.034375
21776 6.034375
21777 6.034375
21778 6.034375
21779 6.034375
21780 6.034375
21781 6.034375
21782 6.034375
21783 6.034375
21784 6.034375
21785 6.034375
21786 6.034375
21787 6.034375
21788 6.034375
21789 6.034375
21790 6.034375
21791 6.034375
21792 6.034375
21793 6.034375
21794 6.034375
21795 6.034375
21796 6.034375
21797 6.034375
21798 6.034375
21799 6.034375
21800 6.034375
21801 6.034375
21802 6.034375
21803 6.034375
21804 6.034375
21805 6.034375
21806 6.034375
21807 6.034375
21808 6.034375
21809 6.034375
21810 6.034375
21811 6.034375
21812 6.034375
21813 6.034375
21814 6.034375
21815 6.034375
21816 6.034375
21817 6.034375
21818 6.034375
21819 6.034375
21820 6.034375
21821 6.034375
21822 6.034375
21823 6.034375
21824 6.034375
21825 6.034375
21826 6.034375
21827 6.034375
21828 6.034375
21829 6.034375
21830 6.034375
21831 6.034375
21832 6.034375
21833 6.034375
21834 6.034375
21835 6.034375
21836 6.034375
21837 6.034375
21838 6.034375
21839 6.034375
21840 6.034375
21841 6.034375
21842 6.034375
21843 6.034375
21844 6.034375
21845 6.034375
21846 6.034375
21847 6.034375
21848 6.034375
21849 6.034375
21850 6.034375
21851 6.034375
21852 6.034375
21853 6.034375
21854 6.034375
21855 6.034375
21856 6.034375
21857 6.034375
21858 6.034375
21859 6.034375
21860 6.034375
21861 6.034375
21862 6.034375
21863 6.034375
21864 6.034375
21865 6.034375
21866 6.034375
21867 6.034375
21868 6.034375
21869 6.034375
21870 6.034375
21871 6.034375
21872 6.034375
21873 6.034375
21874 6.034375
21875 6.034375
21876 6.034375
21877 6.034375
21878 6.034375
21879 6.034375
21880 6.034375
21881 6.034375
21882 6.034375
21883 6.034375
21884 6.034375
21885 6.034375
21886 6.034375
21887 6.034375
21888 6.034375
21889 6.034375
21890 6.034375
21891 6.034375
21892 6.034375
21893 6.034375
21894 6.034375
21895 6.034375
21896 6.034375
21897 6.034375
21898 6.034375
21899 6.034375
21900 6.034375
21901 6.034375
21902 6.034375
21903 6.034375
21904 6.034375
21905 6.034375
21906 6.034375
21907 6.034375
21908 6.034375
21909 6.034375
21910 6.034375
21911 6.034375
21912 6.034375
21913 6.034375
21914 6.034375
21915 6.034375
21916 6.034375
21917 6.034375
21918 6.034375
21919 6.034375
21920 6.034375
21921 6.034375
21922 6.034375
21923 6.034375
21924 6.034375
21925 6.034375
21926 6.034375
21927 6.034375
21928 6.034375
21929 6.034375
21930 6.034375
21931 6.034375
21932 6.034375
21933 6.034375
21934 6.034375
21935 6.034375
21936 6.034375
21937 6.034375
21938 6.034375
21939 6.034375
21940 6.034375
21941 6.034375
21942 6.034375
21943 6.034375
21944 6.034375
21945 6.034375
21946 6.034375
21947 6.034375
21948 6.034375
21949 6.034375
21950 6.034375
21951 6.034375
21952 6.034375
21953 6.034375
21954 6.034375
21955 6.034375
21956 6.034375
21957 6.034375
21958 6.034375
21959 6.034375
21960 6.034375
21961 6.034375
21962 6.034375
21963 6.034375
21964 6.034375
21965 6.034375
21966 6.034375
21967 6.034375
21968 6.034375
21969 6.034375
21970 6.034375
21971 6.034375
21972 6.034375
21973 6.034375
21974 6.034375
21975 6.034375
21976 6.034375
21977 6.034375
21978 6.034375
21979 6.034375
21980 6.034375
21981 6.034375
21982 6.034375
21983 6.034375
21984 6.034375
21985 6.034375
21986 6.034375
21987 6.034375
21988 6.034375
21989 6.034375
21990 6.034375
21991 6.034375
21992 6.034375
21993 6.034375
21994 6.034375
21995 6.034375
21996 6.034375
21997 6.034375
21998 6.034375
21999 6.034375
22000 6.034375
22001 6.034375
22002 6.034375
22003 6.034375
22004 6.034375
22005 6.034375
22006 6.034375
22007 6.034375
22008 6.034375
22009 6.034375
22010 6.034375
22011 6.034375
22012 6.034375
22013 6.034375
22014 6.034375
22015 6.034375
22016 6.034375
22017 6.034375
22018 6.034375
22019 6.034375
22020 6.034375
22021 6.034375
22022 6.034375
22023 6.034375
22024 6.034375
22025 6.034375
22026 6.034375
22027 6.034375
22028 6.034375
22029 6.034375
22030 6.034375
22031 6.034375
22032 6.034375
22033 6.034375
22034 6.034375
22035 6.034375
22036 6.034375
22037 6.034375
22038 6.034375
22039 6.034375
22040 6.034375
22041 6.034375
22042 6.034375
22043 6.034375
22044 6.034375
22045 6.034375
22046 6.034375
22047 6.034375
22048 6.034375
22049 6.034375
22050 6.034375
22051 6.034375
22052 6.034375
22053 6.034375
22054 6.034375
22055 6.034375
22056 6.034375
22057 6.034375
22058 6.034375
22059 6.034375
22060 6.034375
22061 6.034375
22062 6.034375
22063 6.034375
22064 6.034375
22065 6.034375
22066 6.034375
22067 6.034375
22068 6.034375
22069 6.034375
22070 6.034375
22071 6.034375
22072 6.034375
22073 6.034375
22074 6.034375
22075 6.034375
22076 6.034375
22077 6.034375
22078 6.034375
22079 6.034375
22080 6.034375
22081 6.034375
22082 6.034375
22083 6.034375
22084 6.034375
22085 6.034375
22086 6.034375
22087 6.034375
22088 6.034375
22089 6.034375
22090 6.034375
22091 6.034375
22092 6.034375
22093 6.034375
22094 6.034375
22095 6.034375
22096 6.034375
22097 6.034375
22098 6.034375
22099 6.034375
22100 6.034375
22101 6.034375
22102 6.034375
22103 6.034375
22104 6.034375
22105 6.034375
22106 6.034375
22107 6.034375
22108 6.034375
22109 6.034375
22110 6.034375
22111 6.034375
22112 6.034375
22113 6.034375
22114 6.034375
22115 6.034375
22116 6.034375
22117 6.034375
22118 6.034375
22119 6.034375
22120 6.034375
22121 6.034375
22122 6.034375
22123 6.034375
22124 6.034375
22125 6.034375
22126 6.034375
22127 6.034375
22128 6.034375
22129 6.034375
22130 6.034375
22131 6.034375
22132 6.034375
22133 6.034375
22134 6.034375
22135 6.034375
22136 6.034375
22137 6.034375
22138 6.034375
22139 6.034375
22140 6.034375
22141 6.034375
22142 6.034375
22143 6.034375
22144 6.034375
22145 6.034375
22146 6.034375
22147 6.034375
22148 6.034375
22149 6.034375
22150 6.034375
22151 6.034375
22152 6.034375
22153 6.034375
22154 6.034375
22155 6.034375
22156 6.034375
22157 6.034375
22158 6.034375
22159 6.034375
22160 6.034375
22161 6.034375
22162 6.034375
22163 6.034375
22164 6.034375
22165 6.034375
22166 6.034375
22167 6.034375
22168 6.034375
22169 6.034375
22170 6.034375
22171 6.034375
22172 6.034375
22173 6.034375
22174 6.034375
22175 6.034375
22176 6.034375
22177 6.034375
22178 6.034375
22179 6.034375
22180 6.034375
22181 6.034375
22182 6.034375
22183 6.034375
22184 6.034375
22185 6.034375
22186 6.034375
22187 6.034375
22188 6.034375
22189 6.034375
22190 6.034375
22191 6.034375
22192 6.034375
22193 6.034375
22194 6.034375
22195 6.034375
22196 6.034375
22197 6.034375
22198 6.034375
22199 6.034375
22200 6.034375
22201 6.034375
22202 6.034375
22203 6.034375
22204 6.034375
22205 6.034375
22206 6.034375
22207 6.034375
22208 6.034375
22209 6.034375
22210 6.034375
22211 6.034375
22212 6.034375
22213 6.034375
22214 6.034375
22215 6.034375
22216 6.034375
22217 6.034375
22218 6.034375
22219 6.034375
22220 6.034375
22221 6.034375
22222 6.034375
22223 6.034375
22224 6.034375
22225 6.034375
22226 6.034375
22227 6.034375
22228 6.034375
22229 6.034375
22230 6.034375
22231 6.034375
22232 6.034375
22233 6.034375
22234 6.034375
22235 6.034375
22236 6.034375
22237 6.034375
22238 6.034375
22239 6.034375
22240 6.034375
22241 6.034375
22242 6.034375
22243 6.034375
22244 6.034375
22245 6.034375
22246 6.034375
22247 6.034375
22248 6.034375
22249 6.034375
22250 6.034375
22251 6.034375
22252 6.034375
22253 6.034375
22254 6.034375
22255 6.034375
22256 6.034375
22257 6.034375
22258 6.034375
22259 6.034375
22260 6.034375
22261 6.034375
22262 6.034375
22263 6.034375
22264 6.034375
22265 6.034375
22266 6.034375
22267 6.034375
22268 6.034375
22269 6.034375
22270 6.034375
22271 6.034375
22272 6.034375
22273 6.034375
22274 6.034375
22275 6.034375
22276 6.034375
22277 6.034375
22278 6.034375
22279 6.034375
22280 6.034375
22281 6.034375
22282 6.034375
22283 6.034375
22284 6.034375
22285 6.034375
22286 6.034375
22287 6.034375
22288 6.034375
22289 6.034375
22290 6.034375
22291 6.034375
22292 6.034375
22293 6.034375
22294 6.034375
22295 6.034375
22296 6.034375
22297 6.034375
22298 6.034375
22299 6.034375
22300 6.034375
22301 6.034375
22302 6.034375
22303 6.034375
22304 6.034375
22305 6.034375
22306 6.034375
22307 6.034375
22308 6.034375
22309 6.034375
22310 6.034375
22311 6.034375
22312 6.034375
22313 6.034375
22314 6.034375
22315 6.034375
22316 6.034375
22317 6.034375
22318 6.034375
22319 6.034375
22320 6.034375
22321 6.034375
22322 6.034375
22323 6.034375
22324 6.034375
22325 6.034375
22326 6.034375
22327 6.034375
22328 6.034375
22329 6.034375
22330 6.034375
22331 6.034375
22332 6.034375
22333 6.034375
22334 6.034375
22335 6.034375
22336 6.034375
22337 6.034375
22338 6.034375
22339 6.034375
22340 6.034375
22341 6.034375
22342 6.034375
22343 6.034375
22344 6.034375
22345 6.034375
22346 6.034375
22347 6.034375
22348 6.034375
22349 6.034375
22350 6.034375
22351 6.034375
22352 6.034375
22353 6.034375
22354 6.034375
22355 6.034375
22356 6.034375
22357 6.034375
22358 6.034375
22359 6.034375
22360 6.034375
22361 6.034375
22362 6.034375
22363 6.034375
22364 6.034375
22365 6.034375
22366 6.034375
22367 6.034375
22368 6.034375
22369 6.034375
22370 6.034375
22371 6.034375
22372 6.034375
22373 6.034375
22374 6.034375
22375 6.034375
22376 6.034375
22377 6.034375
22378 6.034375
22379 6.034375
22380 6.034375
22381 6.034375
22382 6.034375
22383 6.034375
22384 6.034375
22385 6.034375
22386 6.034375
22387 6.034375
22388 6.034375
22389 6.034375
22390 6.034375
22391 6.034375
22392 6.034375
22393 6.034375
22394 6.034375
22395 6.034375
22396 6.034375
22397 6.034375
22398 6.034375
22399 6.034375
22400 6.034375
22401 6.034375
22402 6.034375
22403 6.034375
22404 6.034375
22405 6.034375
22406 6.034375
22407 6.034375
22408 6.034375
22409 6.034375
22410 6.034375
22411 6.034375
22412 6.034375
22413 6.034375
22414 6.034375
22415 6.034375
22416 6.034375
22417 6.034375
22418 6.034375
22419 6.034375
22420 6.034375
22421 6.034375
22422 6.034375
22423 6.034375
22424 6.034375
22425 6.034375
22426 6.034375
22427 6.034375
22428 6.034375
22429 6.034375
22430 6.034375
22431 6.034375
22432 6.034375
22433 6.034375
22434 6.034375
22435 6.034375
22436 6.034375
22437 6.034375
22438 6.034375
22439 6.034375
22440 6.034375
22441 6.034375
22442 6.034375
22443 6.034375
22444 6.034375
22445 6.034375
22446 6.034375
22447 6.034375
22448 6.034375
22449 6.034375
22450 6.034375
22451 6.034375
22452 6.034375
22453 6.034375
22454 6.034375
22455 6.034375
22456 6.034375
22457 6.034375
22458 6.034375
22459 6.034375
22460 6.034375
22461 6.034375
22462 6.034375
22463 6.034375
22464 6.034375
22465 6.034375
22466 6.034375
22467 6.034375
22468 6.034375
22469 6.034375
22470 6.034375
22471 6.034375
22472 6.034375
22473 6.034375
22474 6.034375
22475 6.034375
22476 6.034375
22477 6.034375
22478 6.034375
22479 6.034375
22480 6.034375
22481 6.034375
22482 6.034375
22483 6.034375
22484 6.034375
22485 6.034375
22486 6.034375
22487 6.034375
22488 6.034375
22489 6.034375
22490 6.034375
22491 6.034375
22492 6.034375
22493 6.034375
22494 6.034375
22495 6.034375
22496 6.034375
22497 6.034375
22498 6.034375
22499 6.034375
22500 6.034375
22501 6.034375
22502 6.034375
22503 6.034375
22504 6.034375
22505 6.034375
22506 6.034375
22507 6.034375
22508 6.034375
22509 6.034375
22510 6.034375
22511 6.034375
22512 6.034375
22513 6.034375
22514 6.034375
22515 6.034375
22516 6.034375
22517 6.034375
22518 6.034375
22519 6.034375
22520 6.034375
22521 6.034375
22522 6.034375
22523 6.034375
22524 6.034375
22525 6.034375
22526 6.034375
22527 6.034375
22528 6.034375
22529 6.034375
22530 6.034375
22531 6.034375
22532 6.034375
22533 6.034375
22534 6.034375
22535 6.034375
22536 6.034375
22537 6.034375
22538 6.034375
22539 6.034375
22540 6.034375
22541 6.034375
22542 6.034375
22543 6.034375
22544 6.034375
22545 6.034375
22546 6.034375
22547 6.034375
22548 6.034375
22549 6.034375
22550 6.034375
22551 6.034375
22552 6.034375
22553 6.034375
22554 6.034375
22555 6.034375
22556 6.034375
22557 6.034375
22558 6.034375
22559 6.034375
22560 6.034375
22561 6.034375
22562 6.034375
22563 6.034375
22564 6.034375
22565 6.034375
22566 6.034375
22567 6.034375
22568 6.034375
22569 6.034375
22570 6.034375
22571 6.034375
22572 6.034375
22573 6.034375
22574 6.034375
22575 6.034375
22576 6.034375
22577 6.034375
22578 6.034375
22579 6.034375
22580 6.034375
22581 6.034375
22582 6.034375
22583 6.034375
22584 6.034375
22585 6.034375
22586 6.034375
22587 6.034375
22588 6.034375
22589 6.034375
22590 6.034375
22591 6.034375
22592 6.034375
22593 6.034375
22594 6.034375
22595 6.034375
22596 6.034375
22597 6.034375
22598 6.034375
22599 6.034375
22600 6.034375
22601 6.034375
22602 6.034375
22603 6.034375
22604 6.034375
22605 6.034375
22606 6.034375
22607 6.034375
22608 6.034375
22609 6.034375
22610 6.034375
22611 6.034375
22612 6.034375
22613 6.034375
22614 6.034375
22615 6.034375
22616 6.034375
22617 6.034375
22618 6.034375
22619 6.034375
22620 6.034375
22621 6.034375
22622 6.034375
22623 6.034375
22624 6.034375
22625 6.034375
22626 6.034375
22627 6.034375
22628 6.034375
22629 6.034375
22630 6.034375
22631 6.034375
22632 6.034375
22633 6.034375
22634 6.034375
22635 6.034375
22636 6.034375
22637 6.034375
22638 6.034375
22639 6.034375
22640 6.034375
22641 6.034375
22642 6.034375
22643 6.034375
22644 6.034375
22645 6.034375
22646 6.034375
22647 6.034375
22648 6.034375
22649 6.034375
22650 6.034375
22651 6.034375
22652 6.034375
22653 6.034375
22654 6.034375
22655 6.034375
22656 6.034375
22657 6.034375
22658 6.034375
22659 6.034375
22660 6.034375
22661 6.034375
22662 6.034375
22663 6.034375
22664 6.034375
22665 6.034375
22666 6.034375
22667 6.034375
22668 6.034375
22669 6.034375
22670 6.034375
22671 6.034375
22672 6.034375
22673 6.034375
22674 6.034375
22675 6.034375
22676 6.034375
22677 6.034375
22678 6.034375
22679 6.034375
22680 6.034375
22681 6.034375
22682 6.034375
22683 6.034375
22684 6.034375
22685 6.034375
22686 6.034375
22687 6.034375
22688 6.034375
22689 6.034375
22690 6.034375
22691 6.034375
22692 6.034375
22693 6.034375
22694 6.034375
22695 6.034375
22696 6.034375
22697 6.034375
22698 6.034375
22699 6.034375
22700 6.034375
22701 6.034375
22702 6.034375
22703 6.034375
22704 6.034375
22705 6.034375
22706 6.034375
22707 6.034375
22708 6.034375
22709 6.034375
22710 6.034375
22711 6.034375
22712 6.034375
22713 6.034375
22714 6.034375
22715 6.034375
22716 6.034375
22717 6.034375
22718 6.034375
22719 6.034375
22720 6.034375
22721 6.034375
22722 6.034375
22723 6.034375
22724 6.034375
22725 6.034375
22726 6.034375
22727 6.034375
22728 6.034375
22729 6.034375
22730 6.034375
22731 6.034375
22732 6.034375
22733 6.034375
22734 6.034375
22735 6.034375
22736 6.034375
22737 6.034375
22738 6.034375
22739 6.034375
22740 6.034375
22741 6.034375
22742 6.034375
22743 6.034375
22744 6.034375
22745 6.034375
22746 6.034375
22747 6.034375
22748 6.034375
22749 6.034375
22750 6.034375
22751 6.034375
22752 6.034375
22753 6.034375
22754 6.034375
22755 6.034375
22756 6.034375
22757 6.034375
22758 6.034375
22759 6.034375
22760 6.034375
22761 6.034375
22762 6.034375
22763 6.034375
22764 6.034375
22765 6.034375
22766 6.034375
22767 6.034375
22768 6.034375
22769 6.034375
22770 6.034375
22771 6.034375
22772 6.034375
22773 6.034375
22774 6.034375
22775 6.034375
22776 6.034375
22777 6.034375
22778 6.034375
22779 6.034375
22780 6.034375
22781 6.034375
22782 6.034375
22783 6.034375
22784 6.034375
22785 6.034375
22786 6.034375
22787 6.034375
22788 6.034375
22789 6.034375
22790 6.034375
22791 6.034375
22792 6.034375
22793 6.034375
22794 6.034375
22795 6.034375
22796 6.034375
22797 6.034375
22798 6.034375
22799 6.034375
22800 6.034375
22801 6.034375
22802 6.034375
22803 6.034375
22804 6.034375
22805 6.034375
22806 6.034375
22807 6.034375
22808 6.034375
22809 6.034375
22810 6.034375
22811 6.034375
22812 6.034375
22813 6.034375
22814 6.034375
22815 6.034375
22816 6.034375
22817 6.034375
22818 6.034375
22819 6.034375
22820 6.034375
22821 6.034375
22822 6.034375
22823 6.034375
22824 6.034375
22825 6.034375
22826 6.034375
22827 6.034375
22828 6.034375
22829 6.034375
22830 6.034375
22831 6.034375
22832 6.034375
22833 6.034375
22834 6.034375
22835 6.034375
22836 6.034375
22837 6.034375
22838 6.034375
22839 6.034375
22840 6.034375
22841 6.034375
22842 6.034375
22843 6.034375
22844 6.034375
22845 6.034375
22846 6.034375
22847 6.034375
22848 6.034375
22849 6.034375
22850 6.034375
22851 6.034375
22852 6.034375
22853 6.034375
22854 6.034375
22855 6.034375
22856 6.034375
22857 6.034375
22858 6.034375
22859 6.034375
22860 6.034375
22861 6.034375
22862 6.034375
22863 6.034375
22864 6.034375
22865 6.034375
22866 6.034375
22867 6.034375
22868 6.034375
22869 6.034375
22870 6.034375
22871 6.034375
22872 6.034375
22873 6.034375
22874 6.034375
22875 6.034375
22876 6.034375
22877 6.034375
22878 6.034375
22879 6.034375
22880 6.034375
22881 6.034375
22882 6.034375
22883 6.034375
22884 6.034375
22885 6.034375
22886 6.034375
22887 6.034375
22888 6.034375
22889 6.034375
22890 6.034375
22891 6.034375
22892 6.034375
22893 6.034375
22894 6.034375
22895 6.034375
22896 6.034375
22897 6.034375
22898 6.034375
22899 6.034375
22900 6.034375
22901 6.034375
22902 6.034375
22903 6.034375
22904 6.034375
22905 6.034375
22906 6.034375
22907 6.034375
22908 6.034375
22909 6.034375
22910 6.034375
22911 6.034375
22912 6.034375
22913 6.034375
22914 6.034375
22915 6.034375
22916 6.034375
22917 6.034375
22918 6.034375
22919 6.034375
22920 6.034375
22921 6.034375
22922 6.034375
22923 6.034375
22924 6.034375
22925 6.034375
22926 6.034375
22927 6.034375
22928 6.034375
22929 6.034375
22930 6.034375
22931 6.034375
22932 6.034375
22933 6.034375
22934 6.034375
22935 6.034375
22936 6.034375
22937 6.034375
22938 6.034375
22939 6.034375
22940 6.034375
22941 6.034375
22942 6.034375
22943 6.034375
22944 6.034375
22945 6.034375
22946 6.034375
22947 6.034375
22948 6.034375
22949 6.034375
22950 6.034375
22951 6.034375
22952 6.034375
22953 6.034375
22954 6.034375
22955 6.034375
22956 6.034375
22957 6.034375
22958 6.034375
22959 6.034375
22960 6.034375
22961 6.034375
22962 6.034375
22963 6.034375
22964 6.034375
22965 6.034375
22966 6.034375
22967 6.034375
22968 6.034375
22969 6.034375
22970 6.034375
22971 6.034375
22972 6.034375
22973 6.034375
22974 6.034375
22975 6.034375
22976 6.034375
22977 6.034375
22978 6.034375
22979 6.034375
22980 6.034375
22981 6.034375
22982 6.034375
22983 6.034375
22984 6.034375
22985 6.034375
22986 6.034375
22987 6.034375
22988 6.034375
22989 6.034375
22990 6.034375
22991 6.034375
22992 6.034375
22993 6.034375
22994 6.034375
22995 6.034375
22996 6.034375
22997 6.034375
22998 6.034375
22999 6.034375
23000 6.034375
23001 6.034375
23002 6.034375
23003 6.034375
23004 6.034375
23005 6.034375
23006 6.034375
23007 6.034375
23008 6.034375
23009 6.034375
23010 6.034375
23011 6.034375
23012 6.034375
23013 6.034375
23014 6.034375
23015 6.034375
23016 6.034375
23017 6.034375
23018 6.034375
23019 6.034375
23020 6.034375
23021 6.034375
23022 6.034375
23023 6.034375
23024 6.034375
23025 6.034375
23026 6.034375
23027 6.034375
23028 6.034375
23029 6.034375
23030 6.034375
23031 6.034375
23032 6.034375
23033 6.034375
23034 6.034375
23035 6.034375
23036 6.034375
23037 6.034375
23038 6.034375
23039 6.034375
23040 6.034375
23041 6.034375
23042 6.034375
23043 6.034375
23044 6.034375
23045 6.034375
23046 6.034375
23047 6.034375
23048 6.034375
23049 6.034375
23050 6.034375
23051 6.034375
23052 6.034375
23053 6.034375
23054 6.034375
23055 6.034375
23056 6.034375
23057 6.034375
23058 6.034375
23059 6.034375
23060 6.034375
23061 6.034375
23062 6.034375
23063 6.034375
23064 6.034375
23065 6.034375
23066 6.034375
23067 6.034375
23068 6.034375
23069 6.034375
23070 6.034375
23071 6.034375
23072 6.034375
23073 6.034375
23074 6.034375
23075 6.034375
23076 6.034375
23077 6.034375
23078 6.034375
23079 6.034375
23080 6.034375
23081 6.034375
23082 6.034375
23083 6.034375
23084 6.034375
23085 6.034375
23086 6.034375
23087 6.034375
23088 6.034375
23089 6.034375
23090 6.034375
23091 6.034375
23092 6.034375
23093 6.034375
23094 6.034375
23095 6.034375
23096 6.034375
23097 6.034375
23098 6.034375
23099 6.034375
23100 6.034375
23101 6.034375
23102 6.034375
23103 6.034375
23104 6.034375
23105 6.034375
23106 6.034375
23107 6.034375
23108 6.034375
23109 6.034375
23110 6.034375
23111 6.034375
23112 6.034375
23113 6.034375
23114 6.034375
23115 6.034375
23116 6.034375
23117 6.034375
23118 6.034375
23119 6.034375
23120 6.034375
23121 6.034375
23122 6.034375
23123 6.034375
23124 6.034375
23125 6.034375
23126 6.034375
23127 6.034375
23128 6.034375
23129 6.034375
23130 6.034375
23131 6.034375
23132 6.034375
23133 6.034375
23134 6.034375
23135 6.034375
23136 6.034375
23137 6.034375
23138 6.034375
23139 6.034375
23140 6.034375
23141 6.034375
23142 6.034375
23143 6.034375
23144 6.034375
23145 6.034375
23146 6.034375
23147 6.034375
23148 6.034375
23149 6.034375
23150 6.034375
23151 6.034375
23152 6.034375
23153 6.034375
23154 6.034375
23155 6.034375
23156 6.034375
23157 6.034375
23158 6.034375
23159 6.034375
23160 6.034375
23161 6.034375
23162 6.034375
23163 6.034375
23164 6.034375
23165 6.034375
23166 6.034375
23167 6.034375
23168 6.034375
23169 6.034375
23170 6.034375
23171 6.034375
23172 6.034375
23173 6.034375
23174 6.034375
23175 6.034375
23176 6.034375
23177 6.034375
23178 6.034375
23179 6.034375
23180 6.034375
23181 6.034375
23182 6.034375
23183 6.034375
23184 6.034375
23185 6.034375
23186 6.034375
23187 6.034375
23188 6.034375
23189 6.034375
23190 6.034375
23191 6.034375
23192 6.034375
23193 6.034375
23194 6.034375
23195 6.034375
23196 6.034375
23197 6.034375
23198 6.034375
23199 6.034375
23200 6.034375
23201 6.034375
23202 6.034375
23203 6.034375
23204 6.034375
23205 6.034375
23206 6.034375
23207 6.034375
23208 6.034375
23209 6.034375
23210 6.034375
23211 6.034375
23212 6.034375
23213 6.034375
23214 6.034375
23215 6.034375
23216 6.034375
23217 6.034375
23218 6.034375
23219 6.034375
23220 6.034375
23221 6.034375
23222 6.034375
23223 6.034375
23224 6.034375
23225 6.034375
23226 6.034375
23227 6.034375
23228 6.034375
23229 6.034375
23230 6.034375
23231 6.034375
23232 6.034375
23233 6.034375
23234 6.034375
23235 6.034375
23236 6.034375
23237 6.034375
23238 6.034375
23239 6.034375
23240 6.034375
23241 6.034375
23242 6.034375
23243 6.034375
23244 6.034375
23245 6.034375
23246 6.034375
23247 6.034375
23248 6.034375
23249 6.034375
23250 6.034375
23251 6.034375
23252 6.034375
23253 6.034375
23254 6.034375
23255 6.034375
23256 6.034375
23257 6.034375
23258 6.034375
23259 6.034375
23260 6.034375
23261 6.034375
23262 6.034375
23263 6.034375
23264 6.034375
23265 6.034375
23266 6.034375
23267 6.034375
23268 6.034375
23269 6.034375
23270 6.034375
23271 6.034375
23272 6.034375
23273 6.034375
23274 6.034375
23275 6.034375
23276 6.034375
23277 6.034375
23278 6.034375
23279 6.034375
23280 6.034375
23281 6.034375
23282 6.034375
23283 6.034375
23284 6.034375
23285 6.034375
23286 6.034375
23287 6.034375
23288 6.034375
23289 6.034375
23290 6.034375
23291 6.034375
23292 6.034375
23293 6.034375
23294 6.034375
23295 6.034375
23296 6.034375
23297 6.034375
23298 6.034375
23299 6.034375
23300 6.034375
23301 6.034375
23302 6.034375
23303 6.034375
23304 6.034375
23305 6.034375
23306 6.034375
23307 6.034375
23308 6.034375
23309 6.034375
23310 6.034375
23311 6.034375
23312 6.034375
23313 6.034375
23314 6.034375
23315 6.034375
23316 6.034375
23317 6.034375
23318 6.034375
23319 6.034375
23320 6.034375
23321 6.034375
23322 6.034375
23323 6.034375
23324 6.034375
23325 6.034375
23326 6.034375
23327 6.034375
23328 6.034375
23329 6.034375
23330 6.034375
23331 6.034375
23332 6.034375
23333 6.034375
23334 6.034375
23335 6.034375
23336 6.034375
23337 6.034375
23338 6.034375
23339 6.034375
23340 6.034375
23341 6.034375
23342 6.034375
23343 6.034375
23344 6.034375
23345 6.034375
23346 6.034375
23347 6.034375
23348 6.034375
23349 6.034375
23350 6.034375
23351 6.034375
23352 6.034375
23353 6.034375
23354 6.034375
23355 6.034375
23356 6.034375
23357 6.034375
23358 6.034375
23359 6.034375
23360 6.034375
23361 6.034375
23362 6.034375
23363 6.034375
23364 6.034375
23365 6.034375
23366 6.034375
23367 6.034375
23368 6.034375
23369 6.034375
23370 6.034375
23371 6.034375
23372 6.034375
23373 6.034375
23374 6.034375
23375 6.034375
23376 6.034375
23377 6.034375
23378 6.034375
23379 6.034375
23380 6.034375
23381 6.034375
23382 6.034375
23383 6.034375
23384 6.034375
23385 6.034375
23386 6.034375
23387 6.034375
23388 6.034375
23389 6.034375
23390 6.034375
23391 6.034375
23392 6.034375
23393 6.034375
23394 6.034375
23395 6.034375
23396 6.034375
23397 6.034375
23398 6.034375
23399 6.034375
23400 6.034375
23401 6.034375
23402 6.034375
23403 6.034375
23404 6.034375
23405 6.034375
23406 6.034375
23407 6.034375
23408 6.034375
23409 6.034375
23410 6.034375
23411 6.034375
23412 6.034375
23413 6.034375
23414 6.034375
23415 6.034375
23416 6.034375
23417 6.034375
23418 6.034375
23419 6.034375
23420 6.034375
23421 6.034375
23422 6.034375
23423 6.034375
23424 6.034375
23425 6.034375
23426 6.034375
23427 6.034375
23428 6.034375
23429 6.034375
23430 6.034375
23431 6.034375
23432 6.034375
23433 6.034375
23434 6.034375
23435 6.034375
23436 6.034375
23437 6.034375
23438 6.034375
23439 6.034375
23440 6.034375
23441 6.034375
23442 6.034375
23443 6.034375
23444 6.034375
23445 6.034375
23446 6.034375
23447 6.034375
23448 6.034375
23449 6.034375
23450 6.034375
23451 6.034375
23452 6.034375
23453 6.034375
23454 6.034375
23455 6.034375
23456 6.034375
23457 6.034375
23458 6.034375
23459 6.034375
23460 6.034375
23461 6.034375
23462 6.034375
23463 6.034375
23464 6.034375
23465 6.034375
23466 6.034375
23467 6.034375
23468 6.034375
23469 6.034375
23470 6.034375
23471 6.034375
23472 6.034375
23473 6.034375
23474 6.034375
23475 6.034375
23476 6.034375
23477 6.034375
23478 6.034375
23479 6.034375
23480 6.034375
23481 6.034375
23482 6.034375
23483 6.034375
23484 6.034375
23485 6.034375
23486 6.034375
23487 6.034375
23488 6.034375
23489 6.034375
23490 6.034375
23491 6.034375
23492 6.034375
23493 6.034375
23494 6.034375
23495 6.034375
23496 6.034375
23497 6.034375
23498 6.034375
23499 6.034375
23500 6.034375
23501 6.034375
23502 6.034375
23503 6.034375
23504 6.034375
23505 6.034375
23506 6.034375
23507 6.034375
23508 6.034375
23509 6.034375
23510 6.034375
23511 6.034375
23512 6.034375
23513 6.034375
23514 6.034375
23515 6.034375
23516 6.034375
23517 6.034375
23518 6.034375
23519 6.034375
23520 6.034375
23521 6.034375
23522 6.034375
23523 6.034375
23524 6.034375
23525 6.034375
23526 6.034375
23527 6.034375
23528 6.034375
23529 6.034375
23530 6.034375
23531 6.034375
23532 6.034375
23533 6.034375
23534 6.034375
23535 6.034375
23536 6.034375
23537 6.034375
23538 6.034375
23539 6.034375
23540 6.034375
23541 6.034375
23542 6.034375
23543 6.034375
23544 6.034375
23545 6.034375
23546 6.034375
23547 6.034375
23548 6.034375
23549 6.034375
23550 6.034375
23551 6.034375
23552 6.034375
23553 6.034375
23554 6.034375
23555 6.034375
23556 6.034375
23557 6.034375
23558 6.034375
23559 6.034375
23560 6.034375
23561 6.034375
23562 6.034375
23563 6.034375
23564 6.034375
23565 6.034375
23566 6.034375
23567 6.034375
23568 6.034375
23569 6.034375
23570 6.034375
23571 6.034375
23572 6.034375
23573 6.034375
23574 6.034375
23575 6.034375
23576 6.034375
23577 6.034375
23578 6.034375
23579 6.034375
23580 6.034375
23581 6.034375
23582 6.034375
23583 6.034375
23584 6.034375
23585 6.034375
23586 6.034375
23587 6.034375
23588 6.034375
23589 6.034375
23590 6.034375
23591 6.034375
23592 6.034375
23593 6.034375
23594 6.034375
23595 6.034375
23596 6.034375
23597 6.034375
23598 6.034375
23599 6.034375
23600 6.034375
23601 6.034375
23602 6.034375
23603 6.034375
23604 6.034375
23605 6.034375
23606 6.034375
23607 6.034375
23608 6.034375
23609 6.034375
23610 6.034375
23611 6.034375
23612 6.034375
23613 6.034375
23614 6.034375
23615 6.034375
23616 6.034375
23617 6.034375
23618 6.034375
23619 6.034375
23620 6.034375
23621 6.034375
23622 6.034375
23623 6.034375
23624 6.034375
23625 6.034375
23626 6.034375
23627 6.034375
23628 6.034375
23629 6.034375
23630 6.034375
23631 6.034375
23632 6.034375
23633 6.034375
23634 6.034375
23635 6.034375
23636 6.034375
23637 6.034375
23638 6.034375
23639 6.034375
23640 6.034375
23641 6.034375
23642 6.034375
23643 6.034375
23644 6.034375
23645 6.034375
23646 6.034375
23647 6.034375
23648 6.034375
23649 6.034375
23650 6.034375
23651 6.034375
23652 6.034375
23653 6.034375
23654 6.034375
23655 6.034375
23656 6.034375
23657 6.034375
23658 6.034375
23659 6.034375
23660 6.034375
23661 6.034375
23662 6.034375
23663 6.034375
23664 6.034375
23665 6.034375
23666 6.034375
23667 6.034375
23668 6.034375
23669 6.034375
23670 6.034375
23671 6.034375
23672 6.034375
23673 6.034375
23674 6.034375
23675 6.034375
23676 6.034375
23677 6.034375
23678 6.034375
23679 6.034375
23680 6.034375
23681 6.034375
23682 6.034375
23683 6.034375
23684 6.034375
23685 6.034375
23686 6.034375
23687 6.034375
23688 6.034375
23689 6.034375
23690 6.034375
23691 6.034375
23692 6.034375
23693 6.034375
23694 6.034375
23695 6.034375
23696 6.034375
23697 6.034375
23698 6.034375
23699 6.034375
23700 6.034375
23701 6.034375
23702 6.034375
23703 6.034375
23704 6.034375
23705 6.034375
23706 6.034375
23707 6.034375
23708 6.034375
23709 6.034375
23710 6.034375
23711 6.034375
23712 6.034375
23713 6.034375
23714 6.034375
23715 6.034375
23716 6.034375
23717 6.034375
23718 6.034375
23719 6.034375
23720 6.034375
23721 6.034375
23722 6.034375
23723 6.034375
23724 6.034375
23725 6.034375
23726 6.034375
23727 6.034375
23728 6.034375
23729 6.034375
23730 6.034375
23731 6.034375
23732 6.034375
23733 6.034375
23734 6.034375
23735 6.034375
23736 6.034375
23737 6.034375
23738 6.034375
23739 6.034375
23740 6.034375
23741 6.034375
23742 6.034375
23743 6.034375
23744 6.034375
23745 6.034375
23746 6.034375
23747 6.034375
23748 6.034375
23749 6.034375
23750 6.034375
23751 6.034375
23752 6.034375
23753 6.034375
23754 6.034375
23755 6.034375
23756 6.034375
23757 6.034375
23758 6.034375
23759 6.034375
23760 6.034375
23761 6.034375
23762 6.034375
23763 6.034375
23764 6.034375
23765 6.034375
23766 6.034375
23767 6.034375
23768 6.034375
23769 6.034375
23770 6.034375
23771 6.034375
23772 6.034375
23773 6.034375
23774 6.034375
23775 6.034375
23776 6.034375
23777 6.034375
23778 6.034375
23779 6.034375
23780 6.034375
23781 6.034375
23782 6.034375
23783 6.034375
23784 6.034375
23785 6.034375
23786 6.034375
23787 6.034375
23788 6.034375
23789 6.034375
23790 6.034375
23791 6.034375
23792 6.034375
23793 6.034375
23794 6.034375
23795 6.034375
23796 6.034375
23797 6.034375
23798 6.034375
23799 6.034375
23800 6.034375
23801 6.034375
23802 6.034375
23803 6.034375
23804 6.034375
23805 6.034375
23806 6.034375
23807 6.034375
23808 6.034375
23809 6.034375
23810 6.034375
23811 6.034375
23812 6.034375
23813 6.034375
23814 6.034375
23815 6.034375
23816 6.034375
23817 6.034375
23818 6.034375
23819 6.034375
23820 6.034375
23821 6.034375
23822 6.034375
23823 6.034375
23824 6.034375
23825 6.034375
23826 6.034375
23827 6.034375
23828 6.034375
23829 6.034375
23830 6.034375
23831 6.034375
23832 6.034375
23833 6.034375
23834 6.034375
23835 6.034375
23836 6.034375
23837 6.034375
23838 6.034375
23839 6.034375
23840 6.034375
23841 6.034375
23842 6.034375
23843 6.034375
23844 6.034375
23845 6.034375
23846 6.034375
23847 6.034375
23848 6.034375
23849 6.034375
23850 6.034375
23851 6.034375
23852 6.034375
23853 6.034375
23854 6.034375
23855 6.034375
23856 6.034375
23857 6.034375
23858 6.034375
23859 6.034375
23860 6.034375
23861 6.034375
23862 6.034375
23863 6.034375
23864 6.034375
23865 6.034375
23866 6.034375
23867 6.034375
23868 6.034375
23869 6.034375
23870 6.034375
23871 6.034375
23872 6.034375
23873 6.034375
23874 6.034375
23875 6.034375
23876 6.034375
23877 6.034375
23878 6.034375
23879 6.034375
23880 6.034375
23881 6.034375
23882 6.034375
23883 6.034375
23884 6.034375
23885 6.034375
23886 6.034375
23887 6.034375
23888 6.034375
23889 6.034375
23890 6.034375
23891 6.034375
23892 6.034375
23893 6.034375
23894 6.034375
23895 6.034375
23896 6.034375
23897 6.034375
23898 6.034375
23899 6.034375
23900 6.034375
23901 6.034375
23902 6.034375
23903 6.034375
23904 6.034375
23905 6.034375
23906 6.034375
23907 6.034375
23908 6.034375
23909 6.034375
23910 6.034375
23911 6.034375
23912 6.034375
23913 6.034375
23914 6.034375
23915 6.034375
23916 6.034375
23917 6.034375
23918 6.034375
23919 6.034375
23920 6.034375
23921 6.034375
23922 6.034375
23923 6.034375
23924 6.034375
23925 6.034375
23926 6.034375
23927 6.034375
23928 6.034375
23929 6.034375
23930 6.034375
23931 6.034375
23932 6.034375
23933 6.034375
23934 6.034375
23935 6.034375
23936 6.034375
23937 6.034375
23938 6.034375
23939 6.034375
23940 6.034375
23941 6.034375
23942 6.034375
23943 6.034375
23944 6.034375
23945 6.034375
23946 6.034375
23947 6.034375
23948 6.034375
23949 6.034375
23950 6.034375
23951 6.034375
23952 6.034375
23953 6.034375
23954 6.034375
23955 6.034375
23956 6.034375
23957 6.034375
23958 6.034375
23959 6.034375
23960 6.034375
23961 6.034375
23962 6.034375
23963 6.034375
23964 6.034375
23965 6.034375
23966 6.034375
23967 6.034375
23968 6.034375
23969 6.034375
23970 6.034375
23971 6.034375
23972 6.034375
23973 6.034375
23974 6.034375
23975 6.034375
23976 6.034375
23977 6.034375
23978 6.034375
23979 6.034375
23980 6.034375
23981 6.034375
23982 6.034375
23983 6.034375
23984 6.034375
23985 6.034375
23986 6.034375
23987 6.034375
23988 6.034375
23989 6.034375
23990 6.034375
23991 6.034375
23992 6.034375
23993 6.034375
23994 6.034375
23995 6.034375
23996 6.034375
23997 6.034375
23998 6.034375
23999 6.034375
24000 6.034375
24001 6.034375
24002 6.034375
24003 6.034375
24004 6.034375
24005 6.034375
24006 6.034375
24007 6.034375
24008 6.034375
24009 6.034375
24010 6.034375
24011 6.034375
24012 6.034375
24013 6.034375
24014 6.034375
24015 6.034375
24016 6.034375
24017 6.034375
24018 6.034375
24019 6.034375
24020 6.034375
24021 6.034375
24022 6.034375
24023 6.034375
24024 6.034375
24025 6.034375
24026 6.034375
24027 6.034375
24028 6.034375
24029 6.034375
24030 6.034375
24031 6.034375
24032 6.034375
24033 6.034375
24034 6.034375
24035 6.034375
24036 6.034375
24037 6.034375
24038 6.034375
24039 6.034375
24040 6.034375
24041 6.034375
24042 6.034375
24043 6.034375
24044 6.034375
24045 6.034375
24046 6.034375
24047 6.034375
24048 6.034375
24049 6.034375
24050 6.034375
24051 6.034375
24052 6.034375
24053 6.034375
24054 6.034375
24055 6.034375
24056 6.034375
24057 6.034375
24058 6.034375
24059 6.034375
24060 6.034375
24061 6.034375
24062 6.034375
24063 6.034375
24064 6.034375
24065 6.034375
24066 6.034375
24067 6.034375
24068 6.034375
24069 6.034375
24070 6.034375
24071 6.034375
24072 6.034375
24073 6.034375
24074 6.034375
24075 6.034375
24076 6.034375
24077 6.034375
24078 6.034375
24079 6.034375
24080 6.034375
24081 6.034375
24082 6.034375
24083 6.034375
24084 6.034375
24085 6.034375
24086 6.034375
24087 6.034375
24088 6.034375
24089 6.034375
24090 6.034375
24091 6.034375
24092 6.034375
24093 6.034375
24094 6.034375
24095 6.034375
24096 6.034375
24097 6.034375
24098 6.034375
24099 6.034375
24100 6.034375
24101 6.034375
24102 6.034375
24103 6.034375
24104 6.034375
24105 6.034375
24106 6.034375
24107 6.034375
24108 6.034375
24109 6.034375
24110 6.034375
24111 6.034375
24112 6.034375
24113 6.034375
24114 6.034375
24115 6.034375
24116 6.034375
24117 6.034375
24118 6.034375
24119 6.034375
24120 6.034375
24121 6.034375
24122 6.034375
24123 6.034375
24124 6.034375
24125 6.034375
24126 6.034375
24127 6.034375
24128 6.034375
24129 6.034375
24130 6.034375
24131 6.034375
24132 6.034375
24133 6.034375
24134 6.034375
24135 6.034375
24136 6.034375
24137 6.034375
24138 6.034375
24139 6.034375
24140 6.034375
24141 6.034375
24142 6.034375
24143 6.034375
24144 6.034375
24145 6.034375
24146 6.034375
24147 6.034375
24148 6.034375
24149 6.034375
24150 6.034375
24151 6.034375
24152 6.034375
24153 6.034375
24154 6.034375
24155 6.034375
24156 6.034375
24157 6.034375
24158 6.034375
24159 6.034375
24160 6.034375
24161 6.034375
24162 6.034375
24163 6.034375
24164 6.034375
24165 6.034375
24166 6.034375
24167 6.034375
24168 6.034375
24169 6.034375
24170 6.034375
24171 6.034375
24172 6.034375
24173 6.034375
24174 6.034375
24175 6.034375
24176 6.034375
24177 6.034375
24178 6.034375
24179 6.034375
24180 6.034375
24181 6.034375
24182 6.034375
24183 6.034375
24184 6.034375
24185 6.034375
24186 6.034375
24187 6.034375
24188 6.034375
24189 6.034375
24190 6.034375
24191 6.034375
24192 6.034375
24193 6.034375
24194 6.034375
24195 6.034375
24196 6.034375
24197 6.034375
24198 6.034375
24199 6.034375
24200 6.034375
24201 6.034375
24202 6.034375
24203 6.034375
24204 6.034375
24205 6.034375
24206 6.034375
24207 6.034375
24208 6.034375
24209 6.034375
24210 6.034375
24211 6.034375
24212 6.034375
24213 6.034375
24214 6.034375
24215 6.034375
24216 6.034375
24217 6.034375
24218 6.034375
24219 6.034375
24220 6.034375
24221 6.034375
24222 6.034375
24223 6.034375
24224 6.034375
24225 6.034375
24226 6.034375
24227 6.034375
24228 6.034375
24229 6.034375
24230 6.034375
24231 6.034375
24232 6.034375
24233 6.034375
24234 6.034375
24235 6.034375
24236 6.034375
24237 6.034375
24238 6.034375
24239 6.034375
24240 6.034375
24241 6.034375
24242 6.034375
24243 6.034375
24244 6.034375
24245 6.034375
24246 6.034375
24247 6.034375
24248 6.034375
24249 6.034375
24250 6.034375
24251 6.034375
24252 6.034375
24253 6.034375
24254 6.034375
24255 6.034375
24256 6.034375
24257 6.034375
24258 6.034375
24259 6.034375
24260 6.034375
24261 6.034375
24262 6.034375
24263 6.034375
24264 6.034375
24265 6.034375
24266 6.034375
24267 6.034375
24268 6.034375
24269 6.034375
24270 6.034375
24271 6.034375
24272 6.034375
24273 6.034375
24274 6.034375
24275 6.034375
24276 6.034375
24277 6.034375
24278 6.034375
24279 6.034375
24280 6.034375
24281 6.034375
24282 6.034375
24283 6.034375
24284 6.034375
24285 6.034375
24286 6.034375
24287 6.034375
24288 6.034375
24289 6.034375
24290 6.034375
24291 6.034375
24292 6.034375
24293 6.034375
24294 6.034375
24295 6.034375
24296 6.034375
24297 6.034375
24298 6.034375
24299 6.034375
24300 6.034375
24301 6.034375
24302 6.034375
24303 6.034375
24304 6.034375
24305 6.034375
24306 6.034375
24307 6.034375
24308 6.034375
24309 6.034375
24310 6.034375
24311 6.034375
24312 6.034375
24313 6.034375
24314 6.034375
24315 6.034375
24316 6.034375
24317 6.034375
24318 6.034375
24319 6.034375
24320 6.034375
24321 6.034375
24322 6.034375
24323 6.034375
24324 6.034375
24325 6.034375
24326 6.034375
24327 6.034375
24328 6.034375
24329 6.034375
24330 6.034375
24331 6.034375
24332 6.034375
24333 6.034375
24334 6.034375
24335 6.034375
24336 6.034375
24337 6.034375
24338 6.034375
24339 6.034375
24340 6.034375
24341 6.034375
24342 6.034375
24343 6.034375
24344 6.034375
24345 6.034375
24346 6.034375
24347 6.034375
24348 6.034375
24349 6.034375
24350 6.034375
24351 6.034375
24352 6.034375
24353 6.034375
24354 6.034375
24355 6.034375
24356 6.034375
24357 6.034375
24358 6.034375
24359 6.034375
24360 6.034375
24361 6.034375
24362 6.034375
24363 6.034375
24364 6.034375
24365 6.034375
24366 6.034375
24367 6.034375
24368 6.034375
24369 6.034375
24370 6.034375
24371 6.034375
24372 6.034375
24373 6.034375
24374 6.034375
24375 6.034375
24376 6.034375
24377 6.034375
24378 6.034375
24379 6.034375
24380 6.034375
24381 6.034375
24382 6.034375
24383 6.034375
24384 6.034375
24385 6.034375
24386 6.034375
24387 6.034375
24388 6.034375
24389 6.034375
24390 6.034375
24391 6.034375
24392 6.034375
24393 6.034375
24394 6.034375
24395 6.034375
24396 6.034375
24397 6.034375
24398 6.034375
24399 6.034375
24400 6.034375
24401 6.034375
24402 6.034375
24403 6.034375
24404 6.034375
24405 6.034375
24406 6.034375
24407 6.034375
24408 6.034375
24409 6.034375
24410 6.034375
24411 6.034375
24412 6.034375
24413 6.034375
24414 6.034375
24415 6.034375
24416 6.034375
24417 6.034375
24418 6.034375
24419 6.034375
24420 6.034375
24421 6.034375
24422 6.034375
24423 6.034375
24424 6.034375
24425 6.034375
24426 6.034375
24427 6.034375
24428 6.034375
24429 6.034375
24430 6.034375
24431 6.034375
24432 6.034375
24433 6.034375
24434 6.034375
24435 6.034375
24436 6.034375
24437 6.034375
24438 6.034375
24439 6.034375
24440 6.034375
24441 6.034375
24442 6.034375
24443 6.034375
24444 6.034375
24445 6.034375
24446 6.034375
24447 6.034375
24448 6.034375
24449 6.034375
24450 6.034375
24451 6.034375
24452 6.034375
24453 6.034375
24454 6.034375
24455 6.034375
24456 6.034375
24457 6.034375
24458 6.034375
24459 6.034375
24460 6.034375
24461 6.034375
24462 6.034375
24463 6.034375
24464 6.034375
24465 6.034375
24466 6.034375
24467 6.034375
24468 6.034375
24469 6.034375
24470 6.034375
24471 6.034375
24472 6.034375
24473 6.034375
24474 6.034375
24475 6.034375
24476 6.034375
24477 6.034375
24478 6.034375
24479 6.034375
24480 6.034375
24481 6.034375
24482 6.034375
24483 6.034375
24484 6.034375
24485 6.034375
24486 6.034375
24487 6.034375
24488 6.034375
24489 6.034375
24490 6.034375
24491 6.034375
24492 6.034375
24493 6.034375
24494 6.034375
24495 6.034375
24496 6.034375
24497 6.034375
24498 6.034375
24499 6.034375
24500 6.034375
24501 6.034375
24502 6.034375
24503 6.034375
24504 6.034375
24505 6.034375
24506 6.034375
24507 6.034375
24508 6.034375
24509 6.034375
24510 6.034375
24511 6.034375
24512 6.034375
24513 6.034375
24514 6.034375
24515 6.034375
24516 6.034375
24517 6.034375
24518 6.034375
24519 6.034375
24520 6.034375
24521 6.034375
24522 6.034375
24523 6.034375
24524 6.034375
24525 6.034375
24526 6.034375
24527 6.034375
24528 6.034375
24529 6.034375
24530 6.034375
24531 6.034375
24532 6.034375
24533 6.034375
24534 6.034375
24535 6.034375
24536 6.034375
24537 6.034375
24538 6.034375
24539 6.034375
24540 6.034375
24541 6.034375
24542 6.034375
24543 6.034375
24544 6.034375
24545 6.034375
24546 6.034375
24547 6.034375
24548 6.034375
24549 6.034375
24550 6.034375
24551 6.034375
24552 6.034375
24553 6.034375
24554 6.034375
24555 6.034375
24556 6.034375
24557 6.034375
24558 6.034375
24559 6.034375
24560 6.034375
24561 6.034375
24562 6.034375
24563 6.034375
24564 6.034375
24565 6.034375
24566 6.034375
24567 6.034375
24568 6.034375
24569 6.034375
24570 6.034375
24571 6.034375
24572 6.034375
24573 6.034375
24574 6.034375
24575 6.034375
24576 6.034375
24577 6.034375
24578 6.034375
24579 6.034375
24580 6.034375
24581 6.034375
24582 6.034375
24583 6.034375
24584 6.034375
24585 6.034375
24586 6.034375
24587 6.034375
24588 6.034375
24589 6.034375
24590 6.034375
24591 6.034375
24592 6.034375
24593 6.034375
24594 6.034375
24595 6.034375
24596 6.034375
24597 6.034375
24598 6.034375
24599 6.034375
24600 6.034375
24601 6.034375
24602 6.034375
24603 6.034375
24604 6.034375
24605 6.034375
24606 6.034375
24607 6.034375
24608 6.034375
24609 6.034375
24610 6.034375
24611 6.034375
24612 6.034375
24613 6.034375
24614 6.034375
24615 6.034375
24616 6.034375
24617 6.034375
24618 6.034375
24619 6.034375
24620 6.034375
24621 6.034375
24622 6.034375
24623 6.034375
24624 6.034375
24625 6.034375
24626 6.034375
24627 6.034375
24628 6.034375
24629 6.034375
24630 6.034375
24631 6.034375
24632 6.034375
24633 6.034375
24634 6.034375
24635 6.034375
24636 6.034375
24637 6.034375
24638 6.034375
24639 6.034375
24640 6.034375
24641 6.034375
24642 6.034375
24643 6.034375
24644 6.034375
24645 6.034375
24646 6.034375
24647 6.034375
24648 6.034375
24649 6.034375
24650 6.034375
24651 6.034375
24652 6.034375
24653 6.034375
24654 6.034375
24655 6.034375
24656 6.034375
24657 6.034375
24658 6.034375
24659 6.034375
24660 6.034375
24661 6.034375
24662 6.034375
24663 6.034375
24664 6.034375
24665 6.034375
24666 6.034375
24667 6.034375
24668 6.034375
24669 6.034375
24670 6.034375
24671 6.034375
24672 6.034375
24673 6.034375
24674 6.034375
24675 6.034375
24676 6.034375
24677 6.034375
24678 6.034375
24679 6.034375
24680 6.034375
24681 6.034375
24682 6.034375
24683 6.034375
24684 6.034375
24685 6.034375
24686 6.034375
24687 6.034375
24688 6.034375
24689 6.034375
24690 6.034375
24691 6.034375
24692 6.034375
24693 6.034375
24694 6.034375
24695 6.034375
24696 6.034375
24697 6.034375
24698 6.034375
24699 6.034375
24700 6.034375
24701 6.034375
24702 6.034375
24703 6.034375
24704 6.034375
24705 6.034375
24706 6.034375
24707 6.034375
24708 6.034375
24709 6.034375
24710 6.034375
24711 6.034375
24712 6.034375
24713 6.034375
24714 6.034375
24715 6.034375
24716 6.034375
24717 6.034375
24718 6.034375
24719 6.034375
24720 6.034375
24721 6.034375
24722 6.034375
24723 6.034375
24724 6.034375
24725 6.034375
24726 6.034375
24727 6.034375
24728 6.034375
24729 6.034375
24730 6.034375
24731 6.034375
24732 6.034375
24733 6.034375
24734 6.034375
24735 6.034375
24736 6.034375
24737 6.034375
24738 6.034375
24739 6.034375
24740 6.034375
24741 6.034375
24742 6.034375
24743 6.034375
24744 6.034375
24745 6.034375
24746 6.034375
24747 6.034375
24748 6.034375
24749 6.034375
24750 6.034375
24751 6.034375
24752 6.034375
24753 6.034375
24754 6.034375
24755 6.034375
24756 6.034375
24757 6.034375
24758 6.034375
24759 6.034375
24760 6.034375
24761 6.034375
24762 6.034375
24763 6.034375
24764 6.034375
24765 6.034375
24766 6.034375
24767 6.034375
24768 6.034375
24769 6.034375
24770 6.034375
24771 6.034375
24772 6.034375
24773 6.034375
24774 6.034375
24775 6.034375
24776 6.034375
24777 6.034375
24778 6.034375
24779 6.034375
24780 6.034375
24781 6.034375
24782 6.034375
24783 6.034375
24784 6.034375
24785 6.034375
24786 6.034375
24787 6.034375
24788 6.034375
24789 6.034375
24790 6.034375
24791 6.034375
24792 6.034375
24793 6.034375
24794 6.034375
24795 6.034375
24796 6.034375
24797 6.034375
24798 6.034375
24799 6.034375
24800 6.034375
24801 6.034375
24802 6.034375
24803 6.034375
24804 6.034375
24805 6.034375
24806 6.034375
24807 6.034375
24808 6.034375
24809 6.034375
24810 6.034375
24811 6.034375
24812 6.034375
24813 6.034375
24814 6.034375
24815 6.034375
24816 6.034375
24817 6.034375
24818 6.034375
24819 6.034375
24820 6.034375
24821 6.034375
24822 6.034375
24823 6.034375
24824 6.034375
24825 6.034375
24826 6.034375
24827 6.034375
24828 6.034375
24829 6.034375
24830 6.034375
24831 6.034375
24832 6.034375
24833 6.034375
24834 6.034375
24835 6.034375
24836 6.034375
24837 6.034375
24838 6.034375
24839 6.034375
24840 6.034375
24841 6.034375
24842 6.034375
24843 6.034375
24844 6.034375
24845 6.034375
24846 6.034375
24847 6.034375
24848 6.034375
24849 6.034375
24850 6.034375
24851 6.034375
24852 6.034375
24853 6.034375
24854 6.034375
24855 6.034375
24856 6.034375
24857 6.034375
24858 6.034375
24859 6.034375
24860 6.034375
24861 6.034375
24862 6.034375
24863 6.034375
24864 6.034375
24865 6.034375
24866 6.034375
24867 6.034375
24868 6.034375
24869 6.034375
24870 6.034375
24871 6.034375
24872 6.034375
24873 6.034375
24874 6.034375
24875 6.034375
24876 6.034375
24877 6.034375
24878 6.034375
24879 6.034375
24880 6.034375
24881 6.034375
24882 6.034375
24883 6.034375
24884 6.034375
24885 6.034375
24886 6.034375
24887 6.034375
24888 6.034375
24889 6.034375
24890 6.034375
24891 6.034375
24892 6.034375
24893 6.034375
24894 6.034375
24895 6.034375
24896 6.034375
24897 6.034375
24898 6.034375
24899 6.034375
24900 6.034375
24901 6.034375
24902 6.034375
24903 6.034375
24904 6.034375
24905 6.034375
24906 6.034375
24907 6.034375
24908 6.034375
24909 6.034375
24910 6.034375
24911 6.034375
24912 6.034375
24913 6.034375
24914 6.034375
24915 6.034375
24916 6.034375
24917 6.034375
24918 6.034375
24919 6.034375
24920 6.034375
24921 6.034375
24922 6.034375
24923 6.034375
24924 6.034375
24925 6.034375
24926 6.034375
24927 6.034375
24928 6.034375
24929 6.034375
24930 6.034375
24931 6.034375
24932 6.034375
24933 6.034375
24934 6.034375
24935 6.034375
24936 6.034375
24937 6.034375
24938 6.034375
24939 6.034375
24940 6.034375
24941 6.034375
24942 6.034375
24943 6.034375
24944 6.034375
24945 6.034375
24946 6.034375
24947 6.034375
24948 6.034375
24949 6.034375
24950 6.034375
24951 6.034375
24952 6.034375
24953 6.034375
24954 6.034375
24955 6.034375
24956 6.034375
24957 6.034375
24958 6.034375
24959 6.034375
24960 6.034375
24961 6.034375
24962 6.034375
24963 6.034375
24964 6.034375
24965 6.034375
24966 6.034375
24967 6.034375
24968 6.034375
24969 6.034375
24970 6.034375
24971 6.034375
24972 6.034375
24973 6.034375
24974 6.034375
24975 6.034375
24976 6.034375
24977 6.034375
24978 6.034375
24979 6.034375
24980 6.034375
24981 6.034375
24982 6.034375
24983 6.034375
24984 6.034375
24985 6.034375
24986 6.034375
24987 6.034375
24988 6.034375
24989 6.034375
24990 6.034375
24991 6.034375
24992 6.034375
24993 6.034375
24994 6.034375
24995 6.034375
24996 6.034375
24997 6.034375
24998 6.034375
24999 6.034375
25000 6.034375
25001 6.034375
25002 6.034375
25003 6.034375
25004 6.034375
25005 6.034375
25006 6.034375
25007 6.034375
25008 6.034375
25009 6.034375
25010 6.034375
25011 6.034375
25012 6.034375
25013 6.034375
25014 6.034375
25015 6.034375
25016 6.034375
25017 6.034375
25018 6.034375
25019 6.034375
25020 6.034375
25021 6.034375
25022 6.034375
25023 6.034375
25024 6.034375
25025 6.034375
25026 6.034375
25027 6.034375
25028 6.034375
25029 6.034375
25030 6.034375
25031 6.034375
25032 6.034375
25033 6.034375
25034 6.034375
25035 6.034375
25036 6.034375
25037 6.034375
25038 6.034375
25039 6.034375
25040 6.034375
25041 6.034375
25042 6.034375
25043 6.034375
25044 6.034375
25045 6.034375
25046 6.034375
25047 6.034375
25048 6.034375
25049 6.034375
25050 6.034375
25051 6.034375
25052 6.034375
25053 6.034375
25054 6.034375
25055 6.034375
25056 6.034375
25057 6.034375
25058 6.034375
25059 6.034375
25060 6.034375
25061 6.034375
25062 6.034375
25063 6.034375
25064 6.034375
25065 6.034375
25066 6.034375
25067 6.034375
25068 6.034375
25069 6.034375
25070 6.034375
25071 6.034375
25072 6.034375
25073 6.034375
25074 6.034375
25075 6.034375
25076 6.034375
25077 6.034375
25078 6.034375
25079 6.034375
25080 6.034375
25081 6.034375
25082 6.034375
25083 6.034375
25084 6.034375
25085 6.034375
25086 6.034375
25087 6.034375
25088 6.034375
25089 6.034375
25090 6.034375
25091 6.034375
25092 6.034375
25093 6.034375
25094 6.034375
25095 6.034375
25096 6.034375
25097 6.034375
25098 6.034375
25099 6.034375
25100 6.034375
25101 6.034375
25102 6.034375
25103 6.034375
25104 6.034375
25105 6.034375
25106 6.034375
25107 6.034375
25108 6.034375
25109 6.034375
25110 6.034375
25111 6.034375
25112 6.034375
25113 6.034375
25114 6.034375
25115 6.034375
25116 6.034375
25117 6.034375
25118 6.034375
25119 6.034375
25120 6.034375
25121 6.034375
25122 6.034375
25123 6.034375
25124 6.034375
25125 6.034375
25126 6.034375
25127 6.034375
25128 6.034375
25129 6.034375
25130 6.034375
25131 6.034375
25132 6.034375
25133 6.034375
25134 6.034375
25135 6.034375
25136 6.034375
25137 6.034375
25138 6.034375
25139 6.034375
25140 6.034375
25141 6.034375
25142 6.034375
25143 6.034375
25144 6.034375
25145 6.034375
25146 6.034375
25147 6.034375
25148 6.034375
25149 6.034375
25150 6.034375
25151 6.034375
25152 6.034375
25153 6.034375
25154 6.034375
25155 6.034375
25156 6.034375
25157 6.034375
25158 6.034375
25159 6.034375
25160 6.034375
25161 6.034375
25162 6.034375
25163 6.034375
25164 6.034375
25165 6.034375
25166 6.034375
25167 6.034375
25168 6.034375
25169 6.034375
25170 6.034375
25171 6.034375
25172 6.034375
25173 6.034375
25174 6.034375
25175 6.034375
25176 6.034375
25177 6.034375
25178 6.034375
25179 6.034375
25180 6.034375
25181 6.034375
25182 6.034375
25183 6.034375
25184 6.034375
25185 6.034375
25186 6.034375
25187 6.034375
25188 6.034375
25189 6.034375
25190 6.034375
25191 6.034375
25192 6.034375
25193 6.034375
25194 6.034375
25195 6.034375
25196 6.034375
25197 6.034375
25198 6.034375
25199 6.034375
25200 6.034375
25201 6.034375
25202 6.034375
25203 6.034375
25204 6.034375
25205 6.034375
25206 6.034375
25207 6.034375
25208 6.034375
25209 6.034375
25210 6.034375
25211 6.034375
25212 6.034375
25213 6.034375
25214 6.034375
25215 6.034375
25216 6.034375
25217 6.034375
25218 6.034375
25219 6.034375
25220 6.034375
25221 6.034375
25222 6.034375
25223 6.034375
25224 6.034375
25225 6.034375
25226 6.034375
25227 6.034375
25228 6.034375
25229 6.034375
25230 6.034375
25231 6.034375
25232 6.034375
25233 6.034375
25234 6.034375
25235 6.034375
25236 6.034375
25237 6.034375
25238 6.034375
25239 6.034375
25240 6.034375
25241 6.034375
25242 6.034375
25243 6.034375
25244 6.034375
25245 6.034375
25246 6.034375
25247 6.034375
25248 6.034375
25249 6.034375
25250 6.034375
25251 6.034375
25252 6.034375
25253 6.034375
25254 6.034375
25255 6.034375
25256 6.034375
25257 6.034375
25258 6.034375
25259 6.034375
25260 6.034375
25261 6.034375
25262 6.034375
25263 6.034375
25264 6.034375
25265 6.034375
25266 6.034375
25267 6.034375
25268 6.034375
25269 6.034375
25270 6.034375
25271 6.034375
25272 6.034375
25273 6.034375
25274 6.034375
25275 6.034375
25276 6.034375
25277 6.034375
25278 6.034375
25279 6.034375
25280 6.034375
25281 6.034375
25282 6.034375
25283 6.034375
25284 6.034375
25285 6.034375
25286 6.034375
25287 6.034375
25288 6.034375
25289 6.034375
25290 6.034375
25291 6.034375
25292 6.034375
25293 6.034375
25294 6.034375
25295 6.034375
25296 6.034375
25297 6.034375
25298 6.034375
25299 6.034375
25300 6.034375
25301 6.034375
25302 6.034375
25303 6.034375
25304 6.034375
25305 6.034375
25306 6.034375
25307 6.034375
25308 6.034375
25309 6.034375
25310 6.034375
25311 6.034375
25312 6.034375
25313 6.034375
25314 6.034375
25315 6.034375
25316 6.034375
25317 6.034375
25318 6.034375
25319 6.034375
25320 6.034375
25321 6.034375
25322 6.034375
25323 6.034375
25324 6.034375
25325 6.034375
25326 6.034375
25327 6.034375
25328 6.034375
25329 6.034375
25330 6.034375
25331 6.034375
25332 6.034375
25333 6.034375
25334 6.034375
25335 6.034375
25336 6.034375
25337 6.034375
25338 6.034375
25339 6.034375
25340 6.034375
25341 6.034375
25342 6.034375
25343 6.034375
25344 6.034375
25345 6.034375
25346 6.034375
25347 6.034375
25348 6.034375
25349 6.034375
25350 6.034375
25351 6.034375
25352 6.034375
25353 6.034375
25354 6.034375
25355 6.034375
25356 6.034375
25357 6.034375
25358 6.034375
25359 6.034375
25360 6.034375
25361 6.034375
25362 6.034375
25363 6.034375
25364 6.034375
25365 6.034375
25366 6.034375
25367 6.034375
25368 6.034375
25369 6.034375
25370 6.034375
25371 6.034375
25372 6.034375
25373 6.034375
25374 6.034375
25375 6.034375
25376 6.034375
25377 6.034375
25378 6.034375
25379 6.034375
25380 6.034375
25381 6.034375
25382 6.034375
25383 6.034375
25384 6.034375
25385 6.034375
25386 6.034375
25387 6.034375
25388 6.034375
25389 6.034375
25390 6.034375
25391 6.034375
25392 6.034375
25393 6.034375
25394 6.034375
25395 6.034375
25396 6.034375
25397 6.034375
25398 6.034375
25399 6.034375
25400 6.034375
25401 6.034375
25402 6.034375
25403 6.034375
25404 6.034375
25405 6.034375
25406 6.034375
25407 6.034375
25408 6.034375
25409 6.034375
25410 6.034375
25411 6.034375
25412 6.034375
25413 6.034375
25414 6.034375
25415 6.034375
25416 6.034375
25417 6.034375
25418 6.034375
25419 6.034375
25420 6.034375
25421 6.034375
25422 6.034375
25423 6.034375
25424 6.034375
25425 6.034375
25426 6.034375
25427 6.034375
25428 6.034375
25429 6.034375
25430 6.034375
25431 6.034375
25432 6.034375
25433 6.034375
25434 6.034375
25435 6.034375
25436 6.034375
25437 6.034375
25438 6.034375
25439 6.034375
25440 6.034375
25441 6.034375
25442 6.034375
25443 6.034375
25444 6.034375
25445 6.034375
25446 6.034375
25447 6.034375
25448 6.034375
25449 6.034375
25450 6.034375
25451 6.034375
25452 6.034375
25453 6.034375
25454 6.034375
25455 6.034375
25456 6.034375
25457 6.034375
25458 6.034375
25459 6.034375
25460 6.034375
25461 6.034375
25462 6.034375
25463 6.034375
25464 6.034375
25465 6.034375
25466 6.034375
25467 6.034375
25468 6.034375
25469 6.034375
25470 6.034375
25471 6.034375
25472 6.034375
25473 6.034375
25474 6.034375
25475 6.034375
25476 6.034375
25477 6.034375
25478 6.034375
25479 6.034375
25480 6.034375
25481 6.034375
25482 6.034375
25483 6.034375
25484 6.034375
25485 6.034375
25486 6.034375
25487 6.034375
25488 6.034375
25489 6.034375
25490 6.034375
25491 6.034375
25492 6.034375
25493 6.034375
25494 6.034375
25495 6.034375
25496 6.034375
25497 6.034375
25498 6.034375
25499 6.034375
25500 6.034375
25501 6.034375
25502 6.034375
25503 6.034375
25504 6.034375
25505 6.034375
25506 6.034375
25507 6.034375
25508 6.034375
25509 6.034375
25510 6.034375
25511 6.034375
25512 6.034375
25513 6.034375
25514 6.034375
25515 6.034375
25516 6.034375
25517 6.034375
25518 6.034375
25519 6.034375
25520 6.034375
25521 6.034375
25522 6.034375
25523 6.034375
25524 6.034375
25525 6.034375
25526 6.034375
25527 6.034375
25528 6.034375
25529 6.034375
25530 6.034375
25531 6.034375
25532 6.034375
25533 6.034375
25534 6.034375
25535 6.034375
25536 6.034375
25537 6.034375
25538 6.034375
25539 6.034375
25540 6.034375
25541 6.034375
25542 6.034375
25543 6.034375
25544 6.034375
25545 6.034375
25546 6.034375
25547 6.034375
25548 6.034375
25549 6.034375
25550 6.034375
25551 6.034375
25552 6.034375
25553 6.034375
25554 6.034375
25555 6.034375
25556 6.034375
25557 6.034375
25558 6.034375
25559 6.034375
25560 6.034375
25561 6.034375
25562 6.034375
25563 6.034375
25564 6.034375
25565 6.034375
25566 6.034375
25567 6.034375
25568 6.034375
25569 6.034375
25570 6.034375
25571 6.034375
25572 6.034375
25573 6.034375
25574 6.034375
25575 6.034375
25576 6.034375
25577 6.034375
25578 6.034375
25579 6.034375
25580 6.034375
25581 6.034375
25582 6.034375
25583 6.034375
25584 6.034375
25585 6.034375
25586 6.034375
25587 6.034375
25588 6.034375
25589 6.034375
25590 6.034375
25591 6.034375
25592 6.034375
25593 6.034375
25594 6.034375
25595 6.034375
25596 6.034375
25597 6.034375
25598 6.034375
25599 6.034375
25600 6.034375
25601 6.034375
25602 6.034375
25603 6.034375
25604 6.034375
25605 6.034375
25606 6.034375
25607 6.034375
25608 6.034375
25609 6.034375
25610 6.034375
25611 6.034375
25612 6.034375
25613 6.034375
25614 6.034375
25615 6.034375
25616 6.034375
25617 6.034375
25618 6.034375
25619 6.034375
25620 6.034375
25621 6.034375
25622 6.034375
25623 6.034375
25624 6.034375
25625 6.034375
25626 6.034375
25627 6.034375
25628 6.034375
25629 6.034375
25630 6.034375
25631 6.034375
25632 6.034375
25633 6.034375
25634 6.034375
25635 6.034375
25636 6.034375
25637 6.034375
25638 6.034375
25639 6.034375
25640 6.034375
25641 6.034375
25642 6.034375
25643 6.034375
25644 6.034375
25645 6.034375
25646 6.034375
25647 6.034375
25648 6.034375
25649 6.034375
25650 6.034375
25651 6.034375
25652 6.034375
25653 6.034375
25654 6.034375
25655 6.034375
25656 6.034375
25657 6.034375
25658 6.034375
25659 6.034375
25660 6.034375
25661 6.034375
25662 6.034375
25663 6.034375
25664 6.034375
25665 6.034375
25666 6.034375
25667 6.034375
25668 6.034375
25669 6.034375
25670 6.034375
25671 6.034375
25672 6.034375
25673 6.034375
25674 6.034375
25675 6.034375
25676 6.034375
25677 6.034375
25678 6.034375
25679 6.034375
25680 6.034375
25681 6.034375
25682 6.034375
25683 6.034375
25684 6.034375
25685 6.034375
25686 6.034375
25687 6.034375
25688 6.034375
25689 6.034375
25690 6.034375
25691 6.034375
25692 6.034375
25693 6.034375
25694 6.034375
25695 6.034375
25696 6.034375
25697 6.034375
25698 6.034375
25699 6.034375
25700 6.034375
25701 6.034375
25702 6.034375
25703 6.034375
25704 6.034375
25705 6.034375
25706 6.034375
25707 6.034375
25708 6.034375
25709 6.034375
25710 6.034375
25711 6.034375
25712 6.034375
25713 6.034375
25714 6.034375
25715 6.034375
25716 6.034375
25717 6.034375
25718 6.034375
25719 6.034375
25720 6.034375
25721 6.034375
25722 6.034375
25723 6.034375
25724 6.034375
25725 6.034375
25726 6.034375
25727 6.034375
25728 6.034375
25729 6.034375
25730 6.034375
25731 6.034375
25732 6.034375
25733 6.034375
25734 6.034375
25735 6.034375
25736 6.034375
25737 6.034375
25738 6.034375
25739 6.034375
25740 6.034375
25741 6.034375
25742 6.034375
25743 6.034375
25744 6.034375
25745 6.034375
25746 6.034375
25747 6.034375
25748 6.034375
25749 6.034375
25750 6.034375
25751 6.034375
25752 6.034375
25753 6.034375
25754 6.034375
25755 6.034375
25756 6.034375
25757 6.034375
25758 6.034375
25759 6.034375
25760 6.034375
25761 6.034375
25762 6.034375
25763 6.034375
25764 6.034375
25765 6.034375
25766 6.034375
25767 6.034375
25768 6.034375
25769 6.034375
25770 6.034375
25771 6.034375
25772 6.034375
25773 6.034375
25774 6.034375
25775 6.034375
25776 6.034375
25777 6.034375
25778 6.034375
25779 6.034375
25780 6.034375
25781 6.034375
25782 6.034375
25783 6.034375
25784 6.034375
25785 6.034375
25786 6.034375
25787 6.034375
25788 6.034375
25789 6.034375
25790 6.034375
25791 6.034375
25792 6.034375
25793 6.034375
25794 6.034375
25795 6.034375
25796 6.034375
25797 6.034375
25798 6.034375
25799 6.034375
25800 6.034375
25801 6.034375
25802 6.034375
25803 6.034375
25804 6.034375
25805 6.034375
25806 6.034375
25807 6.034375
25808 6.034375
25809 6.034375
25810 6.034375
25811 6.034375
25812 6.034375
25813 6.034375
25814 6.034375
25815 6.034375
25816 6.034375
25817 6.034375
25818 6.034375
25819 6.034375
25820 6.034375
25821 6.034375
25822 6.034375
25823 6.034375
25824 6.034375
25825 6.034375
25826 6.034375
25827 6.034375
25828 6.034375
25829 6.034375
25830 6.034375
25831 6.034375
25832 6.034375
25833 6.034375
25834 6.034375
25835 6.034375
25836 6.034375
25837 6.034375
25838 6.034375
25839 6.034375
25840 6.034375
25841 6.034375
25842 6.034375
25843 6.034375
25844 6.034375
25845 6.034375
25846 6.034375
25847 6.034375
25848 6.034375
25849 6.034375
25850 6.034375
25851 6.034375
25852 6.034375
25853 6.034375
25854 6.034375
25855 6.034375
25856 6.034375
25857 6.034375
25858 6.034375
25859 6.034375
25860 6.034375
25861 6.034375
25862 6.034375
25863 6.034375
25864 6.034375
25865 6.034375
25866 6.034375
25867 6.034375
25868 6.034375
25869 6.034375
25870 6.034375
25871 6.034375
25872 6.034375
25873 6.034375
25874 6.034375
25875 6.034375
25876 6.034375
25877 6.034375
25878 6.034375
25879 6.034375
25880 6.034375
25881 6.034375
25882 6.034375
25883 6.034375
25884 6.034375
25885 6.034375
25886 6.034375
25887 6.034375
25888 6.034375
25889 6.034375
25890 6.034375
25891 6.034375
25892 6.034375
25893 6.034375
25894 6.034375
25895 6.034375
25896 6.034375
25897 6.034375
25898 6.034375
25899 6.034375
25900 6.034375
25901 6.034375
25902 6.034375
25903 6.034375
25904 6.034375
25905 6.034375
25906 6.034375
25907 6.034375
25908 6.034375
25909 6.034375
25910 6.034375
25911 6.034375
25912 6.034375
25913 6.034375
25914 6.034375
25915 6.034375
25916 6.034375
25917 6.034375
25918 6.034375
25919 6.034375
25920 6.034375
25921 6.034375
25922 6.034375
25923 6.034375
25924 6.034375
25925 6.034375
25926 6.034375
25927 6.034375
25928 6.034375
25929 6.034375
25930 6.034375
25931 6.034375
25932 6.034375
25933 6.034375
25934 6.034375
25935 6.034375
25936 6.034375
25937 6.034375
25938 6.034375
25939 6.034375
25940 6.034375
25941 6.034375
25942 6.034375
25943 6.034375
25944 6.034375
25945 6.034375
25946 6.034375
25947 6.034375
25948 6.034375
25949 6.034375
25950 6.034375
25951 6.034375
25952 6.034375
25953 6.034375
25954 6.034375
25955 6.034375
25956 6.034375
25957 6.034375
25958 6.034375
25959 6.034375
25960 6.034375
25961 6.034375
25962 6.034375
25963 6.034375
25964 6.034375
25965 6.034375
25966 6.034375
25967 6.034375
25968 6.034375
25969 6.034375
25970 6.034375
25971 6.034375
25972 6.034375
25973 6.034375
25974 6.034375
25975 6.034375
25976 6.034375
25977 6.034375
25978 6.034375
25979 6.034375
25980 6.034375
25981 6.034375
25982 6.034375
25983 6.034375
25984 6.034375
25985 6.034375
25986 6.034375
25987 6.034375
25988 6.034375
25989 6.034375
25990 6.034375
25991 6.034375
25992 6.034375
25993 6.034375
25994 6.034375
25995 6.034375
25996 6.034375
25997 6.034375
25998 6.034375
25999 6.034375
26000 6.034375
26001 6.034375
26002 6.034375
26003 6.034375
26004 6.034375
26005 6.034375
26006 6.034375
26007 6.034375
26008 6.034375
26009 6.034375
26010 6.034375
26011 6.034375
26012 6.034375
26013 6.034375
26014 6.034375
26015 6.034375
26016 6.034375
26017 6.034375
26018 6.034375
26019 6.034375
26020 6.034375
26021 6.034375
26022 6.034375
26023 6.034375
26024 6.034375
26025 6.034375
26026 6.034375
26027 6.034375
26028 6.034375
26029 6.034375
26030 6.034375
26031 6.034375
26032 6.034375
26033 6.034375
26034 6.034375
26035 6.034375
26036 6.034375
26037 6.034375
26038 6.034375
26039 6.034375
26040 6.034375
26041 6.034375
26042 6.034375
26043 6.034375
26044 6.034375
26045 6.034375
26046 6.034375
26047 6.034375
26048 6.034375
26049 6.034375
26050 6.034375
26051 6.034375
26052 6.034375
26053 6.034375
26054 6.034375
26055 6.034375
26056 6.034375
26057 6.034375
26058 6.034375
26059 6.034375
26060 6.034375
26061 6.034375
26062 6.034375
26063 6.034375
26064 6.034375
26065 6.034375
26066 6.034375
26067 6.034375
26068 6.034375
26069 6.034375
26070 6.034375
26071 6.034375
26072 6.034375
26073 6.034375
26074 6.034375
26075 6.034375
26076 6.034375
26077 6.034375
26078 6.034375
26079 6.034375
26080 6.034375
26081 6.034375
26082 6.034375
26083 6.034375
26084 6.034375
26085 6.034375
26086 6.034375
26087 6.034375
26088 6.034375
26089 6.034375
26090 6.034375
26091 6.034375
26092 6.034375
26093 6.034375
26094 6.034375
26095 6.034375
26096 6.034375
26097 6.034375
26098 6.034375
26099 6.034375
26100 6.034375
26101 6.034375
26102 6.034375
26103 6.034375
26104 6.034375
26105 6.034375
26106 6.034375
26107 6.034375
26108 6.034375
26109 6.034375
26110 6.034375
26111 6.034375
26112 6.034375
26113 6.034375
26114 6.034375
26115 6.034375
26116 6.034375
26117 6.034375
26118 6.034375
26119 6.034375
26120 6.034375
26121 6.034375
26122 6.034375
26123 6.034375
26124 6.034375
26125 6.034375
26126 6.034375
26127 6.034375
26128 6.034375
26129 6.034375
26130 6.034375
26131 6.034375
26132 6.034375
26133 6.034375
26134 6.034375
26135 6.034375
26136 6.034375
26137 6.034375
26138 6.034375
26139 6.034375
26140 6.034375
26141 6.034375
26142 6.034375
26143 6.034375
26144 6.034375
26145 6.034375
26146 6.034375
26147 6.034375
26148 6.034375
26149 6.034375
26150 6.034375
26151 6.034375
26152 6.034375
26153 6.034375
26154 6.034375
26155 6.034375
26156 6.034375
26157 6.034375
26158 6.034375
26159 6.034375
26160 6.034375
26161 6.034375
26162 6.034375
26163 6.034375
26164 6.034375
26165 6.034375
26166 6.034375
26167 6.034375
26168 6.034375
26169 6.034375
26170 6.034375
26171 6.034375
26172 6.034375
26173 6.034375
26174 6.034375
26175 6.034375
26176 6.034375
26177 6.034375
26178 6.034375
26179 6.034375
26180 6.034375
26181 6.034375
26182 6.034375
26183 6.034375
26184 6.034375
26185 6.034375
26186 6.034375
26187 6.034375
26188 6.034375
26189 6.034375
26190 6.034375
26191 6.034375
26192 6.034375
26193 6.034375
26194 6.034375
26195 6.034375
26196 6.034375
26197 6.034375
26198 6.034375
26199 6.034375
26200 6.034375
26201 6.034375
26202 6.034375
26203 6.034375
26204 6.034375
26205 6.034375
26206 6.034375
26207 6.034375
26208 6.034375
26209 6.034375
26210 6.034375
26211 6.034375
26212 6.034375
26213 6.034375
26214 6.034375
26215 6.034375
26216 6.034375
26217 6.034375
26218 6.034375
26219 6.034375
26220 6.034375
26221 6.034375
26222 6.034375
26223 6.034375
26224 6.034375
26225 6.024783
26226 6.024783
26227 6.024783
26228 6.024783
26229 6.024783
26230 6.024783
26231 6.024783
26232 6.024783
26233 6.024783
26234 6.024783
26235 6.024783
26236 6.024783
26237 6.024783
26238 6.024783
26239 6.024783
26240 6.024783
26241 6.024783
26242 6.024783
26243 6.024783
26244 6.024783
26245 6.024783
26246 6.024783
26247 6.024783
26248 6.024783
26249 6.024783
26250 6.024783
26251 6.024783
26252 6.024783
26253 6.024783
26254 6.024783
26255 6.024783
26256 6.024783
26257 6.024783
26258 6.024783
26259 6.024783
26260 6.024783
26261 6.024783
26262 6.024783
26263 6.024783
26264 6.024783
26265 6.024783
26266 6.024783
26267 6.024783
26268 6.024783
26269 6.024783
26270 6.024783
26271 6.024783
26272 6.024783
26273 6.024783
26274 6.024783
26275 6.024783
26276 6.024783
26277 6.024783
26278 6.024783
26279 6.024783
26280 6.024783
26281 6.024783
26282 6.024783
26283 6.024783
26284 6.024783
26285 6.024783
26286 6.024783
26287 6.024783
26288 6.024783
26289 6.024783
26290 6.024783
26291 6.024783
26292 6.024783
26293 6.024783
26294 6.024783
26295 6.024783
26296 6.024783
26297 6.024783
26298 6.024783
26299 6.024783
26300 6.024783
26301 6.024783
26302 6.024783
26303 6.024783
26304 6.024783
26305 6.024783
26306 6.024783
26307 6.024783
26308 6.024783
26309 6.024783
26310 6.024783
26311 6.024783
26312 6.024783
26313 6.024783
26314 6.024783
26315 6.024783
26316 6.024783
26317 6.024783
26318 6.024783
26319 6.024783
26320 6.024783
26321 6.024783
26322 6.024783
26323 6.024783
26324 6.024783
26325 6.024783
26326 6.024783
26327 6.024783
26328 6.024783
26329 6.024783
26330 6.024783
26331 6.024783
26332 6.024783
26333 6.024783
26334 6.024783
26335 6.024783
26336 6.024783
26337 6.024783
26338 6.024783
26339 6.024783
26340 6.024783
26341 6.024783
26342 6.024783
26343 6.024783
26344 6.024783
26345 6.024783
26346 6.024783
26347 6.024783
26348 6.024783
26349 6.024783
26350 6.024783
26351 6.024783
26352 6.024783
26353 6.024783
26354 6.024783
26355 6.024783
26356 6.024783
26357 6.024783
26358 6.024783
26359 6.024783
26360 6.024783
26361 6.024783
26362 6.024783
26363 6.024783
26364 6.024783
26365 6.024783
26366 6.024783
26367 6.024783
26368 6.024783
26369 6.024783
26370 6.024783
26371 6.024783
26372 6.024783
26373 6.024783
26374 6.024783
26375 6.024783
26376 6.024783
26377 6.024783
26378 6.024783
26379 6.024783
26380 6.024783
26381 6.024783
26382 6.024783
26383 6.024783
26384 6.024783
26385 6.024783
26386 6.024783
26387 6.024783
26388 6.024783
26389 6.024783
26390 6.024783
26391 6.024783
26392 6.024783
26393 6.024783
26394 6.024783
26395 6.024783
26396 6.024783
26397 6.024783
26398 6.024783
26399 6.024783
26400 6.024783
26401 6.024783
26402 6.024783
26403 6.024783
26404 6.024783
26405 6.024783
26406 6.024783
26407 6.024783
26408 6.024783
26409 6.024783
26410 6.024783
26411 6.024783
26412 6.024783
26413 6.024783
26414 6.024783
26415 6.024783
26416 6.024783
26417 6.024783
26418 6.024783
26419 6.024783
26420 6.024783
26421 6.024783
26422 6.024783
26423 6.024783
26424 6.024783
26425 6.024783
26426 6.024783
26427 6.024783
26428 6.024783
26429 6.024783
26430 6.024783
26431 6.024783
26432 6.024783
26433 6.024783
26434 6.024783
26435 6.024783
26436 6.024783
26437 6.024783
26438 6.024783
26439 6.024783
26440 6.024783
26441 6.024783
26442 6.024783
26443 6.024783
26444 6.024783
26445 6.024783
26446 6.024783
26447 6.024783
26448 6.024783
26449 6.024783
26450 6.024783
26451 6.024783
26452 6.024783
26453 6.024783
26454 6.024783
26455 6.024783
26456 6.024783
26457 6.024783
26458 6.024783
26459 6.024783
26460 6.024783
26461 6.024783
26462 6.024783
26463 6.024783
26464 6.024783
26465 6.024783
26466 6.024783
26467 6.024783
26468 6.024783
26469 6.024783
26470 6.024783
26471 6.024783
26472 6.024783
26473 6.024783
26474 6.024783
26475 6.024783
26476 6.024783
26477 6.024783
26478 6.024783
26479 6.024783
26480 6.024783
26481 6.024783
26482 6.024783
26483 6.024783
26484 6.024783
26485 6.024783
26486 6.024783
26487 6.024783
26488 6.024783
26489 6.024783
26490 6.024783
26491 6.024783
26492 6.024783
26493 6.024783
26494 6.024783
26495 6.024783
26496 6.024783
26497 6.024783
26498 6.024783
26499 6.024783
26500 6.024783
26501 6.024783
26502 6.024783
26503 6.024783
26504 6.024783
26505 6.024783
26506 6.024783
26507 6.024783
26508 6.024783
26509 6.024783
26510 6.024783
26511 6.024783
26512 6.024783
26513 6.024783
26514 6.024783
26515 6.024783
26516 6.024783
26517 6.024783
26518 6.024783
26519 6.024783
26520 6.024783
26521 6.024783
26522 6.024783
26523 6.024783
26524 6.024783
26525 6.024783
26526 6.024783
26527 6.024783
26528 6.024783
26529 6.024783
26530 6.024783
26531 6.024783
26532 6.024783
26533 6.024783
26534 6.024783
26535 6.024783
26536 6.024783
26537 6.024783
26538 6.024783
26539 6.024783
26540 6.024783
26541 6.024783
26542 6.024783
26543 6.024783
26544 6.024783
26545 6.024783
26546 6.024783
26547 6.024783
26548 6.024783
26549 6.024783
26550 6.024783
26551 6.024783
26552 6.024783
26553 6.024783
26554 6.024783
26555 6.024783
26556 6.024783
26557 6.024783
26558 6.024783
26559 6.024783
26560 6.024783
26561 6.024783
26562 6.024783
26563 6.024783
26564 6.024783
26565 6.024783
26566 6.024783
26567 6.024783
26568 6.024783
26569 6.024783
26570 6.024783
26571 6.024783
26572 6.024783
26573 6.024783
26574 6.024783
26575 6.024783
26576 6.024783
26577 6.024783
26578 6.024783
26579 6.024783
26580 6.024783
26581 6.024783
26582 6.024783
26583 6.024783
26584 6.024783
26585 6.024783
26586 6.024783
26587 6.024783
26588 6.024783
26589 6.024783
26590 6.024783
26591 6.024783
26592 6.024783
26593 6.024783
26594 6.024783
26595 6.024783
26596 6.024783
26597 6.024783
26598 6.024783
26599 6.024783
26600 6.024783
26601 6.024783
26602 6.024783
26603 6.024783
26604 6.024783
26605 6.024783
26606 6.024783
26607 6.024783
26608 6.024783
26609 6.024783
26610 6.024783
26611 6.024783
26612 6.024783
26613 6.024783
26614 6.024783
26615 6.024783
26616 6.024783
26617 6.024783
26618 6.024783
26619 6.024783
26620 6.024783
26621 6.024783
26622 6.024783
26623 6.024783
26624 6.024783
26625 6.024783
26626 6.024783
26627 6.024783
26628 6.024783
26629 6.024783
26630 6.024783
26631 6.024783
26632 6.024783
26633 6.024783
26634 6.024783
26635 6.024783
26636 6.024783
26637 6.024783
26638 6.024783
26639 6.024783
26640 6.024783
26641 6.024783
26642 6.024783
26643 6.024783
26644 6.024783
26645 6.024783
26646 6.024783
26647 6.024783
26648 6.024783
26649 6.024783
26650 6.024783
26651 6.024783
26652 6.024783
26653 6.024783
26654 6.024783
26655 6.024783
26656 6.024783
26657 6.024783
26658 6.024783
26659 6.024783
26660 6.024783
26661 6.024783
26662 6.024783
26663 6.024783
26664 6.024783
26665 6.024783
26666 6.024783
26667 6.024783
26668 6.024783
26669 6.024783
26670 6.024783
26671 6.024783
26672 6.024783
26673 6.024783
26674 6.024783
26675 6.024783
26676 6.024783
26677 6.024783
26678 6.024783
26679 6.024783
26680 6.024783
26681 6.024783
26682 6.024783
26683 6.024783
26684 6.024783
26685 6.024783
26686 6.024783
26687 6.024783
26688 6.024783
26689 6.024783
26690 6.024783
26691 6.024783
26692 6.024783
26693 6.024783
26694 6.024783
26695 6.024783
26696 6.024783
26697 6.024783
26698 6.024783
26699 6.024783
26700 6.024783
26701 6.024783
26702 6.024783
26703 6.024783
26704 6.024783
26705 6.024783
26706 6.024783
26707 6.024783
26708 6.024783
26709 6.024783
26710 6.024783
26711 6.024783
26712 6.024783
26713 6.024783
26714 6.024783
26715 6.024783
26716 6.024783
26717 6.024783
26718 6.024783
26719 6.024783
26720 6.024783
26721 6.024783
26722 6.024783
26723 6.024783
26724 6.024783
26725 6.024783
26726 6.024783
26727 6.024783
26728 6.024783
26729 6.024783
26730 6.024783
26731 6.024783
26732 6.024783
26733 6.024783
26734 6.024783
26735 6.024783
26736 6.024783
26737 6.024783
26738 6.024783
26739 6.024783
26740 6.024783
26741 6.024783
26742 6.024783
26743 6.024783
26744 6.024783
26745 6.024783
26746 6.024783
26747 6.024783
26748 6.024783
26749 6.024783
26750 6.024783
26751 6.024783
26752 6.024783
26753 6.024783
26754 6.024783
26755 6.024783
26756 6.024783
26757 6.024783
26758 6.024783
26759 6.024783
26760 6.024783
26761 6.024783
26762 6.024783
26763 6.024783
26764 6.024783
26765 6.024783
26766 6.024783
26767 6.024783
26768 6.024783
26769 6.024783
26770 6.024783
26771 6.024783
26772 6.024783
26773 6.024783
26774 6.024783
26775 6.024783
26776 6.024783
26777 6.024783
26778 6.024783
26779 6.024783
26780 6.024783
26781 6.024783
26782 6.024783
26783 6.024783
26784 6.024783
26785 6.024783
26786 6.024783
26787 6.024783
26788 6.024783
26789 6.024783
26790 6.024783
26791 6.024783
26792 6.024783
26793 6.024783
26794 6.024783
26795 6.024783
26796 6.024783
26797 6.024783
26798 6.024783
26799 6.024783
26800 6.024783
26801 6.024783
26802 6.024783
26803 6.024783
26804 6.024783
26805 6.024783
26806 6.024783
26807 6.024783
26808 6.024783
26809 6.024783
26810 6.024783
26811 6.024783
26812 6.024783
26813 6.024783
26814 6.024783
26815 6.024783
26816 6.024783
26817 6.024783
26818 6.024783
26819 6.024783
26820 6.024783
26821 6.024783
26822 6.024783
26823 6.024783
26824 6.024783
26825 6.024783
26826 6.024783
26827 6.024783
26828 6.024783
26829 6.024783
26830 6.024783
26831 6.024783
26832 6.024783
26833 6.024783
26834 6.024783
26835 6.024783
26836 6.024783
26837 6.024783
26838 6.024783
26839 6.024783
26840 6.024783
26841 6.024783
26842 6.024783
26843 6.024783
26844 6.024783
26845 6.024783
26846 6.024783
26847 6.024783
26848 6.024783
26849 6.024783
26850 6.024783
26851 6.024783
26852 6.024783
26853 6.024783
26854 6.024783
26855 6.024783
26856 6.024783
26857 6.024783
26858 6.024783
26859 6.024783
26860 6.024783
26861 6.024783
26862 6.024783
26863 6.024783
26864 6.024783
26865 6.024783
26866 6.024783
26867 6.024783
26868 6.024783
26869 6.024783
26870 6.024783
26871 6.024783
26872 6.024783
26873 6.024783
26874 6.024783
26875 6.024783
26876 6.024783
26877 6.024783
26878 6.024783
26879 6.024783
26880 6.024783
26881 6.024783
26882 6.024783
26883 6.024783
26884 6.024783
26885 6.024783
26886 6.024783
26887 6.024783
26888 6.024783
26889 6.024783
26890 6.024783
26891 6.024783
26892 6.024783
26893 6.024783
26894 6.024783
26895 6.024783
26896 6.024783
26897 6.024783
26898 6.024783
26899 6.024783
26900 6.024783
26901 6.024783
26902 6.024783
26903 6.024783
26904 6.024783
26905 6.024783
26906 6.024783
26907 6.024783
26908 6.024783
26909 6.024783
26910 6.024783
26911 6.024783
26912 6.024783
26913 6.024783
26914 6.024783
26915 6.024783
26916 6.024783
26917 6.024783
26918 6.024783
26919 6.024783
26920 6.024783
26921 6.024783
26922 6.024783
26923 6.024783
26924 6.024783
26925 6.024783
26926 6.024783
26927 6.024783
26928 6.024783
26929 6.024783
26930 6.024783
26931 6.024783
26932 6.024783
26933 6.024783
26934 6.024783
26935 6.024783
26936 6.024783
26937 6.024783
26938 6.024783
26939 6.024783
26940 6.024783
26941 6.024783
26942 6.024783
26943 6.024783
26944 6.024783
26945 6.024783
26946 6.024783
26947 6.024783
26948 6.024783
26949 6.024783
26950 6.024783
26951 6.024783
26952 6.024783
26953 6.024783
26954 6.024783
26955 6.024783
26956 6.024783
26957 6.024783
26958 6.024783
26959 6.024783
26960 6.024783
26961 6.024783
26962 6.024783
26963 6.024783
26964 6.024783
26965 6.024783
26966 6.024783
26967 6.024783
26968 6.024783
26969 6.024783
26970 6.024783
26971 6.024783
26972 6.024783
26973 6.024783
26974 6.024783
26975 6.024783
26976 6.024783
26977 6.024783
26978 6.024783
26979 6.024783
26980 6.024783
26981 6.024783
26982 6.024783
26983 6.024783
26984 6.024783
26985 6.024783
26986 6.024783
26987 6.024783
26988 6.024783
26989 6.024783
26990 6.024783
26991 6.024783
26992 6.024783
26993 6.024783
26994 6.024783
26995 6.024783
26996 6.024783
26997 6.024783
26998 6.024783
26999 6.024783
27000 6.024783
27001 6.024783
27002 6.024783
27003 6.024783
27004 6.024783
27005 6.024783
27006 6.024783
27007 6.024783
27008 6.024783
27009 6.024783
27010 6.024783
27011 6.024783
27012 6.024783
27013 6.024783
27014 6.024783
27015 6.024783
27016 6.024783
27017 6.024783
27018 6.024783
27019 6.024783
27020 6.024783
27021 6.024783
27022 6.024783
27023 6.024783
27024 6.024783
27025 6.024783
27026 6.024783
27027 6.024783
27028 6.024783
27029 6.024783
27030 6.024783
27031 6.024783
27032 6.024783
27033 6.024783
27034 6.024783
27035 6.024783
27036 6.024783
27037 6.024783
27038 6.024783
27039 6.024783
27040 6.024783
27041 6.024783
27042 6.024783
27043 6.024783
27044 6.024783
27045 6.024783
27046 6.024783
27047 6.024783
27048 6.024783
27049 6.024783
27050 6.024783
27051 6.024783
27052 6.024783
27053 6.024783
27054 6.024783
27055 6.024783
27056 6.024783
27057 6.024783
27058 6.024783
27059 6.024783
27060 6.024783
27061 6.024783
27062 6.024783
27063 6.024783
27064 6.024783
27065 6.024783
27066 6.024783
27067 6.024783
27068 6.024783
27069 6.024783
27070 6.024783
27071 6.024783
27072 6.024783
27073 6.024783
27074 6.024783
27075 6.024783
27076 6.024783
27077 6.024783
27078 6.024783
27079 6.024783
27080 6.024783
27081 6.024783
27082 6.024783
27083 6.024783
27084 6.024783
27085 6.024783
27086 6.024783
27087 6.024783
27088 6.024783
27089 6.024783
27090 6.024783
27091 6.024783
27092 6.024783
27093 6.024783
27094 6.024783
27095 6.024783
27096 6.024783
27097 6.024783
27098 6.024783
27099 6.024783
27100 6.024783
27101 6.024783
27102 6.024783
27103 6.024783
27104 6.024783
27105 6.024783
27106 6.024783
27107 6.024783
27108 6.024783
27109 6.024783
27110 6.024783
27111 6.024783
27112 6.024783
27113 6.024783
27114 6.024783
27115 6.024783
27116 6.024783
27117 6.024783
27118 6.024783
27119 6.024783
27120 6.024783
27121 6.024783
27122 6.024783
27123 6.024783
27124 6.024783
27125 6.024783
27126 6.024783
27127 6.024783
27128 6.024783
27129 6.024783
27130 6.024783
27131 6.024783
27132 6.024783
27133 6.024783
27134 6.024783
27135 6.024783
27136 6.024783
27137 6.024783
27138 6.024783
27139 6.024783
27140 6.024783
27141 6.024783
27142 6.024783
27143 6.024783
27144 6.024783
27145 6.024783
27146 6.024783
27147 6.024783
27148 6.024783
27149 6.024783
27150 6.024783
27151 6.024783
27152 6.024783
27153 6.024783
27154 6.024783
27155 6.024783
27156 6.024783
27157 6.024783
27158 6.024783
27159 6.024783
27160 6.024783
27161 6.024783
27162 6.024783
27163 6.024783
27164 6.024783
27165 6.024783
27166 6.024783
27167 6.024783
27168 6.024783
27169 6.024783
27170 6.024783
27171 6.024783
27172 6.024783
27173 6.024783
27174 6.024783
27175 6.024783
27176 6.024783
27177 6.024783
27178 6.024783
27179 6.024783
27180 6.024783
27181 6.024783
27182 6.024783
27183 6.024783
27184 6.024783
27185 6.024783
27186 6.024783
27187 6.024783
27188 6.024783
27189 6.024783
27190 6.024783
27191 6.024783
27192 6.024783
27193 6.024783
27194 6.024783
27195 6.024783
27196 6.024783
27197 6.024783
27198 6.024783
27199 6.024783
27200 6.024783
27201 6.024783
27202 6.024783
27203 6.024783
27204 6.024783
27205 6.024783
27206 6.024783
27207 6.024783
27208 6.024783
27209 6.024783
27210 6.024783
27211 6.024783
27212 6.024783
27213 6.024783
27214 6.024783
27215 6.024783
27216 6.024783
27217 6.024783
27218 6.024783
27219 6.024783
27220 6.024783
27221 6.024783
27222 6.024783
27223 6.024783
27224 6.024783
27225 6.024783
27226 6.024783
27227 6.024783
27228 6.024783
27229 6.024783
27230 6.024783
27231 6.024783
27232 6.024783
27233 6.024783
27234 6.024783
27235 6.024783
27236 6.024783
27237 6.024783
27238 6.024783
27239 6.024783
27240 6.024783
27241 6.024783
27242 6.024783
27243 6.024783
27244 6.024783
27245 6.024783
27246 6.024783
27247 6.024783
27248 6.024783
27249 6.024783
27250 6.024783
27251 6.024783
27252 6.024783
27253 6.024783
27254 6.024783
27255 6.024783
27256 6.024783
27257 6.024783
27258 6.024783
27259 6.024783
27260 6.024783
27261 6.024783
27262 6.024783
27263 6.024783
27264 6.024783
27265 6.024783
27266 6.024783
27267 6.024783
27268 6.024783
27269 6.024783
27270 6.024783
27271 6.024783
27272 6.024783
27273 6.024783
27274 6.024783
27275 6.024783
27276 6.024783
27277 6.024783
27278 6.024783
27279 6.024783
27280 6.024783
27281 6.024783
27282 6.024783
27283 6.024783
27284 6.024783
27285 6.024783
27286 6.024783
27287 6.024783
27288 6.024783
27289 6.024783
27290 6.024783
27291 6.024783
27292 6.024783
27293 6.024783
27294 6.024783
27295 6.024783
27296 6.024783
27297 6.024783
27298 6.024783
27299 6.024783
27300 6.024783
27301 6.024783
27302 6.024783
27303 6.024783
27304 6.024783
27305 6.024783
27306 6.024783
27307 6.024783
27308 6.024783
27309 6.024783
27310 6.024783
27311 6.024783
27312 6.024783
27313 6.024783
27314 6.024783
27315 6.024783
27316 6.024783
27317 6.024783
27318 6.024783
27319 6.024783
27320 6.024783
27321 6.024783
27322 6.024783
27323 6.024783
27324 6.024783
27325 6.024783
27326 6.024783
27327 6.024783
27328 6.024783
27329 6.024783
27330 6.024783
27331 6.024783
27332 6.024783
27333 6.024783
27334 6.024783
27335 6.024783
27336 6.024783
27337 6.024783
27338 6.024783
27339 6.024783
27340 6.024783
27341 6.024783
27342 6.024783
27343 6.024783
27344 6.024783
27345 6.024783
27346 6.024783
27347 6.024783
27348 6.024783
27349 6.024783
27350 6.024783
27351 6.024783
27352 6.024783
27353 6.024783
27354 6.024783
27355 6.024783
27356 6.024783
27357 6.024783
27358 6.024783
27359 6.024783
27360 6.024783
27361 6.024783
27362 6.024783
27363 6.024783
27364 6.024783
27365 6.024783
27366 6.024783
27367 6.024783
27368 6.024783
27369 6.024783
27370 6.024783
27371 6.024783
27372 6.024783
27373 6.024783
27374 6.024783
27375 6.024783
27376 6.024783
27377 6.024783
27378 6.024783
27379 6.024783
27380 6.024783
27381 6.024783
27382 6.024783
27383 6.024783
27384 6.024783
27385 6.024783
27386 6.024783
27387 6.024783
27388 6.024783
27389 6.024783
27390 6.024783
27391 6.024783
27392 6.024783
27393 6.024783
27394 6.024783
27395 6.024783
27396 6.024783
27397 6.024783
27398 6.024783
27399 6.024783
27400 6.024783
27401 6.024783
27402 6.024783
27403 6.024783
27404 6.024783
27405 6.024783
27406 6.024783
27407 6.024783
27408 6.024783
27409 6.024783
27410 6.024783
27411 6.024783
27412 6.024783
27413 6.024783
27414 6.024783
27415 6.024783
27416 6.024783
27417 6.024783
27418 6.024783
27419 6.024783
27420 6.024783
27421 6.024783
27422 6.024783
27423 6.024783
27424 6.024783
27425 6.024783
27426 6.024783
27427 6.024783
27428 6.024783
27429 6.024783
27430 6.024783
27431 6.024783
27432 6.024783
27433 6.024783
27434 6.024783
27435 6.024783
27436 6.024783
27437 6.024783
27438 6.024783
27439 6.024783
27440 6.024783
27441 6.024783
27442 6.024783
27443 6.024783
27444 6.024783
27445 6.024783
27446 6.024783
27447 6.024783
27448 6.024783
27449 6.024783
27450 6.024783
27451 6.024783
27452 6.024783
27453 6.024783
27454 6.024783
27455 6.024783
27456 6.024783
27457 6.024783
27458 6.024783
27459 6.024783
27460 6.024783
27461 6.024783
27462 6.024783
27463 6.024783
27464 6.024783
27465 6.024783
27466 6.024783
27467 6.024783
27468 6.024783
27469 6.024783
27470 6.024783
27471 6.024783
27472 6.024783
27473 6.024783
27474 6.024783
27475 6.024783
27476 6.024783
27477 6.024783
27478 6.024783
27479 6.024783
27480 6.024783
27481 6.024783
27482 6.024783
27483 6.024783
27484 6.024783
27485 6.024783
27486 6.024783
27487 6.024783
27488 6.024783
27489 6.024783
27490 6.024783
27491 6.024783
27492 6.024783
27493 6.024783
27494 6.024783
27495 6.024783
27496 6.024783
27497 6.024783
27498 6.024783
27499 6.024783
27500 6.024783
27501 6.024783
27502 6.024783
27503 6.024783
27504 6.024783
27505 6.024783
27506 6.024783
27507 6.024783
27508 6.024783
27509 6.024783
27510 6.024783
27511 6.024783
27512 6.024783
27513 6.024783
27514 6.024783
27515 6.024783
27516 6.024783
27517 6.024783
27518 6.024783
27519 6.024783
27520 6.024783
27521 6.024783
27522 6.024783
27523 6.024783
27524 6.024783
27525 6.024783
27526 6.024783
27527 6.024783
27528 6.024783
27529 6.024783
27530 6.024783
27531 6.024783
27532 6.024783
27533 6.024783
27534 6.024783
27535 6.024783
27536 6.024783
27537 6.024783
27538 6.024783
27539 6.024783
27540 6.024783
27541 6.024783
27542 6.024783
27543 6.024783
27544 6.024783
27545 6.024783
27546 6.024783
27547 6.024783
27548 6.024783
27549 6.024783
27550 6.024783
27551 6.024783
27552 6.024783
27553 6.024783
27554 6.024783
27555 6.024783
27556 6.024783
27557 6.024783
27558 6.024783
27559 6.024783
27560 6.024783
27561 6.024783
27562 6.024783
27563 6.024783
27564 6.024783
27565 6.024783
27566 6.024783
27567 6.024783
27568 6.024783
27569 6.024783
27570 6.024783
27571 6.024783
27572 6.024783
27573 6.024783
27574 6.024783
27575 6.024783
27576 6.024783
27577 6.024783
27578 6.024783
27579 6.024783
27580 6.024783
27581 6.024783
27582 6.024783
27583 6.024783
27584 6.024783
27585 6.024783
27586 6.024783
27587 6.024783
27588 6.024783
27589 6.024783
27590 6.024783
27591 6.024783
27592 6.024783
27593 6.024783
27594 6.024783
27595 6.024783
27596 6.024783
27597 6.024783
27598 6.024783
27599 6.024783
27600 6.024783
27601 6.024783
27602 6.024783
27603 6.024783
27604 6.024783
27605 6.024783
27606 6.024783
27607 6.024783
27608 6.024783
27609 6.024783
27610 6.024783
27611 6.024783
27612 6.024783
27613 6.024783
27614 6.024783
27615 6.024783
27616 6.024783
27617 6.024783
27618 6.024783
27619 6.024783
27620 6.024783
27621 6.024783
27622 6.024783
27623 6.024783
27624 6.024783
27625 6.024783
27626 6.024783
27627 6.024783
27628 6.024783
27629 6.024783
27630 6.024783
27631 6.024783
27632 6.024783
27633 6.024783
27634 6.024783
27635 6.024783
27636 6.024783
27637 6.024783
27638 6.024783
27639 6.024783
27640 6.024783
27641 6.024783
27642 6.024783
27643 6.024783
27644 6.024783
27645 6.024783
27646 6.024783
27647 6.024783
27648 6.024783
27649 6.024783
27650 6.024783
27651 6.024783
27652 6.024783
27653 6.024783
27654 6.024783
27655 6.024783
27656 6.024783
27657 6.024783
27658 6.024783
27659 6.024783
27660 6.024783
27661 6.024783
27662 6.024783
27663 6.024783
27664 6.024783
27665 6.024783
27666 6.024783
27667 6.024783
27668 6.024783
27669 6.024783
27670 6.024783
27671 6.024783
27672 6.024783
27673 6.024783
27674 6.024783
27675 6.024783
27676 6.024783
27677 6.024783
27678 6.024783
27679 6.024783
27680 6.024783
27681 6.024783
27682 6.024783
27683 6.024783
27684 6.024783
27685 6.024783
27686 6.024783
27687 6.024783
27688 6.024783
27689 6.024783
27690 6.024783
27691 6.024783
27692 6.024783
27693 6.024783
27694 6.024783
27695 6.024783
27696 6.024783
27697 6.024783
27698 6.024783
27699 6.024783
27700 6.024783
27701 6.024783
27702 6.024783
27703 6.024783
27704 6.024783
27705 6.024783
27706 6.024783
27707 6.024783
27708 6.024783
27709 6.024783
27710 6.024783
27711 6.024783
27712 6.024783
27713 6.024783
27714 6.024783
27715 6.024783
27716 6.024783
27717 6.024783
27718 6.024783
27719 6.024783
27720 6.024783
27721 6.024783
27722 6.024783
27723 6.024783
27724 6.024783
27725 6.024783
27726 6.024783
27727 6.024783
27728 6.024783
27729 6.024783
27730 6.024783
27731 6.024783
27732 6.024783
27733 6.024783
27734 6.024783
27735 6.024783
27736 6.024783
27737 6.024783
27738 6.024783
27739 6.024783
27740 6.024783
27741 6.024783
27742 6.024783
27743 6.024783
27744 6.024783
27745 6.024783
27746 6.024783
27747 6.024783
27748 6.024783
27749 6.024783
27750 6.024783
27751 6.024783
27752 6.024783
27753 6.024783
27754 6.024783
27755 6.024783
27756 6.024783
27757 6.024783
27758 6.024783
27759 6.024783
27760 6.024783
27761 6.024783
27762 6.024783
27763 6.024783
27764 6.024783
27765 6.024783
27766 6.024783
27767 6.024783
27768 6.024783
27769 6.024783
27770 6.024783
27771 6.024783
27772 6.024783
27773 6.024783
27774 6.024783
27775 6.024783
27776 6.024783
27777 6.024783
27778 6.024783
27779 6.024783
27780 6.024783
27781 6.024783
27782 6.024783
27783 6.024783
27784 6.024783
27785 6.024783
27786 6.024783
27787 6.024783
27788 6.024783
27789 6.024783
27790 6.024783
27791 6.024783
27792 6.024783
27793 6.024783
27794 6.024783
27795 6.024783
27796 6.024783
27797 6.024783
27798 6.024783
27799 6.024783
27800 6.024783
27801 6.024783
27802 6.024783
27803 6.024783
27804 6.024783
27805 6.024783
27806 6.024783
27807 6.024783
27808 6.024783
27809 6.024783
27810 6.024783
27811 6.024783
27812 6.024783
27813 6.024783
27814 6.024783
27815 6.024783
27816 6.024783
27817 6.024783
27818 6.024783
27819 6.024783
27820 6.024783
27821 6.024783
27822 6.024783
27823 6.024783
27824 6.024783
27825 6.024783
27826 6.024783
27827 6.024783
27828 6.024783
27829 6.024783
27830 6.024783
27831 6.024783
27832 6.024783
27833 6.024783
27834 6.024783
27835 6.024783
27836 6.024783
27837 6.024783
27838 6.024783
27839 6.024783
27840 6.024783
27841 6.024783
27842 6.024783
27843 6.024783
27844 6.024783
27845 6.024783
27846 6.024783
27847 6.024783
27848 6.024783
27849 6.024783
27850 6.024783
27851 6.024783
27852 6.024783
27853 6.024783
27854 6.024783
27855 6.024783
27856 6.024783
27857 6.024783
27858 6.024783
27859 6.024783
27860 6.024783
27861 6.024783
27862 6.024783
27863 6.024783
27864 6.024783
27865 6.024783
27866 6.024783
27867 6.024783
27868 6.024783
27869 6.024783
27870 6.024783
27871 6.024783
27872 6.024783
27873 6.024783
27874 6.024783
27875 6.024783
27876 6.024783
27877 6.024783
27878 6.024783
27879 6.024783
27880 6.024783
27881 6.024783
27882 6.024783
27883 6.024783
27884 6.024783
27885 6.024783
27886 6.024783
27887 6.024783
27888 6.024783
27889 6.024783
27890 6.024783
27891 6.024783
27892 6.024783
27893 6.024783
27894 6.024783
27895 6.024783
27896 6.024783
27897 6.024783
27898 6.024783
27899 6.024783
27900 6.024783
27901 6.024783
27902 6.024783
27903 6.024783
27904 6.024783
27905 6.024783
27906 6.024783
27907 6.024783
27908 6.024783
27909 6.024783
27910 6.024783
27911 6.024783
27912 6.024783
27913 6.024783
27914 6.024783
27915 6.024783
27916 6.024783
27917 6.024783
27918 6.024783
27919 6.024783
27920 6.024783
27921 6.024783
27922 6.024783
27923 6.024783
27924 6.024783
27925 6.024783
27926 6.024783
27927 6.024783
27928 6.024783
27929 6.024783
27930 6.024783
27931 6.024783
27932 6.024783
27933 6.024783
27934 6.024783
27935 6.024783
27936 6.024783
27937 6.024783
27938 6.024783
27939 6.024783
27940 6.024783
27941 6.024783
27942 6.024783
27943 6.024783
27944 6.024783
27945 6.024783
27946 6.024783
27947 6.024783
27948 6.024783
27949 6.024783
27950 6.024783
27951 6.024783
27952 6.024783
27953 6.024783
27954 6.024783
27955 6.024783
27956 6.024783
27957 6.024783
27958 6.024783
27959 6.024783
27960 6.024783
27961 6.024783
27962 6.024783
27963 6.024783
27964 6.024783
27965 6.024783
27966 6.024783
27967 6.024783
27968 6.024783
27969 6.024783
27970 6.024783
27971 6.024783
27972 6.024783
27973 6.024783
27974 6.024783
27975 6.024783
27976 6.024783
27977 6.024783
27978 6.024783
27979 6.024783
27980 6.024783
27981 6.024783
27982 6.024783
27983 6.024783
27984 6.024783
27985 6.024783
27986 6.024783
27987 6.024783
27988 6.024783
27989 6.024783
27990 6.024783
27991 6.024783
27992 6.024783
27993 6.024783
27994 6.024783
27995 6.024783
27996 6.024783
27997 6.024783
27998 6.024783
27999 6.024783
28000 6.024783
28001 6.024783
28002 6.024783
28003 6.024783
28004 6.024783
28005 6.024783
28006 6.024783
28007 6.024783
28008 6.024783
28009 6.024783
28010 6.024783
28011 6.024783
28012 6.024783
28013 6.024783
28014 6.024783
28015 6.024783
28016 6.024783
28017 6.024783
28018 6.024783
28019 6.024783
28020 6.024783
28021 6.024783
28022 6.024783
28023 6.024783
28024 6.024783
28025 6.024783
28026 6.024783
28027 6.024783
28028 6.024783
28029 6.024783
28030 6.024783
28031 6.024783
28032 6.024783
28033 6.024783
28034 6.024783
28035 6.024783
28036 6.024783
28037 6.024783
28038 6.024783
28039 6.024783
28040 6.024783
28041 6.024783
28042 6.024783
28043 6.024783
28044 6.024783
28045 6.024783
28046 6.024783
28047 6.024783
28048 6.024783
28049 6.024783
28050 6.024783
28051 6.024783
28052 6.024783
28053 6.024783
28054 6.024783
28055 6.024783
28056 6.024783
28057 6.024783
28058 6.024783
28059 6.024783
28060 6.024783
28061 6.024783
28062 6.024783
28063 6.024783
28064 6.024783
28065 6.024783
28066 6.024783
28067 6.024783
28068 6.024783
28069 6.024783
28070 6.024783
28071 6.024783
28072 6.024783
28073 6.024783
28074 6.024783
28075 6.024783
28076 6.024783
28077 6.024783
28078 6.024783
28079 6.024783
28080 6.024783
28081 6.024783
28082 6.024783
28083 6.024783
28084 6.024783
28085 6.024783
28086 6.024783
28087 6.024783
28088 6.024783
28089 6.024783
28090 6.024783
28091 6.024783
28092 6.024783
28093 6.024783
28094 6.024783
28095 6.024783
28096 6.024783
28097 6.024783
28098 6.024783
28099 6.024783
28100 6.024783
28101 6.024783
28102 6.024783
28103 6.024783
28104 6.024783
28105 6.024783
28106 6.024783
28107 6.024783
28108 6.024783
28109 6.024783
28110 6.024783
28111 6.024783
28112 6.024783
28113 6.024783
28114 6.024783
28115 6.024783
28116 6.024783
28117 6.024783
28118 6.024783
28119 6.024783
28120 6.024783
28121 6.024783
28122 6.024783
28123 6.024783
28124 6.024783
28125 6.024783
28126 6.024783
28127 6.024783
28128 6.024783
28129 6.024783
28130 6.024783
28131 6.024783
28132 6.024783
28133 6.024783
28134 6.024783
28135 6.024783
28136 6.024783
28137 6.024783
28138 6.024783
28139 6.024783
28140 6.024783
28141 6.024783
28142 6.024783
28143 6.024783
28144 6.024783
28145 6.024783
28146 6.024783
28147 6.024783
28148 6.024783
28149 6.024783
28150 6.024783
28151 6.024783
28152 6.024783
28153 6.024783
28154 6.024783
28155 6.024783
28156 6.024783
28157 6.024783
28158 6.024783
28159 6.024783
28160 6.024783
28161 6.024783
28162 6.024783
28163 6.024783
28164 6.024783
28165 6.024783
28166 6.024783
28167 6.024783
28168 6.024783
28169 6.024783
28170 6.024783
28171 6.024783
28172 6.024783
28173 6.024783
28174 6.024783
28175 6.024783
28176 6.024783
28177 6.024783
28178 6.024783
28179 6.024783
28180 6.024783
28181 6.024783
28182 6.024783
28183 6.024783
28184 6.024783
28185 6.024783
28186 6.024783
28187 6.024783
28188 6.024783
28189 6.024783
28190 6.024783
28191 6.024783
28192 6.024783
28193 6.024783
28194 6.024783
28195 6.024783
28196 6.024783
28197 6.024783
28198 6.024783
28199 6.024783
28200 6.024783
28201 6.024783
28202 6.024783
28203 6.024783
28204 6.024783
28205 6.024783
28206 6.024783
28207 6.024783
28208 6.024783
28209 6.024783
28210 6.024783
28211 6.024783
28212 6.024783
28213 6.024783
28214 6.024783
28215 6.024783
28216 6.024783
28217 6.024783
28218 6.024783
28219 6.024783
28220 6.024783
28221 6.024783
28222 6.024783
28223 6.024783
28224 6.024783
28225 6.024783
28226 6.024783
28227 6.024783
28228 6.024783
28229 6.024783
28230 6.024783
28231 6.024783
28232 6.024783
28233 6.024783
28234 6.024783
28235 6.024783
28236 6.024783
28237 6.024783
28238 6.024783
28239 6.024783
28240 6.024783
28241 6.024783
28242 6.024783
28243 6.024783
28244 6.024783
28245 6.024783
28246 6.024783
28247 6.024783
28248 6.024783
28249 6.024783
28250 6.024783
28251 6.024783
28252 6.024783
28253 6.024783
28254 6.024783
28255 6.024783
28256 6.024783
28257 6.024783
28258 6.024783
28259 6.024783
28260 6.024783
28261 6.024783
28262 6.024783
28263 6.024783
28264 6.024783
28265 6.024783
28266 6.024783
28267 6.024783
28268 6.024783
28269 6.024783
28270 6.024783
28271 6.024783
28272 6.024783
28273 6.024783
28274 6.024783
28275 6.024783
28276 6.024783
28277 6.024783
28278 6.024783
28279 6.024783
28280 6.024783
28281 6.024783
28282 6.024783
28283 6.024783
28284 6.024783
28285 6.024783
28286 6.024783
28287 6.024783
28288 6.024783
28289 6.024783
28290 6.024783
28291 6.024783
28292 6.024783
28293 6.024783
28294 6.024783
28295 6.024783
28296 6.024783
28297 6.024783
28298 6.024783
28299 6.024783
28300 6.024783
28301 6.024783
28302 6.024783
28303 6.024783
28304 6.024783
28305 6.024783
28306 6.024783
28307 6.024783
28308 6.024783
28309 6.024783
28310 6.024783
28311 6.024783
28312 6.024783
28313 6.024783
28314 6.024783
28315 6.024783
28316 6.024783
28317 6.024783
28318 6.024783
28319 6.024783
28320 6.024783
28321 6.024783
28322 6.024783
28323 6.024783
28324 6.024783
28325 6.024783
28326 6.024783
28327 6.024783
28328 6.024783
28329 6.024783
28330 6.024783
28331 6.024783
28332 6.024783
28333 6.024783
28334 6.024783
28335 6.024783
28336 6.024783
28337 6.024783
28338 6.024783
28339 6.024783
28340 6.024783
28341 6.024783
28342 6.024783
28343 6.024783
28344 6.024783
28345 6.024783
28346 6.024783
28347 6.024783
28348 6.024783
28349 6.024783
28350 6.024783
28351 6.024783
28352 6.024783
28353 6.024783
28354 6.024783
28355 6.024783
28356 6.024783
28357 6.024783
28358 6.024783
28359 6.024783
28360 6.024783
28361 6.024783
28362 6.024783
28363 6.024783
28364 6.024783
28365 6.024783
28366 6.024783
28367 6.024783
28368 6.024783
28369 6.024783
28370 6.024783
28371 6.024783
28372 6.024783
28373 6.024783
28374 6.024783
28375 6.024783
28376 6.024783
28377 6.024783
28378 6.024783
28379 6.024783
28380 6.024783
28381 6.024783
28382 6.024783
28383 6.024783
28384 6.024783
28385 6.024783
28386 6.024783
28387 6.024783
28388 6.024783
28389 6.024783
28390 6.024783
28391 6.024783
28392 6.024783
28393 6.024783
28394 6.024783
28395 6.024783
28396 6.024783
28397 6.024783
28398 6.024783
28399 6.024783
28400 6.024783
28401 6.024783
28402 6.024783
28403 6.024783
28404 6.024783
28405 6.024783
28406 6.024783
28407 6.024783
28408 6.024783
28409 6.024783
28410 6.024783
28411 6.024783
28412 6.024783
28413 6.024783
28414 6.024783
28415 6.024783
28416 6.024783
28417 6.024783
28418 6.024783
28419 6.024783
28420 6.024783
28421 6.024783
28422 6.024783
28423 6.024783
28424 6.024783
28425 6.024783
28426 6.024783
28427 6.024783
28428 6.024783
28429 6.024783
28430 6.024783
28431 6.024783
28432 6.024783
28433 6.024783
28434 6.024783
28435 6.024783
28436 6.024783
28437 6.024783
28438 6.024783
28439 6.024783
28440 6.024783
28441 6.024783
28442 6.024783
28443 6.024783
28444 6.024783
28445 6.024783
28446 6.024783
28447 6.024783
28448 6.024783
28449 6.024783
28450 6.024783
28451 6.024783
28452 6.024783
28453 6.024783
28454 6.024783
28455 6.024783
28456 6.024783
28457 6.024783
28458 6.024783
28459 6.024783
28460 6.024783
28461 6.024783
28462 6.024783
28463 6.024783
28464 6.024783
28465 6.024783
28466 6.024783
28467 6.024783
28468 6.024783
28469 6.024783
28470 6.024783
28471 6.024783
28472 6.024783
28473 6.024783
28474 6.024783
28475 6.024783
28476 6.024783
28477 6.024783
28478 6.024783
28479 6.024783
28480 6.024783
28481 6.024783
28482 6.024783
28483 6.024783
28484 6.024783
28485 6.024783
28486 6.024783
28487 6.024783
28488 6.024783
28489 6.024783
28490 6.024783
28491 6.024783
28492 6.024783
28493 6.024783
28494 6.024783
28495 6.024783
28496 6.024783
28497 6.024783
28498 6.024783
28499 6.024783
28500 6.024783
28501 6.024783
28502 6.024783
28503 6.024783
28504 6.024783
28505 6.024783
28506 6.024783
28507 6.024783
28508 6.024783
28509 6.024783
28510 6.024783
28511 6.024783
28512 6.024783
28513 6.024783
28514 6.024783
28515 6.024783
28516 6.024783
28517 6.024783
28518 6.024783
28519 6.024783
28520 6.024783
28521 6.024783
28522 6.024783
28523 6.024783
28524 6.024783
28525 6.024783
28526 6.024783
28527 6.024783
28528 6.024783
28529 6.024783
28530 6.024783
28531 6.024783
28532 6.024783
28533 6.024783
28534 6.024783
28535 6.024783
28536 6.024783
28537 6.024783
28538 6.024783
28539 6.024783
28540 6.024783
28541 6.024783
28542 6.024783
28543 6.024783
28544 6.024783
28545 6.024783
28546 6.024783
28547 6.024783
28548 6.024783
28549 6.024783
28550 6.024783
28551 6.024783
28552 6.024783
28553 6.024783
28554 6.024783
28555 6.024783
28556 6.024783
28557 6.024783
28558 6.024783
28559 6.024783
28560 6.024783
28561 6.024783
28562 6.024783
28563 6.024783
28564 6.024783
28565 6.024783
28566 6.024783
28567 6.024783
28568 6.024783
28569 6.024783
28570 6.024783
28571 6.024783
28572 6.024783
28573 6.024783
28574 6.024783
28575 6.024783
28576 6.024783
28577 6.024783
28578 6.024783
28579 6.024783
28580 6.024783
28581 6.024783
28582 6.024783
28583 6.024783
28584 6.024783
28585 6.024783
28586 6.024783
28587 6.024783
28588 6.024783
28589 6.024783
28590 6.024783
28591 6.024783
28592 6.024783
28593 6.024783
28594 6.024783
28595 6.024783
28596 6.024783
28597 6.024783
28598 6.024783
28599 6.024783
28600 6.024783
28601 6.024783
28602 6.024783
28603 6.024783
28604 6.024783
28605 6.024783
28606 6.024783
28607 6.024783
28608 6.024783
28609 6.024783
28610 6.024783
28611 6.024783
28612 6.024783
28613 6.024783
28614 6.024783
28615 6.024783
28616 6.024783
28617 6.024783
28618 6.024783
28619 6.024783
28620 6.024783
28621 6.024783
28622 6.024783
28623 6.024783
28624 6.024783
28625 6.024783
28626 6.024783
28627 6.024783
28628 6.024783
28629 6.024783
28630 6.024783
28631 6.024783
28632 6.024783
28633 6.024783
28634 6.024783
28635 6.024783
28636 6.024783
28637 6.024783
28638 6.024783
28639 6.024783
28640 6.024783
28641 6.024783
28642 6.024783
28643 6.024783
28644 6.024783
28645 6.024783
28646 6.024783
28647 6.024783
28648 6.024783
28649 6.024783
28650 6.024783
28651 6.024783
28652 6.024783
28653 6.024783
28654 6.024783
28655 6.024783
28656 6.024783
28657 6.024783
28658 6.024783
28659 6.024783
28660 6.024783
28661 6.024783
28662 6.024783
28663 6.024783
28664 6.024783
28665 6.024783
28666 6.024783
28667 6.024783
28668 6.024783
28669 6.024783
28670 6.024783
28671 6.024783
28672 6.024783
28673 6.024783
28674 6.024783
28675 6.024783
28676 6.024783
28677 6.024783
28678 6.024783
28679 6.024783
28680 6.024783
28681 6.024783
28682 6.024783
28683 6.024783
28684 6.024783
28685 6.024783
28686 6.024783
28687 6.024783
28688 6.024783
28689 6.024783
28690 6.024783
28691 6.024783
28692 6.024783
28693 6.024783
28694 6.024783
28695 6.024783
28696 6.024783
28697 6.024783
28698 6.024783
28699 6.024783
28700 6.024783
28701 6.024783
28702 6.024783
28703 6.024783
28704 6.024783
28705 6.024783
28706 6.024783
28707 6.024783
28708 6.024783
28709 6.024783
28710 6.024783
28711 6.024783
28712 6.024783
28713 6.024783
28714 6.024783
28715 6.024783
28716 6.024783
28717 6.024783
28718 6.024783
28719 6.024783
28720 6.024783
28721 6.024783
28722 6.024783
28723 6.024783
28724 6.024783
28725 6.024783
28726 6.024783
28727 6.024783
28728 6.024783
28729 6.024783
28730 6.024783
28731 6.024783
28732 6.024783
28733 6.024783
28734 6.024783
28735 6.024783
28736 6.024783
28737 6.024783
28738 6.024783
28739 6.024783
28740 6.024783
28741 6.024783
28742 6.024783
28743 6.024783
28744 6.024783
28745 6.024783
28746 6.024783
28747 6.024783
28748 6.024783
28749 6.024783
28750 6.024783
28751 6.024783
28752 6.024783
28753 6.024783
28754 6.024783
28755 6.024783
28756 6.024783
28757 6.024783
28758 6.024783
28759 6.024783
28760 6.024783
28761 6.024783
28762 6.024783
28763 6.024783
28764 6.024783
28765 6.024783
28766 6.024783
28767 6.024783
28768 6.024783
28769 6.024783
28770 6.024783
28771 6.024783
28772 6.024783
28773 6.024783
28774 6.024783
28775 6.024783
28776 6.024783
28777 6.024783
28778 6.024783
28779 6.024783
28780 6.024783
28781 6.024783
28782 6.024783
28783 6.024783
28784 6.024783
28785 6.024783
28786 6.024783
28787 6.024783
28788 6.024783
28789 6.024783
28790 6.024783
28791 6.024783
28792 6.024783
28793 6.024783
28794 6.024783
28795 6.024783
28796 6.024783
28797 6.024783
28798 6.024783
28799 6.024783
28800 6.024783
28801 6.024783
28802 6.024783
28803 6.024783
28804 6.024783
28805 6.024783
28806 6.024783
28807 6.024783
28808 6.024783
28809 6.024783
28810 6.024783
28811 6.024783
28812 6.024783
28813 6.024783
28814 6.024783
28815 6.024783
28816 6.024783
28817 6.024783
28818 6.024783
28819 6.024783
28820 6.024783
28821 6.024783
28822 6.024783
28823 6.024783
28824 6.024783
28825 6.024783
28826 6.024783
28827 6.024783
28828 6.024783
28829 6.024783
28830 6.024783
28831 6.024783
28832 6.024783
28833 6.024783
28834 6.024783
28835 6.024783
28836 6.024783
28837 6.024783
28838 6.024783
28839 6.024783
28840 6.024783
28841 6.024783
28842 6.024783
28843 6.024783
28844 6.024783
28845 6.024783
28846 6.024783
28847 6.024783
28848 6.024783
28849 6.024783
28850 6.024783
28851 6.024783
28852 6.024783
28853 6.024783
28854 6.024783
28855 6.024783
28856 6.024783
28857 6.024783
28858 6.024783
28859 6.024783
28860 6.024783
28861 6.024783
28862 6.024783
28863 6.024783
28864 6.024783
28865 6.024783
28866 6.024783
28867 6.024783
28868 6.024783
28869 6.024783
28870 6.024783
28871 6.024783
28872 6.024783
28873 6.024783
28874 6.024783
28875 6.024783
28876 6.024783
28877 6.024783
28878 6.024783
28879 6.024783
28880 6.024783
28881 6.024783
28882 6.024783
28883 6.024783
28884 6.024783
28885 6.024783
28886 6.024783
28887 6.024783
28888 6.024783
28889 6.024783
28890 6.024783
28891 6.024783
28892 6.024783
28893 6.024783
28894 6.024783
28895 6.024783
28896 6.024783
28897 6.024783
28898 6.024783
28899 6.024783
28900 6.024783
28901 6.024783
28902 6.024783
28903 6.024783
28904 6.024783
28905 6.024783
28906 6.024783
28907 6.024783
28908 6.024783
28909 6.024783
28910 6.024783
28911 6.024783
28912 6.024783
28913 6.024783
28914 6.024783
28915 6.024783
28916 6.024783
28917 6.024783
28918 6.024783
28919 6.024783
28920 6.024783
28921 6.024783
28922 6.024783
28923 6.024783
28924 6.024783
28925 6.024783
28926 6.024783
28927 6.024783
28928 6.024783
28929 6.024783
28930 6.024783
28931 6.024783
28932 6.024783
28933 6.024783
28934 6.024783
28935 6.024783
28936 6.024783
28937 6.024783
28938 6.024783
28939 6.024783
28940 6.024783
28941 6.024783
28942 6.024783
28943 6.024783
28944 6.024783
28945 6.024783
28946 6.024783
28947 6.024783
28948 6.024783
28949 6.024783
28950 6.024783
28951 6.024783
28952 6.024783
28953 6.024783
28954 6.024783
28955 6.024783
28956 6.024783
28957 6.024783
28958 6.024783
28959 6.024783
28960 6.024783
28961 6.024783
28962 6.024783
28963 6.024783
28964 6.024783
28965 6.024783
28966 6.024783
28967 6.024783
28968 6.024783
28969 6.024783
28970 6.024783
28971 6.024783
28972 6.024783
28973 6.024783
28974 6.024783
28975 6.024783
28976 6.024783
28977 6.024783
28978 6.024783
28979 6.024783
28980 6.024783
28981 6.024783
28982 6.024783
28983 6.024783
28984 6.024783
28985 6.024783
28986 6.024783
28987 6.024783
28988 6.024783
28989 6.024783
28990 6.024783
28991 6.024783
28992 6.024783
28993 6.024783
28994 6.024783
28995 6.024783
28996 6.024783
28997 6.024783
28998 6.024783
28999 6.024783
29000 6.024783
29001 6.024783
29002 6.024783
29003 6.024783
29004 6.024783
29005 6.024783
29006 6.024783
29007 6.024783
29008 6.024783
29009 6.024783
29010 6.024783
29011 6.024783
29012 6.024783
29013 6.024783
29014 6.024783
29015 6.024783
29016 6.024783
29017 6.024783
29018 6.024783
29019 6.024783
29020 6.024783
29021 6.024783
29022 6.024783
29023 6.024783
29024 6.024783
29025 6.024783
29026 6.024783
29027 6.024783
29028 6.024783
29029 6.024783
29030 6.024783
29031 6.024783
29032 6.024783
29033 6.024783
29034 6.024783
29035 6.024783
29036 6.024783
29037 6.024783
29038 6.024783
29039 6.024783
29040 6.024783
29041 6.024783
29042 6.024783
29043 6.024783
29044 6.024783
29045 6.024783
29046 6.024783
29047 6.024783
29048 6.024783
29049 6.024783
29050 6.024783
29051 6.024783
29052 6.024783
29053 6.024783
29054 6.024783
29055 6.024783
29056 6.024783
29057 6.024783
29058 6.024783
29059 6.024783
29060 6.024783
29061 6.024783
29062 6.024783
29063 6.024783
29064 6.024783
29065 6.024783
29066 6.024783
29067 6.024783
29068 6.024783
29069 6.024783
29070 6.024783
29071 6.024783
29072 6.024783
29073 6.024783
29074 6.024783
29075 6.024783
29076 6.024783
29077 6.024783
29078 6.024783
29079 6.024783
29080 6.024783
29081 6.024783
29082 6.024783
29083 6.024783
29084 6.024783
29085 6.024783
29086 6.024783
29087 6.024783
29088 6.024783
29089 6.024783
29090 6.024783
29091 6.024783
29092 6.024783
29093 6.024783
29094 6.024783
29095 6.024783
29096 6.024783
29097 6.024783
29098 6.024783
29099 6.024783
29100 6.024783
29101 6.024783
29102 6.024783
29103 6.024783
29104 6.024783
29105 6.024783
29106 6.024783
29107 6.024783
29108 6.024783
29109 6.024783
29110 6.024783
29111 6.024783
29112 6.024783
29113 6.024783
29114 6.024783
29115 6.024783
29116 6.024783
29117 6.024783
29118 6.024783
29119 6.024783
29120 6.024783
29121 6.024783
29122 6.024783
29123 6.024783
29124 6.024783
29125 6.024783
29126 6.024783
29127 6.024783
29128 6.024783
29129 6.024783
29130 6.024783
29131 6.024783
29132 6.024783
29133 6.024783
29134 6.024783
29135 6.024783
29136 6.024783
29137 6.024783
29138 6.024783
29139 6.024783
29140 6.024783
29141 6.024783
29142 6.024783
29143 6.024783
29144 6.024783
29145 6.024783
29146 6.024783
29147 6.024783
29148 6.024783
29149 6.024783
29150 6.024783
29151 6.024783
29152 6.024783
29153 6.024783
29154 6.024783
29155 6.024783
29156 6.024783
29157 6.024783
29158 6.024783
29159 6.024783
29160 6.024783
29161 6.024783
29162 6.024783
29163 6.024783
29164 6.024783
29165 6.024783
29166 6.024783
29167 6.024783
29168 6.024783
29169 6.024783
29170 6.024783
29171 6.024783
29172 6.024783
29173 6.024783
29174 6.024783
29175 6.024783
29176 6.024783
29177 6.024783
29178 6.024783
29179 6.024783
29180 6.024783
29181 6.024783
29182 6.024783
29183 6.024783
29184 6.024783
29185 6.024783
29186 6.024783
29187 6.024783
29188 6.024783
29189 6.024783
29190 6.024783
29191 6.024783
29192 6.024783
29193 6.024783
29194 6.024783
29195 6.024783
29196 6.024783
29197 6.024783
29198 6.024783
29199 6.024783
29200 6.024783
29201 6.024783
29202 6.024783
29203 6.024783
29204 6.024783
29205 6.024783
29206 6.024783
29207 6.024783
29208 6.024783
29209 6.024783
29210 6.024783
29211 6.024783
29212 6.024783
29213 6.024783
29214 6.024783
29215 6.024783
29216 6.024783
29217 6.024783
29218 6.024783
29219 6.024783
29220 6.024783
29221 6.024783
29222 6.024783
29223 6.024783
29224 6.024783
29225 6.024783
29226 6.024783
29227 6.024783
29228 6.024783
29229 6.024783
29230 6.024783
29231 6.024783
29232 6.024783
29233 6.024783
29234 6.024783
29235 6.024783
29236 6.024783
29237 6.024783
29238 6.024783
29239 6.024783
29240 6.024783
29241 6.024783
29242 6.024783
29243 6.024783
29244 6.024783
29245 6.024783
29246 6.024783
29247 6.024783
29248 6.024783
29249 6.024783
29250 6.024783
29251 6.024783
29252 6.024783
29253 6.024783
29254 6.024783
29255 6.024783
29256 6.024783
29257 6.024783
29258 6.024783
29259 6.024783
29260 6.024783
29261 6.024783
29262 6.024783
29263 6.024783
29264 6.024783
29265 6.024783
29266 6.024783
29267 6.024783
29268 6.024783
29269 6.024783
29270 6.024783
29271 6.024783
29272 6.024783
29273 6.024783
29274 6.024783
29275 6.024783
29276 6.024783
29277 6.024783
29278 6.024783
29279 6.024783
29280 6.024783
29281 6.024783
29282 6.024783
29283 6.024783
29284 6.024783
29285 6.024783
29286 6.024783
29287 6.024783
29288 6.024783
29289 6.024783
29290 6.024783
29291 6.024783
29292 6.024783
29293 6.024783
29294 6.024783
29295 6.024783
29296 6.024783
29297 6.024783
29298 6.024783
29299 6.024783
29300 6.024783
29301 6.024783
29302 6.024783
29303 6.024783
29304 6.024783
29305 6.024783
29306 6.024783
29307 6.024783
29308 6.024783
29309 6.024783
29310 6.024783
29311 6.024783
29312 6.024783
29313 6.024783
29314 6.024783
29315 6.024783
29316 6.024783
29317 6.024783
29318 6.024783
29319 6.024783
29320 6.024783
29321 6.024783
29322 6.024783
29323 6.024783
29324 6.024783
29325 6.024783
29326 6.024783
29327 6.024783
29328 6.024783
29329 6.024783
29330 6.024783
29331 6.024783
29332 6.024783
29333 6.024783
29334 6.024783
29335 6.024783
29336 6.024783
29337 6.024783
29338 6.024783
29339 6.024783
29340 6.024783
29341 6.024783
29342 6.024783
29343 6.024783
29344 6.024783
29345 6.024783
29346 6.024783
29347 6.024783
29348 6.024783
29349 6.024783
29350 6.024783
29351 6.024783
29352 6.024783
29353 6.024783
29354 6.024783
29355 6.024783
29356 6.024783
29357 6.024783
29358 6.024783
29359 6.024783
29360 6.024783
29361 6.024783
29362 6.024783
29363 6.024783
29364 6.024783
29365 6.024783
29366 6.024783
29367 6.024783
29368 6.024783
29369 6.024783
29370 6.024783
29371 6.024783
29372 6.024783
29373 6.024783
29374 6.024783
29375 6.024783
29376 6.024783
29377 6.024783
29378 6.024783
29379 6.024783
29380 6.024783
29381 6.024783
29382 6.024783
29383 6.024783
29384 6.024783
29385 6.024783
29386 6.024783
29387 6.024783
29388 6.024783
29389 6.024783
29390 6.024783
29391 6.024783
29392 6.024783
29393 6.024783
29394 6.024783
29395 6.024783
29396 6.024783
29397 6.024783
29398 6.024783
29399 6.024783
29400 6.024783
29401 6.024783
29402 6.024783
29403 6.024783
29404 6.024783
29405 6.024783
29406 6.024783
29407 6.024783
29408 6.024783
29409 6.024783
29410 6.024783
29411 6.024783
29412 6.024783
29413 6.024783
29414 6.024783
29415 6.024783
29416 6.024783
29417 6.024783
29418 6.024783
29419 6.024783
29420 6.024783
29421 6.024783
29422 6.024783
29423 6.024783
29424 6.024783
29425 6.024783
29426 6.024783
29427 6.024783
29428 6.024783
29429 6.024783
29430 6.024783
29431 6.024783
29432 6.024783
29433 6.024783
29434 6.024783
29435 6.024783
29436 6.024783
29437 6.024783
29438 6.024783
29439 6.024783
29440 6.024783
29441 6.024783
29442 6.024783
29443 6.024783
29444 6.024783
29445 6.024783
29446 6.024783
29447 6.024783
29448 6.024783
29449 6.024783
29450 6.024783
29451 6.024783
29452 6.024783
29453 6.024783
29454 6.024783
29455 6.024783
29456 6.024783
29457 6.024783
29458 6.024783
29459 6.024783
29460 6.024783
29461 6.024783
29462 6.024783
29463 6.024783
29464 6.024783
29465 6.024783
29466 6.024783
29467 6.024783
29468 6.024783
29469 6.024783
29470 6.024783
29471 6.024783
29472 6.024783
29473 6.024783
29474 6.024783
29475 6.024783
29476 6.024783
29477 6.024783
29478 6.024783
29479 6.024783
29480 6.024783
29481 6.024783
29482 6.024783
29483 6.024783
29484 6.024783
29485 6.024783
29486 6.024783
29487 6.024783
29488 6.024783
29489 6.024783
29490 6.024783
29491 6.024783
29492 6.024783
29493 6.024783
29494 6.024783
29495 6.024783
29496 6.024783
29497 6.024783
29498 6.024783
29499 6.024783
29500 6.024783
29501 6.024783
29502 6.024783
29503 6.024783
29504 6.024783
29505 6.024783
29506 6.024783
29507 6.024783
29508 6.024783
29509 6.024783
29510 6.024783
29511 6.024783
29512 6.024783
29513 6.024783
29514 6.024783
29515 6.024783
29516 6.024783
29517 6.024783
29518 6.024783
29519 6.024783
29520 6.024783
29521 6.024783
29522 6.024783
29523 6.024783
29524 6.024783
29525 6.024783
29526 6.024783
29527 6.024783
29528 6.024783
29529 6.024783
29530 6.024783
29531 6.024783
29532 6.024783
29533 6.024783
29534 6.024783
29535 6.024783
29536 6.024783
29537 6.024783
29538 6.024783
29539 6.024783
29540 6.024783
29541 6.024783
29542 6.024783
29543 6.024783
29544 6.024783
29545 6.024783
29546 6.024783
29547 6.024783
29548 6.024783
29549 6.024783
29550 6.024783
29551 6.024783
29552 6.024783
29553 6.024783
29554 6.024783
29555 6.024783
29556 6.024783
29557 6.024783
29558 6.024783
29559 6.024783
29560 6.024783
29561 6.024783
29562 6.024783
29563 6.024783
29564 6.024783
29565 6.024783
29566 6.024783
29567 6.024783
29568 6.024783
29569 6.024783
29570 6.024783
29571 6.024783
29572 6.024783
29573 6.024783
29574 6.024783
29575 6.024783
29576 6.024783
29577 6.024783
29578 6.024783
29579 6.024783
29580 6.024783
29581 6.024783
29582 6.024783
29583 6.024783
29584 6.024783
29585 6.024783
29586 6.024783
29587 6.024783
29588 6.024783
29589 6.024783
29590 6.024783
29591 6.024783
29592 6.024783
29593 6.024783
29594 6.024783
29595 6.024783
29596 6.024783
29597 6.024783
29598 6.024783
29599 6.024783
29600 6.024783
29601 6.024783
29602 6.024783
29603 6.024783
29604 6.024783
29605 6.024783
29606 6.024783
29607 6.024783
29608 6.024783
29609 6.024783
29610 6.024783
29611 6.024783
29612 6.024783
29613 6.024783
29614 6.024783
29615 6.024783
29616 6.024783
29617 6.024783
29618 6.024783
29619 6.024783
29620 6.024783
29621 6.024783
29622 6.024783
29623 6.024783
29624 6.024783
29625 6.024783
29626 6.024783
29627 6.024783
29628 6.024783
29629 6.024783
29630 6.024783
29631 6.024783
29632 6.024783
29633 6.024783
29634 6.024783
29635 6.024783
29636 6.024783
29637 6.024783
29638 6.024783
29639 6.024783
29640 6.024783
29641 6.024783
29642 6.024783
29643 6.024783
29644 6.024783
29645 6.024783
29646 6.024783
29647 6.024783
29648 6.024783
29649 6.024783
29650 6.024783
29651 6.024783
29652 6.024783
29653 6.024783
29654 6.024783
29655 6.024783
29656 6.024783
29657 6.024783
29658 6.024783
29659 6.024783
29660 6.024783
29661 6.024783
29662 6.024783
29663 6.024783
29664 6.024783
29665 6.024783
29666 6.024783
29667 6.024783
29668 6.024783
29669 6.024783
29670 6.024783
29671 6.024783
29672 6.024783
29673 6.024783
29674 6.024783
29675 6.024783
29676 6.024783
29677 6.024783
29678 6.024783
29679 6.024783
29680 6.024783
29681 6.024783
29682 6.024783
29683 6.024783
29684 6.024783
29685 6.024783
29686 6.024783
29687 6.024783
29688 6.024783
29689 6.024783
29690 6.024783
29691 6.024783
29692 6.024783
29693 6.024783
29694 6.024783
29695 6.024783
29696 6.024783
29697 6.024783
29698 6.024783
29699 6.024783
29700 6.024783
29701 6.024783
29702 6.024783
29703 6.024783
29704 6.024783
29705 6.024783
29706 6.024783
29707 6.024783
29708 6.024783
29709 6.024783
29710 6.024783
29711 6.024783
29712 6.024783
29713 6.024783
29714 6.024783
29715 6.024783
29716 6.024783
29717 6.024783
29718 6.024783
29719 6.024783
29720 6.024783
29721 6.024783
29722 6.024783
29723 6.024783
29724 6.024783
29725 6.024783
29726 6.024783
29727 6.024783
29728 6.024783
29729 6.024783
29730 6.024783
29731 6.024783
29732 6.024783
29733 6.024783
29734 6.024783
29735 6.024783
29736 6.024783
29737 6.024783
29738 6.024783
29739 6.024783
29740 6.024783
29741 6.024783
29742 6.024783
29743 6.024783
29744 6.024783
29745 6.024783
29746 6.024783
29747 6.024783
29748 6.024783
29749 6.024783
29750 6.024783
29751 6.024783
29752 6.024783
29753 6.024783
29754 6.024783
29755 6.024783
29756 6.024783
29757 6.024783
29758 6.024783
29759 6.024783
29760 6.024783
29761 6.024783
29762 6.024783
29763 6.024783
29764 6.024783
29765 6.024783
29766 6.024783
29767 6.024783
29768 6.024783
29769 6.024783
29770 6.024783
29771 6.024783
29772 6.024783
29773 6.024783
29774 6.024783
29775 6.024783
29776 6.024783
29777 6.024783
29778 6.024783
29779 6.024783
29780 6.024783
29781 6.024783
29782 6.024783
29783 6.024783
29784 6.024783
29785 6.024783
29786 6.024783
29787 6.024783
29788 6.024783
29789 6.024783
29790 6.024783
29791 6.024783
29792 6.024783
29793 6.024783
29794 6.024783
29795 6.024783
29796 6.024783
29797 6.024783
29798 6.024783
29799 6.024783
29800 6.024783
29801 6.024783
29802 6.024783
29803 6.024783
29804 6.024783
29805 6.024783
29806 6.024783
29807 6.024783
29808 6.024783
29809 6.024783
29810 6.024783
29811 6.024783
29812 6.024783
29813 6.024783
29814 6.024783
29815 6.024783
29816 6.024783
29817 6.024783
29818 6.024783
29819 6.024783
29820 6.024783
29821 6.024783
29822 6.024783
29823 6.024783
29824 6.024783
29825 6.024783
29826 6.024783
29827 6.024783
29828 6.024783
29829 6.024783
29830 6.024783
29831 6.024783
29832 6.024783
29833 6.024783
29834 6.024783
29835 6.024783
29836 6.024783
29837 6.024783
29838 6.024783
29839 6.024783
29840 6.024783
29841 6.024783
29842 6.024783
29843 6.024783
29844 6.024783
29845 6.024783
29846 6.024783
29847 6.024783
29848 6.024783
29849 6.024783
29850 6.024783
29851 6.024783
29852 6.024783
29853 6.024783
29854 6.024783
29855 6.024783
29856 6.024783
29857 6.024783
29858 6.024783
29859 6.024783
29860 6.024783
29861 6.024783
29862 6.024783
29863 6.024783
29864 6.024783
29865 6.024783
29866 6.024783
29867 6.024783
29868 6.024783
29869 6.024783
29870 6.024783
29871 6.024783
29872 6.024783
29873 6.024783
29874 6.024783
29875 6.024783
29876 6.024783
29877 6.024783
29878 6.024783
29879 6.024783
29880 6.024783
29881 6.024783
29882 6.024783
29883 6.024783
29884 6.024783
29885 6.024783
29886 6.024783
29887 6.024783
29888 6.024783
29889 6.024783
29890 6.024783
29891 6.024783
29892 6.024783
29893 6.024783
29894 6.024783
29895 6.024783
29896 6.024783
29897 6.024783
29898 6.024783
29899 6.024783
29900 6.024783
29901 6.024783
29902 6.024783
29903 6.024783
29904 6.024783
29905 6.024783
29906 6.024783
29907 6.024783
29908 6.024783
29909 6.024783
29910 6.024783
29911 6.024783
29912 6.024783
29913 6.024783
29914 6.024783
29915 6.024783
29916 6.024783
29917 6.024783
29918 6.024783
29919 6.024783
29920 6.024783
29921 6.024783
29922 6.024783
29923 6.024783
29924 6.024783
29925 6.024783
29926 6.024783
29927 6.024783
29928 6.024783
29929 6.024783
29930 6.024783
29931 6.024783
29932 6.024783
29933 6.024783
29934 6.024783
29935 6.024783
29936 6.024783
29937 6.024783
29938 6.024783
29939 6.024783
29940 6.024783
29941 6.024783
29942 6.024783
29943 6.024783
29944 6.024783
29945 6.024783
29946 6.024783
29947 6.024783
29948 6.024783
29949 6.024783
29950 6.024783
29951 6.024783
29952 6.024783
29953 6.024783
29954 6.024783
29955 6.024783
29956 6.024783
29957 6.024783
29958 6.024783
29959 6.024783
29960 6.024783
29961 6.024783
29962 6.024783
29963 6.024783
29964 6.024783
29965 6.024783
29966 6.024783
29967 6.024783
29968 6.024783
29969 6.024783
29970 6.024783
29971 6.024783
29972 6.024783
29973 6.024783
29974 6.024783
29975 6.024783
29976 6.024783
29977 6.024783
29978 6.024783
29979 6.024783
29980 6.024783
29981 6.024783
29982 6.024783
29983 6.024783
29984 6.024783
29985 6.024783
29986 6.024783
29987 6.024783
29988 6.024783
29989 6.024783
29990 6.024783
29991 6.024783
29992 6.024783
29993 6.024783
29994 6.024783
29995 6.024783
29996 6.024783
29997 6.024783
29998 6.024783
29999 6.024783
30000 6.024783
30001 6.024783
30002 6.024783
30003 6.024783
30004 6.024783
30005 6.024783
30006 6.024783
30007 6.024783
30008 6.024783
30009 6.024783
30010 6.024783
30011 6.024783
30012 6.024783
30013 6.024783
30014 6.024783
30015 6.024783
30016 6.024783
30017 6.024783
30018 6.024783
30019 6.024783
30020 6.024783
30021 6.024783
30022 6.024783
30023 6.024783
30024 6.024783
30025 6.024783
30026 6.024783
30027 6.024783
30028 6.024783
30029 6.024783
30030 6.024783
30031 6.024783
30032 6.024783
30033 6.024783
30034 6.024783
30035 6.024783
30036 6.024783
30037 6.024783
30038 6.024783
30039 6.024783
30040 6.024783
30041 6.024783
30042 6.024783
30043 6.024783
30044 6.024783
30045 6.024783
30046 6.024783
30047 6.024783
30048 6.024783
30049 6.024783
30050 6.024783
30051 6.024783
30052 6.024783
30053 6.024783
30054 6.024783
30055 6.024783
30056 6.024783
30057 6.024783
30058 6.024783
30059 6.024783
30060 6.024783
30061 6.024783
30062 6.024783
30063 6.024783
30064 6.024783
30065 6.024783
30066 6.024783
30067 6.024783
30068 6.024783
30069 6.024783
30070 6.024783
30071 6.024783
30072 6.024783
30073 6.024783
30074 6.024783
30075 6.024783
30076 6.024783
30077 6.024783
30078 6.024783
30079 6.024783
30080 6.024783
30081 6.024783
30082 6.024783
30083 6.024783
30084 6.024783
30085 6.024783
30086 6.024783
30087 6.024783
30088 6.024783
30089 6.024783
30090 6.024783
30091 6.024783
30092 6.024783
30093 6.024783
30094 6.024783
30095 6.024783
30096 6.024783
30097 6.024783
30098 6.024783
30099 6.024783
30100 6.024783
30101 6.024783
30102 6.024783
30103 6.024783
30104 6.024783
30105 6.024783
30106 6.024783
30107 6.024783
30108 6.024783
30109 6.024783
30110 6.024783
30111 6.024783
30112 6.024783
30113 6.024783
30114 6.024783
30115 6.024783
30116 6.024783
30117 6.024783
30118 6.024783
30119 6.024783
30120 6.024783
30121 6.024783
30122 6.024783
30123 6.024783
30124 6.024783
30125 6.024783
30126 6.024783
30127 6.024783
30128 6.024783
30129 6.024783
30130 6.024783
30131 6.024783
30132 6.024783
30133 6.024783
30134 6.024783
30135 6.024783
30136 6.024783
30137 6.024783
30138 6.024783
30139 6.024783
30140 6.024783
30141 6.024783
30142 6.024783
30143 6.024783
30144 6.024783
30145 6.024783
30146 6.024783
30147 6.024783
30148 6.024783
30149 6.024783
30150 6.024783
30151 6.024783
30152 6.024783
30153 6.024783
30154 6.024783
30155 6.024783
30156 6.024783
30157 6.024783
30158 6.024783
30159 6.024783
30160 6.024783
30161 6.024783
30162 6.024783
30163 6.024783
30164 6.024783
30165 6.024783
30166 6.024783
30167 6.024783
30168 6.024783
30169 6.024783
30170 6.024783
30171 6.024783
30172 6.024783
30173 6.024783
30174 6.024783
30175 6.024783
30176 6.024783
30177 6.024783
30178 6.024783
30179 6.024783
30180 6.024783
30181 6.024783
30182 6.024783
30183 6.024783
30184 6.024783
30185 6.024783
30186 6.024783
30187 6.024783
30188 6.024783
30189 6.024783
30190 6.024783
30191 6.024783
30192 6.024783
30193 6.024783
30194 6.024783
30195 6.024783
30196 6.024783
30197 6.024783
30198 6.024783
30199 6.024783
30200 6.024783
30201 6.024783
30202 6.024783
30203 6.024783
30204 6.024783
30205 6.024783
30206 6.024783
30207 6.024783
30208 6.024783
30209 6.024783
30210 6.024783
30211 6.024783
30212 6.024783
30213 6.024783
30214 6.024783
30215 6.024783
30216 6.024783
30217 6.024783
30218 6.024783
30219 6.024783
30220 6.024783
30221 6.024783
30222 6.024783
30223 6.024783
30224 6.024783
30225 6.024783
30226 6.024783
30227 6.024783
30228 6.024783
30229 6.024783
30230 6.024783
30231 6.024783
30232 6.024783
30233 6.024783
30234 6.024783
30235 6.024783
30236 6.024783
30237 6.024783
30238 6.024783
30239 6.024783
30240 6.024783
30241 6.024783
30242 6.024783
30243 6.024783
30244 6.024783
30245 6.024783
30246 6.024783
30247 6.024783
30248 6.024783
30249 6.024783
30250 6.024783
30251 6.024783
30252 6.024783
30253 6.024783
30254 6.024783
30255 6.024783
30256 6.024783
30257 6.024783
30258 6.024783
30259 6.024783
30260 6.024783
30261 6.024783
30262 6.024783
30263 6.024783
30264 6.024783
30265 6.024783
30266 6.024783
30267 6.024783
30268 6.024783
30269 6.024783
30270 6.024783
30271 6.024783
30272 6.024783
30273 6.024783
30274 6.024783
30275 6.024783
30276 6.024783
30277 6.024783
30278 6.024783
30279 6.024783
30280 6.024783
30281 6.024783
30282 6.024783
30283 6.024783
30284 6.024783
30285 6.024783
30286 6.024783
30287 6.024783
30288 6.024783
30289 6.024783
30290 6.024783
30291 6.024783
30292 6.024783
30293 6.024783
30294 6.024783
30295 6.024783
30296 6.024783
30297 6.024783
30298 6.024783
30299 6.024783
30300 6.024783
30301 6.024783
30302 6.024783
30303 6.024783
30304 6.024783
30305 6.024783
30306 6.024783
30307 6.024783
30308 6.024783
30309 6.024783
30310 6.024783
30311 6.024783
30312 6.024783
30313 6.024783
30314 6.024783
30315 6.024783
30316 6.024783
30317 6.024783
30318 6.024783
30319 6.024783
30320 6.024783
30321 6.024783
30322 6.024783
30323 6.024783
30324 6.024783
30325 6.024783
30326 6.024783
30327 6.024783
30328 6.024783
30329 6.024783
30330 6.024783
30331 6.024783
30332 6.024783
30333 6.024783
30334 6.024783
30335 6.024783
30336 6.024783
30337 6.024783
30338 6.024783
30339 6.024783
30340 6.024783
30341 6.024783
30342 6.024783
30343 6.024783
30344 6.024783
30345 6.024783
30346 6.024783
30347 6.024783
30348 6.024783
30349 6.024783
30350 6.024783
30351 6.024783
30352 6.024783
30353 6.024783
30354 6.024783
30355 6.024783
30356 6.024783
30357 6.024783
30358 6.024783
30359 6.024783
30360 6.024783
30361 6.024783
30362 6.024783
30363 6.024783
30364 6.024783
30365 6.024783
30366 6.024783
30367 6.024783
30368 6.024783
30369 6.024783
30370 6.024783
30371 6.024783
30372 6.024783
30373 6.024783
30374 6.024783
30375 6.024783
30376 6.024783
30377 6.024783
30378 6.024783
30379 6.024783
30380 6.024783
30381 6.024783
30382 6.024783
30383 6.024783
30384 6.024783
30385 6.024783
30386 6.024783
30387 6.024783
30388 6.024783
30389 6.024783
30390 6.024783
30391 6.024783
30392 6.024783
30393 6.024783
30394 6.024783
30395 6.024783
30396 6.024783
30397 6.024783
30398 6.024783
30399 6.024783
30400 6.024783
30401 6.024783
30402 6.024783
30403 6.024783
30404 6.024783
30405 6.024783
30406 6.024783
30407 6.024783
30408 6.024783
30409 6.024783
30410 6.024783
30411 6.024783
30412 6.024783
30413 6.024783
30414 6.024783
30415 6.024783
30416 6.024783
30417 6.024783
30418 6.024783
30419 6.024783
30420 6.024783
30421 6.024783
30422 6.024783
30423 6.024783
30424 6.024783
30425 6.024783
30426 6.024783
30427 6.024783
30428 6.024783
30429 6.024783
30430 6.024783
30431 6.024783
30432 6.024783
30433 6.024783
30434 6.024783
30435 6.024783
30436 6.024783
30437 6.024783
30438 6.024783
30439 6.024783
30440 6.024783
30441 6.024783
30442 6.024783
30443 6.024783
30444 6.024783
30445 6.024783
30446 6.024783
30447 6.024783
30448 6.024783
30449 6.024783
30450 6.024783
30451 6.024783
30452 6.024783
30453 6.024783
30454 6.024783
30455 6.024783
30456 6.024783
30457 6.024783
30458 6.024783
30459 6.024783
30460 6.024783
30461 6.024783
30462 6.024783
30463 6.024783
30464 6.024783
30465 6.024783
30466 6.024783
30467 6.024783
30468 6.024783
30469 6.024783
30470 6.024783
30471 6.024783
30472 6.024783
30473 6.024783
30474 6.024783
30475 6.024783
30476 6.024783
30477 6.024783
30478 6.024783
30479 6.024783
30480 6.024783
30481 6.024783
30482 6.024783
30483 6.024783
30484 6.024783
30485 6.024783
30486 6.024783
30487 6.024783
30488 6.024783
30489 6.024783
30490 6.024783
30491 6.024783
30492 6.024783
30493 6.024783
30494 6.024783
30495 6.024783
30496 6.024783
30497 6.024783
30498 6.024783
30499 6.024783
30500 6.024783
30501 6.024783
30502 6.024783
30503 6.024783
30504 6.024783
30505 6.024783
30506 6.024783
30507 6.024783
30508 6.024783
30509 6.024783
30510 6.024783
30511 6.024783
30512 6.024783
30513 6.024783
30514 6.024783
30515 6.024783
30516 6.024783
30517 6.024783
30518 6.024783
30519 6.024783
30520 6.024783
30521 6.024783
30522 6.024783
30523 6.024783
30524 6.024783
30525 6.024783
30526 6.024783
30527 6.024783
30528 6.024783
30529 6.024783
30530 6.024783
30531 6.024783
30532 6.024783
30533 6.024783
30534 6.024783
30535 6.024783
30536 6.024783
30537 6.024783
30538 6.024783
30539 6.024783
30540 6.024783
30541 6.024783
30542 6.024783
30543 6.024783
30544 6.024783
30545 6.024783
30546 6.024783
30547 6.024783
30548 6.024783
30549 6.024783
30550 6.024783
30551 6.024783
30552 6.024783
30553 6.024783
30554 6.024783
30555 6.024783
30556 6.024783
30557 6.024783
30558 6.024783
30559 6.024783
30560 6.024783
30561 6.024783
30562 6.024783
30563 6.024783
30564 6.024783
30565 6.024783
30566 6.024783
30567 6.024783
30568 6.024783
30569 6.024783
30570 6.024783
30571 6.024783
30572 6.024783
30573 6.024783
30574 6.024783
30575 6.024783
30576 6.024783
30577 6.024783
30578 6.024783
30579 6.024783
30580 6.024783
30581 6.024783
30582 6.024783
30583 6.024783
30584 6.024783
30585 6.024783
30586 6.024783
30587 6.024783
30588 6.024783
30589 6.024783
30590 6.024783
30591 6.024783
30592 6.024783
30593 6.024783
30594 6.024783
30595 6.024783
30596 6.024783
30597 6.024783
30598 6.024783
30599 6.024783
30600 6.024783
30601 6.024783
30602 6.024783
30603 6.024783
30604 6.024783
30605 6.024783
30606 6.024783
30607 6.024783
30608 6.024783
30609 6.024783
30610 6.024783
30611 6.024783
30612 6.024783
30613 6.024783
30614 6.024783
30615 6.024783
30616 6.024783
30617 6.024783
30618 6.024783
30619 6.024783
30620 6.024783
30621 6.024783
30622 6.024783
30623 6.024783
30624 6.024783
30625 6.024783
30626 6.024783
30627 6.024783
30628 6.024783
30629 6.024783
30630 6.024783
30631 6.024783
30632 6.024783
30633 6.024783
30634 6.024783
30635 6.024783
30636 6.024783
30637 6.024783
30638 6.024783
30639 6.024783
30640 6.024783
30641 6.024783
30642 6.024783
30643 6.024783
30644 6.024783
30645 6.024783
30646 6.024783
30647 6.024783
30648 6.024783
30649 6.024783
30650 6.024783
30651 6.024783
30652 6.024783
30653 6.024783
30654 6.024783
30655 6.024783
30656 6.024783
30657 6.024783
30658 6.024783
30659 6.024783
30660 6.024783
30661 6.024783
30662 6.024783
30663 6.024783
30664 6.024783
30665 6.024783
30666 6.024783
30667 6.024783
30668 6.024783
30669 6.024783
30670 6.024783
30671 6.024783
30672 6.024783
30673 6.024783
30674 6.024783
30675 6.024783
30676 6.024783
30677 6.024783
30678 6.024783
30679 6.024783
30680 6.024783
30681 6.024783
30682 6.024783
30683 6.024783
30684 6.024783
30685 6.024783
30686 6.024783
30687 6.024783
30688 6.024783
30689 6.024783
30690 6.024783
30691 6.024783
30692 6.024783
30693 6.024783
30694 6.024783
30695 6.024783
30696 6.024783
30697 6.024783
30698 6.024783
30699 6.024783
30700 6.024783
30701 6.024783
30702 6.024783
30703 6.024783
30704 6.024783
30705 6.024783
30706 6.024783
30707 6.024783
30708 6.024783
30709 6.024783
30710 6.024783
30711 6.024783
30712 6.024783
30713 6.024783
30714 6.024783
30715 6.024783
30716 6.024783
30717 6.024783
30718 6.024783
30719 6.024783
30720 6.024783
30721 6.024783
30722 6.024783
30723 6.024783
30724 6.024783
30725 6.024783
30726 6.024783
30727 6.024783
30728 6.024783
30729 6.024783
30730 6.024783
30731 6.024783
30732 6.024783
30733 6.024783
30734 6.024783
30735 6.024783
30736 6.024783
30737 6.024783
30738 6.024783
30739 6.024783
30740 6.024783
30741 6.024783
30742 6.024783
30743 6.024783
30744 6.024783
30745 6.024783
30746 6.024783
30747 6.024783
30748 6.024783
30749 6.024783
30750 6.024783
30751 6.024783
30752 6.024783
30753 6.024783
30754 6.024783
30755 6.024783
30756 6.024783
30757 6.024783
30758 6.024783
30759 6.024783
30760 6.024783
30761 6.024783
30762 6.024783
30763 6.024783
30764 6.024783
30765 6.024783
30766 6.024783
30767 6.024783
30768 6.024783
30769 6.024783
30770 6.024783
30771 6.024783
30772 6.024783
30773 6.024783
30774 6.024783
30775 6.024783
30776 6.024783
30777 6.024783
30778 6.024783
30779 6.024783
30780 6.024783
30781 6.024783
30782 6.024783
30783 6.024783
30784 6.024783
30785 6.024783
30786 6.024783
30787 6.024783
30788 6.024783
30789 6.024783
30790 6.024783
30791 6.024783
30792 6.024783
30793 6.024783
30794 6.024783
30795 6.024783
30796 6.024783
30797 6.024783
30798 6.024783
30799 6.024783
30800 6.024783
30801 6.024783
30802 6.024783
30803 6.024783
30804 6.024783
30805 6.024783
30806 6.024783
30807 6.024783
30808 6.024783
30809 6.024783
30810 6.024783
30811 6.024783
30812 6.024783
30813 6.024783
30814 6.024783
30815 6.024783
30816 6.024783
30817 6.024783
30818 6.024783
30819 6.024783
30820 6.024783
30821 6.024783
30822 6.024783
30823 6.024783
30824 6.024783
30825 6.024783
30826 6.024783
30827 6.024783
30828 6.024783
30829 6.024783
30830 6.024783
30831 6.024783
30832 6.024783
30833 6.024783
30834 6.024783
30835 6.024783
30836 6.024783
30837 6.024783
30838 6.024783
30839 6.024783
30840 6.024783
30841 6.024783
30842 6.024783
30843 6.024783
30844 6.024783
30845 6.024783
30846 6.024783
30847 6.024783
30848 6.024783
30849 6.024783
30850 6.024783
30851 6.024783
30852 6.024783
30853 6.024783
30854 6.024783
30855 6.024783
30856 6.024783
30857 6.024783
30858 6.024783
30859 6.024783
30860 6.024783
30861 6.024783
30862 6.024783
30863 6.024783
30864 6.024783
30865 6.024783
30866 6.024783
30867 6.024783
30868 6.024783
30869 6.024783
30870 6.024783
30871 6.024783
30872 6.024783
30873 6.024783
30874 6.024783
30875 6.024783
30876 6.024783
30877 6.024783
30878 6.024783
30879 6.024783
30880 6.024783
30881 6.024783
30882 6.024783
30883 6.024783
30884 6.024783
30885 6.024783
30886 6.024783
30887 6.024783
30888 6.024783
30889 6.024783
30890 6.024783
30891 6.024783
30892 6.024783
30893 6.024783
30894 6.024783
30895 6.024783
30896 6.024783
30897 6.024783
30898 6.024783
30899 6.024783
30900 6.024783
30901 6.024783
30902 6.024783
30903 6.024783
30904 6.024783
30905 6.024783
30906 6.024783
30907 6.024783
30908 6.024783
30909 6.024783
30910 6.024783
30911 6.024783
30912 6.024783
30913 6.024783
30914 6.024783
30915 6.024783
30916 6.024783
30917 6.024783
30918 6.024783
30919 6.024783
30920 6.024783
30921 6.024783
30922 6.024783
30923 6.024783
30924 6.024783
30925 6.024783
30926 6.024783
30927 6.024783
30928 6.024783
30929 6.024783
30930 6.024783
30931 6.024783
30932 6.024783
30933 6.024783
30934 6.024783
30935 6.024783
30936 6.024783
30937 6.024783
30938 6.024783
30939 6.024783
30940 6.024783
30941 6.024783
30942 6.024783
30943 6.024783
30944 6.024783
30945 6.024783
30946 6.024783
30947 6.024783
30948 6.024783
30949 6.024783
30950 6.024783
30951 6.024783
30952 6.024783
30953 6.024783
30954 6.024783
30955 6.024783
30956 6.024783
30957 6.024783
30958 6.024783
30959 6.024783
30960 6.024783
30961 6.024783
30962 6.024783
30963 6.024783
30964 6.024783
30965 6.024783
30966 6.024783
30967 6.024783
30968 6.024783
30969 6.024783
30970 6.024783
30971 6.024783
30972 6.024783
30973 6.024783
30974 6.024783
30975 6.024783
30976 6.024783
30977 6.024783
30978 6.024783
30979 6.024783
30980 6.024783
30981 6.024783
30982 6.024783
30983 6.024783
30984 6.024783
30985 6.024783
30986 6.024783
30987 6.024783
30988 6.024783
30989 6.024783
30990 6.024783
30991 6.024783
30992 6.024783
30993 6.024783
30994 6.024783
30995 6.024783
30996 6.024783
30997 6.024783
30998 6.024783
30999 6.024783
31000 6.024783
31001 6.024783
31002 6.024783
31003 6.024783
31004 6.024783
31005 6.024783
31006 6.024783
31007 6.024783
31008 6.024783
31009 6.024783
31010 6.024783
31011 6.024783
31012 6.024783
31013 6.024783
31014 6.024783
31015 6.024783
31016 6.024783
31017 6.024783
31018 6.024783
31019 6.024783
31020 6.024783
31021 6.024783
31022 6.024783
31023 6.024783
31024 6.024783
31025 6.024783
31026 6.024783
31027 6.024783
31028 6.024783
31029 6.024783
31030 6.024783
31031 6.024783
31032 6.024783
31033 6.024783
31034 6.024783
31035 6.024783
31036 6.024783
31037 6.024783
31038 6.024783
31039 6.024783
31040 6.024783
31041 6.024783
31042 6.024783
31043 6.024783
31044 6.024783
31045 6.024783
31046 6.024783
31047 6.024783
31048 6.024783
31049 6.024783
31050 6.024783
31051 6.024783
31052 6.024783
31053 6.024783
31054 6.024783
31055 6.024783
31056 6.024783
31057 6.024783
31058 6.024783
31059 6.024783
31060 6.024783
31061 6.024783
31062 6.024783
31063 6.024783
31064 6.024783
31065 6.024783
31066 6.024783
31067 6.024783
31068 6.024783
31069 6.024783
31070 6.024783
31071 6.024783
31072 6.024783
31073 6.024783
31074 6.024783
31075 6.024783
31076 6.024783
31077 6.024783
31078 6.024783
31079 6.024783
31080 6.024783
31081 6.024783
31082 6.024783
31083 6.024783
31084 6.024783
31085 6.024783
31086 6.024783
31087 6.024783
31088 6.024783
31089 6.024783
31090 6.024783
31091 6.024783
31092 6.024783
31093 6.024783
31094 6.024783
31095 6.024783
31096 6.024783
31097 6.024783
31098 6.024783
31099 6.024783
31100 6.024783
31101 6.024783
31102 6.024783
31103 6.024783
31104 6.024783
31105 6.024783
31106 6.024783
31107 6.024783
31108 6.024783
31109 6.024783
31110 6.024783
31111 6.024783
31112 6.024783
31113 6.024783
31114 6.024783
31115 6.024783
31116 6.024783
31117 6.024783
31118 6.024783
31119 6.024783
31120 6.024783
31121 6.024783
31122 6.024783
31123 6.024783
31124 6.024783
31125 6.024783
31126 6.024783
31127 6.024783
31128 6.024783
31129 6.024783
31130 6.024783
31131 6.024783
31132 6.024783
31133 6.024783
31134 6.024783
31135 6.024783
31136 6.024783
31137 6.024783
31138 6.024783
31139 6.024783
31140 6.024783
31141 6.024783
31142 6.024783
31143 6.024783
31144 6.024783
31145 6.024783
31146 6.024783
31147 6.024783
31148 6.024783
31149 6.024783
31150 6.024783
31151 6.024783
31152 6.024783
31153 6.024783
31154 6.024783
31155 6.024783
31156 6.024783
31157 6.024783
31158 6.024783
31159 6.024783
31160 6.024783
31161 6.024783
31162 6.024783
31163 6.024783
31164 6.024783
31165 6.024783
31166 6.024783
31167 6.024783
31168 6.024783
31169 6.024783
31170 6.024783
31171 6.024783
31172 6.024783
31173 6.024783
31174 6.024783
31175 6.024783
31176 6.024783
31177 6.024783
31178 6.024783
31179 6.024783
31180 6.024783
31181 6.024783
31182 6.024783
31183 6.024783
31184 6.024783
31185 6.024783
31186 6.024783
31187 6.024783
31188 6.024783
31189 6.024783
31190 6.024783
31191 6.024783
31192 6.024783
31193 6.024783
31194 6.024783
31195 6.024783
31196 6.024783
31197 6.024783
31198 6.024783
31199 6.024783
31200 6.024783
31201 6.024783
31202 6.024783
31203 6.024783
31204 6.024783
31205 6.024783
31206 6.024783
31207 6.024783
31208 6.024783
31209 6.024783
31210 6.024783
31211 6.024783
31212 6.024783
31213 6.024783
31214 6.024783
31215 6.024783
31216 6.024783
31217 6.024783
31218 6.024783
31219 6.024783
31220 6.024783
31221 6.024783
31222 6.024783
31223 6.024783
31224 6.024783
31225 6.024783
31226 6.024783
31227 6.024783
31228 6.024783
31229 6.024783
31230 6.024783
31231 6.024783
31232 6.024783
31233 6.024783
31234 6.024783
31235 6.024783
31236 6.024783
31237 6.024783
31238 6.024783
31239 6.024783
31240 6.024783
31241 6.024783
31242 6.024783
31243 6.024783
31244 6.024783
31245 6.024783
31246 6.024783
31247 6.024783
31248 6.024783
31249 6.024783
31250 6.024783
31251 6.024783
31252 6.024783
31253 6.024783
31254 6.024783
31255 6.024783
31256 6.024783
31257 6.024783
31258 6.024783
31259 6.024783
31260 6.024783
31261 6.024783
31262 6.024783
31263 6.024783
31264 6.024783
31265 6.024783
31266 6.024783
31267 6.024783
31268 6.024783
31269 6.024783
31270 6.024783
31271 6.024783
31272 6.024783
31273 6.024783
31274 6.024783
31275 6.024783
31276 6.024783
31277 6.024783
31278 6.024783
31279 6.024783
31280 6.024783
31281 6.024783
31282 6.024783
31283 6.024783
31284 6.024783
31285 6.024783
31286 6.024783
31287 6.024783
31288 6.024783
31289 6.024783
31290 6.024783
31291 6.024783
31292 6.024783
31293 6.024783
31294 6.024783
31295 6.024783
31296 6.024783
31297 6.024783
31298 6.024783
31299 6.024783
31300 6.024783
31301 6.024783
31302 6.024783
31303 6.024783
31304 6.024783
31305 6.024783
31306 6.024783
31307 6.024783
31308 6.024783
31309 6.024783
31310 6.024783
31311 6.024783
31312 6.024783
31313 6.024783
31314 6.024783
31315 6.024783
31316 6.024783
31317 6.024783
31318 6.024783
31319 6.024783
31320 6.024783
31321 6.024783
31322 6.024783
31323 6.024783
31324 6.024783
31325 6.024783
31326 6.024783
31327 6.024783
31328 6.024783
31329 6.024783
31330 6.024783
31331 6.024783
31332 6.024783
31333 6.024783
31334 6.024783
31335 6.024783
31336 6.024783
31337 6.024783
31338 6.024783
31339 6.024783
31340 6.024783
31341 6.024783
31342 6.024783
31343 6.024783
31344 6.024783
31345 6.024783
31346 6.024783
31347 6.024783
31348 6.024783
31349 6.024783
31350 6.024783
31351 6.024783
31352 6.024783
31353 6.024783
31354 6.024783
31355 6.024783
31356 6.024783
31357 6.024783
31358 6.024783
31359 6.024783
31360 6.024783
31361 6.024783
31362 6.024783
31363 6.024783
31364 6.024783
31365 6.024783
31366 6.024783
31367 6.024783
31368 6.024783
31369 6.024783
31370 6.024783
31371 6.024783
31372 6.024783
31373 6.024783
31374 6.024783
31375 6.024783
31376 6.024783
31377 6.024783
31378 6.024783
31379 6.024783
31380 6.024783
31381 6.024783
31382 6.024783
31383 6.024783
31384 6.024783
31385 6.024783
31386 6.024783
31387 6.024783
31388 6.024783
31389 6.024783
31390 6.024783
31391 6.024783
31392 6.024783
31393 6.024783
31394 6.024783
31395 6.024783
31396 6.024783
31397 6.024783
31398 6.024783
31399 6.024783
31400 6.024783
31401 6.024783
31402 6.024783
31403 6.024783
31404 6.024783
31405 6.024783
31406 6.024783
31407 6.024783
31408 6.024783
31409 6.024783
31410 6.024783
31411 6.024783
31412 6.024783
31413 6.024783
31414 6.024783
31415 6.024783
31416 6.024783
31417 6.024783
31418 6.024783
31419 6.024783
31420 6.024783
31421 6.024783
31422 6.024783
31423 6.024783
31424 6.024783
31425 6.024783
31426 6.024783
31427 6.024783
31428 6.024783
31429 6.024783
31430 6.024783
31431 6.024783
31432 6.024783
31433 6.024783
31434 6.024783
31435 6.024783
31436 6.024783
31437 6.024783
31438 6.024783
31439 6.024783
31440 6.024783
31441 6.024783
31442 6.024783
31443 6.024783
31444 6.024783
31445 6.024783
31446 6.024783
31447 6.024783
31448 6.024783
31449 6.024783
31450 6.024783
31451 6.024783
31452 6.024783
31453 6.024783
31454 6.024783
31455 6.024783
31456 6.024783
31457 6.024783
31458 6.024783
31459 6.024783
31460 6.024783
31461 6.024783
31462 6.024783
31463 6.024783
31464 6.024783
31465 6.024783
31466 6.024783
31467 6.024783
31468 6.024783
31469 6.024783
31470 6.024783
31471 6.024783
31472 6.024783
31473 6.024783
31474 6.024783
31475 6.024783
31476 6.024783
31477 6.024783
31478 6.024783
31479 6.024783
31480 6.024783
31481 6.024783
31482 6.024783
31483 6.024783
31484 6.024783
31485 6.024783
31486 6.024783
31487 6.024783
31488 6.024783
31489 6.024783
31490 6.024783
31491 6.024783
31492 6.024783
31493 6.024783
31494 6.024783
31495 6.024783
31496 6.024783
31497 6.024783
31498 6.024783
31499 6.024783
31500 6.024783
31501 6.024783
31502 6.024783
31503 6.024783
31504 6.024783
31505 6.024783
31506 6.024783
31507 6.024783
31508 6.024783
31509 6.024783
31510 6.024783
31511 6.024783
31512 6.024783
31513 6.024783
31514 6.024783
31515 6.024783
31516 6.024783
31517 6.024783
31518 6.024783
31519 6.024783
31520 6.024783
31521 6.024783
31522 6.024783
31523 6.024783
31524 6.024783
31525 6.024783
31526 6.024783
31527 6.024783
31528 6.024783
31529 6.024783
31530 6.024783
31531 6.024783
31532 6.024783
31533 6.024783
31534 6.024783
31535 6.024783
31536 6.024783
31537 6.024783
31538 6.024783
31539 6.024783
31540 6.024783
31541 6.024783
31542 6.024783
31543 6.024783
31544 6.024783
31545 6.024783
31546 6.024783
31547 6.024783
31548 6.024783
31549 6.024783
31550 6.024783
31551 6.024783
31552 6.024783
31553 6.024783
31554 6.024783
31555 6.024783
31556 6.024783
31557 6.024783
31558 6.024783
31559 6.024783
31560 6.024783
31561 6.024783
31562 6.024783
31563 6.024783
31564 6.024783
31565 6.024783
31566 6.024783
31567 6.024783
31568 6.024783
31569 6.024783
31570 6.024783
31571 6.024783
31572 6.024783
31573 6.024783
31574 6.024783
31575 6.024783
31576 6.024783
31577 6.024783
31578 6.024783
31579 6.024783
31580 6.024783
31581 6.024783
31582 6.024783
31583 6.024783
31584 6.024783
31585 6.024783
31586 6.024783
31587 6.024783
31588 6.024783
31589 6.024783
31590 6.024783
31591 6.024783
31592 6.024783
31593 6.024783
31594 6.024783
31595 6.024783
31596 6.024783
31597 6.024783
31598 6.024783
31599 6.024783
31600 6.024783
31601 6.024783
31602 6.024783
31603 6.024783
31604 6.024783
31605 6.024783
31606 6.024783
31607 6.024783
31608 6.024783
31609 6.024783
31610 6.024783
31611 6.024783
31612 6.024783
31613 6.024783
31614 6.024783
31615 6.024783
31616 6.024783
31617 6.024783
31618 6.024783
31619 6.024783
31620 6.024783
31621 6.024783
31622 6.024783
31623 6.024783
31624 6.024783
31625 6.024783
31626 6.024783
31627 6.024783
31628 6.024783
31629 6.024783
31630 6.024783
31631 6.024783
31632 6.024783
31633 6.024783
31634 6.024783
31635 6.024783
31636 6.024783
31637 6.024783
31638 6.024783
31639 6.024783
31640 6.024783
31641 6.024783
31642 6.024783
31643 6.024783
31644 6.024783
31645 6.024783
31646 6.024783
31647 6.024783
31648 6.024783
31649 6.024783
31650 6.024783
31651 6.024783
31652 6.024783
31653 6.024783
31654 6.024783
31655 6.024783
31656 6.024783
31657 6.024783
31658 6.024783
31659 6.024783
31660 6.024783
31661 6.024783
31662 6.024783
31663 6.024783
31664 6.024783
31665 6.024783
31666 6.024783
31667 6.024783
31668 6.024783
31669 6.024783
31670 6.024783
31671 6.024783
31672 6.024783
31673 6.024783
31674 6.024783
31675 6.024783
31676 6.024783
31677 6.024783
31678 6.024783
31679 6.024783
31680 6.024783
31681 6.024783
31682 6.024783
31683 6.024783
31684 6.024783
31685 6.024783
31686 6.024783
31687 6.024783
31688 6.024783
31689 6.024783
31690 6.024783
31691 6.024783
31692 6.024783
31693 6.024783
31694 6.024783
31695 6.024783
31696 6.024783
31697 6.024783
31698 6.024783
31699 6.024783
31700 6.024783
31701 6.024783
31702 6.024783
31703 6.024783
31704 6.024783
31705 6.024783
31706 6.024783
31707 6.024783
31708 6.024783
31709 6.024783
31710 6.024783
31711 6.024783
31712 6.024783
31713 6.024783
31714 6.024783
31715 6.024783
31716 6.024783
31717 6.024783
31718 6.024783
31719 6.024783
31720 6.024783
31721 6.024783
31722 6.024783
31723 6.024783
31724 6.024783
31725 6.024783
31726 6.024783
31727 6.024783
31728 6.024783
31729 6.024783
31730 6.024783
31731 6.024783
31732 6.024783
31733 6.024783
31734 6.024783
31735 6.024783
31736 6.024783
31737 6.024783
31738 6.024783
31739 6.024783
31740 6.024783
31741 6.024783
31742 6.024783
31743 6.024783
31744 6.024783
31745 6.024783
31746 6.024783
31747 6.024783
31748 6.024783
31749 6.024783
31750 6.024783
31751 6.024783
31752 6.024783
31753 6.024783
31754 6.024783
31755 6.024783
31756 6.024783
31757 6.024783
31758 6.024783
31759 6.024783
31760 6.024783
31761 6.024783
31762 6.024783
31763 6.024783
31764 6.024783
31765 6.024783
31766 6.024783
31767 6.024783
31768 6.024783
31769 6.024783
31770 6.024783
31771 6.024783
31772 6.024783
31773 6.024783
31774 6.024783
31775 6.024783
31776 6.024783
31777 6.024783
31778 6.024783
31779 6.024783
31780 6.024783
31781 6.024783
31782 6.024783
31783 6.024783
31784 6.024783
31785 6.024783
31786 6.024783
31787 6.024783
31788 6.024783
31789 6.024783
31790 6.024783
31791 6.024783
31792 6.024783
31793 6.024783
31794 6.024783
31795 6.024783
31796 6.024783
31797 6.024783
31798 6.024783
31799 6.024783
31800 6.024783
31801 6.024783
31802 6.024783
31803 6.024783
31804 6.024783
31805 6.024783
31806 6.024783
31807 6.024783
31808 6.024783
31809 6.024783
31810 6.024783
31811 6.024783
31812 6.024783
31813 6.024783
31814 6.024783
31815 6.024783
31816 6.024783
31817 6.024783
31818 6.024783
31819 6.024783
31820 6.024783
31821 6.024783
31822 6.024783
31823 6.024783
31824 6.024783
31825 6.024783
31826 6.024783
31827 6.024783
31828 6.024783
31829 6.024783
31830 6.024783
31831 6.024783
31832 6.024783
31833 6.024783
31834 6.024783
31835 6.024783
31836 6.024783
31837 6.024783
31838 6.024783
31839 6.024783
31840 6.024783
31841 6.024783
31842 6.024783
31843 6.024783
31844 6.024783
31845 6.024783
31846 6.024783
31847 6.024783
31848 6.024783
31849 6.024783
31850 6.024783
31851 6.024783
31852 6.024783
31853 6.024783
31854 6.024783
31855 6.024783
31856 6.024783
31857 6.024783
31858 6.024783
31859 6.024783
31860 6.024783
31861 6.024783
31862 6.024783
31863 6.024783
31864 6.024783
31865 6.024783
31866 6.024783
31867 6.024783
31868 6.024783
31869 6.024783
31870 6.024783
31871 6.024783
31872 6.024783
31873 6.024783
31874 6.024783
31875 6.024783
31876 6.024783
31877 6.024783
31878 6.024783
31879 6.024783
31880 6.024783
31881 6.024783
31882 6.024783
31883 6.024783
31884 6.024783
31885 6.024783
31886 6.024783
31887 6.024783
31888 6.024783
31889 6.024783
31890 6.024783
31891 6.024783
31892 6.024783
31893 6.024783
31894 6.024783
31895 6.024783
31896 6.024783
31897 6.024783
31898 6.024783
31899 6.024783
31900 6.024783
31901 6.024783
31902 6.024783
31903 6.024783
31904 6.024783
31905 6.024783
31906 6.024783
31907 6.024783
31908 6.024783
31909 6.024783
31910 6.024783
31911 6.024783
31912 6.024783
31913 6.024783
31914 6.024783
31915 6.024783
31916 6.024783
31917 6.024783
31918 6.024783
31919 6.024783
31920 6.024783
31921 6.024783
31922 6.024783
31923 6.024783
31924 6.024783
31925 6.024783
31926 6.024783
31927 6.024783
31928 6.024783
31929 6.024783
31930 6.024783
31931 6.024783
31932 6.024783
31933 6.024783
31934 6.024783
31935 6.024783
31936 6.024783
31937 6.024783
31938 6.024783
31939 6.024783
31940 6.024783
31941 6.024783
31942 6.024783
31943 6.024783
31944 6.024783
31945 6.024783
31946 6.024783
31947 6.024783
31948 6.024783
31949 6.024783
31950 6.024783
31951 6.024783
31952 6.024783
31953 6.024783
31954 6.024783
31955 6.024783
31956 6.024783
31957 6.024783
31958 6.024783
31959 6.024783
31960 6.024783
31961 6.024783
31962 6.024783
31963 6.024783
31964 6.024783
31965 6.024783
31966 6.024783
31967 6.024783
31968 6.024783
31969 6.024783
31970 6.024783
31971 6.024783
31972 6.024783
31973 6.024783
31974 6.024783
31975 6.024783
31976 6.024783
31977 6.024783
31978 6.024783
31979 6.024783
31980 6.024783
31981 6.024783
31982 6.024783
31983 6.024783
31984 6.024783
31985 6.024783
31986 6.024783
31987 6.024783
31988 6.024783
31989 6.024783
31990 6.024783
31991 6.024783
31992 6.024783
31993 6.024783
31994 6.024783
31995 6.024783
31996 6.024783
31997 6.024783
31998 6.024783
31999 6.024783
32000 6.024783
32001 6.024783
32002 6.024783
32003 6.024783
32004 6.024783
32005 6.024783
32006 6.024783
32007 6.024783
32008 6.024783
32009 6.024783
32010 6.024783
32011 6.024783
32012 6.024783
32013 6.024783
32014 6.024783
32015 6.024783
32016 6.024783
32017 6.024783
32018 6.024783
32019 6.024783
32020 6.024783
32021 6.024783
32022 6.024783
32023 6.024783
32024 6.024783
32025 6.024783
32026 6.024783
32027 6.024783
32028 6.024783
32029 6.024783
32030 6.024783
32031 6.024783
32032 6.024783
32033 6.024783
32034 6.024783
32035 6.024783
32036 6.024783
32037 6.024783
32038 6.024783
32039 6.024783
32040 6.024783
32041 6.024783
32042 6.024783
32043 6.024783
32044 6.024783
32045 6.024783
32046 6.024783
32047 6.024783
32048 6.024783
32049 6.024783
32050 6.024783
32051 6.024783
32052 6.024783
32053 6.024783
32054 6.024783
32055 6.024783
32056 6.024783
32057 6.024783
32058 6.024783
32059 6.024783
32060 6.024783
32061 6.024783
32062 6.024783
32063 6.024783
32064 6.024783
32065 6.024783
32066 6.024783
32067 6.024783
32068 6.024783
32069 6.024783
32070 6.024783
32071 6.024783
32072 6.024783
32073 6.024783
32074 6.024783
32075 6.024783
32076 6.024783
32077 6.024783
32078 6.024783
32079 6.024783
32080 6.024783
32081 6.024783
32082 6.024783
32083 6.024783
32084 6.024783
32085 6.024783
32086 6.024783
32087 6.024783
32088 6.024783
32089 6.024783
32090 6.024783
32091 6.024783
32092 6.024783
32093 6.024783
32094 6.024783
32095 6.024783
32096 6.024783
32097 6.024783
32098 6.024783
32099 6.024783
32100 6.024783
32101 6.024783
32102 6.024783
32103 6.024783
32104 6.024783
32105 6.024783
32106 6.024783
32107 6.024783
32108 6.024783
32109 6.024783
32110 6.024783
32111 6.024783
32112 6.024783
32113 6.024783
32114 6.024783
32115 6.024783
32116 6.024783
32117 6.024783
32118 6.024783
32119 6.024783
32120 6.024783
32121 6.024783
32122 6.024783
32123 6.024783
32124 6.024783
32125 6.024783
32126 6.024783
32127 6.024783
32128 6.024783
32129 6.024783
32130 6.024783
32131 6.024783
32132 6.024783
32133 6.024783
32134 6.024783
32135 6.024783
32136 6.024783
32137 6.024783
32138 6.024783
32139 6.024783
32140 6.024783
32141 6.024783
32142 6.024783
32143 6.024783
32144 6.024783
32145 6.024783
32146 6.024783
32147 6.024783
32148 6.024783
32149 6.024783
32150 6.024783
32151 6.024783
32152 6.024783
32153 6.024783
32154 6.024783
32155 6.024783
32156 6.024783
32157 6.024783
32158 6.024783
32159 6.024783
32160 6.024783
32161 6.024783
32162 6.024783
32163 6.024783
32164 6.024783
32165 6.024783
32166 6.024783
32167 6.024783
32168 6.024783
32169 6.024783
32170 6.024783
32171 6.024783
32172 6.024783
32173 6.024783
32174 6.024783
32175 6.024783
32176 6.024783
32177 6.024783
32178 6.024783
32179 6.024783
32180 6.024783
32181 6.024783
32182 6.024783
32183 6.024783
32184 6.024783
32185 6.024783
32186 6.024783
32187 6.024783
32188 6.024783
32189 6.024783
32190 6.024783
32191 6.024783
32192 6.024783
32193 6.024783
32194 6.024783
32195 6.024783
32196 6.024783
32197 6.024783
32198 6.024783
32199 6.024783
32200 6.024783
32201 6.024783
32202 6.024783
32203 6.024783
32204 6.024783
32205 6.024783
32206 6.024783
32207 6.024783
32208 6.024783
32209 6.024783
32210 6.024783
32211 6.024783
32212 6.024783
32213 6.024783
32214 6.024783
32215 6.024783
32216 6.024783
32217 6.024783
32218 6.024783
32219 6.024783
32220 6.024783
32221 6.024783
32222 6.024783
32223 6.024783
32224 6.024783
32225 6.024783
32226 6.024783
32227 6.024783
32228 6.024783
32229 6.024783
32230 6.024783
32231 6.024783
32232 6.024783
32233 6.024783
32234 6.024783
32235 6.024783
32236 6.024783
32237 6.024783
32238 6.024783
32239 6.024783
32240 6.024783
32241 6.024783
32242 6.024783
32243 6.024783
32244 6.024783
32245 6.024783
32246 6.024783
32247 6.024783
32248 6.024783
32249 6.024783
32250 6.024783
32251 6.024783
32252 6.024783
32253 6.024783
32254 6.024783
32255 6.024783
32256 6.024783
32257 6.024783
32258 6.024783
32259 6.024783
32260 6.024783
32261 6.024783
32262 6.024783
32263 6.024783
32264 6.024783
32265 6.024783
32266 6.024783
32267 6.024783
32268 6.024783
32269 6.024783
32270 6.024783
32271 6.024783
32272 6.024783
32273 6.024783
32274 6.024783
32275 6.024783
32276 6.024783
32277 6.024783
32278 6.024783
32279 6.024783
32280 6.024783
32281 6.024783
32282 6.024783
32283 6.024783
32284 6.024783
32285 6.024783
32286 6.024783
32287 6.024783
32288 6.024783
32289 6.024783
32290 6.024783
32291 6.024783
32292 6.024783
32293 6.024783
32294 6.024783
32295 6.024783
32296 6.024783
32297 6.024783
32298 6.024783
32299 6.024783
32300 6.024783
32301 6.024783
32302 6.024783
32303 6.024783
32304 6.024783
32305 6.024783
32306 6.024783
32307 6.024783
32308 6.024783
32309 6.024783
32310 6.024783
32311 6.024783
32312 6.024783
32313 6.024783
32314 6.024783
32315 6.024783
32316 6.024783
32317 6.024783
32318 6.024783
32319 6.024783
32320 6.024783
32321 6.024783
32322 6.024783
32323 6.024783
32324 6.024783
32325 6.024783
32326 6.024783
32327 6.024783
32328 6.024783
32329 6.024783
32330 6.024783
32331 6.024783
32332 6.024783
32333 6.024783
32334 6.024783
32335 6.024783
32336 6.024783
32337 6.024783
32338 6.024783
32339 6.024783
32340 6.024783
32341 6.024783
32342 6.024783
32343 6.024783
32344 6.024783
32345 6.024783
32346 6.024783
32347 6.024783
32348 6.024783
32349 6.024783
32350 6.024783
32351 6.024783
32352 6.024783
32353 6.024783
32354 6.024783
32355 6.024783
32356 6.024783
32357 6.024783
32358 6.024783
32359 6.024783
32360 6.024783
32361 6.024783
32362 6.024783
32363 6.024783
32364 6.024783
32365 6.024783
32366 6.024783
32367 6.024783
32368 6.024783
32369 6.024783
32370 6.024783
32371 6.024783
32372 6.024783
32373 6.024783
32374 6.024783
32375 6.024783
32376 6.024783
32377 6.024783
32378 6.024783
32379 6.024783
32380 6.024783
32381 6.024783
32382 6.024783
32383 6.024783
32384 6.024783
32385 6.024783
32386 6.024783
32387 6.024783
32388 6.024783
32389 6.024783
32390 6.024783
32391 6.024783
32392 6.024783
32393 6.024783
32394 6.024783
32395 6.024783
32396 6.024783
32397 6.024783
32398 6.024783
32399 6.024783
32400 6.024783
32401 6.024783
32402 6.024783
32403 6.024783
32404 6.024783
32405 6.024783
32406 6.024783
32407 6.024783
32408 6.024783
32409 6.024783
32410 6.024783
32411 6.024783
32412 6.024783
32413 6.024783
32414 6.024783
32415 6.024783
32416 6.024783
32417 6.024783
32418 6.024783
32419 6.024783
32420 6.024783
32421 6.024783
32422 6.024783
32423 6.024783
32424 6.024783
32425 6.024783
32426 6.024783
32427 6.024783
32428 6.024783
32429 6.024783
32430 6.024783
32431 6.024783
32432 6.024783
32433 6.024783
32434 6.024783
32435 6.024783
32436 6.024783
32437 6.024783
32438 6.024783
32439 6.024783
32440 6.024783
32441 6.024783
32442 6.024783
32443 6.024783
32444 6.024783
32445 6.024783
32446 6.024783
32447 6.024783
32448 6.024783
32449 6.024783
32450 6.024783
32451 6.024783
32452 6.024783
32453 6.024783
32454 6.024783
32455 6.024783
32456 6.024783
32457 6.024783
32458 6.024783
32459 6.024783
32460 6.024783
32461 6.024783
32462 6.024783
32463 6.024783
32464 6.024783
32465 6.024783
32466 6.024783
32467 6.024783
32468 6.024783
32469 6.024783
32470 6.024783
32471 6.024783
32472 6.024783
32473 6.024783
32474 6.024783
32475 6.024783
32476 6.024783
32477 6.024783
32478 6.024783
32479 6.024783
32480 6.024783
32481 6.024783
32482 6.024783
32483 6.024783
32484 6.024783
32485 6.024783
32486 6.024783
32487 6.024783
32488 6.024783
32489 6.024783
32490 6.024783
32491 6.024783
32492 6.024783
32493 6.024783
32494 6.024783
32495 6.024783
32496 6.024783
32497 6.024783
32498 6.024783
32499 6.024783
32500 6.024783
32501 6.024783
32502 6.024783
32503 6.024783
32504 6.024783
32505 6.024783
32506 6.024783
32507 6.024783
32508 6.024783
32509 6.024783
32510 6.024783
32511 6.024783
32512 6.024783
32513 6.024783
32514 6.024783
32515 6.024783
32516 6.024783
32517 6.024783
32518 6.024783
32519 6.024783
32520 6.024783
32521 6.024783
32522 6.024783
32523 6.024783
32524 6.024783
32525 6.024783
32526 6.024783
32527 6.024783
32528 6.024783
32529 6.024783
32530 6.024783
32531 6.024783
32532 6.024783
32533 6.024783
32534 6.024783
32535 6.024783
32536 6.024783
32537 6.024783
32538 6.024783
32539 6.024783
32540 6.024783
32541 6.024783
32542 6.024783
32543 6.024783
32544 6.024783
32545 6.024783
32546 6.024783
32547 6.024783
32548 6.024783
32549 6.024783
32550 6.024783
32551 6.024783
32552 6.024783
32553 6.024783
32554 6.024783
32555 6.024783
32556 6.024783
32557 6.024783
32558 6.024783
32559 6.024783
32560 6.024783
32561 6.024783
32562 6.024783
32563 6.024783
32564 6.024783
32565 6.024783
32566 6.024783
32567 6.024783
32568 6.024783
32569 6.024783
32570 6.024783
32571 6.024783
32572 6.024783
32573 6.024783
32574 6.024783
32575 6.024783
32576 6.024783
32577 6.024783
32578 6.024783
32579 6.024783
32580 6.024783
32581 6.024783
32582 6.024783
32583 6.024783
32584 6.024783
32585 6.024783
32586 6.024783
32587 6.024783
32588 6.024783
32589 6.024783
32590 6.024783
32591 6.024783
32592 6.024783
32593 6.024783
32594 6.024783
32595 6.024783
32596 6.024783
32597 6.024783
32598 6.024783
32599 6.024783
32600 6.024783
32601 6.024783
32602 6.024783
32603 6.024783
32604 6.024783
32605 6.024783
32606 6.024783
32607 6.024783
32608 6.024783
32609 6.024783
32610 6.024783
32611 6.024783
32612 6.024783
32613 6.024783
32614 6.024783
32615 6.024783
32616 6.024783
32617 6.024783
32618 6.024783
32619 6.024783
32620 6.024783
32621 6.024783
32622 6.024783
32623 6.024783
32624 6.024783
32625 6.024783
32626 6.024783
32627 6.024783
32628 6.024783
32629 6.024783
32630 6.024783
32631 6.024783
32632 6.024783
32633 6.024783
32634 6.024783
32635 6.024783
32636 6.024783
32637 6.024783
32638 6.024783
32639 6.024783
32640 6.024783
32641 6.024783
32642 6.024783
32643 6.024783
32644 6.024783
32645 6.024783
32646 6.024783
32647 6.024783
32648 6.024783
32649 6.024783
32650 6.024783
32651 6.024783
32652 6.024783
32653 6.024783
32654 6.024783
32655 6.024783
32656 6.024783
32657 6.024783
32658 6.024783
32659 6.024783
32660 6.024783
32661 6.024783
32662 6.024783
32663 6.024783
32664 6.024783
32665 6.024783
32666 6.024783
32667 6.024783
32668 6.024783
32669 6.024783
32670 6.024783
32671 6.024783
32672 6.024783
32673 6.024783
32674 6.024783
32675 6.024783
32676 6.024783
32677 6.024783
32678 6.024783
32679 6.024783
32680 6.024783
32681 6.024783
32682 6.024783
32683 6.024783
32684 6.024783
32685 6.024783
32686 6.024783
32687 6.024783
32688 6.024783
32689 6.024783
32690 6.024783
32691 6.024783
32692 6.024783
32693 6.024783
32694 6.024783
32695 6.024783
32696 6.024783
32697 6.024783
32698 6.024783
32699 6.024783
32700 6.024783
32701 6.024783
32702 6.024783
32703 6.024783
32704 6.024783
32705 6.024783
32706 6.024783
32707 6.024783
32708 6.024783
32709 6.024783
32710 6.024783
32711 6.024783
32712 6.024783
32713 6.024783
32714 6.024783
32715 6.024783
32716 6.024783
32717 6.024783
32718 6.024783
32719 6.024783
32720 6.024783
32721 6.024783
32722 6.024783
32723 6.024783
32724 6.024783
32725 6.024783
32726 6.024783
32727 6.024783
32728 6.024783
32729 6.024783
32730 6.024783
32731 6.024783
32732 6.024783
32733 6.024783
32734 6.024783
32735 6.024783
32736 6.024783
32737 6.024783
32738 6.024783
32739 6.024783
32740 6.024783
32741 6.024783
32742 6.024783
32743 6.024783
32744 6.024783
32745 6.024783
32746 6.024783
32747 6.024783
32748 6.024783
32749 6.024783
32750 6.024783
32751 6.024783
32752 6.024783
32753 6.024783
32754 6.024783
32755 6.024783
32756 6.024783
32757 6.024783
32758 6.024783
32759 6.024783
32760 6.024783
32761 6.024783
32762 6.024783
32763 6.024783
32764 6.024783
32765 6.024783
32766 6.024783
32767 6.024783
32768 6.024783
32769 6.024783
32770 6.024783
32771 6.024783
32772 6.024783
32773 6.024783
32774 6.024783
32775 6.024783
32776 6.024783
32777 6.024783
32778 6.024783
32779 6.024783
32780 6.024783
32781 6.024783
32782 6.024783
32783 6.024783
32784 6.024783
32785 6.024783
32786 6.024783
32787 6.024783
32788 6.024783
32789 6.024783
32790 6.024783
32791 6.024783
32792 6.024783
32793 6.024783
32794 6.024783
32795 6.024783
32796 6.024783
32797 6.024783
32798 6.024783
32799 6.024783
32800 6.024783
32801 6.024783
32802 6.024783
32803 6.024783
32804 6.024783
32805 6.024783
32806 6.024783
32807 6.024783
32808 6.024783
32809 6.024783
32810 6.024783
32811 6.024783
32812 6.024783
32813 6.024783
32814 6.024783
32815 6.024783
32816 6.024783
32817 6.024783
32818 6.024783
32819 6.024783
32820 6.024783
32821 6.024783
32822 6.024783
32823 6.024783
32824 6.024783
32825 6.024783
32826 6.024783
32827 6.024783
32828 6.024783
32829 6.024783
32830 6.024783
32831 6.024783
32832 6.024783
32833 6.024783
32834 6.024783
32835 6.024783
32836 6.024783
32837 6.024783
32838 6.024783
32839 6.024783
32840 6.024783
32841 6.024783
32842 6.024783
32843 6.024783
32844 6.024783
32845 6.024783
32846 6.024783
32847 6.024783
32848 6.024783
32849 6.024783
32850 6.024783
32851 6.024783
32852 6.024783
32853 6.024783
32854 6.024783
32855 6.024783
32856 6.024783
32857 6.024783
32858 6.024783
32859 6.024783
32860 6.024783
32861 6.024783
32862 6.024783
32863 6.024783
32864 6.024783
32865 6.024783
32866 6.024783
32867 6.024783
32868 6.024783
32869 6.024783
32870 6.024783
32871 6.024783
32872 6.024783
32873 6.024783
32874 6.024783
32875 6.024783
32876 6.024783
32877 6.024783
32878 6.024783
32879 6.024783
32880 6.024783
32881 6.024783
32882 6.024783
32883 6.024783
32884 6.024783
32885 6.024783
32886 6.024783
32887 6.024783
32888 6.024783
32889 6.024783
32890 6.024783
32891 6.024783
32892 6.024783
32893 6.024783
32894 6.024783
32895 6.024783
32896 6.024783
32897 6.024783
32898 6.024783
32899 6.024783
32900 6.024783
32901 6.024783
32902 6.024783
32903 6.024783
32904 6.024783
32905 6.024783
32906 6.024783
32907 6.024783
32908 6.024783
32909 6.024783
32910 6.024783
32911 6.024783
32912 6.024783
32913 6.024783
32914 6.024783
32915 6.024783
32916 6.024783
32917 6.024783
32918 6.024783
32919 6.024783
32920 6.024783
32921 6.024783
32922 6.024783
32923 6.024783
32924 6.024783
32925 6.024783
32926 6.024783
32927 6.024783
32928 6.024783
32929 6.024783
32930 6.024783
32931 6.024783
32932 6.024783
32933 6.024783
32934 6.024783
32935 6.024783
32936 6.024783
32937 6.024783
32938 6.024783
32939 6.024783
32940 6.024783
32941 6.024783
32942 6.024783
32943 6.024783
32944 6.024783
32945 6.024783
32946 6.024783
32947 6.024783
32948 6.024783
32949 6.024783
32950 6.024783
32951 6.024783
32952 6.024783
32953 6.024783
32954 6.024783
32955 6.024783
32956 6.024783
32957 6.024783
32958 6.024783
32959 6.024783
32960 6.024783
32961 6.024783
32962 6.024783
32963 6.024783
32964 6.024783
32965 6.024783
32966 6.024783
32967 6.024783
32968 6.024783
32969 6.024783
32970 6.024783
32971 6.024783
32972 6.024783
32973 6.024783
32974 6.024783
32975 6.024783
32976 6.024783
32977 6.024783
32978 6.024783
32979 6.024783
32980 6.024783
32981 6.024783
32982 6.024783
32983 6.024783
32984 6.024783
32985 6.024783
32986 6.024783
32987 6.024783
32988 6.024783
32989 6.024783
32990 6.024783
32991 6.024783
32992 6.024783
32993 6.024783
32994 6.024783
32995 6.024783
32996 6.024783
32997 6.024783
32998 6.024783
32999 6.024783
33000 6.024783
33001 6.024783
33002 6.024783
33003 6.024783
33004 6.024783
33005 6.024783
33006 6.024783
33007 6.024783
33008 6.024783
33009 6.024783
33010 6.024783
33011 6.024783
33012 6.024783
33013 6.024783
33014 6.024783
33015 6.024783
33016 6.024783
33017 6.024783
33018 6.024783
33019 6.024783
33020 6.024783
33021 6.024783
33022 6.024783
33023 6.024783
33024 6.024783
33025 6.024783
33026 6.024783
33027 6.024783
33028 6.024783
33029 6.024783
33030 6.024783
33031 6.024783
33032 6.024783
33033 6.024783
33034 6.024783
33035 6.024783
33036 6.024783
33037 6.024783
33038 6.024783
33039 6.024783
33040 6.024783
33041 6.024783
33042 6.024783
33043 6.024783
33044 6.024783
33045 6.024783
33046 6.024783
33047 6.024783
33048 6.024783
33049 6.024783
33050 6.024783
33051 6.024783
33052 6.024783
33053 6.024783
33054 6.024783
33055 6.024783
33056 6.024783
33057 6.024783
33058 6.024783
33059 6.024783
33060 6.024783
33061 6.024783
33062 6.024783
33063 6.024783
33064 6.024783
33065 6.024783
33066 6.024783
33067 6.024783
33068 6.024783
33069 6.024783
33070 6.024783
33071 6.024783
33072 6.024783
33073 6.024783
33074 6.024783
33075 6.024783
33076 6.024783
33077 6.024783
33078 6.024783
33079 6.024783
33080 6.024783
33081 6.024783
33082 6.024783
33083 6.024783
33084 6.024783
33085 6.024783
33086 6.024783
33087 6.024783
33088 6.024783
33089 6.024783
33090 6.024783
33091 6.024783
33092 6.024783
33093 6.024783
33094 6.024783
33095 6.024783
33096 6.024783
33097 6.024783
33098 6.024783
33099 6.024783
33100 6.024783
33101 6.024783
33102 6.024783
33103 6.024783
33104 6.024783
33105 6.024783
33106 6.024783
33107 6.024783
33108 6.024783
33109 6.024783
33110 6.024783
33111 6.024783
33112 6.024783
33113 6.024783
33114 6.024783
33115 6.024783
33116 6.024783
33117 6.024783
33118 6.024783
33119 6.024783
33120 6.024783
33121 6.024783
33122 6.024783
33123 6.024783
33124 6.024783
33125 6.024783
33126 6.024783
33127 6.024783
33128 6.024783
33129 6.024783
33130 6.024783
33131 6.024783
33132 6.024783
33133 6.024783
33134 6.024783
33135 6.024783
33136 6.024783
33137 6.024783
33138 6.024783
33139 6.024783
33140 6.024783
33141 6.024783
33142 6.024783
33143 6.024783
33144 6.024783
33145 6.024783
33146 6.024783
33147 6.024783
33148 6.024783
33149 6.024783
33150 6.024783
33151 6.024783
33152 6.024783
33153 6.024783
33154 6.024783
33155 6.024783
33156 6.024783
33157 6.024783
33158 6.024783
33159 6.024783
33160 6.024783
33161 6.024783
33162 6.024783
33163 6.024783
33164 6.024783
33165 6.024783
33166 6.024783
33167 6.024783
33168 6.024783
33169 6.024783
33170 6.024783
33171 6.024783
33172 6.024783
33173 6.024783
33174 6.024783
33175 6.024783
33176 6.024783
33177 6.024783
33178 6.024783
33179 6.024783
33180 6.024783
33181 6.024783
33182 6.024783
33183 6.024783
33184 6.024783
33185 6.024783
33186 6.024783
33187 6.024783
33188 6.024783
33189 6.024783
33190 6.024783
33191 6.024783
33192 6.024783
33193 6.024783
33194 6.024783
33195 6.024783
33196 6.024783
33197 6.024783
33198 6.024783
33199 6.024783
33200 6.024783
33201 6.024783
33202 6.024783
33203 6.024783
33204 6.024783
33205 6.024783
33206 6.024783
33207 6.024783
33208 6.024783
33209 6.024783
33210 6.024783
33211 6.024783
33212 6.024783
33213 6.024783
33214 6.024783
33215 6.024783
33216 6.024783
33217 6.024783
33218 6.024783
33219 6.024783
33220 6.024783
33221 6.024783
33222 6.024783
33223 6.024783
33224 6.024783
33225 6.024783
33226 6.024783
33227 6.024783
33228 6.024783
33229 6.024783
33230 6.024783
33231 6.024783
33232 6.024783
33233 6.024783
33234 6.024783
33235 6.024783
33236 6.024783
33237 6.024783
33238 6.024783
33239 6.024783
33240 6.024783
33241 6.024783
33242 6.024783
33243 6.024783
33244 6.024783
33245 6.024783
33246 6.024783
33247 6.024783
33248 6.024783
33249 6.024783
33250 6.024783
33251 6.024783
33252 6.024783
33253 6.024783
33254 6.024783
33255 6.024783
33256 6.024783
33257 6.024783
33258 6.024783
33259 6.024783
33260 6.024783
33261 6.024783
33262 6.024783
33263 6.024783
33264 6.024783
33265 6.024783
33266 6.024783
33267 6.024783
33268 6.024783
33269 6.024783
33270 6.024783
33271 6.024783
33272 6.024783
33273 6.024783
33274 6.024783
33275 6.024783
33276 6.024783
33277 6.024783
33278 6.024783
33279 6.024783
33280 6.024783
33281 6.024783
33282 6.024783
33283 6.024783
33284 6.024783
33285 6.024783
33286 6.024783
33287 6.024783
33288 6.024783
33289 6.024783
33290 6.024783
33291 6.024783
33292 6.024783
33293 6.024783
33294 6.024783
33295 6.024783
33296 6.024783
33297 6.024783
33298 6.024783
33299 6.024783
33300 6.024783
33301 6.024783
33302 6.024783
33303 6.024783
33304 6.024783
33305 6.024783
33306 6.024783
33307 6.024783
33308 6.024783
33309 6.024783
33310 6.024783
33311 6.024783
33312 6.024783
33313 6.024783
33314 6.024783
33315 6.024783
33316 6.024783
33317 6.024783
33318 6.024783
33319 6.024783
33320 6.024783
33321 6.024783
33322 6.024783
33323 6.024783
33324 6.024783
33325 6.024783
33326 6.024783
33327 6.024783
33328 6.024783
33329 6.024783
33330 6.024783
33331 6.024783
33332 6.024783
33333 6.024783
33334 6.024783
33335 6.024783
33336 6.024783
33337 6.024783
33338 6.024783
33339 6.024783
33340 6.024783
33341 6.024783
33342 6.024783
33343 6.024783
33344 6.024783
33345 6.024783
33346 6.024783
33347 6.024783
33348 6.024783
33349 6.024783
33350 6.024783
33351 6.024783
33352 6.024783
33353 6.024783
33354 6.024783
33355 6.024783
33356 6.024783
33357 6.024783
33358 6.024783
33359 6.024783
33360 6.024783
33361 6.024783
33362 6.024783
33363 6.024783
33364 6.024783
33365 6.024783
33366 6.024783
33367 6.024783
33368 6.024783
33369 6.024783
33370 6.024783
33371 6.024783
33372 6.024783
33373 6.024783
33374 6.024783
33375 6.024783
33376 6.024783
33377 6.024783
33378 6.024783
33379 6.024783
33380 6.024783
33381 6.024783
33382 6.024783
33383 6.024783
33384 6.024783
33385 6.024783
33386 6.024783
33387 6.024783
33388 6.024783
33389 6.024783
33390 6.024783
33391 6.024783
33392 6.024783
33393 6.024783
33394 6.024783
33395 6.024783
33396 6.024783
33397 6.024783
33398 6.024783
33399 6.024783
33400 6.024783
33401 6.024783
33402 6.024783
33403 6.024783
33404 6.024783
33405 6.024783
33406 6.024783
33407 6.024783
33408 6.024783
33409 6.024783
33410 6.024783
33411 6.024783
33412 6.024783
33413 6.024783
33414 6.024783
33415 6.024783
33416 6.024783
33417 6.024783
33418 6.024783
33419 6.024783
33420 6.024783
33421 6.024783
33422 6.024783
33423 6.024783
33424 6.024783
33425 6.024783
33426 6.024783
33427 6.024783
33428 6.024783
33429 6.024783
33430 6.024783
33431 6.024783
33432 6.024783
33433 6.024783
33434 6.024783
33435 6.024783
33436 6.024783
33437 6.024783
33438 6.024783
33439 6.024783
33440 6.024783
33441 6.024783
33442 6.024783
33443 6.024783
33444 6.024783
33445 6.024783
33446 6.024783
33447 6.024783
33448 6.024783
33449 6.024783
33450 6.024783
33451 6.024783
33452 6.024783
33453 6.024783
33454 6.024783
33455 6.024783
33456 6.024783
33457 6.024783
33458 6.024783
33459 6.024783
33460 6.024783
33461 6.024783
33462 6.024783
33463 6.024783
33464 6.024783
33465 6.024783
33466 6.024783
33467 6.024783
33468 6.024783
33469 6.024783
33470 6.024783
33471 6.024783
33472 6.024783
33473 6.024783
33474 6.024783
33475 6.024783
33476 6.024783
33477 6.024783
33478 6.024783
33479 6.024783
33480 6.024783
33481 6.024783
33482 6.024783
33483 6.024783
33484 6.024783
33485 6.024783
33486 6.024783
33487 6.024783
33488 6.024783
33489 6.024783
33490 6.024783
33491 6.024783
33492 6.024783
33493 6.024783
33494 6.024783
33495 6.024783
33496 6.024783
33497 6.024783
33498 6.024783
33499 6.024783
33500 6.024783
33501 6.024783
33502 6.024783
33503 6.024783
33504 6.024783
33505 6.024783
33506 6.024783
33507 6.024783
33508 6.024783
33509 6.024783
33510 6.024783
33511 6.024783
33512 6.024783
33513 6.024783
33514 6.024783
33515 6.024783
33516 6.024783
33517 6.024783
33518 6.024783
33519 6.024783
33520 6.024783
33521 6.024783
33522 6.024783
33523 6.024783
33524 6.024783
33525 6.024783
33526 6.024783
33527 6.024783
33528 6.024783
33529 6.024783
33530 6.024783
33531 6.024783
33532 6.024783
33533 6.024783
33534 6.024783
33535 6.024783
33536 6.024783
33537 6.024783
33538 6.024783
33539 6.024783
33540 6.024783
33541 6.024783
33542 6.024783
33543 6.024783
33544 6.024783
33545 6.024783
33546 6.024783
33547 6.024783
33548 6.024783
33549 6.024783
33550 6.024783
33551 6.024783
33552 6.024783
33553 6.024783
33554 6.024783
33555 6.024783
33556 6.024783
33557 6.024783
33558 6.024783
33559 6.024783
33560 6.024783
33561 6.024783
33562 6.024783
33563 6.024783
33564 6.024783
33565 6.024783
33566 6.024783
33567 6.024783
33568 6.024783
33569 6.024783
33570 6.024783
33571 6.024783
33572 6.024783
33573 6.024783
33574 6.024783
33575 6.024783
33576 6.024783
33577 6.024783
33578 6.024783
33579 6.024783
33580 6.024783
33581 6.024783
33582 6.024783
33583 6.024783
33584 6.024783
33585 6.024783
33586 6.024783
33587 6.024783
33588 6.024783
33589 6.024783
33590 6.024783
33591 6.024783
33592 6.024783
33593 6.024783
33594 6.024783
33595 6.024783
33596 6.024783
33597 6.024783
33598 6.024783
33599 6.024783
33600 6.024783
33601 6.024783
33602 6.024783
33603 6.024783
33604 6.024783
33605 6.024783
33606 6.024783
33607 6.024783
33608 6.024783
33609 6.024783
33610 6.024783
33611 6.024783
33612 6.024783
33613 6.024783
33614 6.024783
33615 6.024783
33616 6.024783
33617 6.024783
33618 6.024783
33619 6.024783
33620 6.024783
33621 6.024783
33622 6.024783
33623 6.024783
33624 6.024783
33625 6.024783
33626 6.024783
33627 6.024783
33628 6.024783
33629 6.024783
33630 6.024783
33631 6.024783
33632 6.024783
33633 6.024783
33634 6.024783
33635 6.024783
33636 6.024783
33637 6.024783
33638 6.024783
33639 6.024783
33640 6.024783
33641 6.024783
33642 6.024783
33643 6.024783
33644 6.024783
33645 6.024783
33646 6.024783
33647 6.024783
33648 6.024783
33649 6.024783
33650 6.024783
33651 6.024783
33652 6.024783
33653 6.024783
33654 6.024783
33655 6.024783
33656 6.024783
33657 6.024783
33658 6.024783
33659 6.024783
33660 6.024783
33661 6.024783
33662 6.024783
33663 6.024783
33664 6.024783
33665 6.024783
33666 6.024783
33667 6.024783
33668 6.024783
33669 6.024783
33670 6.024783
33671 6.024783
33672 6.024783
33673 6.024783
33674 6.024783
33675 6.024783
33676 6.024783
33677 6.024783
33678 6.024783
33679 6.024783
33680 6.024783
33681 6.024783
33682 6.024783
33683 6.024783
33684 6.024783
33685 6.024783
33686 6.024783
33687 6.024783
33688 6.024783
33689 6.024783
33690 6.024783
33691 6.024783
33692 6.024783
33693 6.024783
33694 6.024783
33695 6.024783
33696 6.024783
33697 6.024783
33698 6.024783
33699 6.024783
33700 6.024783
33701 6.024783
33702 6.024783
33703 6.024783
33704 6.024783
33705 6.024783
33706 6.024783
33707 6.024783
33708 6.024783
33709 6.024783
33710 6.024783
33711 6.024783
33712 6.024783
33713 6.024783
33714 6.024783
33715 6.024783
33716 6.024783
33717 6.024783
33718 6.024783
33719 6.024783
33720 6.024783
33721 6.024783
33722 6.024783
33723 6.024783
33724 6.024783
33725 6.024783
33726 6.024783
33727 6.024783
33728 6.024783
33729 6.024783
33730 6.024783
33731 6.024783
33732 6.024783
33733 6.024783
33734 6.024783
33735 6.024783
33736 6.024783
33737 6.024783
33738 6.024783
33739 6.024783
33740 6.024783
33741 6.024783
33742 6.024783
33743 6.024783
33744 6.024783
33745 6.024783
33746 6.024783
33747 6.024783
33748 6.024783
33749 6.024783
33750 6.024783
33751 6.024783
33752 6.024783
33753 6.024783
33754 6.024783
33755 6.024783
33756 6.024783
33757 6.024783
33758 6.024783
33759 6.024783
33760 6.024783
33761 6.024783
33762 6.024783
33763 6.024783
33764 6.024783
33765 6.024783
33766 6.024783
33767 6.024783
33768 6.024783
33769 6.024783
33770 6.024783
33771 6.024783
33772 6.024783
33773 6.024783
33774 6.024783
33775 6.024783
33776 6.024783
33777 6.024783
33778 6.024783
33779 6.024783
33780 6.024783
33781 6.024783
33782 6.024783
33783 6.024783
33784 6.024783
33785 6.024783
33786 6.024783
33787 6.024783
33788 6.024783
33789 6.024783
33790 6.024783
33791 6.024783
33792 6.024783
33793 6.024783
33794 6.024783
33795 6.024783
33796 6.024783
33797 6.024783
33798 6.024783
33799 6.024783
33800 6.024783
33801 6.024783
33802 6.024783
33803 6.024783
33804 6.024783
33805 6.024783
33806 6.024783
33807 6.024783
33808 6.024783
33809 6.024783
33810 6.024783
33811 6.024783
33812 6.024783
33813 6.024783
33814 6.024783
33815 6.024783
33816 6.024783
33817 6.024783
33818 6.024783
33819 6.024783
33820 6.024783
33821 6.024783
33822 6.024783
33823 6.024783
33824 6.024783
33825 6.024783
33826 6.024783
33827 6.024783
33828 6.024783
33829 6.024783
33830 6.024783
33831 6.024783
33832 6.024783
33833 6.024783
33834 6.024783
33835 6.024783
33836 6.024783
33837 6.024783
33838 6.024783
33839 6.024783
33840 6.024783
33841 6.024783
33842 6.024783
33843 6.024783
33844 6.024783
33845 6.024783
33846 6.024783
33847 6.024783
33848 6.024783
33849 6.024783
33850 6.024783
33851 6.024783
33852 6.024783
33853 6.024783
33854 6.024783
33855 6.024783
33856 6.024783
33857 6.024783
33858 6.024783
33859 6.024783
33860 6.024783
33861 6.024783
33862 6.024783
33863 6.024783
33864 6.024783
33865 6.024783
33866 6.024783
33867 6.024783
33868 6.024783
33869 6.024783
33870 6.024783
33871 6.024783
33872 6.024783
33873 6.024783
33874 6.024783
33875 6.024783
33876 6.024783
33877 6.024783
33878 6.024783
33879 6.024783
33880 6.024783
33881 6.024783
33882 6.024783
33883 6.024783
33884 6.024783
33885 6.024783
33886 6.024783
33887 6.024783
33888 6.024783
33889 6.024783
33890 6.024783
33891 6.024783
33892 6.024783
33893 6.024783
33894 6.024783
33895 6.024783
33896 6.024783
33897 6.024783
33898 6.024783
33899 6.024783
33900 6.024783
33901 6.024783
33902 6.024783
33903 6.024783
33904 6.024783
33905 6.024783
33906 6.024783
33907 6.024783
33908 6.024783
33909 6.024783
33910 6.024783
33911 6.024783
33912 6.024783
33913 6.024783
33914 6.024783
33915 6.024783
33916 6.024783
33917 6.024783
33918 6.024783
33919 6.024783
33920 6.024783
33921 6.024783
33922 6.024783
33923 6.024783
33924 6.024783
33925 6.024783
33926 6.024783
33927 6.024783
33928 6.024783
33929 6.024783
33930 6.024783
33931 6.024783
33932 6.024783
33933 6.024783
33934 6.024783
33935 6.024783
33936 6.024783
33937 6.024783
33938 6.024783
33939 6.024783
33940 6.024783
33941 6.024783
33942 6.024783
33943 6.024783
33944 6.024783
33945 6.024783
33946 6.024783
33947 6.024783
33948 6.024783
33949 6.024783
33950 6.024783
33951 6.024783
33952 6.024783
33953 6.024783
33954 6.024783
33955 6.024783
33956 6.024783
33957 6.024783
33958 6.024783
33959 6.024783
33960 6.024783
33961 6.024783
33962 6.024783
33963 6.024783
33964 6.024783
33965 6.024783
33966 6.024783
33967 6.024783
33968 6.024783
33969 6.024783
33970 6.024783
33971 6.024783
33972 6.024783
33973 6.024783
33974 6.024783
33975 6.024783
33976 6.024783
33977 6.024783
33978 6.024783
33979 6.024783
33980 6.024783
33981 6.024783
33982 6.024783
33983 6.024783
33984 6.024783
33985 6.024783
33986 6.024783
33987 6.024783
33988 6.024783
33989 6.024783
33990 6.024783
33991 6.024783
33992 6.024783
33993 6.024783
33994 6.024783
33995 6.024783
33996 6.024783
33997 6.024783
33998 6.024783
33999 6.024783
34000 6.024783
34001 6.024783
34002 6.024783
34003 6.024783
34004 6.024783
34005 6.024783
34006 6.024783
34007 6.024783
34008 6.024783
34009 6.024783
34010 6.024783
34011 6.024783
34012 6.024783
34013 6.024783
34014 6.024783
34015 6.024783
34016 6.024783
34017 6.024783
34018 6.024783
34019 6.024783
34020 6.024783
34021 6.024783
34022 6.024783
34023 6.024783
34024 6.024783
34025 6.024783
34026 6.024783
34027 6.024783
34028 6.024783
34029 6.024783
34030 6.024783
34031 6.024783
34032 6.024783
34033 6.024783
34034 6.024783
34035 6.024783
34036 6.024783
34037 6.024783
34038 6.024783
34039 6.024783
34040 6.024783
34041 6.024783
34042 6.024783
34043 6.024783
34044 6.024783
34045 6.024783
34046 6.024783
34047 6.024783
34048 6.024783
34049 6.024783
34050 6.024783
34051 6.024783
34052 6.024783
34053 6.024783
34054 6.024783
34055 6.024783
34056 6.024783
34057 6.024783
34058 6.024783
34059 6.024783
34060 6.024783
34061 6.024783
34062 6.024783
34063 6.024783
34064 6.024783
34065 6.024783
34066 6.024783
34067 6.024783
34068 6.024783
34069 6.024783
34070 6.024783
34071 6.024783
34072 6.024783
34073 6.024783
34074 6.024783
34075 6.024783
34076 6.024783
34077 6.024783
34078 6.024783
34079 6.024783
34080 6.024783
34081 6.024783
34082 6.024783
34083 6.024783
34084 6.024783
34085 6.024783
34086 6.024783
34087 6.024783
34088 6.024783
34089 6.024783
34090 6.024783
34091 6.024783
34092 6.024783
34093 6.024783
34094 6.024783
34095 6.024783
34096 6.024783
34097 6.024783
34098 6.024783
34099 6.024783
34100 6.024783
34101 6.024783
34102 6.024783
34103 6.024783
34104 6.024783
34105 6.024783
34106 6.024783
34107 6.024783
34108 6.024783
34109 6.024783
34110 6.024783
34111 6.024783
34112 6.024783
34113 6.024783
34114 6.024783
34115 6.024783
34116 6.024783
34117 6.024783
34118 6.024783
34119 6.024783
34120 6.024783
34121 6.024783
34122 6.024783
34123 6.024783
34124 6.024783
34125 6.024783
34126 6.024783
34127 6.024783
34128 6.024783
34129 6.024783
34130 6.024783
34131 6.024783
34132 6.024783
34133 6.024783
34134 6.024783
34135 6.024783
34136 6.024783
34137 6.024783
34138 6.024783
34139 6.024783
34140 6.024783
34141 6.024783
34142 6.024783
34143 6.024783
34144 6.024783
34145 6.024783
34146 6.024783
34147 6.024783
34148 6.024783
34149 6.024783
34150 6.024783
34151 6.024783
34152 6.024783
34153 6.024783
34154 6.024783
34155 6.024783
34156 6.024783
34157 6.024783
34158 6.024783
34159 6.024783
34160 6.024783
34161 6.024783
34162 6.024783
34163 6.024783
34164 6.024783
34165 6.024783
34166 6.024783
34167 6.024783
34168 6.024783
34169 6.024783
34170 6.024783
34171 6.024783
34172 6.024783
34173 6.024783
34174 6.024783
34175 6.024783
34176 6.024783
34177 6.024783
34178 6.024783
34179 6.024783
34180 6.024783
34181 6.024783
34182 6.024783
34183 6.024783
34184 6.024783
34185 6.024783
34186 6.024783
34187 6.024783
34188 6.024783
34189 6.024783
34190 6.024783
34191 6.024783
34192 6.024783
34193 6.024783
34194 6.024783
34195 6.024783
34196 6.024783
34197 6.024783
34198 6.024783
34199 6.024783
34200 6.024783
34201 6.024783
34202 6.024783
34203 6.024783
34204 6.024783
34205 6.024783
34206 6.024783
34207 6.024783
34208 6.024783
34209 6.024783
34210 6.024783
34211 6.024783
34212 6.024783
34213 6.024783
34214 6.024783
34215 6.024783
34216 6.024783
34217 6.024783
34218 6.024783
34219 6.024783
34220 6.024783
34221 6.024783
34222 6.024783
34223 6.024783
34224 6.024783
34225 6.024783
34226 6.024783
34227 6.024783
34228 6.024783
34229 6.024783
34230 6.024783
34231 6.024783
34232 6.024783
34233 6.024783
34234 6.024783
34235 6.024783
34236 6.024783
34237 6.024783
34238 6.024783
34239 6.024783
34240 6.024783
34241 6.024783
34242 6.024783
34243 6.024783
34244 6.024783
34245 6.024783
34246 6.024783
34247 6.024783
34248 6.024783
34249 6.024783
34250 6.024783
34251 6.024783
34252 6.024783
34253 6.024783
34254 6.024783
34255 6.024783
34256 6.024783
34257 6.024783
34258 6.024783
34259 6.024783
34260 6.024783
34261 6.024783
34262 6.024783
34263 6.024783
34264 6.024783
34265 6.024783
34266 6.024783
34267 6.024783
34268 6.024783
34269 6.024783
34270 6.024783
34271 6.024783
34272 6.024783
34273 6.024783
34274 6.024783
34275 6.024783
34276 6.024783
34277 6.024783
34278 6.024783
34279 6.024783
34280 6.024783
34281 6.024783
34282 6.024783
34283 6.024783
34284 6.024783
34285 6.024783
34286 6.024783
34287 6.024783
34288 6.024783
34289 6.024783
34290 6.024783
34291 6.024783
34292 6.024783
34293 6.024783
34294 6.024783
34295 6.024783
34296 6.024783
34297 6.024783
34298 6.024783
34299 6.024783
34300 6.024783
34301 6.024783
34302 6.024783
34303 6.024783
34304 6.024783
34305 6.024783
34306 6.024783
34307 6.024783
34308 6.024783
34309 6.024783
34310 6.024783
34311 6.024783
34312 6.024783
34313 6.024783
34314 6.024783
34315 6.024783
34316 6.024783
34317 6.024783
34318 6.024783
34319 6.024783
34320 6.024783
34321 6.024783
34322 6.024783
34323 6.024783
34324 6.024783
34325 6.024783
34326 6.024783
34327 6.024783
34328 6.024783
34329 6.024783
34330 6.024783
34331 6.024783
34332 6.024783
34333 6.024783
34334 6.024783
34335 6.024783
34336 6.024783
34337 6.024783
34338 6.024783
34339 6.024783
34340 6.024783
34341 6.024783
34342 6.024783
34343 6.024783
34344 6.024783
34345 6.024783
34346 6.024783
34347 6.024783
34348 6.024783
34349 6.024783
34350 6.024783
34351 6.024783
34352 6.024783
34353 6.024783
34354 6.024783
34355 6.024783
34356 6.024783
34357 6.024783
34358 6.024783
34359 6.024783
34360 6.024783
34361 6.024783
34362 6.024783
34363 6.024783
34364 6.024783
34365 6.024783
34366 6.024783
34367 6.024783
34368 6.024783
34369 6.024783
34370 6.024783
34371 6.024783
34372 6.024783
34373 6.024783
34374 6.024783
34375 6.024783
34376 6.024783
34377 6.024783
34378 6.024783
34379 6.024783
34380 6.024783
34381 6.024783
34382 6.024783
34383 6.024783
34384 6.024783
34385 6.024783
34386 6.024783
34387 6.024783
34388 6.024783
34389 6.024783
34390 6.024783
34391 6.024783
34392 6.024783
34393 6.024783
34394 6.024783
34395 6.024783
34396 6.024783
34397 6.024783
34398 6.024783
34399 6.024783
34400 6.024783
34401 6.024783
34402 6.024783
34403 6.024783
34404 6.024783
34405 6.024783
34406 6.024783
34407 6.024783
34408 6.024783
34409 6.024783
34410 6.024783
34411 6.024783
34412 6.024783
34413 6.024783
34414 6.024783
34415 6.024783
34416 6.024783
34417 6.024783
34418 6.024783
34419 6.024783
34420 6.024783
34421 6.024783
34422 6.024783
34423 6.024783
34424 6.024783
34425 6.024783
34426 6.024783
34427 6.024783
34428 6.024783
34429 6.024783
34430 6.024783
34431 6.024783
34432 6.024783
34433 6.024783
34434 6.024783
34435 6.024783
34436 6.024783
34437 6.024783
34438 6.024783
34439 6.024783
34440 6.024783
34441 6.024783
34442 6.024783
34443 6.024783
34444 6.024783
34445 6.024783
34446 6.024783
34447 6.024783
34448 6.024783
34449 6.024783
34450 6.024783
34451 6.024783
34452 6.024783
34453 6.024783
34454 6.024783
34455 6.024783
34456 6.024783
34457 6.024783
34458 6.024783
34459 6.024783
34460 6.024783
34461 6.024783
34462 6.024783
34463 6.024783
34464 6.024783
34465 6.024783
34466 6.024783
34467 6.024783
34468 6.024783
34469 6.024783
34470 6.024783
34471 6.024783
34472 6.024783
34473 6.024783
34474 6.024783
34475 6.024783
34476 6.024783
34477 6.024783
34478 6.024783
34479 6.024783
34480 6.024783
34481 6.024783
34482 6.024783
34483 6.024783
34484 6.024783
34485 6.024783
34486 6.024783
34487 6.024783
34488 6.024783
34489 6.024783
34490 6.024783
34491 6.024783
34492 6.024783
34493 6.024783
34494 6.024783
34495 6.024783
34496 6.024783
34497 6.024783
34498 6.024783
34499 6.024783
34500 6.024783
34501 6.024783
34502 6.024783
34503 6.024783
34504 6.024783
34505 6.024783
34506 6.024783
34507 6.024783
34508 6.024783
34509 6.024783
34510 6.024783
34511 6.024783
34512 6.024783
34513 6.024783
34514 6.024783
34515 6.024783
34516 6.024783
34517 6.024783
34518 6.024783
34519 6.024783
34520 6.024783
34521 6.024783
34522 6.024783
34523 6.024783
34524 6.024783
34525 6.024783
34526 6.024783
34527 6.024783
34528 6.024783
34529 6.024783
34530 6.024783
34531 6.024783
34532 6.024783
34533 6.024783
34534 6.024783
34535 6.024783
34536 6.024783
34537 6.024783
34538 6.024783
34539 6.024783
34540 6.024783
34541 6.024783
34542 6.024783
34543 6.024783
34544 6.024783
34545 6.024783
34546 6.024783
34547 6.024783
34548 6.024783
34549 6.024783
34550 6.024783
34551 6.024783
34552 6.024783
34553 6.024783
34554 6.024783
34555 6.024783
34556 6.024783
34557 6.024783
34558 6.024783
34559 6.024783
34560 6.024783
34561 6.024783
34562 6.024783
34563 6.024783
34564 6.024783
34565 6.024783
34566 6.024783
34567 6.024783
34568 6.024783
34569 6.024783
34570 6.024783
34571 6.024783
34572 6.024783
34573 6.024783
34574 6.024783
34575 6.024783
34576 6.024783
34577 6.024783
34578 6.024783
34579 6.024783
34580 6.024783
34581 6.024783
34582 6.024783
34583 6.024783
34584 6.024783
34585 6.024783
34586 6.024783
34587 6.024783
34588 6.024783
34589 6.024783
34590 6.024783
34591 6.024783
34592 6.024783
34593 6.024783
34594 6.024783
34595 6.024783
34596 6.024783
34597 6.024783
34598 6.024783
34599 6.024783
34600 6.024783
34601 6.024783
34602 6.024783
34603 6.024783
34604 6.024783
34605 6.024783
34606 6.024783
34607 6.024783
34608 6.024783
34609 6.024783
34610 6.024783
34611 6.024783
34612 6.024783
34613 6.024783
34614 6.024783
34615 6.024783
34616 6.024783
34617 6.024783
34618 6.024783
34619 6.024783
34620 6.024783
34621 6.024783
34622 6.024783
34623 6.024783
34624 6.024783
34625 6.024783
34626 6.024783
34627 6.024783
34628 6.024783
34629 6.024783
34630 6.024783
34631 6.024783
34632 6.024783
34633 6.024783
34634 6.024783
34635 6.024783
34636 6.024783
34637 6.024783
34638 6.024783
34639 6.024783
34640 6.024783
34641 6.024783
34642 6.024783
34643 6.024783
34644 6.024783
34645 6.024783
34646 6.024783
34647 6.024783
34648 6.024783
34649 6.024783
34650 6.024783
34651 6.024783
34652 6.024783
34653 6.024783
34654 6.024783
34655 6.024783
34656 6.024783
34657 6.024783
34658 6.024783
34659 6.024783
34660 6.024783
34661 6.024783
34662 6.024783
34663 6.024783
34664 6.024783
34665 6.024783
34666 6.024783
34667 6.024783
34668 6.024783
34669 6.024783
34670 6.024783
34671 6.024783
34672 6.024783
34673 6.024783
34674 6.024783
34675 6.024783
34676 6.024783
34677 6.024783
34678 6.024783
34679 6.024783
34680 6.024783
34681 6.024783
34682 6.024783
34683 6.024783
34684 6.024783
34685 6.024783
34686 6.024783
34687 6.024783
34688 6.024783
34689 6.024783
34690 6.024783
34691 6.024783
34692 6.024783
34693 6.024783
34694 6.024783
34695 6.024783
34696 6.024783
34697 6.024783
34698 6.024783
34699 6.024783
34700 6.024783
34701 6.024783
34702 6.024783
34703 6.024783
34704 6.024783
34705 6.024783
34706 6.024783
34707 6.024783
34708 6.024783
34709 6.024783
34710 6.024783
34711 6.024783
34712 6.024783
34713 6.024783
34714 6.024783
34715 6.024783
34716 6.024783
34717 6.024783
34718 6.024783
34719 6.024783
34720 6.024783
34721 6.024783
34722 6.024783
34723 6.024783
34724 6.024783
34725 6.024783
34726 6.024783
34727 6.024783
34728 6.024783
34729 6.024783
34730 6.024783
34731 6.024783
34732 6.024783
34733 6.024783
34734 6.024783
34735 6.024783
34736 6.024783
34737 6.024783
34738 6.024783
34739 6.024783
34740 6.024783
34741 6.024783
34742 6.024783
34743 6.024783
34744 6.024783
34745 6.024783
34746 6.024783
34747 6.024783
34748 6.024783
34749 6.024783
34750 6.024783
34751 6.024783
34752 6.024783
34753 6.024783
34754 6.024783
34755 6.024783
34756 6.024783
34757 6.024783
34758 6.024783
34759 6.024783
34760 6.024783
34761 6.024783
34762 6.024783
34763 6.024783
34764 6.024783
34765 6.024783
34766 6.024783
34767 6.024783
34768 6.024783
34769 6.024783
34770 6.024783
34771 6.024783
34772 6.024783
34773 6.024783
34774 6.024783
34775 6.024783
34776 6.024783
34777 6.024783
34778 6.024783
34779 6.024783
34780 6.024783
34781 6.024783
34782 6.024783
34783 6.024783
34784 6.024783
34785 6.024783
34786 6.024783
34787 6.024783
34788 6.024783
34789 6.024783
34790 6.024783
34791 6.024783
34792 6.024783
34793 6.024783
34794 6.024783
34795 6.024783
34796 6.024783
34797 6.024783
34798 6.024783
34799 6.024783
34800 6.024783
34801 6.024783
34802 6.024783
34803 6.024783
34804 6.024783
34805 6.024783
34806 6.024783
34807 6.024783
34808 6.024783
34809 6.024783
34810 6.024783
34811 6.024783
34812 6.024783
34813 6.024783
34814 6.024783
34815 6.024783
34816 6.024783
34817 6.024783
34818 6.024783
34819 6.024783
34820 6.024783
34821 6.024783
34822 6.024783
34823 6.024783
34824 6.024783
34825 6.024783
34826 6.024783
34827 6.024783
34828 6.024783
34829 6.024783
34830 6.024783
34831 6.024783
34832 6.024783
34833 6.024783
34834 6.024783
34835 6.024783
34836 6.024783
34837 6.024783
34838 6.024783
34839 6.024783
34840 6.024783
34841 6.024783
34842 6.024783
34843 6.024783
34844 6.024783
34845 6.024783
34846 6.024783
34847 6.024783
34848 6.024783
34849 6.024783
34850 6.024783
34851 6.024783
34852 6.024783
34853 6.024783
34854 6.024783
34855 6.024783
34856 6.024783
34857 6.024783
34858 6.024783
34859 6.024783
34860 6.024783
34861 6.024783
34862 6.024783
34863 6.024783
34864 6.024783
34865 6.024783
34866 6.024783
34867 6.024783
34868 6.024783
34869 6.024783
34870 6.024783
34871 6.024783
34872 6.024783
34873 6.024783
34874 6.024783
34875 6.024783
34876 6.024783
34877 6.024783
34878 6.024783
34879 6.024783
34880 6.024783
34881 6.024783
34882 6.024783
34883 6.024783
34884 6.024783
34885 6.024783
34886 6.024783
34887 6.024783
34888 6.024783
34889 6.024783
34890 6.024783
34891 6.024783
34892 6.024783
34893 6.024783
34894 6.024783
34895 6.024783
34896 6.024783
34897 6.024783
34898 6.024783
34899 6.024783
34900 6.024783
34901 6.024783
34902 6.024783
34903 6.024783
34904 6.024783
34905 6.024783
34906 6.024783
34907 6.024783
34908 6.024783
34909 6.024783
34910 6.024783
34911 6.024783
34912 6.024783
34913 6.024783
34914 6.024783
34915 6.024783
34916 6.024783
34917 6.024783
34918 6.024783
34919 6.024783
34920 6.024783
34921 6.024783
34922 6.024783
34923 6.024783
34924 6.024783
34925 6.024783
34926 6.024783
34927 6.024783
34928 6.024783
34929 6.024783
34930 6.024783
34931 6.024783
34932 6.024783
34933 6.024783
34934 6.024783
34935 6.024783
34936 6.024783
34937 6.024783
34938 6.024783
34939 6.024783
34940 6.024783
34941 6.024783
34942 6.024783
34943 6.024783
34944 6.024783
34945 6.024783
34946 6.024783
34947 6.024783
34948 6.024783
34949 6.024783
34950 6.024783
34951 6.024783
34952 6.024783
34953 6.024783
34954 6.024783
34955 6.024783
34956 6.024783
34957 6.024783
34958 6.024783
34959 6.024783
34960 6.024783
34961 6.024783
34962 6.024783
34963 6.024783
34964 6.024783
34965 6.024783
34966 6.024783
34967 6.024783
34968 6.024783
34969 6.024783
34970 6.024783
34971 6.024783
34972 6.024783
34973 6.024783
34974 6.024783
34975 6.024783
34976 6.024783
34977 6.024783
34978 6.024783
34979 6.024783
34980 6.024783
34981 6.024783
34982 6.024783
34983 6.024783
34984 6.024783
34985 6.024783
34986 6.024783
34987 6.024783
34988 6.024783
34989 6.024783
34990 6.024783
34991 6.024783
34992 6.024783
34993 6.024783
34994 6.024783
34995 6.024783
34996 6.024783
34997 6.024783
34998 6.024783
34999 6.024783
35000 6.024783
35001 6.024783
35002 6.024783
35003 6.024783
35004 6.024783
35005 6.024783
35006 6.024783
35007 6.024783
35008 6.024783
35009 6.024783
35010 6.024783
35011 6.024783
35012 6.024783
35013 6.024783
35014 6.024783
35015 6.024783
35016 6.024783
35017 6.024783
35018 6.024783
35019 6.024783
35020 6.024783
35021 6.024783
35022 6.024783
35023 6.024783
35024 6.024783
35025 6.024783
35026 6.024783
35027 6.024783
35028 6.024783
35029 6.024783
35030 6.024783
35031 6.024783
35032 6.024783
35033 6.024783
35034 6.024783
35035 6.024783
35036 6.024783
35037 6.024783
35038 6.024783
35039 6.024783
35040 6.024783
35041 6.024783
35042 6.024783
35043 6.024783
35044 6.024783
35045 6.024783
35046 6.024783
35047 6.024783
35048 6.024783
35049 6.024783
35050 6.024783
35051 6.024783
35052 6.024783
35053 6.024783
35054 6.024783
35055 6.024783
35056 6.024783
35057 6.024783
35058 6.024783
35059 6.024783
35060 6.024783
35061 6.024783
35062 6.024783
35063 6.024783
35064 6.024783
35065 6.024783
35066 6.024783
35067 6.024783
35068 6.024783
35069 6.024783
35070 6.024783
35071 6.024783
35072 6.024783
35073 6.024783
35074 6.024783
35075 6.024783
35076 6.024783
35077 6.024783
35078 6.024783
35079 6.024783
35080 6.024783
35081 6.024783
35082 6.024783
35083 6.024783
35084 6.024783
35085 6.024783
35086 6.024783
35087 6.024783
35088 6.024783
35089 6.024783
35090 6.024783
35091 6.024783
35092 6.024783
35093 6.024783
35094 6.024783
35095 6.024783
35096 6.024783
35097 6.024783
35098 6.024783
35099 6.024783
35100 6.024783
35101 6.024783
35102 6.024783
35103 6.024783
35104 6.024783
35105 6.024783
35106 6.024783
35107 6.024783
35108 6.024783
35109 6.024783
35110 6.024783
35111 6.024783
35112 6.024783
35113 6.024783
35114 6.024783
35115 6.024783
35116 6.024783
35117 6.024783
35118 6.024783
35119 6.024783
35120 6.024783
35121 6.024783
35122 6.024783
35123 6.024783
35124 6.024783
35125 6.024783
35126 6.024783
35127 6.024783
35128 6.024783
35129 6.024783
35130 6.024783
35131 6.024783
35132 6.024783
35133 6.024783
35134 6.024783
35135 6.024783
35136 6.024783
35137 6.024783
35138 6.024783
35139 6.024783
35140 6.024783
35141 6.024783
35142 6.024783
35143 6.024783
35144 6.024783
35145 6.024783
35146 6.024783
35147 6.024783
35148 6.024783
35149 6.024783
35150 6.024783
35151 6.024783
35152 6.024783
35153 6.024783
35154 6.024783
35155 6.024783
35156 6.024783
35157 6.024783
35158 6.024783
35159 6.024783
35160 6.024783
35161 6.024783
35162 6.024783
35163 6.024783
35164 6.024783
35165 6.024783
35166 6.024783
35167 6.024783
35168 6.024783
35169 6.024783
35170 6.024783
35171 6.024783
35172 6.024783
35173 6.024783
35174 6.024783
35175 6.024783
35176 6.024783
35177 6.024783
35178 6.024783
35179 6.024783
35180 6.024783
35181 6.024783
35182 6.024783
35183 6.024783
35184 6.024783
35185 6.024783
35186 6.024783
35187 6.024783
35188 6.024783
35189 6.024783
35190 6.024783
35191 6.024783
35192 6.024783
35193 6.024783
35194 6.024783
35195 6.024783
35196 6.024783
35197 6.024783
35198 6.024783
35199 6.024783
35200 6.024783
35201 6.024783
35202 6.024783
35203 6.024783
35204 6.024783
35205 6.024783
35206 6.024783
35207 6.024783
35208 6.024783
35209 6.024783
35210 6.024783
35211 6.024783
35212 6.024783
35213 6.024783
35214 6.024783
35215 6.024783
35216 6.024783
35217 6.024783
35218 6.024783
35219 6.024783
35220 6.024783
35221 6.024783
35222 6.024783
35223 6.024783
35224 6.024783
35225 6.024783
35226 6.024783
35227 6.024783
35228 6.024783
35229 6.024783
35230 6.024783
35231 6.024783
35232 6.024783
35233 6.024783
35234 6.024783
35235 6.024783
35236 6.024783
35237 6.024783
35238 6.024783
35239 6.024783
35240 6.024783
35241 6.024783
35242 6.024783
35243 6.024783
35244 6.024783
35245 6.024783
35246 6.024783
35247 6.024783
35248 6.024783
35249 6.024783
35250 6.024783
35251 6.024783
35252 6.024783
35253 6.024783
35254 6.024783
35255 6.024783
35256 6.024783
35257 6.024783
35258 6.024783
35259 6.024783
35260 6.024783
35261 6.024783
35262 6.024783
35263 6.024783
35264 6.024783
35265 6.024783
35266 6.024783
35267 6.024783
35268 6.024783
35269 6.024783
35270 6.024783
35271 6.024783
35272 6.024783
35273 6.024783
35274 6.024783
35275 6.024783
35276 6.024783
35277 6.024783
35278 6.024783
35279 6.024783
35280 6.024783
35281 6.024783
35282 6.024783
35283 6.024783
35284 6.024783
35285 6.024783
35286 6.024783
35287 6.024783
35288 6.024783
35289 6.024783
35290 6.024783
35291 6.024783
35292 6.024783
35293 6.024783
35294 6.024783
35295 6.024783
35296 6.024783
35297 6.024783
35298 6.024783
35299 6.024783
35300 6.024783
35301 6.024783
35302 6.024783
35303 6.024783
35304 6.024783
35305 6.024783
35306 6.024783
35307 6.024783
35308 6.024783
35309 6.024783
35310 6.024783
35311 6.024783
35312 6.024783
35313 6.024783
35314 6.024783
35315 6.024783
35316 6.024783
35317 6.024783
35318 6.024783
35319 6.024783
35320 6.024783
35321 6.024783
35322 6.024783
35323 6.024783
35324 6.024783
35325 6.024783
35326 6.024783
35327 6.024783
35328 6.024783
35329 6.024783
35330 6.024783
35331 6.024783
35332 6.024783
35333 6.024783
35334 6.024783
35335 6.024783
35336 6.024783
35337 6.024783
35338 6.024783
35339 6.024783
35340 6.024783
35341 6.024783
35342 6.024783
35343 6.024783
35344 6.024783
35345 6.024783
35346 6.024783
35347 6.024783
35348 6.024783
35349 6.024783
35350 6.024783
35351 6.024783
35352 6.024783
35353 6.024783
35354 6.024783
35355 6.024783
35356 6.024783
35357 6.024783
35358 6.024783
35359 6.024783
35360 6.024783
35361 6.024783
35362 6.024783
35363 6.024783
35364 6.024783
35365 6.024783
35366 6.024783
35367 6.024783
35368 6.024783
35369 6.024783
35370 6.024783
35371 6.024783
35372 6.024783
35373 6.024783
35374 6.024783
35375 6.024783
35376 6.024783
35377 6.024783
35378 6.024783
35379 6.024783
35380 6.024783
35381 6.024783
35382 6.024783
35383 6.024783
35384 6.024783
35385 6.024783
35386 6.024783
35387 6.024783
35388 6.024783
35389 6.024783
35390 6.024783
35391 6.024783
35392 6.024783
35393 6.024783
35394 6.024783
35395 6.024783
35396 6.024783
35397 6.024783
35398 6.024783
35399 6.024783
35400 6.024783
35401 6.024783
35402 6.024783
35403 6.024783
35404 6.024783
35405 6.024783
35406 6.024783
35407 6.024783
35408 6.024783
35409 6.024783
35410 6.024783
35411 6.024783
35412 6.024783
35413 6.024783
35414 6.024783
35415 6.024783
35416 6.024783
35417 6.024783
35418 6.024783
35419 6.024783
35420 6.024783
35421 6.024783
35422 6.024783
35423 6.024783
35424 6.024783
35425 6.024783
35426 6.024783
35427 6.024783
35428 6.024783
35429 6.024783
35430 6.024783
35431 6.024783
35432 6.024783
35433 6.024783
35434 6.024783
35435 6.024783
35436 6.024783
35437 6.024783
35438 6.024783
35439 6.024783
35440 6.024783
35441 6.024783
35442 6.024783
35443 6.024783
35444 6.024783
35445 6.024783
35446 6.024783
35447 6.024783
35448 6.024783
35449 6.024783
35450 6.024783
35451 6.024783
35452 6.024783
35453 6.024783
35454 6.024783
35455 6.024783
35456 6.024783
35457 6.024783
35458 6.024783
35459 6.024783
35460 6.024783
35461 6.024783
35462 6.024783
35463 6.024783
35464 6.024783
35465 6.024783
35466 6.024783
35467 6.024783
35468 6.024783
35469 6.024783
35470 6.024783
35471 6.024783
35472 6.024783
35473 6.024783
35474 6.024783
35475 6.024783
35476 6.024783
35477 6.024783
35478 6.024783
35479 6.024783
35480 6.024783
35481 6.024783
35482 6.024783
35483 6.024783
35484 6.024783
35485 6.024783
35486 6.024783
35487 6.024783
35488 6.024783
35489 6.024783
35490 6.024783
35491 6.024783
35492 6.024783
35493 6.024783
35494 6.024783
35495 6.024783
35496 6.024783
35497 6.024783
35498 6.024783
35499 6.024783
35500 6.024783
35501 6.024783
35502 6.024783
35503 6.024783
35504 6.024783
35505 6.024783
35506 6.024783
35507 6.024783
35508 6.024783
35509 6.024783
35510 6.024783
35511 6.024783
35512 6.024783
35513 6.024783
35514 6.024783
35515 6.024783
35516 6.024783
35517 6.024783
35518 6.024783
35519 6.024783
35520 6.024783
35521 6.024783
35522 6.024783
35523 6.024783
35524 6.024783
35525 6.024783
35526 6.024783
35527 6.024783
35528 6.024783
35529 6.024783
35530 6.024783
35531 6.024783
35532 6.024783
35533 6.024783
35534 6.024783
35535 6.024783
35536 6.024783
35537 6.024783
35538 6.024783
35539 6.024783
35540 6.024783
35541 6.024783
35542 6.024783
35543 6.024783
35544 6.024783
35545 6.024783
35546 6.024783
35547 6.024783
35548 6.024783
35549 6.024783
35550 6.024783
35551 6.024783
35552 6.024783
35553 6.024783
35554 6.024783
35555 6.024783
35556 6.024783
35557 6.024783
35558 6.024783
35559 6.024783
35560 6.024783
35561 6.024783
35562 6.024783
35563 6.024783
35564 6.024783
35565 6.024783
35566 6.024783
35567 6.024783
35568 6.024783
35569 6.024783
35570 6.024783
35571 6.024783
35572 6.024783
35573 6.024783
35574 6.024783
35575 6.024783
35576 6.024783
35577 6.024783
35578 6.024783
35579 6.024783
35580 6.024783
35581 6.024783
35582 6.024783
35583 6.024783
35584 6.024783
35585 6.024783
35586 6.024783
35587 6.024783
35588 6.024783
35589 6.024783
35590 6.024783
35591 6.024783
35592 6.024783
35593 6.024783
35594 6.024783
35595 6.024783
35596 6.024783
35597 6.024783
35598 6.024783
35599 6.024783
35600 6.024783
35601 6.024783
35602 6.024783
35603 6.024783
35604 6.024783
35605 6.024783
35606 6.024783
35607 6.024783
35608 6.024783
35609 6.024783
35610 6.024783
35611 6.024783
35612 6.024783
35613 6.024783
35614 6.024783
35615 6.024783
35616 6.024783
35617 6.024783
35618 6.024783
35619 6.024783
35620 6.024783
35621 6.024783
35622 6.024783
35623 6.024783
35624 6.024783
35625 6.024783
35626 6.024783
35627 6.024783
35628 6.024783
35629 6.024783
35630 6.024783
35631 6.024783
35632 6.024783
35633 6.024783
35634 6.024783
35635 6.024783
35636 6.024783
35637 6.024783
35638 6.024783
35639 6.024783
35640 6.024783
35641 6.024783
35642 6.024783
35643 6.024783
35644 6.024783
35645 6.024783
35646 6.024783
35647 6.024783
35648 6.024783
35649 6.024783
35650 6.024783
35651 6.024783
35652 6.024783
35653 6.024783
35654 6.024783
35655 6.024783
35656 6.024783
35657 6.024783
35658 6.024783
35659 6.024783
35660 6.024783
35661 6.024783
35662 6.024783
35663 6.024783
35664 6.024783
35665 6.024783
35666 6.024783
35667 6.024783
35668 6.024783
35669 6.024783
35670 6.024783
35671 6.024783
35672 6.024783
35673 6.024783
35674 6.024783
35675 6.024783
35676 6.024783
35677 6.024783
35678 6.024783
35679 6.024783
35680 6.024783
35681 6.024783
35682 6.024783
35683 6.024783
35684 6.024783
35685 6.024783
35686 6.024783
35687 6.024783
35688 6.024783
35689 6.024783
35690 6.024783
35691 6.024783
35692 6.024783
35693 6.024783
35694 6.024783
35695 6.024783
35696 6.024783
35697 6.024783
35698 6.024783
35699 6.024783
35700 6.024783
35701 6.024783
35702 6.024783
35703 6.024783
35704 6.024783
35705 6.024783
35706 6.024783
35707 6.024783
35708 6.024783
35709 6.024783
35710 6.024783
35711 6.024783
35712 6.024783
35713 6.024783
35714 6.024783
35715 6.024783
35716 6.024783
35717 6.024783
35718 6.024783
35719 6.024783
35720 6.024783
35721 6.024783
35722 6.024783
35723 6.024783
35724 6.024783
35725 6.024783
35726 6.024783
35727 6.024783
35728 6.024783
35729 6.024783
35730 6.024783
35731 6.024783
35732 6.024783
35733 6.024783
35734 6.024783
35735 6.024783
35736 6.024783
35737 6.024783
35738 6.024783
35739 6.024783
35740 6.024783
35741 6.024783
35742 6.024783
35743 6.024783
35744 6.024783
35745 6.024783
35746 6.024783
35747 6.024783
35748 6.024783
35749 6.024783
35750 6.024783
35751 6.024783
35752 6.024783
35753 6.024783
35754 6.024783
35755 6.024783
35756 6.024783
35757 6.024783
35758 6.024783
35759 6.024783
35760 6.024783
35761 6.024783
35762 6.024783
35763 6.024783
35764 6.024783
35765 6.024783
35766 6.024783
35767 6.024783
35768 6.024783
35769 6.024783
35770 6.024783
35771 6.024783
35772 6.024783
35773 6.024783
35774 6.024783
35775 6.024783
35776 6.024783
35777 6.024783
35778 6.024783
35779 6.024783
35780 6.024783
35781 6.024783
35782 6.024783
35783 6.024783
35784 6.024783
35785 6.024783
35786 6.024783
35787 6.024783
35788 6.024783
35789 6.024783
35790 6.024783
35791 6.024783
35792 6.024783
35793 6.024783
35794 6.024783
35795 6.024783
35796 6.024783
35797 6.024783
35798 6.024783
35799 6.024783
35800 6.024783
35801 6.024783
35802 6.024783
35803 6.024783
35804 6.024783
35805 6.024783
35806 6.024783
35807 6.024783
35808 6.024783
35809 6.024783
35810 6.024783
35811 6.024783
35812 6.024783
35813 6.024783
35814 6.024783
35815 6.024783
35816 6.024783
35817 6.024783
35818 6.024783
35819 6.024783
35820 6.024783
35821 6.024783
35822 6.024783
35823 6.024783
35824 6.024783
35825 6.024783
35826 6.024783
35827 6.024783
35828 6.024783
35829 6.024783
35830 6.024783
35831 6.024783
35832 6.024783
35833 6.024783
35834 6.024783
35835 6.024783
35836 6.024783
35837 6.024783
35838 6.024783
35839 6.024783
35840 6.024783
35841 6.024783
35842 6.024783
35843 6.024783
35844 6.024783
35845 6.024783
35846 6.024783
35847 6.024783
35848 6.024783
35849 6.024783
35850 6.024783
35851 6.024783
35852 6.024783
35853 6.024783
35854 6.024783
35855 6.024783
35856 6.024783
35857 6.024783
35858 6.024783
35859 6.024783
35860 6.024783
35861 6.024783
35862 6.024783
35863 6.024783
35864 6.024783
35865 6.024783
35866 6.024783
35867 6.024783
35868 6.024783
35869 6.024783
35870 6.024783
35871 6.024783
35872 6.024783
35873 6.024783
35874 6.024783
35875 6.024783
35876 6.024783
35877 6.024783
35878 6.024783
35879 6.024783
35880 6.024783
35881 6.024783
35882 6.024783
35883 6.024783
35884 6.024783
35885 6.024783
35886 6.024783
35887 6.024783
35888 6.024783
35889 6.024783
35890 6.024783
35891 6.024783
35892 6.024783
35893 6.024783
35894 6.024783
35895 6.024783
35896 6.024783
35897 6.024783
35898 6.024783
35899 6.024783
35900 6.024783
35901 6.024783
35902 6.024783
35903 6.024783
35904 6.024783
35905 6.024783
35906 6.024783
35907 6.024783
35908 6.024783
35909 6.024783
35910 6.024783
35911 6.024783
35912 6.024783
35913 6.024783
35914 6.024783
35915 6.024783
35916 6.024783
35917 6.024783
35918 6.024783
35919 6.024783
35920 6.024783
35921 6.024783
35922 6.024783
35923 6.024783
35924 6.024783
35925 6.024783
35926 6.024783
35927 6.024783
35928 6.024783
35929 6.024783
35930 6.024783
35931 6.024783
35932 6.024783
35933 6.024783
35934 6.024783
35935 6.024783
35936 6.024783
35937 6.024783
35938 6.024783
35939 6.024783
35940 6.024783
35941 6.024783
35942 6.024783
35943 6.024783
35944 6.024783
35945 6.024783
35946 6.024783
35947 6.024783
35948 6.024783
35949 6.024783
35950 6.024783
35951 6.024783
35952 6.024783
35953 6.024783
35954 6.024783
35955 6.024783
35956 6.024783
35957 6.024783
35958 6.024783
35959 6.024783
35960 6.024783
35961 6.024783
35962 6.024783
35963 6.024783
35964 6.024783
35965 6.024783
35966 6.024783
35967 6.024783
35968 6.024783
35969 6.024783
35970 6.024783
35971 6.024783
35972 6.024783
35973 6.024783
35974 6.024783
35975 6.024783
35976 6.024783
35977 6.024783
35978 6.024783
35979 6.024783
35980 6.024783
35981 6.024783
35982 6.024783
35983 6.024783
35984 6.024783
35985 6.024783
35986 6.024783
35987 6.024783
35988 6.024783
35989 6.024783
35990 6.024783
35991 6.024783
35992 6.024783
35993 6.024783
35994 6.024783
35995 6.024783
35996 6.024783
35997 6.024783
35998 6.024783
35999 6.024783
36000 6.024783
36001 6.024783
36002 6.024783
36003 6.024783
36004 6.024783
36005 6.024783
36006 6.024783
36007 6.024783
36008 6.024783
36009 6.024783
36010 6.024783
36011 6.024783
36012 6.024783
36013 6.024783
36014 6.024783
36015 6.024783
36016 6.024783
36017 6.024783
36018 6.024783
36019 6.024783
36020 6.024783
36021 6.024783
36022 6.024783
36023 6.024783
36024 6.024783
36025 6.024783
36026 6.024783
36027 6.024783
36028 6.024783
36029 6.024783
36030 6.024783
36031 6.024783
36032 6.024783
36033 6.024783
36034 6.024783
36035 6.024783
36036 6.024783
36037 6.024783
36038 6.024783
36039 6.024783
36040 6.024783
36041 6.024783
36042 6.024783
36043 6.024783
36044 6.024783
36045 6.024783
36046 6.024783
36047 6.024783
36048 6.024783
36049 6.024783
36050 6.024783
36051 6.024783
36052 6.024783
36053 6.024783
36054 6.024783
36055 6.024783
36056 6.024783
36057 6.024783
36058 6.024783
36059 6.024783
36060 6.024783
36061 6.024783
36062 6.024783
36063 6.024783
36064 6.024783
36065 6.024783
36066 6.024783
36067 6.024783
36068 6.024783
36069 6.024783
36070 6.024783
36071 6.024783
36072 6.024783
36073 6.024783
36074 6.024783
36075 6.024783
36076 6.024783
36077 6.024783
36078 6.024783
36079 6.024783
36080 6.024783
36081 6.024783
36082 6.024783
36083 6.024783
36084 6.024783
36085 6.024783
36086 6.024783
36087 6.024783
36088 6.024783
36089 6.024783
36090 6.024783
36091 6.024783
36092 6.024783
36093 6.024783
36094 6.024783
36095 6.024783
36096 6.024783
36097 6.024783
36098 6.024783
36099 6.024783
36100 6.024783
36101 6.024783
36102 6.024783
36103 6.024783
36104 6.024783
36105 6.024783
36106 6.024783
36107 6.024783
36108 6.024783
36109 6.024783
36110 6.024783
36111 6.024783
36112 6.024783
36113 6.024783
36114 6.024783
36115 6.024783
36116 6.024783
36117 6.024783
36118 6.024783
36119 6.024783
36120 6.024783
36121 6.024783
36122 6.024783
36123 6.024783
36124 6.024783
36125 6.024783
36126 6.024783
36127 6.024783
36128 6.024783
36129 6.024783
36130 6.024783
36131 6.024783
36132 6.024783
36133 6.024783
36134 6.024783
36135 6.024783
36136 6.024783
36137 6.024783
36138 6.024783
36139 6.024783
36140 6.024783
36141 6.024783
36142 6.024783
36143 6.024783
36144 6.024783
36145 6.024783
36146 6.024783
36147 6.024783
36148 6.024783
36149 6.024783
36150 6.024783
36151 6.024783
36152 6.024783
36153 6.024783
36154 6.024783
36155 6.024783
36156 6.024783
36157 6.024783
36158 6.024783
36159 6.024783
36160 6.024783
36161 6.024783
36162 6.024783
36163 6.024783
36164 6.024783
36165 6.024783
36166 6.024783
36167 6.024783
36168 6.024783
36169 6.024783
36170 6.024783
36171 6.024783
36172 6.024783
36173 6.024783
36174 6.024783
36175 6.024783
36176 6.024783
36177 6.024783
36178 6.024783
36179 6.024783
36180 6.024783
36181 6.024783
36182 6.024783
36183 6.024783
36184 6.024783
36185 6.024783
36186 6.024783
36187 6.024783
36188 6.024783
36189 6.024783
36190 6.024783
36191 6.024783
36192 6.024783
36193 6.024783
36194 6.024783
36195 6.024783
36196 6.024783
36197 6.024783
36198 6.024783
36199 6.024783
36200 6.024783
36201 6.024783
36202 6.024783
36203 6.024783
36204 6.024783
36205 6.024783
36206 6.024783
36207 6.024783
36208 6.024783
36209 6.024783
36210 6.024783
36211 6.024783
36212 6.024783
36213 6.024783
36214 6.024783
36215 6.024783
36216 6.024783
36217 6.024783
36218 6.024783
36219 6.024783
36220 6.024783
36221 6.024783
36222 6.024783
36223 6.024783
36224 6.024783
36225 6.024783
36226 6.024783
36227 6.024783
36228 6.024783
36229 6.024783
36230 6.024783
36231 6.024783
36232 6.024783
36233 6.024783
36234 6.024783
36235 6.024783
36236 6.024783
36237 6.024783
36238 6.024783
36239 6.024783
36240 6.024783
36241 6.024783
36242 6.024783
36243 6.024783
36244 6.024783
36245 6.024783
36246 6.024783
36247 6.024783
36248 6.024783
36249 6.024783
36250 6.024783
36251 6.024783
36252 6.024783
36253 6.024783
36254 6.024783
36255 6.024783
36256 6.024783
36257 6.024783
36258 6.024783
36259 6.024783
36260 6.024783
36261 6.024783
36262 6.024783
36263 6.024783
36264 6.024783
36265 6.024783
36266 6.024783
36267 6.024783
36268 6.024783
36269 6.024783
36270 6.024783
36271 6.024783
36272 6.024783
36273 6.024783
36274 6.024783
36275 6.024783
36276 6.024783
36277 6.024783
36278 6.024783
36279 6.024783
36280 6.024783
36281 6.024783
36282 6.024783
36283 6.024783
36284 6.024783
36285 6.024783
36286 6.024783
36287 6.024783
36288 6.024783
36289 6.024783
36290 6.024783
36291 6.024783
36292 6.024783
36293 6.024783
36294 6.024783
36295 6.024783
36296 6.024783
36297 6.024783
36298 6.024783
36299 6.024783
36300 6.024783
36301 6.024783
36302 6.024783
36303 6.024783
36304 6.024783
36305 6.024783
36306 6.024783
36307 6.024783
36308 6.024783
36309 6.024783
36310 6.024783
36311 6.024783
36312 6.024783
36313 6.024783
36314 6.024783
36315 6.024783
36316 6.024783
36317 6.024783
36318 6.024783
36319 6.024783
36320 6.024783
36321 6.024783
36322 6.024783
36323 6.024783
36324 6.024783
36325 6.024783
36326 6.024783
36327 6.024783
36328 6.024783
36329 6.024783
36330 6.024783
36331 6.024783
36332 6.024783
36333 6.024783
36334 6.024783
36335 6.024783
36336 6.024783
36337 6.024783
36338 6.024783
36339 6.024783
36340 6.024783
36341 6.024783
36342 6.024783
36343 6.024783
36344 6.024783
36345 6.024783
36346 6.024783
36347 6.024783
36348 6.024783
36349 6.024783
36350 6.024783
36351 6.024783
36352 6.024783
36353 6.024783
36354 6.024783
36355 6.024783
36356 6.024783
36357 6.024783
36358 6.024783
36359 6.024783
36360 6.024783
36361 6.024783
36362 6.024783
36363 6.024783
36364 6.024783
36365 6.024783
36366 6.024783
36367 6.024783
36368 6.024783
36369 6.024783
36370 6.024783
36371 6.024783
36372 6.024783
36373 6.024783
36374 6.024783
36375 6.024783
36376 6.024783
36377 6.024783
36378 6.024783
36379 6.024783
36380 6.024783
36381 6.024783
36382 6.024783
36383 6.024783
36384 6.024783
36385 6.024783
36386 6.024783
36387 6.024783
36388 6.024783
36389 6.024783
36390 6.024783
36391 6.024783
36392 6.024783
36393 6.024783
36394 6.024783
36395 6.024783
36396 6.024783
36397 6.024783
36398 6.024783
36399 6.024783
36400 6.024783
36401 6.024783
36402 6.024783
36403 6.024783
36404 6.024783
36405 6.024783
36406 6.024783
36407 6.024783
36408 6.024783
36409 6.024783
36410 6.024783
36411 6.024783
36412 6.024783
36413 6.024783
36414 6.024783
36415 6.024783
36416 6.024783
36417 6.024783
36418 6.024783
36419 6.024783
36420 6.024783
36421 6.024783
36422 6.024783
36423 6.024783
36424 6.024783
36425 6.024783
36426 6.024783
36427 6.024783
36428 6.024783
36429 6.024783
36430 6.024783
36431 6.024783
36432 6.024783
36433 6.024783
36434 6.024783
36435 6.024783
36436 6.024783
36437 6.024783
36438 6.024783
36439 6.024783
36440 6.024783
36441 6.024783
36442 6.024783
36443 6.024783
36444 6.024783
36445 6.024783
36446 6.024783
36447 6.024783
36448 6.024783
36449 6.024783
36450 6.024783
36451 6.024783
36452 6.024783
36453 6.024783
36454 6.024783
36455 6.024783
36456 6.024783
36457 6.024783
36458 6.024783
36459 6.024783
36460 6.024783
36461 6.024783
36462 6.024783
36463 6.024783
36464 6.024783
36465 6.024783
36466 6.024783
36467 6.024783
36468 6.024783
36469 6.024783
36470 6.024783
36471 6.024783
36472 6.024783
36473 6.024783
36474 6.024783
36475 6.024783
36476 6.024783
36477 6.024783
36478 6.024783
36479 6.024783
36480 6.024783
36481 6.024783
36482 6.024783
36483 6.024783
36484 6.024783
36485 6.024783
36486 6.024783
36487 6.024783
36488 6.024783
36489 6.024783
36490 6.024783
36491 6.024783
36492 6.024783
36493 6.024783
36494 6.024783
36495 6.024783
36496 6.024783
36497 6.024783
36498 6.024783
36499 6.024783
36500 6.024783
36501 6.024783
36502 6.024783
36503 6.024783
36504 6.024783
36505 6.024783
36506 6.024783
36507 6.024783
36508 6.024783
36509 6.024783
36510 6.024783
36511 6.024783
36512 6.024783
36513 6.024783
36514 6.024783
36515 6.024783
36516 6.024783
36517 6.024783
36518 6.024783
36519 6.024783
36520 6.024783
36521 6.024783
36522 6.024783
36523 6.024783
36524 6.024783
36525 6.024783
36526 6.024783
36527 6.024783
36528 6.024783
36529 6.024783
36530 6.024783
36531 6.024783
36532 6.024783
36533 6.024783
36534 6.024783
36535 6.024783
36536 6.024783
36537 6.024783
36538 6.024783
36539 6.024783
36540 6.024783
36541 6.024783
36542 6.024783
36543 6.024783
36544 6.024783
36545 6.024783
36546 6.024783
36547 6.024783
36548 6.024783
36549 6.024783
36550 6.024783
36551 6.024783
36552 6.024783
36553 6.024783
36554 6.024783
36555 6.024783
36556 6.024783
36557 6.024783
36558 6.024783
36559 6.024783
36560 6.024783
36561 6.024783
36562 6.024783
36563 6.024783
36564 6.024783
36565 6.024783
36566 6.024783
36567 6.024783
36568 6.024783
36569 6.024783
36570 6.024783
36571 6.024783
36572 6.024783
36573 6.024783
36574 6.024783
36575 6.024783
36576 6.024783
36577 6.024783
36578 6.024783
36579 6.024783
36580 6.024783
36581 6.024783
36582 6.024783
36583 6.024783
36584 6.024783
36585 6.024783
36586 6.024783
36587 6.024783
36588 6.024783
36589 6.024783
36590 6.024783
36591 6.024783
36592 6.024783
36593 6.024783
36594 6.024783
36595 6.024783
36596 6.024783
36597 6.024783
36598 6.024783
36599 6.024783
36600 6.024783
36601 6.024783
36602 6.024783
36603 6.024783
36604 6.024783
36605 6.024783
36606 6.024783
36607 6.024783
36608 6.024783
36609 6.024783
36610 6.024783
36611 6.024783
36612 6.024783
36613 6.024783
36614 6.024783
36615 6.024783
36616 6.024783
36617 6.024783
36618 6.024783
36619 6.024783
36620 6.024783
36621 6.024783
36622 6.024783
36623 6.024783
36624 6.024783
36625 6.024783
36626 6.024783
36627 6.024783
36628 6.024783
36629 6.024783
36630 6.024783
36631 6.024783
36632 6.024783
36633 6.024783
36634 6.024783
36635 6.024783
36636 6.024783
36637 6.024783
36638 6.024783
36639 6.024783
36640 6.024783
36641 6.024783
36642 6.024783
36643 6.024783
36644 6.024783
36645 6.024783
36646 6.024783
36647 6.024783
36648 6.024783
36649 6.024783
36650 6.024783
36651 6.024783
36652 6.024783
36653 6.024783
36654 6.024783
36655 6.024783
36656 6.024783
36657 6.024783
36658 6.024783
36659 6.024783
36660 6.024783
36661 6.024783
36662 6.024783
36663 6.024783
36664 6.024783
36665 6.024783
36666 6.024783
36667 6.024783
36668 6.024783
36669 6.024783
36670 6.024783
36671 6.024783
36672 6.024783
36673 6.024783
36674 6.024783
36675 6.024783
36676 6.024783
36677 6.024783
36678 6.024783
36679 6.024783
36680 6.024783
36681 6.024783
36682 6.024783
36683 6.024783
36684 6.024783
36685 6.024783
36686 6.024783
36687 6.024783
36688 6.024783
36689 6.024783
36690 6.024783
36691 6.024783
36692 6.024783
36693 6.024783
36694 6.024783
36695 6.024783
36696 6.024783
36697 6.024783
36698 6.024783
36699 6.024783
36700 6.024783
36701 6.024783
36702 6.024783
36703 6.024783
36704 6.024783
36705 6.024783
36706 6.024783
36707 6.024783
36708 6.024783
36709 6.024783
36710 6.024783
36711 6.024783
36712 6.024783
36713 6.024783
36714 6.024783
36715 6.024783
36716 6.024783
36717 6.024783
36718 6.024783
36719 6.024783
36720 6.024783
36721 6.024783
36722 6.024783
36723 6.024783
36724 6.024783
36725 6.024783
36726 6.024783
36727 6.024783
36728 6.024783
36729 6.024783
36730 6.024783
36731 6.024783
36732 6.024783
36733 6.024783
36734 6.024783
36735 6.024783
36736 6.024783
36737 6.024783
36738 6.024783
36739 6.024783
36740 6.024783
36741 6.024783
36742 6.024783
36743 6.024783
36744 6.024783
36745 6.024783
36746 6.024783
36747 6.024783
36748 6.024783
36749 6.024783
36750 6.024783
36751 6.024783
36752 6.024783
36753 6.024783
36754 6.024783
36755 6.024783
36756 6.024783
36757 6.024783
36758 6.024783
36759 6.024783
36760 6.024783
36761 6.024783
36762 6.024783
36763 6.024783
36764 6.024783
36765 6.024783
36766 6.024783
36767 6.024783
36768 6.024783
36769 6.024783
36770 6.024783
36771 6.024783
36772 6.024783
36773 6.024783
36774 6.024783
36775 6.024783
36776 6.024783
36777 6.024783
36778 6.024783
36779 6.024783
36780 6.024783
36781 6.024783
36782 6.024783
36783 6.024783
36784 6.024783
36785 6.024783
36786 6.024783
36787 6.024783
36788 6.024783
36789 6.024783
36790 6.024783
36791 6.024783
36792 6.024783
36793 6.024783
36794 6.024783
36795 6.024783
36796 6.024783
36797 6.024783
36798 6.024783
36799 6.024783
36800 6.024783
36801 6.024783
36802 6.024783
36803 6.024783
36804 6.024783
36805 6.024783
36806 6.024783
36807 6.024783
36808 6.024783
36809 6.024783
36810 6.024783
36811 6.024783
36812 6.024783
36813 6.024783
36814 6.024783
36815 6.024783
36816 6.024783
36817 6.024783
36818 6.024783
36819 6.024783
36820 6.024783
36821 6.024783
36822 6.024783
36823 6.024783
36824 6.024783
36825 6.024783
36826 6.024783
36827 6.024783
36828 6.024783
36829 6.024783
36830 6.024783
36831 6.024783
36832 6.024783
36833 6.024783
36834 6.024783
36835 6.024783
36836 6.024783
36837 6.024783
36838 6.024783
36839 6.024783
36840 6.024783
36841 6.024783
36842 6.024783
36843 6.024783
36844 6.024783
36845 6.024783
36846 6.024783
36847 6.024783
36848 6.024783
36849 6.024783
36850 6.024783
36851 6.024783
36852 6.024783
36853 6.024783
36854 6.024783
36855 6.024783
36856 6.024783
36857 6.024783
36858 6.024783
36859 6.024783
36860 6.024783
36861 6.024783
36862 6.024783
36863 6.024783
36864 6.024783
36865 6.024783
36866 6.024783
36867 6.024783
36868 6.024783
36869 6.024783
36870 6.024783
36871 6.024783
36872 6.024783
36873 6.024783
36874 6.024783
36875 6.024783
36876 6.024783
36877 6.024783
36878 6.024783
36879 6.024783
36880 6.024783
36881 6.024783
36882 6.024783
36883 6.024783
36884 6.024783
36885 6.024783
36886 6.024783
36887 6.024783
36888 6.024783
36889 6.024783
36890 6.024783
36891 6.024783
36892 6.024783
36893 6.024783
36894 6.024783
36895 6.024783
36896 6.024783
36897 6.024783
36898 6.024783
36899 6.024783
36900 6.024783
36901 6.024783
36902 6.024783
36903 6.024783
36904 6.024783
36905 6.024783
36906 6.024783
36907 6.024783
36908 6.024783
36909 6.024783
36910 6.024783
36911 6.024783
36912 6.024783
36913 6.024783
36914 6.024783
36915 6.024783
36916 6.024783
36917 6.024783
36918 6.024783
36919 6.024783
36920 6.024783
36921 6.024783
36922 6.024783
36923 6.024783
36924 6.024783
36925 6.024783
36926 6.024783
36927 6.024783
36928 6.024783
36929 6.024783
36930 6.024783
36931 6.024783
36932 6.024783
36933 6.024783
36934 6.024783
36935 6.024783
36936 6.024783
36937 6.024783
36938 6.024783
36939 6.024783
36940 6.024783
36941 6.024783
36942 6.024783
36943 6.024783
36944 6.024783
36945 6.024783
36946 6.024783
36947 6.024783
36948 6.024783
36949 6.024783
36950 6.024783
36951 6.024783
36952 6.024783
36953 6.024783
36954 6.024783
36955 6.024783
36956 6.024783
36957 6.024783
36958 6.024783
36959 6.024783
36960 6.024783
36961 6.024783
36962 6.024783
36963 6.024783
36964 6.024783
36965 6.024783
36966 6.024783
36967 6.024783
36968 6.024783
36969 6.024783
36970 6.024783
36971 6.024783
36972 6.024783
36973 6.024783
36974 6.024783
36975 6.024783
36976 6.024783
36977 6.024783
36978 6.024783
36979 6.024783
36980 6.024783
36981 6.024783
36982 6.024783
36983 6.024783
36984 6.024783
36985 6.024783
36986 6.024783
36987 6.024783
36988 6.024783
36989 6.024783
36990 6.024783
36991 6.024783
36992 6.024783
36993 6.024783
36994 6.024783
36995 6.024783
36996 6.024783
36997 6.024783
36998 6.024783
36999 6.024783
37000 6.024783
37001 6.024783
37002 6.024783
37003 6.024783
37004 6.024783
37005 6.024783
37006 6.024783
37007 6.024783
37008 6.024783
37009 6.024783
37010 6.024783
37011 6.024783
37012 6.024783
37013 6.024783
37014 6.024783
37015 6.024783
37016 6.024783
37017 6.024783
37018 6.024783
37019 6.024783
37020 6.024783
37021 6.024783
37022 6.024783
37023 6.024783
37024 6.024783
37025 6.024783
37026 6.024783
37027 6.024783
37028 6.024783
37029 6.024783
37030 6.024783
37031 6.024783
37032 6.024783
37033 6.024783
37034 6.024783
37035 6.024783
37036 6.024783
37037 6.024783
37038 6.024783
37039 6.024783
37040 6.024783
37041 6.024783
37042 6.024783
37043 6.024783
37044 6.024783
37045 6.024783
37046 6.024783
37047 6.024783
37048 6.024783
37049 6.024783
37050 6.024783
37051 6.024783
37052 6.024783
37053 6.024783
37054 6.024783
37055 6.024783
37056 6.024783
37057 6.024783
37058 6.024783
37059 6.024783
37060 6.024783
37061 6.024783
37062 6.024783
37063 6.024783
37064 6.024783
37065 6.024783
37066 6.024783
37067 6.024783
37068 6.024783
37069 6.024783
37070 6.024783
37071 6.024783
37072 6.024783
37073 6.024783
37074 6.024783
37075 6.024783
37076 6.024783
37077 6.024783
37078 6.024783
37079 6.024783
37080 6.024783
37081 6.024783
37082 6.024783
37083 6.024783
37084 6.024783
37085 6.024783
37086 6.024783
37087 6.024783
37088 6.024783
37089 6.024783
37090 6.024783
37091 6.024783
37092 6.024783
37093 6.024783
37094 6.024783
37095 6.024783
37096 6.024783
37097 6.024783
37098 6.024783
37099 6.024783
37100 6.024783
37101 6.024783
37102 6.024783
37103 6.024783
37104 6.024783
37105 6.024783
37106 6.024783
37107 6.024783
37108 6.024783
37109 6.024783
37110 6.024783
37111 6.024783
37112 6.024783
37113 6.024783
37114 6.024783
37115 6.024783
37116 6.024783
37117 6.024783
37118 6.024783
37119 6.024783
37120 6.024783
37121 6.024783
37122 6.024783
37123 6.024783
37124 6.024783
37125 6.024783
37126 6.024783
37127 6.024783
37128 6.024783
37129 6.024783
37130 6.024783
37131 6.024783
37132 6.024783
37133 6.024783
37134 6.024783
37135 6.024783
37136 6.024783
37137 6.024783
37138 6.024783
37139 6.024783
37140 6.024783
37141 6.024783
37142 6.024783
37143 6.024783
37144 6.024783
37145 6.024783
37146 6.024783
37147 6.024783
37148 6.024783
37149 6.024783
37150 6.024783
37151 6.024783
37152 6.024783
37153 6.024783
37154 6.024783
37155 6.024783
37156 6.024783
37157 6.024783
37158 6.024783
37159 6.024783
37160 6.024783
37161 6.024783
37162 6.024783
37163 6.024783
37164 6.024783
37165 6.024783
37166 6.024783
37167 6.024783
37168 6.024783
37169 6.024783
37170 6.024783
37171 6.024783
37172 6.024783
37173 6.024783
37174 6.024783
37175 6.024783
37176 6.024783
37177 6.024783
37178 6.024783
37179 6.024783
37180 6.024783
37181 6.024783
37182 6.024783
37183 6.024783
37184 6.024783
37185 6.024783
37186 6.024783
37187 6.024783
37188 6.024783
37189 6.024783
37190 6.024783
37191 6.024783
37192 6.024783
37193 6.024783
37194 6.024783
37195 6.024783
37196 6.024783
37197 6.024783
37198 6.024783
37199 6.024783
37200 6.024783
37201 6.024783
37202 6.024783
37203 6.024783
37204 6.024783
37205 6.024783
37206 6.024783
37207 6.024783
37208 6.024783
37209 6.024783
37210 6.024783
37211 6.024783
37212 6.024783
37213 6.024783
37214 6.024783
37215 6.024783
37216 6.024783
37217 6.024783
37218 6.024783
37219 6.024783
37220 6.024783
37221 6.024783
37222 6.024783
37223 6.024783
37224 6.024783
37225 6.024783
37226 6.024783
37227 6.024783
37228 6.024783
37229 6.024783
37230 6.024783
37231 6.024783
37232 6.024783
37233 6.024783
37234 6.024783
37235 6.024783
37236 6.024783
37237 6.024783
37238 6.024783
37239 6.024783
37240 6.024783
37241 6.024783
37242 6.024783
37243 6.024783
37244 6.024783
37245 6.024783
37246 6.024783
37247 6.024783
37248 6.024783
37249 6.024783
37250 6.024783
37251 6.024783
37252 6.024783
37253 6.024783
37254 6.024783
37255 6.024783
37256 6.024783
37257 6.024783
37258 6.024783
37259 6.024783
37260 6.024783
37261 6.024783
37262 6.024783
37263 6.024783
37264 6.024783
37265 6.024783
37266 6.024783
37267 6.024783
37268 6.024783
37269 6.024783
37270 6.024783
37271 6.024783
37272 6.024783
37273 6.024783
37274 6.024783
37275 6.024783
37276 6.024783
37277 6.024783
37278 6.024783
37279 6.024783
37280 6.024783
37281 6.024783
37282 6.024783
37283 6.024783
37284 6.024783
37285 6.024783
37286 6.024783
37287 6.024783
37288 6.024783
37289 6.024783
37290 6.024783
37291 6.024783
37292 6.024783
37293 6.024783
37294 6.024783
37295 6.024783
37296 6.024783
37297 6.024783
37298 6.024783
37299 6.024783
37300 6.024783
37301 6.024783
37302 6.024783
37303 6.024783
37304 6.024783
37305 6.024783
37306 6.024783
37307 6.024783
37308 6.024783
37309 6.024783
37310 6.024783
37311 6.024783
37312 6.024783
37313 6.024783
37314 6.024783
37315 6.024783
37316 6.024783
37317 6.024783
37318 6.024783
37319 6.024783
37320 6.024783
37321 6.024783
37322 6.024783
37323 6.024783
37324 6.024783
37325 6.024783
37326 6.024783
37327 6.024783
37328 6.024783
37329 6.024783
37330 6.024783
37331 6.024783
37332 6.024783
37333 6.024783
37334 6.024783
37335 6.024783
37336 6.024783
37337 6.024783
37338 6.024783
37339 6.024783
37340 6.024783
37341 6.024783
37342 6.024783
37343 6.024783
37344 6.024783
37345 6.024783
37346 6.024783
37347 6.024783
37348 6.024783
37349 6.024783
37350 6.024783
37351 6.024783
37352 6.024783
37353 6.024783
37354 6.024783
37355 6.024783
37356 6.024783
37357 6.024783
37358 6.024783
37359 6.024783
37360 6.024783
37361 6.024783
37362 6.024783
37363 6.024783
37364 6.024783
37365 6.024783
37366 6.024783
37367 6.024783
37368 6.024783
37369 6.024783
37370 6.024783
37371 6.024783
37372 6.024783
37373 6.024783
37374 6.024783
37375 6.024783
37376 6.024783
37377 6.024783
37378 6.024783
37379 6.024783
37380 6.024783
37381 6.024783
37382 6.024783
37383 6.024783
37384 6.024783
37385 6.024783
37386 6.024783
37387 6.024783
37388 6.024783
37389 6.024783
37390 6.024783
37391 6.024783
37392 6.024783
37393 6.024783
37394 6.024783
37395 6.024783
37396 6.024783
37397 6.024783
37398 6.024783
37399 6.024783
37400 6.024783
37401 6.024783
37402 6.024783
37403 6.024783
37404 6.024783
37405 6.024783
37406 6.024783
37407 6.024783
37408 6.024783
37409 6.024783
37410 6.024783
37411 6.024783
37412 6.024783
37413 6.024783
37414 6.024783
37415 6.024783
37416 6.024783
37417 6.024783
37418 6.024783
37419 6.024783
37420 6.024783
37421 6.024783
37422 6.024783
37423 6.024783
37424 6.024783
37425 6.024783
37426 6.024783
37427 6.024783
37428 6.024783
37429 6.024783
37430 6.024783
37431 6.024783
37432 6.024783
37433 6.024783
37434 6.024783
37435 6.024783
37436 6.024783
37437 6.024783
37438 6.024783
37439 6.024783
37440 6.024783
37441 6.024783
37442 6.024783
37443 6.024783
37444 6.024783
37445 6.024783
37446 6.024783
37447 6.024783
37448 6.024783
37449 6.024783
37450 6.024783
37451 6.024783
37452 6.024783
37453 6.024783
37454 6.024783
37455 6.024783
37456 6.024783
37457 6.024783
37458 6.024783
37459 6.024783
37460 6.024783
37461 6.024783
37462 6.024783
37463 6.024783
37464 6.024783
37465 6.024783
37466 6.024783
37467 6.024783
37468 6.024783
37469 6.024783
37470 6.024783
37471 6.024783
37472 6.024783
37473 6.024783
37474 6.024783
37475 6.024783
37476 6.024783
37477 6.024783
37478 6.024783
37479 6.024783
37480 6.024783
37481 6.024783
37482 6.024783
37483 6.024783
37484 6.024783
37485 6.024783
37486 6.024783
37487 6.024783
37488 6.024783
37489 6.024783
37490 6.024783
37491 6.024783
37492 6.024783
37493 6.024783
37494 6.024783
37495 6.024783
37496 6.024783
37497 6.024783
37498 6.024783
37499 6.024783
37500 6.024783
37501 6.024783
37502 6.024783
37503 6.024783
37504 6.024783
37505 6.024783
37506 6.024783
37507 6.024783
37508 6.024783
37509 6.024783
37510 6.024783
37511 6.024783
37512 6.024783
37513 6.024783
37514 6.024783
37515 6.024783
37516 6.024783
37517 6.024783
37518 6.024783
37519 6.024783
37520 6.024783
37521 6.024783
37522 6.024783
37523 6.024783
37524 6.024783
37525 6.024783
37526 6.024783
37527 6.024783
37528 6.024783
37529 6.024783
37530 6.024783
37531 6.024783
37532 6.024783
37533 6.024783
37534 6.024783
37535 6.024783
37536 6.024783
37537 6.024783
37538 6.024783
37539 6.024783
37540 6.024783
37541 6.024783
37542 6.024783
37543 6.024783
37544 6.024783
37545 6.024783
37546 6.024783
37547 6.024783
37548 6.024783
37549 6.024783
37550 6.024783
37551 6.024783
37552 6.024783
37553 6.024783
37554 6.024783
37555 6.024783
37556 6.024783
37557 6.024783
37558 6.024783
37559 6.024783
37560 6.024783
37561 6.024783
37562 6.024783
37563 6.024783
37564 6.024783
37565 6.024783
37566 6.024783
37567 6.024783
37568 6.024783
37569 6.024783
37570 6.024783
37571 6.024783
37572 6.024783
37573 6.024783
37574 6.024783
37575 6.024783
37576 6.024783
37577 6.024783
37578 6.024783
37579 6.024783
37580 6.024783
37581 6.024783
37582 6.024783
37583 6.024783
37584 6.024783
37585 6.024783
37586 6.024783
37587 6.024783
37588 6.024783
37589 6.024783
37590 6.024783
37591 6.024783
37592 6.024783
37593 6.024783
37594 6.024783
37595 6.024783
37596 6.024783
37597 6.024783
37598 6.024783
37599 6.024783
37600 6.024783
37601 6.024783
37602 6.024783
37603 6.024783
37604 6.024783
37605 6.024783
37606 6.024783
37607 6.024783
37608 6.024783
37609 6.024783
37610 6.024783
37611 6.024783
37612 6.024783
37613 6.024783
37614 6.024783
37615 6.024783
37616 6.024783
37617 6.024783
37618 6.024783
37619 6.024783
37620 6.024783
37621 6.024783
37622 6.024783
37623 6.024783
37624 6.024783
37625 6.024783
37626 6.024783
37627 6.024783
37628 6.024783
37629 6.024783
37630 6.024783
37631 6.024783
37632 6.024783
37633 6.024783
37634 6.024783
37635 6.024783
37636 6.024783
37637 6.024783
37638 6.024783
37639 6.024783
37640 6.024783
37641 6.024783
37642 6.024783
37643 6.024783
37644 6.024783
37645 6.024783
37646 6.024783
37647 6.024783
37648 6.024783
37649 6.024783
37650 6.024783
37651 6.024783
37652 6.024783
37653 6.024783
37654 6.024783
37655 6.024783
37656 6.024783
37657 6.024783
37658 6.024783
37659 6.024783
37660 6.024783
37661 6.024783
37662 6.024783
37663 6.024783
37664 6.024783
37665 6.024783
37666 6.024783
37667 6.024783
37668 6.024783
37669 6.024783
37670 6.024783
37671 6.024783
37672 6.024783
37673 6.024783
37674 6.024783
37675 6.024783
37676 6.024783
37677 6.024783
37678 6.024783
37679 6.024783
37680 6.024783
37681 6.024783
37682 6.024783
37683 6.024783
37684 6.024783
37685 6.024783
37686 6.024783
37687 6.024783
37688 6.024783
37689 6.024783
37690 6.024783
37691 6.024783
37692 6.024783
37693 6.024783
37694 6.024783
37695 6.024783
37696 6.024783
37697 6.024783
37698 6.024783
37699 6.024783
37700 6.024783
37701 6.024783
37702 6.024783
37703 6.024783
37704 6.024783
37705 6.024783
37706 6.024783
37707 6.024783
37708 6.024783
37709 6.024783
37710 6.024783
37711 6.024783
37712 6.024783
37713 6.024783
37714 6.024783
37715 6.024783
37716 6.024783
37717 6.024783
37718 6.024783
37719 6.024783
37720 6.024783
37721 6.024783
37722 6.024783
37723 6.024783
37724 6.024783
37725 6.024783
37726 6.024783
37727 6.024783
37728 6.024783
37729 6.024783
37730 6.024783
37731 6.024783
37732 6.024783
37733 6.024783
37734 6.024783
37735 6.024783
37736 6.024783
37737 6.024783
37738 6.024783
37739 6.024783
37740 6.024783
37741 6.024783
37742 6.024783
37743 6.024783
37744 6.024783
37745 6.024783
37746 6.024783
37747 6.024783
37748 6.024783
37749 6.024783
37750 6.024783
37751 6.024783
37752 6.024783
37753 6.024783
37754 6.024783
37755 6.024783
37756 6.024783
37757 6.024783
37758 6.024783
37759 6.024783
37760 6.024783
37761 6.024783
37762 6.024783
37763 6.024783
37764 6.024783
37765 6.024783
37766 6.024783
37767 6.024783
37768 6.024783
37769 6.024783
37770 6.024783
37771 6.024783
37772 6.024783
37773 6.024783
37774 6.024783
37775 6.024783
37776 6.024783
37777 6.024783
37778 6.024783
37779 6.024783
37780 6.024783
37781 6.024783
37782 6.024783
37783 6.024783
37784 6.024783
37785 6.024783
37786 6.024783
37787 6.024783
37788 6.024783
37789 6.024783
37790 6.024783
37791 6.024783
37792 6.024783
37793 6.024783
37794 6.024783
37795 6.024783
37796 6.024783
37797 6.024783
37798 6.024783
37799 6.024783
37800 6.024783
37801 6.024783
37802 6.024783
37803 6.024783
37804 6.024783
37805 6.024783
37806 6.024783
37807 6.024783
37808 6.024783
37809 6.024783
37810 6.024783
37811 6.024783
37812 6.024783
37813 6.024783
37814 6.024783
37815 6.024783
37816 6.024783
37817 6.024783
37818 6.024783
37819 6.024783
37820 6.024783
37821 6.024783
37822 6.024783
37823 6.024783
37824 6.024783
37825 6.024783
37826 6.024783
37827 6.024783
37828 6.024783
37829 6.024783
37830 6.024783
37831 6.024783
37832 6.024783
37833 6.024783
37834 6.024783
37835 6.024783
37836 6.024783
37837 6.024783
37838 6.024783
37839 6.024783
37840 6.024783
37841 6.024783
37842 6.024783
37843 6.024783
37844 6.024783
37845 6.024783
37846 6.024783
37847 6.024783
37848 6.024783
37849 6.024783
37850 6.024783
37851 6.024783
37852 6.024783
37853 6.024783
37854 6.024783
37855 6.024783
37856 6.024783
37857 6.024783
37858 6.024783
37859 6.024783
37860 6.024783
37861 6.024783
37862 6.024783
37863 6.024783
37864 6.024783
37865 6.024783
37866 6.024783
37867 6.024783
37868 6.024783
37869 6.024783
37870 6.024783
37871 6.024783
37872 6.024783
37873 6.024783
37874 6.024783
37875 6.024783
37876 6.024783
37877 6.024783
37878 6.024783
37879 6.024783
37880 6.024783
37881 6.024783
37882 6.024783
37883 6.024783
37884 6.024783
37885 6.024783
37886 6.024783
37887 6.024783
37888 6.024783
37889 6.024783
37890 6.024783
37891 6.024783
37892 6.024783
37893 6.024783
37894 6.024783
37895 6.024783
37896 6.024783
37897 6.024783
37898 6.024783
37899 6.024783
37900 6.024783
37901 6.024783
37902 6.024783
37903 6.024783
37904 6.024783
37905 6.024783
37906 6.024783
37907 6.024783
37908 6.024783
37909 6.024783
37910 6.024783
37911 6.024783
37912 6.024783
37913 6.024783
37914 6.024783
37915 6.024783
37916 6.024783
37917 6.024783
37918 6.024783
37919 6.024783
37920 6.024783
37921 6.024783
37922 6.024783
37923 6.024783
37924 6.024783
37925 6.024783
37926 6.024783
37927 6.024783
37928 6.024783
37929 6.024783
37930 6.024783
37931 6.024783
37932 6.024783
37933 6.024783
37934 6.024783
37935 6.024783
37936 6.024783
37937 6.024783
37938 6.024783
37939 6.024783
37940 6.024783
37941 6.024783
37942 6.024783
37943 6.024783
37944 6.024783
37945 6.024783
37946 6.024783
37947 6.024783
37948 6.024783
37949 6.024783
37950 6.024783
37951 6.024783
37952 6.024783
37953 6.024783
37954 6.024783
37955 6.024783
37956 6.024783
37957 6.024783
37958 6.024783
37959 6.024783
37960 6.024783
37961 6.024783
37962 6.024783
37963 6.024783
37964 6.024783
37965 6.024783
37966 6.024783
37967 6.024783
37968 6.024783
37969 6.024783
37970 6.024783
37971 6.024783
37972 6.024783
37973 6.024783
37974 6.024783
37975 6.024783
37976 6.024783
37977 6.024783
37978 6.024783
37979 6.024783
37980 6.024783
37981 6.024783
37982 6.024783
37983 6.024783
37984 6.024783
37985 6.024783
37986 6.024783
37987 6.024783
37988 6.024783
37989 6.024783
37990 6.024783
37991 6.024783
37992 6.024783
37993 6.024783
37994 6.024783
37995 6.024783
37996 6.024783
37997 6.024783
37998 6.024783
37999 6.024783
38000 6.024783
38001 6.024783
38002 6.024783
38003 6.024783
38004 6.024783
38005 6.024783
38006 6.024783
38007 6.024783
38008 6.024783
38009 6.024783
38010 6.024783
38011 6.024783
38012 6.024783
38013 6.024783
38014 6.024783
38015 6.024783
38016 6.024783
38017 6.024783
38018 6.024783
38019 6.024783
38020 6.024783
38021 6.024783
38022 6.024783
38023 6.024783
38024 6.024783
38025 6.024783
38026 6.024783
38027 6.024783
38028 6.024783
38029 6.024783
38030 6.024783
38031 6.024783
38032 6.024783
38033 6.024783
38034 6.024783
38035 6.024783
38036 6.024783
38037 6.024783
38038 6.024783
38039 6.024783
38040 6.024783
38041 6.024783
38042 6.024783
38043 6.024783
38044 6.024783
38045 6.024783
38046 6.024783
38047 6.024783
38048 6.024783
38049 6.024783
38050 6.024783
38051 6.024783
38052 6.024783
38053 6.024783
38054 6.024783
38055 6.024783
38056 6.024783
38057 6.024783
38058 6.024783
38059 6.024783
38060 6.024783
38061 6.024783
38062 6.024783
38063 6.024783
38064 6.024783
38065 6.024783
38066 6.024783
38067 6.024783
38068 6.024783
38069 6.024783
38070 6.024783
38071 6.024783
38072 6.024783
38073 6.024783
38074 6.024783
38075 6.024783
38076 6.024783
38077 6.024783
38078 6.024783
38079 6.024783
38080 6.024783
38081 6.024783
38082 6.024783
38083 6.024783
38084 6.024783
38085 6.024783
38086 6.024783
38087 6.024783
38088 6.024783
38089 6.024783
38090 6.024783
38091 6.024783
38092 6.024783
38093 6.024783
38094 6.024783
38095 6.024783
38096 6.024783
38097 6.024783
38098 6.024783
38099 6.024783
38100 6.024783
38101 6.024783
38102 6.024783
38103 6.024783
38104 6.024783
38105 6.024783
38106 6.024783
38107 6.024783
38108 6.024783
38109 6.024783
38110 6.024783
38111 6.024783
38112 6.024783
38113 6.024783
38114 6.024783
38115 6.024783
38116 6.024783
38117 6.024783
38118 6.024783
38119 6.024783
38120 6.024783
38121 6.024783
38122 6.024783
38123 6.024783
38124 6.024783
38125 6.024783
38126 6.024783
38127 6.024783
38128 6.024783
38129 6.024783
38130 6.024783
38131 6.024783
38132 6.024783
38133 6.024783
38134 6.024783
38135 6.024783
38136 6.024783
38137 6.024783
38138 6.024783
38139 6.024783
38140 6.024783
38141 6.024783
38142 6.024783
38143 6.024783
38144 6.024783
38145 6.024783
38146 6.024783
38147 6.024783
38148 6.024783
38149 6.024783
38150 6.024783
38151 6.024783
38152 6.024783
38153 6.024783
38154 6.024783
38155 6.024783
38156 6.024783
38157 6.024783
38158 6.024783
38159 6.024783
38160 6.024783
38161 6.024783
38162 6.024783
38163 6.024783
38164 6.024783
38165 6.024783
38166 6.024783
38167 6.024783
38168 6.024783
38169 6.024783
38170 6.024783
38171 6.024783
38172 6.024783
38173 6.024783
38174 6.024783
38175 6.024783
38176 6.024783
38177 6.024783
38178 6.024783
38179 6.024783
38180 6.024783
38181 6.024783
38182 6.024783
38183 6.024783
38184 6.024783
38185 6.024783
38186 6.024783
38187 6.024783
38188 6.024783
38189 6.024783
38190 6.024783
38191 6.024783
38192 6.024783
38193 6.024783
38194 6.024783
38195 6.024783
38196 6.024783
38197 6.024783
38198 6.024783
38199 6.024783
38200 6.024783
38201 6.024783
38202 6.024783
38203 6.024783
38204 6.024783
38205 6.024783
38206 6.024783
38207 6.024783
38208 6.024783
38209 6.024783
38210 6.024783
38211 6.024783
38212 6.024783
38213 6.024783
38214 6.024783
38215 6.024783
38216 6.024783
38217 6.024783
38218 6.024783
38219 6.024783
38220 6.024783
38221 6.024783
38222 6.024783
38223 6.024783
38224 6.024783
38225 6.024783
38226 6.024783
38227 6.024783
38228 6.024783
38229 6.024783
38230 6.024783
38231 6.024783
38232 6.024783
38233 6.024783
38234 6.024783
38235 6.024783
38236 6.024783
38237 6.024783
38238 6.024783
38239 6.024783
38240 6.024783
38241 6.024783
38242 6.024783
38243 6.024783
38244 6.024783
38245 6.024783
38246 6.024783
38247 6.024783
38248 6.024783
38249 6.024783
38250 6.024783
38251 6.024783
38252 6.024783
38253 6.024783
38254 6.024783
38255 6.024783
38256 6.024783
38257 6.024783
38258 6.024783
38259 6.024783
38260 6.024783
38261 6.024783
38262 6.024783
38263 6.024783
38264 6.024783
38265 6.024783
38266 6.024783
38267 6.024783
38268 6.024783
38269 6.024783
38270 6.024783
38271 6.024783
38272 6.024783
38273 6.024783
38274 6.024783
38275 6.024783
38276 6.024783
38277 6.024783
38278 6.024783
38279 6.024783
38280 6.024783
38281 6.024783
38282 6.024783
38283 6.024783
38284 6.024783
38285 6.024783
38286 6.024783
38287 6.024783
38288 6.024783
38289 6.024783
38290 6.024783
38291 6.024783
38292 6.024783
38293 6.024783
38294 6.024783
38295 6.024783
38296 6.024783
38297 6.024783
38298 6.024783
38299 6.024783
38300 6.024783
38301 6.024783
38302 6.024783
38303 6.024783
38304 6.024783
38305 6.024783
38306 6.024783
38307 6.024783
38308 6.024783
38309 6.024783
38310 6.024783
38311 6.024783
38312 6.024783
38313 6.024783
38314 6.024783
38315 6.024783
38316 6.024783
38317 6.024783
38318 6.024783
38319 6.024783
38320 6.024783
38321 6.024783
38322 6.024783
38323 6.024783
38324 6.024783
38325 6.024783
38326 6.024783
38327 6.024783
38328 6.024783
38329 6.024783
38330 6.024783
38331 6.024783
38332 6.024783
38333 6.024783
38334 6.024783
38335 6.024783
38336 6.024783
38337 6.024783
38338 6.024783
38339 6.024783
38340 6.024783
38341 6.024783
38342 6.024783
38343 6.024783
38344 6.024783
38345 6.024783
38346 6.024783
38347 6.024783
38348 6.024783
38349 6.024783
38350 6.024783
38351 6.024783
38352 6.024783
38353 6.024783
38354 6.024783
38355 6.024783
38356 6.024783
38357 6.024783
38358 6.024783
38359 6.024783
38360 6.024783
38361 6.024783
38362 6.024783
38363 6.024783
38364 6.024783
38365 6.024783
38366 6.024783
38367 6.024783
38368 6.024783
38369 6.024783
38370 6.024783
38371 6.024783
38372 6.024783
38373 6.024783
38374 6.024783
38375 6.024783
38376 6.024783
38377 6.024783
38378 6.024783
38379 6.024783
38380 6.024783
38381 6.024783
38382 6.024783
38383 6.024783
38384 6.024783
38385 6.024783
38386 6.024783
38387 6.024783
38388 6.024783
38389 6.024783
38390 6.024783
38391 6.024783
38392 6.024783
38393 6.024783
38394 6.024783
38395 6.024783
38396 6.024783
38397 6.024783
38398 6.024783
38399 6.024783
38400 6.024783
38401 6.024783
38402 6.024783
38403 6.024783
38404 6.024783
38405 6.024783
38406 6.024783
38407 6.024783
38408 6.024783
38409 6.024783
38410 6.024783
38411 6.024783
38412 6.024783
38413 6.024783
38414 6.024783
38415 6.024783
38416 6.024783
38417 6.024783
38418 6.024783
38419 6.024783
38420 6.024783
38421 6.024783
38422 6.024783
38423 6.024783
38424 6.024783
38425 6.024783
38426 6.024783
38427 6.024783
38428 6.024783
38429 6.024783
38430 6.024783
38431 6.024783
38432 6.024783
38433 6.024783
38434 6.024783
38435 6.024783
38436 6.024783
38437 6.024783
38438 6.024783
38439 6.024783
38440 6.024783
38441 6.024783
38442 6.024783
38443 6.024783
38444 6.024783
38445 6.024783
38446 6.024783
38447 6.024783
38448 6.024783
38449 6.024783
38450 6.024783
38451 6.024783
38452 6.024783
38453 6.024783
38454 6.024783
38455 6.024783
38456 6.024783
38457 6.024783
38458 6.024783
38459 6.024783
38460 6.024783
38461 6.024783
38462 6.024783
38463 6.024783
38464 6.024783
38465 6.024783
38466 6.024783
38467 6.024783
38468 6.024783
38469 6.024783
38470 6.024783
38471 6.024783
38472 6.024783
38473 6.024783
38474 6.024783
38475 6.024783
38476 6.024783
38477 6.024783
38478 6.024783
38479 6.024783
38480 6.024783
38481 6.024783
38482 6.024783
38483 6.024783
38484 6.024783
38485 6.024783
38486 6.024783
38487 6.024783
38488 6.024783
38489 6.024783
38490 6.024783
38491 6.024783
38492 6.024783
38493 6.024783
38494 6.024783
38495 6.024783
38496 6.024783
38497 6.024783
38498 6.024783
38499 6.024783
38500 6.024783
38501 6.024783
38502 6.024783
38503 6.024783
38504 6.024783
38505 6.024783
38506 6.024783
38507 6.024783
38508 6.024783
38509 6.024783
38510 6.024783
38511 6.024783
38512 6.024783
38513 6.024783
38514 6.024783
38515 6.024783
38516 6.024783
38517 6.024783
38518 6.024783
38519 6.024783
38520 6.024783
38521 6.024783
38522 6.024783
38523 6.024783
38524 6.024783
38525 6.024783
38526 6.024783
38527 6.024783
38528 6.024783
38529 6.024783
38530 6.024783
38531 6.024783
38532 6.024783
38533 6.024783
38534 6.024783
38535 6.024783
38536 6.024783
38537 6.024783
38538 6.024783
38539 6.024783
38540 6.024783
38541 6.024783
38542 6.024783
38543 6.024783
38544 6.024783
38545 6.024783
38546 6.024783
38547 6.024783
38548 6.024783
38549 6.024783
38550 6.024783
38551 6.024783
38552 6.024783
38553 6.024783
38554 6.024783
38555 6.024783
38556 6.024783
38557 6.024783
38558 6.024783
38559 6.024783
38560 6.024783
38561 6.024783
38562 6.024783
38563 6.024783
38564 6.024783
38565 6.024783
38566 6.024783
38567 6.024783
38568 6.024783
38569 6.024783
38570 6.024783
38571 6.024783
38572 6.024783
38573 6.024783
38574 6.024783
38575 6.024783
38576 6.024783
38577 6.024783
38578 6.024783
38579 6.024783
38580 6.024783
38581 6.024783
38582 6.024783
38583 6.024783
38584 6.024783
38585 6.024783
38586 6.024783
38587 6.024783
38588 6.024783
38589 6.024783
38590 6.024783
38591 6.024783
38592 6.024783
38593 6.024783
38594 6.024783
38595 6.024783
38596 6.024783
38597 6.024783
38598 6.024783
38599 6.024783
38600 6.024783
38601 6.024783
38602 6.024783
38603 6.024783
38604 6.024783
38605 6.024783
38606 6.024783
38607 6.024783
38608 6.024783
38609 6.024783
38610 6.024783
38611 6.024783
38612 6.024783
38613 6.024783
38614 6.024783
38615 6.024783
38616 6.024783
38617 6.024783
38618 6.024783
38619 6.024783
38620 6.024783
38621 6.024783
38622 6.024783
38623 6.024783
38624 6.024783
38625 6.024783
38626 6.024783
38627 6.024783
38628 6.024783
38629 6.024783
38630 6.024783
38631 6.024783
38632 6.024783
38633 6.024783
38634 6.024783
38635 6.024783
38636 6.024783
38637 6.024783
38638 6.024783
38639 6.024783
38640 6.024783
38641 6.024783
38642 6.024783
38643 6.024783
38644 6.024783
38645 6.024783
38646 6.024783
38647 6.024783
38648 6.024783
38649 6.024783
38650 6.024783
38651 6.024783
38652 6.024783
38653 6.024783
38654 6.024783
38655 6.024783
38656 6.024783
38657 6.024783
38658 6.024783
38659 6.024783
38660 6.024783
38661 6.024783
38662 6.024783
38663 6.024783
38664 6.024783
38665 6.024783
38666 6.024783
38667 6.024783
38668 6.024783
38669 6.024783
38670 6.024783
38671 6.024783
38672 6.024783
38673 6.024783
38674 6.024783
38675 6.024783
38676 6.024783
38677 6.024783
38678 6.024783
38679 6.024783
38680 6.024783
38681 6.024783
38682 6.024783
38683 6.024783
38684 6.024783
38685 6.024783
38686 6.024783
38687 6.024783
38688 6.024783
38689 6.024783
38690 6.024783
38691 6.024783
38692 6.024783
38693 6.024783
38694 6.024783
38695 6.024783
38696 6.024783
38697 6.024783
38698 6.024783
38699 6.024783
38700 6.024783
38701 6.024783
38702 6.024783
38703 6.024783
38704 6.024783
38705 6.024783
38706 6.024783
38707 6.024783
38708 6.024783
38709 6.024783
38710 6.024783
38711 6.024783
38712 6.024783
38713 6.024783
38714 6.024783
38715 6.024783
38716 6.024783
38717 6.024783
38718 6.024783
38719 6.024783
38720 6.024783
38721 6.024783
38722 6.024783
38723 6.024783
38724 6.024783
38725 6.024783
38726 6.024783
38727 6.024783
38728 6.024783
38729 6.024783
38730 6.024783
38731 6.024783
38732 6.024783
38733 6.024783
38734 6.024783
38735 6.024783
38736 6.024783
38737 6.024783
38738 6.024783
38739 6.024783
38740 6.024783
38741 6.024783
38742 6.024783
38743 6.024783
38744 6.024783
38745 6.024783
38746 6.024783
38747 6.024783
38748 6.024783
38749 6.024783
38750 6.024783
38751 6.024783
38752 6.024783
38753 6.024783
38754 6.024783
38755 6.024783
38756 6.024783
38757 6.024783
38758 6.024783
38759 6.024783
38760 6.024783
38761 6.024783
38762 6.024783
38763 6.024783
38764 6.024783
38765 6.024783
38766 6.024783
38767 6.024783
38768 6.024783
38769 6.024783
38770 6.024783
38771 6.024783
38772 6.024783
38773 6.024783
38774 6.024783
38775 6.024783
38776 6.024783
38777 6.024783
38778 6.024783
38779 6.024783
38780 6.024783
38781 6.024783
38782 6.024783
38783 6.024783
38784 6.024783
38785 6.024783
38786 6.024783
38787 6.024783
38788 6.024783
38789 6.024783
38790 6.024783
38791 6.024783
38792 6.024783
38793 6.024783
38794 6.024783
38795 6.024783
38796 6.024783
38797 6.024783
38798 6.024783
38799 6.024783
38800 6.024783
38801 6.024783
38802 6.024783
38803 6.024783
38804 6.024783
38805 6.024783
38806 6.024783
38807 6.024783
38808 6.024783
38809 6.024783
38810 6.024783
38811 6.024783
38812 6.024783
38813 6.024783
38814 6.024783
38815 6.024783
38816 6.024783
38817 6.024783
38818 6.024783
38819 6.024783
38820 6.024783
38821 6.024783
38822 6.024783
38823 6.024783
38824 6.024783
38825 6.024783
38826 6.024783
38827 6.024783
38828 6.024783
38829 6.024783
38830 6.024783
38831 6.024783
38832 6.024783
38833 6.024783
38834 6.024783
38835 6.024783
38836 6.024783
38837 6.024783
38838 6.024783
38839 6.024783
38840 6.024783
38841 6.024783
38842 6.024783
38843 6.024783
38844 6.024783
38845 6.024783
38846 6.024783
38847 6.024783
38848 6.024783
38849 6.024783
38850 6.024783
38851 6.024783
38852 6.024783
38853 6.024783
38854 6.024783
38855 6.024783
38856 6.024783
38857 6.024783
38858 6.024783
38859 6.024783
38860 6.024783
38861 6.024783
38862 6.024783
38863 6.024783
38864 6.024783
38865 6.024783
38866 6.024783
38867 6.024783
38868 6.024783
38869 6.024783
38870 6.024783
38871 6.024783
38872 6.024783
38873 6.024783
38874 6.024783
38875 6.024783
38876 6.024783
38877 6.024783
38878 6.024783
38879 6.024783
38880 6.024783
38881 6.024783
38882 6.024783
38883 6.024783
38884 6.024783
38885 6.024783
38886 6.024783
38887 6.024783
38888 6.024783
38889 6.024783
38890 6.024783
38891 6.024783
38892 6.024783
38893 6.024783
38894 6.024783
38895 6.024783
38896 6.024783
38897 6.024783
38898 6.024783
38899 6.024783
38900 6.024783
38901 6.024783
38902 6.024783
38903 6.024783
38904 6.024783
38905 6.024783
38906 6.024783
38907 6.024783
38908 6.024783
38909 6.024783
38910 6.024783
38911 6.024783
38912 6.024783
38913 6.024783
38914 6.024783
38915 6.024783
38916 6.024783
38917 6.024783
38918 6.024783
38919 6.024783
38920 6.024783
38921 6.024783
38922 6.024783
38923 6.024783
38924 6.024783
38925 6.024783
38926 6.024783
38927 6.024783
38928 6.024783
38929 6.024783
38930 6.024783
38931 6.024783
38932 6.024783
38933 6.024783
38934 6.024783
38935 6.024783
38936 6.024783
38937 6.024783
38938 6.024783
38939 6.024783
38940 6.024783
38941 6.024783
38942 6.024783
38943 6.024783
38944 6.024783
38945 6.024783
38946 6.024783
38947 6.024783
38948 6.024783
38949 6.024783
38950 6.024783
38951 6.024783
38952 6.024783
38953 6.024783
38954 6.024783
38955 6.024783
38956 6.024783
38957 6.024783
38958 6.024783
38959 6.024783
38960 6.024783
38961 6.024783
38962 6.024783
38963 6.024783
38964 6.024783
38965 6.024783
38966 6.024783
38967 6.024783
38968 6.024783
38969 6.024783
38970 6.024783
38971 6.024783
38972 6.024783
38973 6.024783
38974 6.024783
38975 6.024783
38976 6.024783
38977 6.024783
38978 6.024783
38979 6.024783
38980 6.024783
38981 6.024783
38982 6.024783
38983 6.024783
38984 6.024783
38985 6.024783
38986 6.024783
38987 6.024783
38988 6.024783
38989 6.024783
38990 6.024783
38991 6.024783
38992 6.024783
38993 6.024783
38994 6.024783
38995 6.024783
38996 6.024783
38997 6.024783
38998 6.024783
38999 6.024783
39000 6.024783
39001 6.024783
39002 6.024783
39003 6.024783
39004 6.024783
39005 6.024783
39006 6.024783
39007 6.024783
39008 6.024783
39009 6.024783
39010 6.024783
39011 6.024783
39012 6.024783
39013 6.024783
39014 6.024783
39015 6.024783
39016 6.024783
39017 6.024783
39018 6.024783
39019 6.024783
39020 6.024783
39021 6.024783
39022 6.024783
39023 6.024783
39024 6.024783
39025 6.024783
39026 6.024783
39027 6.024783
39028 6.024783
39029 6.024783
39030 6.024783
39031 6.024783
39032 6.024783
39033 6.024783
39034 6.024783
39035 6.024783
39036 6.024783
39037 6.024783
39038 6.024783
39039 6.024783
39040 6.024783
39041 6.024783
39042 6.024783
39043 6.024783
39044 6.024783
39045 6.024783
39046 6.024783
39047 6.024783
39048 6.024783
39049 6.024783
39050 6.024783
39051 6.024783
39052 6.024783
39053 6.024783
39054 6.024783
39055 6.024783
39056 6.024783
39057 6.024783
39058 6.024783
39059 6.024783
39060 6.024783
39061 6.024783
39062 6.024783
39063 6.024783
39064 6.024783
39065 6.024783
39066 6.024783
39067 6.024783
39068 6.024783
39069 6.024783
39070 6.024783
39071 6.024783
39072 6.024783
39073 6.024783
39074 6.024783
39075 6.024783
39076 6.024783
39077 6.024783
39078 6.024783
39079 6.024783
39080 6.024783
39081 6.024783
39082 6.024783
39083 6.024783
39084 6.024783
39085 6.024783
39086 6.024783
39087 6.024783
39088 6.024783
39089 6.024783
39090 6.024783
39091 6.024783
39092 6.024783
39093 6.024783
39094 6.024783
39095 6.024783
39096 6.024783
39097 6.024783
39098 6.024783
39099 6.024783
39100 6.024783
39101 6.024783
39102 6.024783
39103 6.024783
39104 6.024783
39105 6.024783
39106 6.024783
39107 6.024783
39108 6.024783
39109 6.024783
39110 6.024783
39111 6.024783
39112 6.024783
39113 6.024783
39114 6.024783
39115 6.024783
39116 6.024783
39117 6.024783
39118 6.024783
39119 6.024783
39120 6.024783
39121 6.024783
39122 6.024783
39123 6.024783
39124 6.024783
39125 6.024783
39126 6.024783
39127 6.024783
39128 6.024783
39129 6.024783
39130 6.024783
39131 6.024783
39132 6.024783
39133 6.024783
39134 6.024783
39135 6.024783
39136 6.024783
39137 6.024783
39138 6.024783
39139 6.024783
39140 6.024783
39141 6.024783
39142 6.024783
39143 6.024783
39144 6.024783
39145 6.024783
39146 6.024783
39147 6.024783
39148 6.024783
39149 6.024783
39150 6.024783
39151 6.024783
39152 6.024783
39153 6.024783
39154 6.024783
39155 6.024783
39156 6.024783
39157 6.024783
39158 6.024783
39159 6.024783
39160 6.024783
39161 6.024783
39162 6.024783
39163 6.024783
39164 6.024783
39165 6.024783
39166 6.024783
39167 6.024783
39168 6.024783
39169 6.024783
39170 6.024783
39171 6.024783
39172 6.024783
39173 6.024783
39174 6.024783
39175 6.024783
39176 6.024783
39177 6.024783
39178 6.024783
39179 6.024783
39180 6.024783
39181 6.024783
39182 6.024783
39183 6.024783
39184 6.024783
39185 6.024783
39186 6.024783
39187 6.024783
39188 6.024783
39189 6.024783
39190 6.024783
39191 6.024783
39192 6.024783
39193 6.024783
39194 6.024783
39195 6.024783
39196 6.024783
39197 6.024783
39198 6.024783
39199 6.024783
39200 6.024783
39201 6.024783
39202 6.024783
39203 6.024783
39204 6.024783
39205 6.024783
39206 6.024783
39207 6.024783
39208 6.024783
39209 6.024783
39210 6.024783
39211 6.024783
39212 6.024783
39213 6.024783
39214 6.024783
39215 6.024783
39216 6.024783
39217 6.024783
39218 6.024783
39219 6.024783
39220 6.024783
39221 6.024783
39222 6.024783
39223 6.024783
39224 6.024783
39225 6.024783
39226 6.024783
39227 6.024783
39228 6.024783
39229 6.024783
39230 6.024783
39231 6.024783
39232 6.024783
39233 6.024783
39234 6.024783
39235 6.024783
39236 6.024783
39237 6.024783
39238 6.024783
39239 6.024783
39240 6.024783
39241 6.024783
39242 6.024783
39243 6.024783
39244 6.024783
39245 6.024783
39246 6.024783
39247 6.024783
39248 6.024783
39249 6.024783
39250 6.024783
39251 6.024783
39252 6.024783
39253 6.024783
39254 6.024783
39255 6.024783
39256 6.024783
39257 6.024783
39258 6.024783
39259 6.024783
39260 6.024783
39261 6.024783
39262 6.024783
39263 6.024783
39264 6.024783
39265 6.024783
39266 6.024783
39267 6.024783
39268 6.024783
39269 6.024783
39270 6.024783
39271 6.024783
39272 6.024783
39273 6.024783
39274 6.024783
39275 6.024783
39276 6.024783
39277 6.024783
39278 6.024783
39279 6.024783
39280 6.024783
39281 6.024783
39282 6.024783
39283 6.024783
39284 6.024783
39285 6.024783
39286 6.024783
39287 6.024783
39288 6.024783
39289 6.024783
39290 6.024783
39291 6.024783
39292 6.024783
39293 6.024783
39294 6.024783
39295 6.024783
39296 6.024783
39297 6.024783
39298 6.024783
39299 6.024783
39300 6.024783
39301 6.024783
39302 6.024783
39303 6.024783
39304 6.024783
39305 6.024783
39306 6.024783
39307 6.024783
39308 6.024783
39309 6.024783
39310 6.024783
39311 6.024783
39312 6.024783
39313 6.024783
39314 6.024783
39315 6.024783
39316 6.024783
39317 6.024783
39318 6.024783
39319 6.024783
39320 6.024783
39321 6.024783
39322 6.024783
39323 6.024783
39324 6.024783
39325 6.024783
39326 6.024783
39327 6.024783
39328 6.024783
39329 6.024783
39330 6.024783
39331 6.024783
39332 6.024783
39333 6.024783
39334 6.024783
39335 6.024783
39336 6.024783
39337 6.024783
39338 6.024783
39339 6.024783
39340 6.024783
39341 6.024783
39342 6.024783
39343 6.024783
39344 6.024783
39345 6.024783
39346 6.024783
39347 6.024783
39348 6.024783
39349 6.024783
39350 6.024783
39351 6.024783
39352 6.024783
39353 6.024783
39354 6.024783
39355 6.024783
39356 6.024783
39357 6.024783
39358 6.024783
39359 6.024783
39360 6.024783
39361 6.024783
39362 6.024783
39363 6.024783
39364 6.024783
39365 6.024783
39366 6.024783
39367 6.024783
39368 6.024783
39369 6.024783
39370 6.024783
39371 6.024783
39372 6.024783
39373 6.024783
39374 6.024783
39375 6.024783
39376 6.024783
39377 6.024783
39378 6.024783
39379 6.024783
39380 6.024783
39381 6.024783
39382 6.024783
39383 6.024783
39384 6.024783
39385 6.024783
39386 6.024783
39387 6.024783
39388 6.024783
39389 6.024783
39390 6.024783
39391 6.024783
39392 6.024783
39393 6.024783
39394 6.024783
39395 6.024783
39396 6.024783
39397 6.024783
39398 6.024783
39399 6.024783
39400 6.024783
39401 6.024783
39402 6.024783
39403 6.024783
39404 6.024783
39405 6.024783
39406 6.024783
39407 6.024783
39408 6.024783
39409 6.024783
39410 6.024783
39411 6.024783
39412 6.024783
39413 6.024783
39414 6.024783
39415 6.024783
39416 6.024783
39417 6.024783
39418 6.024783
39419 6.024783
39420 6.024783
39421 6.024783
39422 6.024783
39423 6.024783
39424 6.024783
39425 6.024783
39426 6.024783
39427 6.024783
39428 6.024783
39429 6.024783
39430 6.024783
39431 6.024783
39432 6.024783
39433 6.024783
39434 6.024783
39435 6.024783
39436 6.024783
39437 6.024783
39438 6.024783
39439 6.024783
39440 6.024783
39441 6.024783
39442 6.024783
39443 6.024783
39444 6.024783
39445 6.024783
39446 6.024783
39447 6.024783
39448 6.024783
39449 6.024783
39450 6.024783
39451 6.024783
39452 6.024783
39453 6.024783
39454 6.024783
39455 6.024783
39456 6.024783
39457 6.024783
39458 6.024783
39459 6.024783
39460 6.024783
39461 6.024783
39462 6.024783
39463 6.024783
39464 6.024783
39465 6.024783
39466 6.024783
39467 6.024783
39468 6.024783
39469 6.024783
39470 6.024783
39471 6.024783
39472 6.024783
39473 6.024783
39474 6.024783
39475 6.024783
39476 6.024783
39477 6.024783
39478 6.024783
39479 6.024783
39480 6.024783
39481 6.024783
39482 6.024783
39483 6.024783
39484 6.024783
39485 6.024783
39486 6.024783
39487 6.024783
39488 6.024783
39489 6.024783
39490 6.024783
39491 6.024783
39492 6.024783
39493 6.024783
39494 6.024783
39495 6.024783
39496 6.024783
39497 6.024783
39498 6.024783
39499 6.024783
39500 6.024783
39501 6.024783
39502 6.024783
39503 6.024783
39504 6.024783
39505 6.024783
39506 6.024783
39507 6.024783
39508 6.024783
39509 6.024783
39510 6.024783
39511 6.024783
39512 6.024783
39513 6.024783
39514 6.024783
39515 6.024783
39516 6.024783
39517 6.024783
39518 6.024783
39519 6.024783
39520 6.024783
39521 6.024783
39522 6.024783
39523 6.024783
39524 6.024783
39525 6.024783
39526 6.024783
39527 6.024783
39528 6.024783
39529 6.024783
39530 6.024783
39531 6.024783
39532 6.024783
39533 6.024783
39534 6.024783
39535 6.024783
39536 6.024783
39537 6.024783
39538 6.024783
39539 6.024783
39540 6.024783
39541 6.024783
39542 6.024783
39543 6.024783
39544 6.024783
39545 6.024783
39546 6.024783
39547 6.024783
39548 6.024783
39549 6.024783
39550 6.024783
39551 6.024783
39552 6.024783
39553 6.024783
39554 6.024783
39555 6.024783
39556 6.024783
39557 6.024783
39558 6.024783
39559 6.024783
39560 6.024783
39561 6.024783
39562 6.024783
39563 6.024783
39564 6.024783
39565 6.024783
39566 6.024783
39567 6.024783
39568 6.024783
39569 6.024783
39570 6.024783
39571 6.024783
39572 6.024783
39573 6.024783
39574 6.024783
39575 6.024783
39576 6.024783
39577 6.024783
39578 6.024783
39579 6.024783
39580 6.024783
39581 6.024783
39582 6.024783
39583 6.024783
39584 6.024783
39585 6.024783
39586 6.024783
39587 6.024783
39588 6.024783
39589 6.024783
39590 6.024783
39591 6.024783
39592 6.024783
39593 6.024783
39594 6.024783
39595 6.024783
39596 6.024783
39597 6.024783
39598 6.024783
39599 6.024783
39600 6.024783
39601 6.024783
39602 6.024783
39603 6.024783
39604 6.024783
39605 6.024783
39606 6.024783
39607 6.024783
39608 6.024783
39609 6.024783
39610 6.024783
39611 6.024783
39612 6.024783
39613 6.024783
39614 6.024783
39615 6.024783
39616 6.024783
39617 6.024783
39618 6.024783
39619 6.024783
39620 6.024783
39621 6.024783
39622 6.024783
39623 6.024783
39624 6.024783
39625 6.024783
39626 6.024783
39627 6.024783
39628 6.024783
39629 6.024783
39630 6.024783
39631 6.024783
39632 6.024783
39633 6.024783
39634 6.024783
39635 6.024783
39636 6.024783
39637 6.024783
39638 6.024783
39639 6.024783
39640 6.024783
39641 6.024783
39642 6.024783
39643 6.024783
39644 6.024783
39645 6.024783
39646 6.024783
39647 6.024783
39648 6.024783
39649 6.024783
39650 6.024783
39651 6.024783
39652 6.024783
39653 6.024783
39654 6.024783
39655 6.024783
39656 6.024783
39657 6.024783
39658 6.024783
39659 6.024783
39660 6.024783
39661 6.024783
39662 6.024783
39663 6.024783
39664 6.024783
39665 6.024783
39666 6.024783
39667 6.024783
39668 6.024783
39669 6.024783
39670 6.024783
39671 6.024783
39672 6.024783
39673 6.024783
39674 6.024783
39675 6.024783
39676 6.024783
39677 6.024783
39678 6.024783
39679 6.024783
39680 6.024783
39681 6.024783
39682 6.024783
39683 6.024783
39684 6.024783
39685 6.024783
39686 6.024783
39687 6.024783
39688 6.024783
39689 6.024783
39690 6.024783
39691 6.024783
39692 6.024783
39693 6.024783
39694 6.024783
39695 6.024783
39696 6.024783
39697 6.024783
39698 6.024783
39699 6.024783
39700 6.024783
39701 6.024783
39702 6.024783
39703 6.024783
39704 6.024783
39705 6.024783
39706 6.024783
39707 6.024783
39708 6.024783
39709 6.024783
39710 6.024783
39711 6.024783
39712 6.024783
39713 6.024783
39714 6.024783
39715 6.024783
39716 6.024783
39717 6.024783
39718 6.024783
39719 6.024783
39720 6.024783
39721 6.024783
39722 6.024783
39723 6.024783
39724 6.024783
39725 6.024783
39726 6.024783
39727 6.024783
39728 6.024783
39729 6.024783
39730 6.024783
39731 6.024783
39732 6.024783
39733 6.024783
39734 6.024783
39735 6.024783
39736 6.024783
39737 6.024783
39738 6.024783
39739 6.024783
39740 6.024783
39741 6.024783
39742 6.024783
39743 6.024783
39744 6.024783
39745 6.024783
39746 6.024783
39747 6.024783
39748 6.024783
39749 6.024783
39750 6.024783
39751 6.024783
39752 6.024783
39753 6.024783
39754 6.024783
39755 6.024783
39756 6.024783
39757 6.024783
39758 6.024783
39759 6.024783
39760 6.024783
39761 6.024783
39762 6.024783
39763 6.024783
39764 6.024783
39765 6.024783
39766 6.024783
39767 6.024783
39768 6.024783
39769 6.024783
39770 6.024783
39771 6.024783
39772 6.024783
39773 6.024783
39774 6.024783
39775 6.024783
39776 6.024783
39777 6.024783
39778 6.024783
39779 6.024783
39780 6.024783
39781 6.024783
39782 6.024783
39783 6.024783
39784 6.024783
39785 6.024783
39786 6.024783
39787 6.024783
39788 6.024783
39789 6.024783
39790 6.024783
39791 6.024783
39792 6.024783
39793 6.024783
39794 6.024783
39795 6.024783
39796 6.024783
39797 6.024783
39798 6.024783
39799 6.024783
39800 6.024783
39801 6.024783
39802 6.024783
39803 6.024783
39804 6.024783
39805 6.024783
39806 6.024783
39807 6.024783
39808 6.024783
39809 6.024783
39810 6.024783
39811 6.024783
39812 6.024783
39813 6.024783
39814 6.024783
39815 6.024783
39816 6.024783
39817 6.024783
39818 6.024783
39819 6.024783
39820 6.024783
39821 6.024783
39822 6.024783
39823 6.024783
39824 6.024783
39825 6.024783
39826 6.024783
39827 6.024783
39828 6.024783
39829 6.024783
39830 6.024783
39831 6.024783
39832 6.024783
39833 6.024783
39834 6.024783
39835 6.024783
39836 6.024783
39837 6.024783
39838 6.024783
39839 6.024783
39840 6.024783
39841 6.024783
39842 6.024783
39843 6.024783
39844 6.024783
39845 6.024783
39846 6.024783
39847 6.024783
39848 6.024783
39849 6.024783
39850 6.024783
39851 6.024783
39852 6.024783
39853 6.024783
39854 6.024783
39855 6.024783
39856 6.024783
39857 6.024783
39858 6.024783
39859 6.024783
39860 6.024783
39861 6.024783
39862 6.024783
39863 6.024783
39864 6.024783
39865 6.024783
39866 6.024783
39867 6.024783
39868 6.024783
39869 6.024783
39870 6.024783
39871 6.024783
39872 6.024783
39873 6.024783
39874 6.024783
39875 6.024783
39876 6.024783
39877 6.024783
39878 6.024783
39879 6.024783
39880 6.024783
39881 6.024783
39882 6.024783
39883 6.024783
39884 6.024783
39885 6.024783
39886 6.024783
39887 6.024783
39888 6.024783
39889 6.024783
39890 6.024783
39891 6.024783
39892 6.024783
39893 6.024783
39894 6.024783
39895 6.024783
39896 6.024783
39897 6.024783
39898 6.024783
39899 6.024783
39900 6.024783
39901 6.024783
39902 6.024783
39903 6.024783
39904 6.024783
39905 6.024783
39906 6.024783
39907 6.024783
39908 6.024783
39909 6.024783
39910 6.024783
39911 6.024783
39912 6.024783
39913 6.024783
39914 6.024783
39915 6.024783
39916 6.024783
39917 6.024783
39918 6.024783
39919 6.024783
39920 6.024783
39921 6.024783
39922 6.024783
39923 6.024783
39924 6.024783
39925 6.024783
39926 6.024783
39927 6.024783
39928 6.024783
39929 6.024783
39930 6.024783
39931 6.024783
39932 6.024783
39933 6.024783
39934 6.024783
39935 6.024783
39936 6.024783
39937 6.024783
39938 6.024783
39939 6.024783
39940 6.024783
39941 6.024783
39942 6.024783
39943 6.024783
39944 6.024783
39945 6.024783
39946 6.024783
39947 6.024783
39948 6.024783
39949 6.024783
39950 6.024783
39951 6.024783
39952 6.024783
39953 6.024783
39954 6.024783
39955 6.024783
39956 6.024783
39957 6.024783
39958 6.024783
39959 6.024783
39960 6.024783
39961 6.024783
39962 6.024783
39963 6.024783
39964 6.024783
39965 6.024783
39966 6.024783
39967 6.024783
39968 6.024783
39969 6.024783
39970 6.024783
39971 6.024783
39972 6.024783
39973 6.024783
39974 6.024783
39975 6.024783
39976 6.024783
39977 6.024783
39978 6.024783
39979 6.024783
39980 6.024783
39981 6.024783
39982 6.024783
39983 6.024783
39984 6.024783
39985 6.024783
39986 6.024783
39987 6.024783
39988 6.024783
39989 6.024783
39990 6.024783
39991 6.024783
39992 6.024783
39993 6.024783
39994 6.024783
39995 6.024783
39996 6.024783
39997 6.024783
39998 6.024783
39999 6.024783
40000 6.024783
40001 6.024783
40002 6.024783
40003 6.024783
40004 6.024783
40005 6.024783
40006 6.024783
40007 6.024783
40008 6.024783
40009 6.024783
40010 6.024783
40011 6.024783
40012 6.024783
40013 6.024783
40014 6.024783
40015 6.024783
40016 6.024783
40017 6.024783
40018 6.024783
40019 6.024783
40020 6.024783
40021 6.024783
40022 6.024783
40023 6.024783
40024 6.024783
40025 6.024783
40026 6.024783
40027 6.024783
40028 6.024783
40029 6.024783
40030 6.024783
40031 6.024783
40032 6.024783
40033 6.024783
40034 6.024783
40035 6.024783
40036 6.024783
40037 6.024783
40038 6.024783
40039 6.024783
40040 6.024783
40041 6.024783
40042 6.024783
40043 6.024783
40044 6.024783
40045 6.024783
40046 6.024783
40047 6.024783
40048 6.024783
40049 6.024783
40050 6.024783
40051 6.024783
40052 6.024783
40053 6.024783
40054 6.024783
40055 6.024783
40056 6.024783
40057 6.024783
40058 6.024783
40059 6.024783
40060 6.024783
40061 6.024783
40062 6.024783
40063 6.024783
40064 6.024783
40065 6.024783
40066 6.024783
40067 6.024783
40068 6.024783
40069 6.024783
40070 6.024783
40071 6.024783
40072 6.024783
40073 6.024783
40074 6.024783
40075 6.024783
40076 6.024783
40077 6.024783
40078 6.024783
40079 6.024783
40080 6.024783
40081 6.024783
40082 6.024783
40083 6.024783
40084 6.024783
40085 6.024783
40086 6.024783
40087 6.024783
40088 6.024783
40089 6.024783
40090 6.024783
40091 6.024783
40092 6.024783
40093 6.024783
40094 6.024783
40095 6.024783
40096 6.024783
40097 6.024783
40098 6.024783
40099 6.024783
40100 6.024783
40101 6.024783
40102 6.024783
40103 6.024783
40104 6.024783
40105 6.024783
40106 6.024783
40107 6.024783
40108 6.024783
40109 6.024783
40110 6.024783
40111 6.024783
40112 6.024783
40113 6.024783
40114 6.024783
40115 6.024783
40116 6.024783
40117 6.024783
40118 6.024783
40119 6.024783
40120 6.024783
40121 6.024783
40122 6.024783
40123 6.024783
40124 6.024783
40125 6.024783
40126 6.024783
40127 6.024783
40128 6.024783
40129 6.024783
40130 6.024783
40131 6.024783
40132 6.024783
40133 6.024783
40134 6.024783
40135 6.024783
40136 6.024783
40137 6.024783
40138 6.024783
40139 6.024783
40140 6.024783
40141 6.024783
40142 6.024783
40143 6.024783
40144 6.024783
40145 6.024783
40146 6.024783
40147 6.024783
40148 6.024783
40149 6.024783
40150 6.024783
40151 6.024783
40152 6.024783
40153 6.024783
40154 6.024783
40155 6.024783
40156 6.024783
40157 6.024783
40158 6.024783
40159 6.024783
40160 6.024783
40161 6.024783
40162 6.024783
40163 6.024783
40164 6.024783
40165 6.024783
40166 6.024783
40167 6.024783
40168 6.024783
40169 6.024783
40170 6.024783
40171 6.024783
40172 6.024783
40173 6.024783
40174 6.024783
40175 6.024783
40176 6.024783
40177 6.024783
40178 6.024783
40179 6.024783
40180 6.024783
40181 6.024783
40182 6.024783
40183 6.024783
40184 6.024783
40185 6.024783
40186 6.024783
40187 6.024783
40188 6.024783
40189 6.024783
40190 6.024783
40191 6.024783
40192 6.024783
40193 6.024783
40194 6.024783
40195 6.024783
40196 6.024783
40197 6.024783
40198 6.024783
40199 6.024783
40200 6.024783
40201 6.024783
40202 6.024783
40203 6.024783
40204 6.024783
40205 6.024783
40206 6.024783
40207 6.024783
40208 6.024783
40209 6.024783
40210 6.024783
40211 6.024783
40212 6.024783
40213 6.024783
40214 6.024783
40215 6.024783
40216 6.024783
40217 6.024783
40218 6.024783
40219 6.024783
40220 6.024783
40221 6.024783
40222 6.024783
40223 6.024783
40224 6.024783
40225 6.024783
40226 6.024783
40227 6.024783
40228 6.024783
40229 6.024783
40230 6.024783
40231 6.024783
40232 6.024783
40233 6.024783
40234 6.024783
40235 6.024783
40236 6.024783
40237 6.024783
40238 6.024783
40239 6.024783
40240 6.024783
40241 6.024783
40242 6.024783
40243 6.024783
40244 6.024783
40245 6.024783
40246 6.024783
40247 6.024783
40248 6.024783
40249 6.024783
40250 6.024783
40251 6.024783
40252 6.024783
40253 6.024783
40254 6.024783
40255 6.024783
40256 6.024783
40257 6.024783
40258 6.024783
40259 6.024783
40260 6.024783
40261 6.024783
40262 6.024783
40263 6.024783
40264 6.024783
40265 6.024783
40266 6.024783
40267 6.024783
40268 6.024783
40269 6.024783
40270 6.024783
40271 6.024783
40272 6.024783
40273 6.024783
40274 6.024783
40275 6.024783
40276 6.024783
40277 6.024783
40278 6.024783
40279 6.024783
40280 6.024783
40281 6.024783
40282 6.024783
40283 6.024783
40284 6.024783
40285 6.024783
40286 6.024783
40287 6.024783
40288 6.024783
40289 6.024783
40290 6.024783
40291 6.024783
40292 6.024783
40293 6.024783
40294 6.024783
40295 6.024783
40296 6.024783
40297 6.024783
40298 6.024783
40299 6.024783
40300 6.024783
40301 6.024783
40302 6.024783
40303 6.024783
40304 6.024783
40305 6.024783
40306 6.024783
40307 6.024783
40308 6.024783
40309 6.024783
40310 6.024783
40311 6.024783
40312 6.024783
40313 6.024783
40314 6.024783
40315 6.024783
40316 6.024783
40317 6.024783
40318 6.024783
40319 6.024783
40320 6.024783
40321 6.024783
40322 6.024783
40323 6.024783
40324 6.024783
40325 6.024783
40326 6.024783
40327 6.024783
40328 6.024783
40329 6.024783
40330 6.024783
40331 6.024783
40332 6.024783
40333 6.024783
40334 6.024783
40335 6.024783
40336 6.024783
40337 6.024783
40338 6.024783
40339 6.024783
40340 6.024783
40341 6.024783
40342 6.024783
40343 6.024783
40344 6.024783
40345 6.024783
40346 6.024783
40347 6.024783
40348 6.024783
40349 6.024783
40350 6.024783
40351 6.024783
40352 6.024783
40353 6.024783
40354 6.024783
40355 6.024783
40356 6.024783
40357 6.024783
40358 6.024783
40359 6.024783
40360 6.024783
40361 6.024783
40362 6.024783
40363 6.024783
40364 6.024783
40365 6.024783
40366 6.024783
40367 6.024783
40368 6.024783
40369 6.024783
40370 6.024783
40371 6.024783
40372 6.024783
40373 6.024783
40374 6.024783
40375 6.024783
40376 6.024783
40377 6.024783
40378 6.024783
40379 6.024783
40380 6.024783
40381 6.024783
40382 6.024783
40383 6.024783
40384 6.024783
40385 6.024783
40386 6.024783
40387 6.024783
40388 6.024783
40389 6.024783
40390 6.024783
40391 6.024783
40392 6.024783
40393 6.024783
40394 6.024783
40395 6.024783
40396 6.024783
40397 6.024783
40398 6.024783
40399 6.024783
40400 6.024783
40401 6.024783
40402 6.024783
40403 6.024783
40404 6.024783
40405 6.024783
40406 6.024783
40407 6.024783
40408 6.024783
40409 6.024783
40410 6.024783
40411 6.024783
40412 6.024783
40413 6.024783
40414 6.024783
40415 6.024783
40416 6.024783
40417 6.024783
40418 6.024783
40419 6.024783
40420 6.024783
40421 6.024783
40422 6.024783
40423 6.024783
40424 6.024783
40425 6.024783
40426 6.024783
40427 6.024783
40428 6.024783
40429 6.024783
40430 6.024783
40431 6.024783
40432 6.024783
40433 6.024783
40434 6.024783
40435 6.024783
40436 6.024783
40437 6.024783
40438 6.024783
40439 6.024783
40440 6.024783
40441 6.024783
40442 6.024783
40443 6.024783
40444 6.024783
40445 6.024783
40446 6.024783
40447 6.024783
40448 6.024783
40449 6.024783
40450 6.024783
40451 6.024783
40452 6.024783
40453 6.024783
40454 6.024783
40455 6.024783
40456 6.024783
40457 6.024783
40458 6.024783
40459 6.024783
40460 6.024783
40461 6.024783
40462 6.024783
40463 6.024783
40464 6.024783
40465 6.024783
40466 6.024783
40467 6.024783
40468 6.024783
40469 6.024783
40470 6.024783
40471 6.024783
40472 6.024783
40473 6.024783
40474 6.024783
40475 6.024783
40476 6.024783
40477 6.024783
40478 6.024783
40479 6.024783
40480 6.024783
40481 6.024783
40482 6.024783
40483 6.024783
40484 6.024783
40485 6.024783
40486 6.024783
40487 6.024783
40488 6.024783
40489 6.024783
40490 6.024783
40491 6.024783
40492 6.024783
40493 6.024783
40494 6.024783
40495 6.024783
40496 6.024783
40497 6.024783
40498 6.024783
40499 6.024783
40500 6.024783
40501 6.024783
40502 6.024783
40503 6.024783
40504 6.024783
40505 6.024783
40506 6.024783
40507 6.024783
40508 6.024783
40509 6.024783
40510 6.024783
40511 6.024783
40512 6.024783
40513 6.024783
40514 6.024783
40515 6.024783
40516 6.024783
40517 6.024783
40518 6.024783
40519 6.024783
40520 6.024783
40521 6.024783
40522 6.024783
40523 6.024783
40524 6.024783
40525 6.024783
40526 6.024783
40527 6.024783
40528 6.024783
40529 6.024783
40530 6.024783
40531 6.024783
40532 6.024783
40533 6.024783
40534 6.024783
40535 6.024783
40536 6.024783
40537 6.024783
40538 6.024783
40539 6.024783
40540 6.024783
40541 6.024783
40542 6.024783
40543 6.024783
40544 6.024783
40545 6.024783
40546 6.024783
40547 6.024783
40548 6.024783
40549 6.024783
40550 6.024783
40551 6.024783
40552 6.024783
40553 6.024783
40554 6.024783
40555 6.024783
40556 6.024783
40557 6.024783
40558 6.024783
40559 6.024783
40560 6.024783
40561 6.024783
40562 6.024783
40563 6.024783
40564 6.024783
40565 6.024783
40566 6.024783
40567 6.024783
40568 6.024783
40569 6.024783
40570 6.024783
40571 6.024783
40572 6.024783
40573 6.024783
40574 6.024783
40575 6.024783
40576 6.024783
40577 6.024783
40578 6.024783
40579 6.024783
40580 6.024783
40581 6.024783
40582 6.024783
40583 6.024783
40584 6.024783
40585 6.024783
40586 6.024783
40587 6.024783
40588 6.024783
40589 6.024783
40590 6.024783
40591 6.024783
40592 6.024783
40593 6.024783
40594 6.024783
40595 6.024783
40596 6.024783
40597 6.024783
40598 6.024783
40599 6.024783
40600 6.024783
40601 6.024783
40602 6.024783
40603 6.024783
40604 6.024783
40605 6.024783
40606 6.024783
40607 6.024783
40608 6.024783
40609 6.024783
40610 6.024783
40611 6.024783
40612 6.024783
40613 6.024783
40614 6.024783
40615 6.024783
40616 6.024783
40617 6.024783
40618 6.024783
40619 6.024783
40620 6.024783
40621 6.024783
40622 6.024783
40623 6.024783
40624 6.024783
40625 6.024783
40626 6.024783
40627 6.024783
40628 6.024783
40629 6.024783
40630 6.024783
40631 6.024783
40632 6.024783
40633 6.024783
40634 6.024783
40635 6.024783
40636 6.024783
40637 6.024783
40638 6.024783
40639 6.024783
40640 6.024783
40641 6.024783
40642 6.024783
40643 6.024783
40644 6.024783
40645 6.024783
40646 6.024783
40647 6.024783
40648 6.024783
40649 6.024783
40650 6.024783
40651 6.024783
40652 6.024783
40653 6.024783
40654 6.024783
40655 6.024783
40656 6.024783
40657 6.024783
40658 6.024783
40659 6.024783
40660 6.024783
40661 6.024783
40662 6.024783
40663 6.024783
40664 6.024783
40665 6.024783
40666 6.024783
40667 6.024783
40668 6.024783
40669 6.024783
40670 6.024783
40671 6.024783
40672 6.024783
40673 6.024783
40674 6.024783
40675 6.024783
40676 6.024783
40677 6.024783
40678 6.024783
40679 6.024783
40680 6.024783
40681 6.024783
40682 6.024783
40683 6.024783
40684 6.024783
40685 6.024783
40686 6.024783
40687 6.024783
40688 6.024783
40689 6.024783
40690 6.024783
40691 6.024783
40692 6.024783
40693 6.024783
40694 6.024783
40695 6.024783
40696 6.024783
40697 6.024783
40698 6.024783
40699 6.024783
40700 6.024783
40701 6.024783
40702 6.024783
40703 6.024783
40704 6.024783
40705 6.024783
40706 6.024783
40707 6.024783
40708 6.024783
40709 6.024783
40710 6.024783
40711 6.024783
40712 6.024783
40713 6.024783
40714 6.024783
40715 6.024783
40716 6.024783
40717 6.024783
40718 6.024783
40719 6.024783
40720 6.024783
40721 6.024783
40722 6.024783
40723 6.024783
40724 6.024783
40725 6.024783
40726 6.024783
40727 6.024783
40728 6.024783
40729 6.024783
40730 6.024783
40731 6.024783
40732 6.024783
40733 6.024783
40734 6.024783
40735 6.024783
40736 6.024783
40737 6.024783
40738 6.024783
40739 6.024783
40740 6.024783
40741 6.024783
40742 6.024783
40743 6.024783
40744 6.024783
40745 6.024783
40746 6.024783
40747 6.024783
40748 6.024783
40749 6.024783
40750 6.024783
40751 6.024783
40752 6.024783
40753 6.024783
40754 6.024783
40755 6.024783
40756 6.024783
40757 6.024783
40758 6.024783
40759 6.024783
40760 6.024783
40761 6.024783
40762 6.024783
40763 6.024783
40764 6.024783
40765 6.024783
40766 6.024783
40767 6.024783
40768 6.024783
40769 6.024783
40770 6.024783
40771 6.024783
40772 6.024783
40773 6.024783
40774 6.024783
40775 6.024783
40776 6.024783
40777 6.024783
40778 6.024783
40779 6.024783
40780 6.024783
40781 6.024783
40782 6.024783
40783 6.024783
40784 6.024783
40785 6.024783
40786 6.024783
40787 6.024783
40788 6.024783
40789 6.024783
40790 6.024783
40791 6.024783
40792 6.024783
40793 6.024783
40794 6.024783
40795 6.024783
40796 6.024783
40797 6.024783
40798 6.024783
40799 6.024783
40800 6.024783
40801 6.024783
40802 6.024783
40803 6.024783
40804 6.024783
40805 6.024783
40806 6.024783
40807 6.024783
40808 6.024783
40809 6.024783
40810 6.024783
40811 6.024783
40812 6.024783
40813 6.024783
40814 6.024783
40815 6.024783
40816 6.024783
40817 6.024783
40818 6.024783
40819 6.024783
40820 6.024783
40821 6.024783
40822 6.024783
40823 6.024783
40824 6.024783
40825 6.024783
40826 6.024783
40827 6.024783
40828 6.024783
40829 6.024783
40830 6.024783
40831 6.024783
40832 6.024783
40833 6.024783
40834 6.024783
40835 6.024783
40836 6.024783
40837 6.024783
40838 6.024783
40839 6.024783
40840 6.024783
40841 6.024783
40842 6.024783
40843 6.024783
40844 6.024783
40845 6.024783
40846 6.024783
40847 6.024783
40848 6.024783
40849 6.024783
40850 6.024783
40851 6.024783
40852 6.024783
40853 6.024783
40854 6.024783
40855 6.024783
40856 6.024783
40857 6.024783
40858 6.024783
40859 6.024783
40860 6.024783
40861 6.024783
40862 6.024783
40863 6.024783
40864 6.024783
40865 6.024783
40866 6.024783
40867 6.024783
40868 6.024783
40869 6.024783
40870 6.024783
40871 6.024783
40872 6.024783
40873 6.024783
40874 6.024783
40875 6.024783
40876 6.024783
40877 6.024783
40878 6.024783
40879 6.024783
40880 6.024783
40881 6.024783
40882 6.024783
40883 6.024783
40884 6.024783
40885 6.024783
40886 6.024783
40887 6.024783
40888 6.024783
40889 6.024783
40890 6.024783
40891 6.024783
40892 6.024783
40893 6.024783
40894 6.024783
40895 6.024783
40896 6.024783
40897 6.024783
40898 6.024783
40899 6.024783
40900 6.024783
40901 6.024783
40902 6.024783
40903 6.024783
40904 6.024783
40905 6.024783
40906 6.024783
40907 6.024783
40908 6.024783
40909 6.024783
40910 6.024783
40911 6.024783
40912 6.024783
40913 6.024783
40914 6.024783
40915 6.024783
40916 6.024783
40917 6.024783
40918 6.024783
40919 6.024783
40920 6.024783
40921 6.024783
40922 6.024783
40923 6.024783
40924 6.024783
40925 6.024783
40926 6.024783
40927 6.024783
40928 6.024783
40929 6.024783
40930 6.024783
40931 6.024783
40932 6.024783
40933 6.024783
40934 6.024783
40935 6.024783
40936 6.024783
40937 6.024783
40938 6.024783
40939 6.024783
40940 6.024783
40941 6.024783
40942 6.024783
40943 6.024783
40944 6.024783
40945 6.024783
40946 6.024783
40947 6.024783
40948 6.024783
40949 6.024783
40950 6.024783
40951 6.024783
40952 6.024783
40953 6.024783
40954 6.024783
40955 6.024783
40956 6.024783
40957 6.024783
40958 6.024783
40959 6.024783
40960 6.024783
40961 6.024783
40962 6.024783
40963 6.024783
40964 6.024783
40965 6.024783
40966 6.024783
40967 6.024783
40968 6.024783
40969 6.024783
40970 6.024783
40971 6.024783
40972 6.024783
40973 6.024783
40974 6.024783
40975 6.024783
40976 6.024783
40977 6.024783
40978 6.024783
40979 6.024783
40980 6.024783
40981 6.024783
40982 6.024783
40983 6.024783
40984 6.024783
40985 6.024783
40986 6.024783
40987 6.024783
40988 6.024783
40989 6.024783
40990 6.024783
40991 6.024783
40992 6.024783
40993 6.024783
40994 6.024783
40995 6.024783
40996 6.024783
40997 6.024783
40998 6.024783
40999 6.024783
41000 6.024783
41001 6.024783
41002 6.024783
41003 6.024783
41004 6.024783
41005 6.024783
41006 6.024783
41007 6.024783
41008 6.024783
41009 6.024783
41010 6.024783
41011 6.024783
41012 6.024783
41013 6.024783
41014 6.024783
41015 6.024783
41016 6.024783
41017 6.024783
41018 6.024783
41019 6.024783
41020 6.024783
41021 6.024783
41022 6.024783
41023 6.024783
41024 6.024783
41025 6.024783
41026 6.024783
41027 6.024783
41028 6.024783
41029 6.024783
41030 6.024783
41031 6.024783
41032 6.024783
41033 6.024783
41034 6.024783
41035 6.024783
41036 6.024783
41037 6.024783
41038 6.024783
41039 6.024783
41040 6.024783
41041 6.024783
41042 6.024783
41043 6.024783
41044 6.024783
41045 6.024783
41046 6.024783
41047 6.024783
41048 6.024783
41049 6.024783
41050 6.024783
41051 6.024783
41052 6.024783
41053 6.024783
41054 6.024783
41055 6.024783
41056 6.024783
41057 6.024783
41058 6.024783
41059 6.024783
41060 6.024783
41061 6.024783
41062 6.024783
41063 6.024783
41064 6.024783
41065 6.024783
41066 6.024783
41067 6.024783
41068 6.024783
41069 6.024783
41070 6.024783
41071 6.024783
41072 6.024783
41073 6.024783
41074 6.024783
41075 6.024783
41076 6.024783
41077 6.024783
41078 6.024783
41079 6.024783
41080 6.024783
41081 6.024783
41082 6.024783
41083 6.024783
41084 6.024783
41085 6.024783
41086 6.024783
41087 6.024783
41088 6.024783
41089 6.024783
41090 6.024783
41091 6.024783
41092 6.024783
41093 6.024783
41094 6.024783
41095 6.024783
41096 6.024783
41097 6.024783
41098 6.024783
41099 6.024783
41100 6.024783
41101 6.024783
41102 6.024783
41103 6.024783
41104 6.024783
41105 6.024783
41106 6.024783
41107 6.024783
41108 6.024783
41109 6.024783
41110 6.024783
41111 6.024783
41112 6.024783
41113 6.024783
41114 6.024783
41115 6.024783
41116 6.024783
41117 6.024783
41118 6.024783
41119 6.024783
41120 6.024783
41121 6.024783
41122 6.024783
41123 6.024783
41124 6.024783
41125 6.024783
41126 6.024783
41127 6.024783
41128 6.024783
41129 6.024783
41130 6.024783
41131 6.024783
41132 6.024783
41133 6.024783
41134 6.024783
41135 6.024783
41136 6.024783
41137 6.024783
41138 6.024783
41139 6.024783
41140 6.024783
41141 6.024783
41142 6.024783
41143 6.024783
41144 6.024783
41145 6.024783
41146 6.024783
41147 6.024783
41148 6.024783
41149 6.024783
41150 6.024783
41151 6.024783
41152 6.024783
41153 6.024783
41154 6.024783
41155 6.024783
41156 6.024783
41157 6.024783
41158 6.024783
41159 6.024783
41160 6.024783
41161 6.024783
41162 6.024783
41163 6.024783
41164 6.024783
41165 6.024783
41166 6.024783
41167 6.024783
41168 6.024783
41169 6.024783
41170 6.024783
41171 6.024783
41172 6.024783
41173 6.024783
41174 6.024783
41175 6.024783
41176 6.024783
41177 6.024783
41178 6.024783
41179 6.024783
41180 6.024783
41181 6.024783
41182 6.024783
41183 6.024783
41184 6.024783
41185 6.024783
41186 6.024783
41187 6.024783
41188 6.024783
41189 6.024783
41190 6.024783
41191 6.024783
41192 6.024783
41193 6.024783
41194 6.024783
41195 6.024783
41196 6.024783
41197 6.024783
41198 6.024783
41199 6.024783
41200 6.024783
41201 6.024783
41202 6.024783
41203 6.024783
41204 6.024783
41205 6.024783
41206 6.024783
41207 6.024783
41208 6.024783
41209 6.024783
41210 6.024783
41211 6.024783
41212 6.024783
41213 6.024783
41214 6.024783
41215 6.024783
41216 6.024783
41217 6.024783
41218 6.024783
41219 6.024783
41220 6.024783
41221 6.024783
41222 6.024783
41223 6.024783
41224 6.024783
41225 6.024783
41226 6.024783
41227 6.024783
41228 6.024783
41229 6.024783
41230 6.024783
41231 6.024783
41232 6.024783
41233 6.024783
41234 6.024783
41235 6.024783
41236 6.024783
41237 6.024783
41238 6.024783
41239 6.024783
41240 6.024783
41241 6.024783
41242 6.024783
41243 6.024783
41244 6.024783
41245 6.024783
41246 6.024783
41247 6.024783
41248 6.024783
41249 6.024783
41250 6.024783
41251 6.024783
41252 6.024783
41253 6.024783
41254 6.024783
41255 6.024783
41256 6.024783
41257 6.024783
41258 6.024783
41259 6.024783
41260 6.024783
41261 6.024783
41262 6.024783
41263 6.024783
41264 6.024783
41265 6.024783
41266 6.024783
41267 6.024783
41268 6.024783
41269 6.024783
41270 6.024783
41271 6.024783
41272 6.024783
41273 6.024783
41274 6.024783
41275 6.024783
41276 6.024783
41277 6.024783
41278 6.024783
41279 6.024783
41280 6.024783
41281 6.024783
41282 6.024783
41283 6.024783
41284 6.024783
41285 6.024783
41286 6.024783
41287 6.024783
41288 6.024783
41289 6.024783
41290 6.024783
41291 6.024783
41292 6.024783
41293 6.024783
41294 6.024783
41295 6.024783
41296 6.024783
41297 6.024783
41298 6.024783
41299 6.024783
41300 6.024783
41301 6.024783
41302 6.024783
41303 6.024783
41304 6.024783
41305 6.024783
41306 6.024783
41307 6.024783
41308 6.024783
41309 6.024783
41310 6.024783
41311 6.024783
41312 6.024783
41313 6.024783
41314 6.024783
41315 6.024783
41316 6.024783
41317 6.024783
41318 6.024783
41319 6.024783
41320 6.024783
41321 6.024783
41322 6.024783
41323 6.024783
41324 6.024783
41325 6.024783
41326 6.024783
41327 6.024783
41328 6.024783
41329 6.024783
41330 6.024783
41331 6.024783
41332 6.024783
41333 6.024783
41334 6.024783
41335 6.024783
41336 6.024783
41337 6.024783
41338 6.024783
41339 6.024783
41340 6.024783
41341 6.024783
41342 6.024783
41343 6.024783
41344 6.024783
41345 6.024783
41346 6.024783
41347 6.024783
41348 6.024783
41349 6.024783
41350 6.024783
41351 6.024783
41352 6.024783
41353 6.024783
41354 6.024783
41355 6.024783
41356 6.024783
41357 6.024783
41358 6.024783
41359 6.024783
41360 6.024783
41361 6.024783
41362 6.024783
41363 6.024783
41364 6.024783
41365 6.024783
41366 6.024783
41367 6.024783
41368 6.024783
41369 6.024783
41370 6.024783
41371 6.024783
41372 6.024783
41373 6.024783
41374 6.024783
41375 6.024783
41376 6.024783
41377 6.024783
41378 6.024783
41379 6.024783
41380 6.024783
41381 6.024783
41382 6.024783
41383 6.024783
41384 6.024783
41385 6.024783
41386 6.024783
41387 6.024783
41388 6.024783
41389 6.024783
41390 6.024783
41391 6.024783
41392 6.024783
41393 6.024783
41394 6.024783
41395 6.024783
41396 6.024783
41397 6.024783
41398 6.024783
41399 6.024783
41400 6.024783
41401 6.024783
41402 6.024783
41403 6.024783
41404 6.024783
41405 6.024783
41406 6.024783
41407 6.024783
41408 6.024783
41409 6.024783
41410 6.024783
41411 6.024783
41412 6.024783
41413 6.024783
41414 6.024783
41415 6.024783
41416 6.024783
41417 6.024783
41418 6.024783
41419 6.024783
41420 6.024783
41421 6.024783
41422 6.024783
41423 6.024783
41424 6.024783
41425 6.024783
41426 6.024783
41427 6.024783
41428 6.024783
41429 6.024783
41430 6.024783
41431 6.024783
41432 6.024783
41433 6.024783
41434 6.024783
41435 6.024783
41436 6.024783
41437 6.024783
41438 6.024783
41439 6.024783
41440 6.024783
41441 6.024783
41442 6.024783
41443 6.024783
41444 6.024783
41445 6.024783
41446 6.024783
41447 6.024783
41448 6.024783
41449 6.024783
41450 6.024783
41451 6.024783
41452 6.024783
41453 6.024783
41454 6.024783
41455 6.024783
41456 6.024783
41457 6.024783
41458 6.024783
41459 6.024783
41460 6.024783
41461 6.024783
41462 6.024783
41463 6.024783
41464 6.024783
41465 6.024783
41466 6.024783
41467 6.024783
41468 6.024783
41469 6.024783
41470 6.024783
41471 6.024783
41472 6.024783
41473 6.024783
41474 6.024783
41475 6.024783
41476 6.024783
41477 6.024783
41478 6.024783
41479 6.024783
41480 6.024783
41481 6.024783
41482 6.024783
41483 6.024783
41484 6.024783
41485 6.024783
41486 6.024783
41487 6.024783
41488 6.024783
41489 6.024783
41490 6.024783
41491 6.024783
41492 6.024783
41493 6.024783
41494 6.024783
41495 6.024783
41496 6.024783
41497 6.024783
41498 6.024783
41499 6.024783
41500 6.024783
41501 6.024783
41502 6.024783
41503 6.024783
41504 6.024783
41505 6.024783
41506 6.024783
41507 6.024783
41508 6.024783
41509 6.024783
41510 6.024783
41511 6.024783
41512 6.024783
41513 6.024783
41514 6.024783
41515 6.024783
41516 6.024783
41517 6.024783
41518 6.024783
41519 6.024783
41520 6.024783
41521 6.024783
41522 6.024783
41523 6.024783
41524 6.024783
41525 6.024783
41526 6.024783
41527 6.024783
41528 6.024783
41529 6.024783
41530 6.024783
41531 6.024783
41532 6.024783
41533 6.024783
41534 6.024783
41535 6.024783
41536 6.024783
41537 6.024783
41538 6.024783
41539 6.024783
41540 6.024783
41541 6.024783
41542 6.024783
41543 6.024783
41544 6.024783
41545 6.024783
41546 6.024783
41547 6.024783
41548 6.024783
41549 6.024783
41550 6.024783
41551 6.024783
41552 6.024783
41553 6.024783
41554 6.024783
41555 6.024783
41556 6.024783
41557 6.024783
41558 6.024783
41559 6.024783
41560 6.024783
41561 6.024783
41562 6.024783
41563 6.024783
41564 6.024783
41565 6.024783
41566 6.024783
41567 6.024783
41568 6.024783
41569 6.024783
41570 6.024783
41571 6.024783
41572 6.024783
41573 6.024783
41574 6.024783
41575 6.024783
41576 6.024783
41577 6.024783
41578 6.024783
41579 6.024783
41580 6.024783
41581 6.024783
41582 6.024783
41583 6.024783
41584 6.024783
41585 6.024783
41586 6.024783
41587 6.024783
41588 6.024783
41589 6.024783
41590 6.024783
41591 6.024783
41592 6.024783
41593 6.024783
41594 6.024783
41595 6.024783
41596 6.024783
41597 6.024783
41598 6.024783
41599 6.024783
41600 6.024783
41601 6.024783
41602 6.024783
41603 6.024783
41604 6.024783
41605 6.024783
41606 6.024783
41607 6.024783
41608 6.024783
41609 6.024783
41610 6.024783
41611 6.024783
41612 6.024783
41613 6.024783
41614 6.024783
41615 6.024783
41616 6.024783
41617 6.024783
41618 6.024783
41619 6.024783
41620 6.024783
41621 6.024783
41622 6.024783
41623 6.024783
41624 6.024783
41625 6.024783
41626 6.024783
41627 6.024783
41628 6.024783
41629 6.024783
41630 6.024783
41631 6.024783
41632 6.024783
41633 6.024783
41634 6.024783
41635 6.024783
41636 6.024783
41637 6.024783
41638 6.024783
41639 6.024783
41640 6.024783
41641 6.024783
41642 6.024783
41643 6.024783
41644 6.024783
41645 6.024783
41646 6.024783
41647 6.024783
41648 6.024783
41649 6.024783
41650 6.024783
41651 6.024783
41652 6.024783
41653 6.024783
41654 6.024783
41655 6.024783
41656 6.024783
41657 6.024783
41658 6.024783
41659 6.024783
41660 6.024783
41661 6.024783
41662 6.024783
41663 6.024783
41664 6.024783
41665 6.024783
41666 6.024783
41667 6.024783
41668 6.024783
41669 6.024783
41670 6.024783
41671 6.024783
41672 6.024783
41673 6.024783
41674 6.024783
41675 6.024783
41676 6.024783
41677 6.024783
41678 6.024783
41679 6.024783
41680 6.024783
41681 6.024783
41682 6.024783
41683 6.024783
41684 6.024783
41685 6.024783
41686 6.024783
41687 6.024783
41688 6.024783
41689 6.024783
41690 6.024783
41691 6.024783
41692 6.024783
41693 6.024783
41694 6.024783
41695 6.024783
41696 6.024783
41697 6.024783
41698 6.024783
41699 6.024783
41700 6.024783
41701 6.024783
41702 6.024783
41703 6.024783
41704 6.024783
41705 6.024783
41706 6.024783
41707 6.024783
41708 6.024783
41709 6.024783
41710 6.024783
41711 6.024783
41712 6.024783
41713 6.024783
41714 6.024783
41715 6.024783
41716 6.024783
41717 6.024783
41718 6.024783
41719 6.024783
41720 6.024783
41721 6.024783
41722 6.024783
41723 6.024783
41724 6.024783
41725 6.024783
41726 6.024783
41727 6.024783
41728 6.024783
41729 6.024783
41730 6.024783
41731 6.024783
41732 6.024783
41733 6.024783
41734 6.024783
41735 6.024783
41736 6.024783
41737 6.024783
41738 6.024783
41739 6.024783
41740 6.024783
41741 6.024783
41742 6.024783
41743 6.024783
41744 6.024783
41745 6.024783
41746 6.024783
41747 6.024783
41748 6.024783
41749 6.024783
41750 6.024783
41751 6.024783
41752 6.024783
41753 6.024783
41754 6.024783
41755 6.024783
41756 6.024783
41757 6.024783
41758 6.024783
41759 6.024783
41760 6.024783
41761 6.024783
41762 6.024783
41763 6.024783
41764 6.024783
41765 6.024783
41766 6.024783
41767 6.024783
41768 6.024783
41769 6.024783
41770 6.024783
41771 6.024783
41772 6.024783
41773 6.024783
41774 6.024783
41775 6.024783
41776 6.024783
41777 6.024783
41778 6.024783
41779 6.024783
41780 6.024783
41781 6.024783
41782 6.024783
41783 6.024783
41784 6.024783
41785 6.024783
41786 6.024783
41787 6.024783
41788 6.024783
41789 6.024783
41790 6.024783
41791 6.024783
41792 6.024783
41793 6.024783
41794 6.024783
41795 6.024783
41796 6.024783
41797 6.024783
41798 6.024783
41799 6.024783
41800 6.024783
41801 6.024783
41802 6.024783
41803 6.024783
41804 6.024783
41805 6.024783
41806 6.024783
41807 6.024783
41808 6.024783
41809 6.024783
41810 6.024783
41811 6.024783
41812 6.024783
41813 6.024783
41814 6.024783
41815 6.024783
41816 6.024783
41817 6.024783
41818 6.024783
41819 6.024783
41820 6.024783
41821 6.024783
41822 6.024783
41823 6.024783
41824 6.024783
41825 6.024783
41826 6.024783
41827 6.024783
41828 6.024783
41829 6.024783
41830 6.024783
41831 6.024783
41832 6.024783
41833 6.024783
41834 6.024783
41835 6.024783
41836 6.024783
41837 6.024783
41838 6.024783
41839 6.024783
41840 6.024783
41841 6.024783
41842 6.024783
41843 6.024783
41844 6.024783
41845 6.024783
41846 6.024783
41847 6.024783
41848 6.024783
41849 6.024783
41850 6.024783
41851 6.024783
41852 6.024783
41853 6.024783
41854 6.024783
41855 6.024783
41856 6.024783
41857 6.024783
41858 6.024783
41859 6.024783
41860 6.024783
41861 6.024783
41862 6.024783
41863 6.024783
41864 6.024783
41865 6.024783
41866 6.024783
41867 6.024783
41868 6.024783
41869 6.024783
41870 6.024783
41871 6.024783
41872 6.024783
41873 6.024783
41874 6.024783
41875 6.024783
41876 6.024783
41877 6.024783
41878 6.024783
41879 6.024783
41880 6.024783
41881 6.024783
41882 6.024783
41883 6.024783
41884 6.024783
41885 6.024783
41886 6.024783
41887 6.024783
41888 6.024783
41889 6.024783
41890 6.024783
41891 6.024783
41892 6.024783
41893 6.024783
41894 6.024783
41895 6.024783
41896 6.024783
41897 6.024783
41898 6.024783
41899 6.024783
41900 6.024783
41901 6.024783
41902 6.024783
41903 6.024783
41904 6.024783
41905 6.024783
41906 6.024783
41907 6.024783
41908 6.024783
41909 6.024783
41910 6.024783
41911 6.024783
41912 6.024783
41913 6.024783
41914 6.024783
41915 6.024783
41916 6.024783
41917 6.024783
41918 6.024783
41919 6.024783
41920 6.024783
41921 6.024783
41922 6.024783
41923 6.024783
41924 6.024783
41925 6.024783
41926 6.024783
41927 6.024783
41928 6.024783
41929 6.024783
41930 6.024783
41931 6.024783
41932 6.024783
41933 6.024783
41934 6.024783
41935 6.024783
41936 6.024783
41937 6.024783
41938 6.024783
41939 6.024783
41940 6.024783
41941 6.024783
41942 6.024783
41943 6.024783
41944 6.024783
41945 6.024783
41946 6.024783
41947 6.024783
41948 6.024783
41949 6.024783
41950 6.024783
41951 6.024783
41952 6.024783
41953 6.024783
41954 6.024783
41955 6.024783
41956 6.024783
41957 6.024783
41958 6.024783
41959 6.024783
41960 6.024783
41961 6.024783
41962 6.024783
41963 6.024783
41964 6.024783
41965 6.024783
41966 6.024783
41967 6.024783
41968 6.024783
41969 6.024783
41970 6.024783
41971 6.024783
41972 6.024783
41973 6.024783
41974 6.024783
41975 6.024783
41976 6.024783
41977 6.024783
41978 6.024783
41979 6.024783
41980 6.024783
41981 6.024783
41982 6.024783
41983 6.024783
41984 6.024783
41985 6.024783
41986 6.024783
41987 6.024783
41988 6.024783
41989 6.024783
41990 6.024783
41991 6.024783
41992 6.024783
41993 6.024783
41994 6.024783
41995 6.024783
41996 6.024783
41997 6.024783
41998 6.024783
41999 6.024783
42000 6.024783
42001 6.024783
42002 6.024783
42003 6.024783
42004 6.024783
42005 6.024783
42006 6.024783
42007 6.024783
42008 6.024783
42009 6.024783
42010 6.024783
42011 6.024783
42012 6.024783
42013 6.024783
42014 6.024783
42015 6.024783
42016 6.024783
42017 6.024783
42018 6.024783
42019 6.024783
42020 6.024783
42021 6.024783
42022 6.024783
42023 6.024783
42024 6.024783
42025 6.024783
42026 6.024783
42027 6.024783
42028 6.024783
42029 6.024783
42030 6.024783
42031 6.024783
42032 6.024783
42033 6.024783
42034 6.024783
42035 6.024783
42036 6.024783
42037 6.024783
42038 6.024783
42039 6.024783
42040 6.024783
42041 6.024783
42042 6.024783
42043 6.024783
42044 6.024783
42045 6.024783
42046 6.024783
42047 6.024783
42048 6.024783
42049 6.024783
42050 6.024783
42051 6.024783
42052 6.024783
42053 6.024783
42054 6.024783
42055 6.024783
42056 6.024783
42057 6.024783
42058 6.024783
42059 6.024783
42060 6.024783
42061 6.024783
42062 6.024783
42063 6.024783
42064 6.024783
42065 6.024783
42066 6.024783
42067 6.024783
42068 6.024783
42069 6.024783
42070 6.024783
42071 6.024783
42072 6.024783
42073 6.024783
42074 6.024783
42075 6.024783
42076 6.024783
42077 6.024783
42078 6.024783
42079 6.024783
42080 6.024783
42081 6.024783
42082 6.024783
42083 6.024783
42084 6.024783
42085 6.024783
42086 6.024783
42087 6.024783
42088 6.024783
42089 6.024783
42090 6.024783
42091 6.024783
42092 6.024783
42093 6.024783
42094 6.024783
42095 6.024783
42096 6.024783
42097 6.024783
42098 6.024783
42099 6.024783
42100 6.024783
42101 6.024783
42102 6.024783
42103 6.024783
42104 6.024783
42105 6.024783
42106 6.024783
42107 6.024783
42108 6.024783
42109 6.024783
42110 6.024783
42111 6.024783
42112 6.024783
42113 6.024783
42114 6.024783
42115 6.024783
42116 6.024783
42117 6.024783
42118 6.024783
42119 6.024783
42120 6.024783
42121 6.024783
42122 6.024783
42123 6.024783
42124 6.024783
42125 6.024783
42126 6.024783
42127 6.024783
42128 6.024783
42129 6.024783
42130 6.024783
42131 6.024783
42132 6.024783
42133 6.024783
42134 6.024783
42135 6.024783
42136 6.024783
42137 6.024783
42138 6.024783
42139 6.024783
42140 6.024783
42141 6.024783
42142 6.024783
42143 6.024783
42144 6.024783
42145 6.024783
42146 6.024783
42147 6.024783
42148 6.024783
42149 6.024783
42150 6.024783
42151 6.024783
42152 6.024783
42153 6.024783
42154 6.024783
42155 6.024783
42156 6.024783
42157 6.024783
42158 6.024783
42159 6.024783
42160 6.024783
42161 6.024783
42162 6.024783
42163 6.024783
42164 6.024783
42165 6.024783
42166 6.024783
42167 6.024783
42168 6.024783
42169 6.024783
42170 6.024783
42171 6.024783
42172 6.024783
42173 6.024783
42174 6.024783
42175 6.024783
42176 6.024783
42177 6.024783
42178 6.024783
42179 6.024783
42180 6.024783
42181 6.024783
42182 6.024783
42183 6.024783
42184 6.024783
42185 6.024783
42186 6.024783
42187 6.024783
42188 6.024783
42189 6.024783
42190 6.024783
42191 6.024783
42192 6.024783
42193 6.024783
42194 6.024783
42195 6.024783
42196 6.024783
42197 6.024783
42198 6.024783
42199 6.024783
42200 6.024783
42201 6.024783
42202 6.024783
42203 6.024783
42204 6.024783
42205 6.024783
42206 6.024783
42207 6.024783
42208 6.024783
42209 6.024783
42210 6.024783
42211 6.024783
42212 6.024783
42213 6.024783
42214 6.024783
42215 6.024783
42216 6.024783
42217 6.024783
42218 6.024783
42219 6.024783
42220 6.024783
42221 6.024783
42222 6.024783
42223 6.024783
42224 6.024783
42225 6.024783
42226 6.024783
42227 6.024783
42228 6.024783
42229 6.024783
42230 6.024783
42231 6.024783
42232 6.024783
42233 6.024783
42234 6.024783
42235 6.024783
42236 6.024783
42237 6.024783
42238 6.024783
42239 6.024783
42240 6.024783
42241 6.024783
42242 6.024783
42243 6.024783
42244 6.024783
42245 6.024783
42246 6.024783
42247 6.024783
42248 6.024783
42249 6.024783
42250 6.024783
42251 6.024783
42252 6.024783
42253 6.024783
42254 6.024783
42255 6.024783
42256 6.024783
42257 6.024783
42258 6.024783
42259 6.024783
42260 6.024783
42261 6.024783
42262 6.024783
42263 6.024783
42264 6.024783
42265 6.024783
42266 6.024783
42267 6.024783
42268 6.024783
42269 6.024783
42270 6.024783
42271 6.024783
42272 6.024783
42273 6.024783
42274 6.024783
42275 6.024783
42276 6.024783
42277 6.024783
42278 6.024783
42279 6.024783
42280 6.024783
42281 6.024783
42282 6.024783
42283 6.024783
42284 6.024783
42285 6.024783
42286 6.024783
42287 6.024783
42288 6.024783
42289 6.024783
42290 6.024783
42291 6.024783
42292 6.024783
42293 6.024783
42294 6.024783
42295 6.024783
42296 6.024783
42297 6.024783
42298 6.024783
42299 6.024783
42300 6.024783
42301 6.024783
42302 6.024783
42303 6.024783
42304 6.024783
42305 6.024783
42306 6.024783
42307 6.024783
42308 6.024783
42309 6.024783
42310 6.024783
42311 6.024783
42312 6.024783
42313 6.024783
42314 6.024783
42315 6.024783
42316 6.024783
42317 6.024783
42318 6.024783
42319 6.024783
42320 6.024783
42321 6.024783
42322 6.024783
42323 6.024783
42324 6.024783
42325 6.024783
42326 6.024783
42327 6.024783
42328 6.024783
42329 6.024783
42330 6.024783
42331 6.024783
42332 6.024783
42333 6.024783
42334 6.024783
42335 6.024783
42336 6.024783
42337 6.024783
42338 6.024783
42339 6.024783
42340 6.024783
42341 6.024783
42342 6.024783
42343 6.024783
42344 6.024783
42345 6.024783
42346 6.024783
42347 6.024783
42348 6.024783
42349 6.024783
42350 6.024783
42351 6.024783
42352 6.024783
42353 6.024783
42354 6.024783
42355 6.024783
42356 6.024783
42357 6.024783
42358 6.024783
42359 6.024783
42360 6.024783
42361 6.024783
42362 6.024783
42363 6.024783
42364 6.024783
42365 6.024783
42366 6.024783
42367 6.024783
42368 6.024783
42369 6.024783
42370 6.024783
42371 6.024783
42372 6.024783
42373 6.024783
42374 6.024783
42375 6.024783
42376 6.024783
42377 6.024783
42378 6.024783
42379 6.024783
42380 6.024783
42381 6.024783
42382 6.024783
42383 6.024783
42384 6.024783
42385 6.024783
42386 6.024783
42387 6.024783
42388 6.024783
42389 6.024783
42390 6.024783
42391 6.024783
42392 6.024783
42393 6.024783
42394 6.024783
42395 6.024783
42396 6.024783
42397 6.024783
42398 6.024783
42399 6.024783
42400 6.024783
42401 6.024783
42402 6.024783
42403 6.024783
42404 6.024783
42405 6.024783
42406 6.024783
42407 6.024783
42408 6.024783
42409 6.024783
42410 6.024783
42411 6.024783
42412 6.024783
42413 6.024783
42414 6.024783
42415 6.024783
42416 6.024783
42417 6.024783
42418 6.024783
42419 6.024783
42420 6.024783
42421 6.024783
42422 6.024783
42423 6.024783
42424 6.024783
42425 6.024783
42426 6.024783
42427 6.024783
42428 6.024783
42429 6.024783
42430 6.024783
42431 6.024783
42432 6.024783
42433 6.024783
42434 6.024783
42435 6.024783
42436 6.024783
42437 6.024783
42438 6.024783
42439 6.024783
42440 6.024783
42441 6.024783
42442 6.024783
42443 6.024783
42444 6.024783
42445 6.024783
42446 6.024783
42447 6.024783
42448 6.024783
42449 6.024783
42450 6.024783
42451 6.024783
42452 6.024783
42453 6.024783
42454 6.024783
42455 6.024783
42456 6.024783
42457 6.024783
42458 6.024783
42459 6.024783
42460 6.024783
42461 6.024783
42462 6.024783
42463 6.024783
42464 6.024783
42465 6.024783
42466 6.024783
42467 6.024783
42468 6.024783
42469 6.024783
42470 6.024783
42471 6.024783
42472 6.024783
42473 6.024783
42474 6.024783
42475 6.024783
42476 6.024783
42477 6.024783
42478 6.024783
42479 6.024783
42480 6.024783
42481 6.024783
42482 6.024783
42483 6.024783
42484 6.024783
42485 6.024783
42486 6.024783
42487 6.024783
42488 6.024783
42489 6.024783
42490 6.024783
42491 6.024783
42492 6.024783
42493 6.024783
42494 6.024783
42495 6.024783
42496 6.024783
42497 6.024783
42498 6.024783
42499 6.024783
42500 6.024783
42501 6.024783
42502 6.024783
42503 6.024783
42504 6.024783
42505 6.024783
42506 6.024783
42507 6.024783
42508 6.024783
42509 6.024783
42510 6.024783
42511 6.024783
42512 6.024783
42513 6.024783
42514 6.024783
42515 6.024783
42516 6.024783
42517 6.024783
42518 6.024783
42519 6.024783
42520 6.024783
42521 6.024783
42522 6.024783
42523 6.024783
42524 6.024783
42525 6.024783
42526 6.024783
42527 6.024783
42528 6.024783
42529 6.024783
42530 6.024783
42531 6.024783
42532 6.024783
42533 6.024783
42534 6.024783
42535 6.024783
42536 6.024783
42537 6.024783
42538 6.024783
42539 6.024783
42540 6.024783
42541 6.024783
42542 6.024783
42543 6.024783
42544 6.024783
42545 6.024783
42546 6.024783
42547 6.024783
42548 6.024783
42549 6.024783
42550 6.024783
42551 6.024783
42552 6.024783
42553 6.024783
42554 6.024783
42555 6.024783
42556 6.024783
42557 6.024783
42558 6.024783
42559 6.024783
42560 6.024783
42561 6.024783
42562 6.024783
42563 6.024783
42564 6.024783
42565 6.024783
42566 6.024783
42567 6.024783
42568 6.024783
42569 6.024783
42570 6.024783
42571 6.024783
42572 6.024783
42573 6.024783
42574 6.024783
42575 6.024783
42576 6.024783
42577 6.024783
42578 6.024783
42579 6.024783
42580 6.024783
42581 6.024783
42582 6.024783
42583 6.024783
42584 6.024783
42585 6.024783
42586 6.024783
42587 6.024783
42588 6.024783
42589 6.024783
42590 6.024783
42591 6.024783
42592 6.024783
42593 6.024783
42594 6.024783
42595 6.024783
42596 6.024783
42597 6.024783
42598 6.024783
42599 6.024783
42600 6.024783
42601 6.024783
42602 6.024783
42603 6.024783
42604 6.024783
42605 6.024783
42606 6.024783
42607 6.024783
42608 6.024783
42609 6.024783
42610 6.024783
42611 6.024783
42612 6.024783
42613 6.024783
42614 6.024783
42615 6.024783
42616 6.024783
42617 6.024783
42618 6.024783
42619 6.024783
42620 6.024783
42621 6.024783
42622 6.024783
42623 6.024783
42624 6.024783
42625 6.024783
42626 6.024783
42627 6.024783
42628 6.024783
42629 6.024783
42630 6.024783
42631 6.024783
42632 6.024783
42633 6.024783
42634 6.024783
42635 6.024783
42636 6.024783
42637 6.024783
42638 6.024783
42639 6.024783
42640 6.024783
42641 6.024783
42642 6.024783
42643 6.024783
42644 6.024783
42645 6.024783
42646 6.024783
42647 6.024783
42648 6.024783
42649 6.024783
42650 6.024783
42651 6.024783
42652 6.024783
42653 6.024783
42654 6.024783
42655 6.024783
42656 6.024783
42657 6.024783
42658 6.024783
42659 6.024783
42660 6.024783
42661 6.024783
42662 6.024783
42663 6.024783
42664 6.024783
42665 6.024783
42666 6.024783
42667 6.024783
42668 6.024783
42669 6.024783
42670 6.024783
42671 6.024783
42672 6.024783
42673 6.024783
42674 6.024783
42675 6.024783
42676 6.024783
42677 6.024783
42678 6.024783
42679 6.024783
42680 6.024783
42681 6.024783
42682 6.024783
42683 6.024783
42684 6.024783
42685 6.024783
42686 6.024783
42687 6.024783
42688 6.024783
42689 6.024783
42690 6.024783
42691 6.024783
42692 6.024783
42693 6.024783
42694 6.024783
42695 6.024783
42696 6.024783
42697 6.024783
42698 6.024783
42699 6.024783
42700 6.024783
42701 6.024783
42702 6.024783
42703 6.024783
42704 6.024783
42705 6.024783
42706 6.024783
42707 6.024783
42708 6.024783
42709 6.024783
42710 6.024783
42711 6.024783
42712 6.024783
42713 6.024783
42714 6.024783
42715 6.024783
42716 6.024783
42717 6.024783
42718 6.024783
42719 6.024783
42720 6.024783
42721 6.024783
42722 6.024783
42723 6.024783
42724 6.024783
42725 6.024783
42726 6.024783
42727 6.024783
42728 6.024783
42729 6.024783
42730 6.024783
42731 6.024783
42732 6.024783
42733 6.024783
42734 6.024783
42735 6.024783
42736 6.024783
42737 6.024783
42738 6.024783
42739 6.024783
42740 6.024783
42741 6.024783
42742 6.024783
42743 6.024783
42744 6.024783
42745 6.024783
42746 6.024783
42747 6.024783
42748 6.024783
42749 6.024783
42750 6.024783
42751 6.024783
42752 6.024783
42753 6.024783
42754 6.024783
42755 6.024783
42756 6.024783
42757 6.024783
42758 6.024783
42759 6.024783
42760 6.024783
42761 6.024783
42762 6.024783
42763 6.024783
42764 6.024783
42765 6.024783
42766 6.024783
42767 6.024783
42768 6.024783
42769 6.024783
42770 6.024783
42771 6.024783
42772 6.024783
42773 6.024783
42774 6.024783
42775 6.024783
42776 6.024783
42777 6.024783
42778 6.024783
42779 6.024783
42780 6.024783
42781 6.024783
42782 6.024783
42783 6.024783
42784 6.024783
42785 6.024783
42786 6.024783
42787 6.024783
42788 6.024783
42789 6.024783
42790 6.024783
42791 6.024783
42792 6.024783
42793 6.024783
42794 6.024783
42795 6.024783
42796 6.024783
42797 6.024783
42798 6.024783
42799 6.024783
42800 6.024783
42801 6.024783
42802 6.024783
42803 6.024783
42804 6.024783
42805 6.024783
42806 6.024783
42807 6.024783
42808 6.024783
42809 6.024783
42810 6.024783
42811 6.024783
42812 6.024783
42813 6.024783
42814 6.024783
42815 6.024783
42816 6.024783
42817 6.024783
42818 6.024783
42819 6.024783
42820 6.024783
42821 6.024783
42822 6.024783
42823 6.024783
42824 6.024783
42825 6.024783
42826 6.024783
42827 6.024783
42828 6.024783
42829 6.024783
42830 6.024783
42831 6.024783
42832 6.024783
42833 6.024783
42834 6.024783
42835 6.024783
42836 6.024783
42837 6.024783
42838 6.024783
42839 6.024783
42840 6.024783
42841 6.024783
42842 6.024783
42843 6.024783
42844 6.024783
42845 6.024783
42846 6.024783
42847 6.024783
42848 6.024783
42849 6.024783
42850 6.024783
42851 6.024783
42852 6.024783
42853 6.024783
42854 6.024783
42855 6.024783
42856 6.024783
42857 6.024783
42858 6.024783
42859 6.024783
42860 6.024783
42861 6.024783
42862 6.024783
42863 6.024783
42864 6.024783
42865 6.024783
42866 6.024783
42867 6.024783
42868 6.024783
42869 6.024783
42870 6.024783
42871 6.024783
42872 6.024783
42873 6.024783
42874 6.024783
42875 6.024783
42876 6.024783
42877 6.024783
42878 6.024783
42879 6.024783
42880 6.024783
42881 6.024783
42882 6.024783
42883 6.024783
42884 6.024783
42885 6.024783
42886 6.024783
42887 6.024783
42888 6.024783
42889 6.024783
42890 6.024783
42891 6.024783
42892 6.024783
42893 6.024783
42894 6.024783
42895 6.024783
42896 6.024783
42897 6.024783
42898 6.024783
42899 6.024783
42900 6.024783
42901 6.024783
42902 6.024783
42903 6.024783
42904 6.024783
42905 6.024783
42906 6.024783
42907 6.024783
42908 6.024783
42909 6.024783
42910 6.024783
42911 6.024783
42912 6.024783
42913 6.024783
42914 6.024783
42915 6.024783
42916 6.024783
42917 6.024783
42918 6.024783
42919 6.024783
42920 6.024783
42921 6.024783
42922 6.024783
42923 6.024783
42924 6.024783
42925 6.024783
42926 6.024783
42927 6.024783
42928 6.024783
42929 6.024783
42930 6.024783
42931 6.024783
42932 6.024783
42933 6.024783
42934 6.024783
42935 6.024783
42936 6.024783
42937 6.024783
42938 6.024783
42939 6.024783
42940 6.024783
42941 6.024783
42942 6.024783
42943 6.024783
42944 6.024783
42945 6.024783
42946 6.024783
42947 6.024783
42948 6.024783
42949 6.024783
42950 6.024783
42951 6.024783
42952 6.024783
42953 6.024783
42954 6.024783
42955 6.024783
42956 6.024783
42957 6.024783
42958 6.024783
42959 6.024783
42960 6.024783
42961 6.024783
42962 6.024783
42963 6.024783
42964 6.024783
42965 6.024783
42966 6.024783
42967 6.024783
42968 6.024783
42969 6.024783
42970 6.024783
42971 6.024783
42972 6.024783
42973 6.024783
42974 6.024783
42975 6.024783
42976 6.024783
42977 6.024783
42978 6.024783
42979 6.024783
42980 6.024783
42981 6.024783
42982 6.024783
42983 6.024783
42984 6.024783
42985 6.024783
42986 6.024783
42987 6.024783
42988 6.024783
42989 6.024783
42990 6.024783
42991 6.024783
42992 6.024783
42993 6.024783
42994 6.024783
42995 6.024783
42996 6.024783
42997 6.024783
42998 6.024783
42999 6.024783
43000 6.024783
43001 6.024783
43002 6.024783
43003 6.024783
43004 6.024783
43005 6.024783
43006 6.024783
43007 6.024783
43008 6.024783
43009 6.024783
43010 6.024783
43011 6.024783
43012 6.024783
43013 6.024783
43014 6.024783
43015 6.024783
43016 6.024783
43017 6.024783
43018 6.024783
43019 6.024783
43020 6.024783
43021 6.024783
43022 6.024783
43023 6.024783
43024 6.024783
43025 6.024783
43026 6.024783
43027 6.024783
43028 6.024783
43029 6.024783
43030 6.024783
43031 6.024783
43032 6.024783
43033 6.024783
43034 6.024783
43035 6.024783
43036 6.024783
43037 6.024783
43038 6.024783
43039 6.024783
43040 6.024783
43041 6.024783
43042 6.024783
43043 6.024783
43044 6.024783
43045 6.024783
43046 6.024783
43047 6.024783
43048 6.024783
43049 6.024783
43050 6.024783
43051 6.024783
43052 6.024783
43053 6.024783
43054 6.024783
43055 6.024783
43056 6.024783
43057 6.024783
43058 6.024783
43059 6.024783
43060 6.024783
43061 6.024783
43062 6.024783
43063 6.024783
43064 6.024783
43065 6.024783
43066 6.024783
43067 6.024783
43068 6.024783
43069 6.024783
43070 6.024783
43071 6.024783
43072 6.024783
43073 6.024783
43074 6.024783
43075 6.024783
43076 6.024783
43077 6.024783
43078 6.024783
43079 6.024783
43080 6.024783
43081 6.024783
43082 6.024783
43083 6.024783
43084 6.024783
43085 6.024783
43086 6.024783
43087 6.024783
43088 6.024783
43089 6.024783
43090 6.024783
43091 6.024783
43092 6.024783
43093 6.024783
43094 6.024783
43095 6.024783
43096 6.024783
43097 6.024783
43098 6.024783
43099 6.024783
43100 6.024783
43101 6.024783
43102 6.024783
43103 6.024783
43104 6.024783
43105 6.024783
43106 6.024783
43107 6.024783
43108 6.024783
43109 6.024783
43110 6.024783
43111 6.024783
43112 6.024783
43113 6.024783
43114 6.024783
43115 6.024783
43116 6.024783
43117 6.024783
43118 6.024783
43119 6.024783
43120 6.024783
43121 6.024783
43122 6.024783
43123 6.024783
43124 6.024783
43125 6.024783
43126 6.024783
43127 6.024783
43128 6.024783
43129 6.024783
43130 6.024783
43131 6.024783
43132 6.024783
43133 6.024783
43134 6.024783
43135 6.024783
43136 6.024783
43137 6.024783
43138 6.024783
43139 6.024783
43140 6.024783
43141 6.024783
43142 6.024783
43143 6.024783
43144 6.024783
43145 6.024783
43146 6.024783
43147 6.024783
43148 6.024783
43149 6.024783
43150 6.024783
43151 6.024783
43152 6.024783
43153 6.024783
43154 6.024783
43155 6.024783
43156 6.024783
43157 6.024783
43158 6.024783
43159 6.024783
43160 6.024783
43161 6.024783
43162 6.024783
43163 6.024783
43164 6.024783
43165 6.024783
43166 6.024783
43167 6.024783
43168 6.024783
43169 6.024783
43170 6.024783
43171 6.024783
43172 6.024783
43173 6.024783
43174 6.024783
43175 6.024783
43176 6.024783
43177 6.024783
43178 6.024783
43179 6.024783
43180 6.024783
43181 6.024783
43182 6.024783
43183 6.024783
43184 6.024783
43185 6.024783
43186 6.024783
43187 6.024783
43188 6.024783
43189 6.024783
43190 6.024783
43191 6.024783
43192 6.024783
43193 6.024783
43194 6.024783
43195 6.024783
43196 6.024783
43197 6.024783
43198 6.024783
43199 6.024783
43200 6.024783
43201 6.024783
43202 6.024783
43203 6.024783
43204 6.024783
43205 6.024783
43206 6.024783
43207 6.024783
43208 6.024783
43209 6.024783
43210 6.024783
43211 6.024783
43212 6.024783
43213 6.024783
43214 6.024783
43215 6.024783
43216 6.024783
43217 6.024783
43218 6.024783
43219 6.024783
43220 6.024783
43221 6.024783
43222 6.024783
43223 6.024783
43224 6.024783
43225 6.024783
43226 6.024783
43227 6.024783
43228 6.024783
43229 6.024783
43230 6.024783
43231 6.024783
43232 6.024783
43233 6.024783
43234 6.024783
43235 6.024783
43236 6.024783
43237 6.024783
43238 6.024783
43239 6.024783
43240 6.024783
43241 6.024783
43242 6.024783
43243 6.024783
43244 6.024783
43245 6.024783
43246 6.024783
43247 6.024783
43248 6.024783
43249 6.024783
43250 6.024783
43251 6.024783
43252 6.024783
43253 6.024783
43254 6.024783
43255 6.024783
43256 6.024783
43257 6.024783
43258 6.024783
43259 6.024783
43260 6.024783
43261 6.024783
43262 6.024783
43263 6.024783
43264 6.024783
43265 6.024783
43266 6.024783
43267 6.024783
43268 6.024783
43269 6.024783
43270 6.024783
43271 6.024783
43272 6.024783
43273 6.024783
43274 6.024783
43275 6.024783
43276 6.024783
43277 6.024783
43278 6.024783
43279 6.024783
43280 6.024783
43281 6.024783
43282 6.024783
43283 6.024783
43284 6.024783
43285 6.024783
43286 6.024783
43287 6.024783
43288 6.024783
43289 6.024783
43290 6.024783
43291 6.024783
43292 6.024783
43293 6.024783
43294 6.024783
43295 6.024783
43296 6.024783
43297 6.024783
43298 6.024783
43299 6.024783
43300 6.024783
43301 6.024783
43302 6.024783
43303 6.024783
43304 6.024783
43305 6.024783
43306 6.024783
43307 6.024783
43308 6.024783
43309 6.024783
43310 6.024783
43311 6.024783
43312 6.024783
43313 6.024783
43314 6.024783
43315 6.024783
43316 6.024783
43317 6.024783
43318 6.024783
43319 6.024783
43320 6.024783
43321 6.024783
43322 6.024783
43323 6.024783
43324 6.024783
43325 6.024783
43326 6.024783
43327 6.024783
43328 6.024783
43329 6.024783
43330 6.024783
43331 6.024783
43332 6.024783
43333 6.024783
43334 6.024783
43335 6.024783
43336 6.024783
43337 6.024783
43338 6.024783
43339 6.024783
43340 6.024783
43341 6.024783
43342 6.024783
43343 6.024783
43344 6.024783
43345 6.024783
43346 6.024783
43347 6.024783
43348 6.024783
43349 6.024783
43350 6.024783
43351 6.024783
43352 6.024783
43353 6.024783
43354 6.024783
43355 6.024783
43356 6.024783
43357 6.024783
43358 6.024783
43359 6.024783
43360 6.024783
43361 6.024783
43362 6.024783
43363 6.024783
43364 6.024783
43365 6.024783
43366 6.024783
43367 6.024783
43368 6.024783
43369 6.024783
43370 6.024783
43371 6.024783
43372 6.024783
43373 6.024783
43374 6.024783
43375 6.024783
43376 6.024783
43377 6.024783
43378 6.024783
43379 6.024783
43380 6.024783
43381 6.024783
43382 6.024783
43383 6.024783
43384 6.024783
43385 6.024783
43386 6.024783
43387 6.024783
43388 6.024783
43389 6.024783
43390 6.024783
43391 6.024783
43392 6.024783
43393 6.024783
43394 6.024783
43395 6.024783
43396 6.024783
43397 6.024783
43398 6.024783
43399 6.024783
43400 6.024783
43401 6.024783
43402 6.024783
43403 6.024783
43404 6.024783
43405 6.024783
43406 6.024783
43407 6.024783
43408 6.024783
43409 6.024783
43410 6.024783
43411 6.024783
43412 6.024783
43413 6.024783
43414 6.024783
43415 6.024783
43416 6.024783
43417 6.024783
43418 6.024783
43419 6.024783
43420 6.024783
43421 6.024783
43422 6.024783
43423 6.024783
43424 6.024783
43425 6.024783
43426 6.024783
43427 6.024783
43428 6.024783
43429 6.024783
43430 6.024783
43431 6.024783
43432 6.024783
43433 6.024783
43434 6.024783
43435 6.024783
43436 6.024783
43437 6.024783
43438 6.024783
43439 6.024783
43440 6.024783
43441 6.024783
43442 6.024783
43443 6.024783
43444 6.024783
43445 6.024783
43446 6.024783
43447 6.024783
43448 6.024783
43449 6.024783
43450 6.024783
43451 6.024783
43452 6.024783
43453 6.024783
43454 6.024783
43455 6.024783
43456 6.024783
43457 6.024783
43458 6.024783
43459 6.024783
43460 6.024783
43461 6.024783
43462 6.024783
43463 6.024783
43464 6.024783
43465 6.024783
43466 6.024783
43467 6.024783
43468 6.024783
43469 6.024783
43470 6.024783
43471 6.024783
43472 6.024783
43473 6.024783
43474 6.024783
43475 6.024783
43476 6.024783
43477 6.024783
43478 6.024783
43479 6.024783
43480 6.024783
43481 6.024783
43482 6.024783
43483 6.024783
43484 6.024783
43485 6.024783
43486 6.024783
43487 6.024783
43488 6.024783
43489 6.024783
43490 6.024783
43491 6.024783
43492 6.024783
43493 6.024783
43494 6.024783
43495 6.024783
43496 6.024783
43497 6.024783
43498 6.024783
43499 6.024783
43500 6.024783
43501 6.024783
43502 6.024783
43503 6.024783
43504 6.024783
43505 6.024783
43506 6.024783
43507 6.024783
43508 6.024783
43509 6.024783
43510 6.024783
43511 6.024783
43512 6.024783
43513 6.024783
43514 6.024783
43515 6.024783
43516 6.024783
43517 6.024783
43518 6.024783
43519 6.024783
43520 6.024783
43521 6.024783
43522 6.024783
43523 6.024783
43524 6.024783
43525 6.024783
43526 6.024783
43527 6.024783
43528 6.024783
43529 6.024783
43530 6.024783
43531 6.024783
43532 6.024783
43533 6.024783
43534 6.024783
43535 6.024783
43536 6.024783
43537 6.024783
43538 6.024783
43539 6.024783
43540 6.024783
43541 6.024783
43542 6.024783
43543 6.024783
43544 6.024783
43545 6.024783
43546 6.024783
43547 6.024783
43548 6.024783
43549 6.024783
43550 6.024783
43551 6.024783
43552 6.024783
43553 6.024783
43554 6.024783
43555 6.024783
43556 6.024783
43557 6.024783
43558 6.024783
43559 6.024783
43560 6.024783
43561 6.024783
43562 6.024783
43563 6.024783
43564 6.024783
43565 6.024783
43566 6.024783
43567 6.024783
43568 6.024783
43569 6.024783
43570 6.024783
43571 6.024783
43572 6.024783
43573 6.024783
43574 6.024783
43575 6.024783
43576 6.024783
43577 6.024783
43578 6.024783
43579 6.024783
43580 6.024783
43581 6.024783
43582 6.024783
43583 6.024783
43584 6.024783
43585 6.024783
43586 6.024783
43587 6.024783
43588 6.024783
43589 6.024783
43590 6.024783
43591 6.024783
43592 6.024783
43593 6.024783
43594 6.024783
43595 6.024783
43596 6.024783
43597 6.024783
43598 6.024783
43599 6.024783
43600 6.024783
43601 6.024783
43602 6.024783
43603 6.024783
43604 6.024783
43605 6.024783
43606 6.024783
43607 6.024783
43608 6.024783
43609 6.024783
43610 6.024783
43611 6.024783
43612 6.024783
43613 6.024783
43614 6.024783
43615 6.024783
43616 6.024783
43617 6.024783
43618 6.024783
43619 6.024783
43620 6.024783
43621 6.024783
43622 6.024783
43623 6.024783
43624 6.024783
43625 6.024783
43626 6.024783
43627 6.024783
43628 6.024783
43629 6.024783
43630 6.024783
43631 6.024783
43632 6.024783
43633 6.024783
43634 6.024783
43635 6.024783
43636 6.024783
43637 6.024783
43638 6.024783
43639 6.024783
43640 6.024783
43641 6.024783
43642 6.024783
43643 6.024783
43644 6.024783
43645 6.024783
43646 6.024783
43647 6.024783
43648 6.024783
43649 6.024783
43650 6.024783
43651 6.024783
43652 6.024783
43653 6.024783
43654 6.024783
43655 6.024783
43656 6.024783
43657 6.024783
43658 6.024783
43659 6.024783
43660 6.024783
43661 6.024783
43662 6.024783
43663 6.024783
43664 6.024783
43665 6.024783
43666 6.024783
43667 6.024783
43668 6.024783
43669 6.024783
43670 6.024783
43671 6.024783
43672 6.024783
43673 6.024783
43674 6.024783
43675 6.024783
43676 6.024783
43677 6.024783
43678 6.024783
43679 6.024783
43680 6.024783
43681 6.024783
43682 6.024783
43683 6.024783
43684 6.024783
43685 6.024783
43686 6.024783
43687 6.024783
43688 6.024783
43689 6.024783
43690 6.024783
43691 6.024783
43692 6.024783
43693 6.024783
43694 6.024783
43695 6.024783
43696 6.024783
43697 6.024783
43698 6.024783
43699 6.024783
43700 6.024783
43701 6.024783
43702 6.024783
43703 6.024783
43704 6.024783
43705 6.024783
43706 6.024783
43707 6.024783
43708 6.024783
43709 6.024783
43710 6.024783
43711 6.024783
43712 6.024783
43713 6.024783
43714 6.024783
43715 6.024783
43716 6.024783
43717 6.024783
43718 6.024783
43719 6.024783
43720 6.024783
43721 6.024783
43722 6.024783
43723 6.024783
43724 6.024783
43725 6.024783
43726 6.024783
43727 6.024783
43728 6.024783
43729 6.024783
43730 6.024783
43731 6.024783
43732 6.024783
43733 6.024783
43734 6.024783
43735 6.024783
43736 6.024783
43737 6.024783
43738 6.024783
43739 6.024783
43740 6.024783
43741 6.024783
43742 6.024783
43743 6.024783
43744 6.024783
43745 6.024783
43746 6.024783
43747 6.024783
43748 6.024783
43749 6.024783
43750 6.024783
43751 6.024783
43752 6.024783
43753 6.024783
43754 6.024783
43755 6.024783
43756 6.024783
43757 6.024783
43758 6.024783
43759 6.024783
43760 6.024783
43761 6.024783
43762 6.024783
43763 6.024783
43764 6.024783
43765 6.024783
43766 6.024783
43767 6.024783
43768 6.024783
43769 6.024783
43770 6.024783
43771 6.024783
43772 6.024783
43773 6.024783
43774 6.024783
43775 6.024783
43776 6.024783
43777 6.024783
43778 6.024783
43779 6.024783
43780 6.024783
43781 6.024783
43782 6.024783
43783 6.024783
43784 6.024783
43785 6.024783
43786 6.024783
43787 6.024783
43788 6.024783
43789 6.024783
43790 6.024783
43791 6.024783
43792 6.024783
43793 6.024783
43794 6.024783
43795 6.024783
43796 6.024783
43797 6.024783
43798 6.024783
43799 6.024783
43800 6.024783
43801 6.024783
43802 6.024783
43803 6.024783
43804 6.024783
43805 6.024783
43806 6.024783
43807 6.024783
43808 6.024783
43809 6.024783
43810 6.024783
43811 6.024783
43812 6.024783
43813 6.024783
43814 6.024783
43815 6.024783
43816 6.024783
43817 6.024783
43818 6.024783
43819 6.024783
43820 6.024783
43821 6.024783
43822 6.024783
43823 6.024783
43824 6.024783
43825 6.024783
43826 6.024783
43827 6.024783
43828 6.024783
43829 6.024783
43830 6.024783
43831 6.024783
43832 6.024783
43833 6.024783
43834 6.024783
43835 6.024783
43836 6.024783
43837 6.024783
43838 6.024783
43839 6.024783
43840 6.024783
43841 6.024783
43842 6.024783
43843 6.024783
43844 6.024783
43845 6.024783
43846 6.024783
43847 6.024783
43848 6.024783
43849 6.024783
43850 6.024783
43851 6.024783
43852 6.024783
43853 6.024783
43854 6.024783
43855 6.024783
43856 6.024783
43857 6.024783
43858 6.024783
43859 6.024783
43860 6.024783
43861 6.024783
43862 6.024783
43863 6.024783
43864 6.024783
43865 6.024783
43866 6.024783
43867 6.024783
43868 6.024783
43869 6.024783
43870 6.024783
43871 6.024783
43872 6.024783
43873 6.024783
43874 6.024783
43875 6.024783
43876 6.024783
43877 6.024783
43878 6.024783
43879 6.024783
43880 6.024783
43881 6.024783
43882 6.024783
43883 6.024783
43884 6.024783
43885 6.024783
43886 6.024783
43887 6.024783
43888 6.024783
43889 6.024783
43890 6.024783
43891 6.024783
43892 6.024783
43893 6.024783
43894 6.024783
43895 6.024783
43896 6.024783
43897 6.024783
43898 6.024783
43899 6.024783
43900 6.024783
43901 6.024783
43902 6.024783
43903 6.024783
43904 6.024783
43905 6.024783
43906 6.024783
43907 6.024783
43908 6.024783
43909 6.024783
43910 6.024783
43911 6.024783
43912 6.024783
43913 6.024783
43914 6.024783
43915 6.024783
43916 6.024783
43917 6.024783
43918 6.024783
43919 6.024783
43920 6.024783
43921 6.024783
43922 6.024783
43923 6.024783
43924 6.024783
43925 6.024783
43926 6.024783
43927 6.024783
43928 6.024783
43929 6.024783
43930 6.024783
43931 6.024783
43932 6.024783
43933 6.024783
43934 6.024783
43935 6.024783
43936 6.024783
43937 6.024783
43938 6.024783
43939 6.024783
43940 6.024783
43941 6.024783
43942 6.024783
43943 6.024783
43944 6.024783
43945 6.024783
43946 6.024783
43947 6.024783
43948 6.024783
43949 6.024783
43950 6.024783
43951 6.024783
43952 6.024783
43953 6.024783
43954 6.024783
43955 6.024783
43956 6.024783
43957 6.024783
43958 6.024783
43959 6.024783
43960 6.024783
43961 6.024783
43962 6.024783
43963 6.024783
43964 6.024783
43965 6.024783
43966 6.024783
43967 6.024783
43968 6.024783
43969 6.024783
43970 6.024783
43971 6.024783
43972 6.024783
43973 6.024783
43974 6.024783
43975 6.024783
43976 6.024783
43977 6.024783
43978 6.024783
43979 6.024783
43980 6.024783
43981 6.024783
43982 6.024783
43983 6.024783
43984 6.024783
43985 6.024783
43986 6.024783
43987 6.024783
43988 6.024783
43989 6.024783
43990 6.024783
43991 6.024783
43992 6.024783
43993 6.024783
43994 6.024783
43995 6.024783
43996 6.024783
43997 6.024783
43998 6.024783
43999 6.024783
44000 6.024783
44001 6.024783
44002 6.024783
44003 6.024783
44004 6.024783
44005 6.024783
44006 6.024783
44007 6.024783
44008 6.024783
44009 6.024783
44010 6.024783
44011 6.024783
44012 6.024783
44013 6.024783
44014 6.024783
44015 6.024783
44016 6.024783
44017 6.024783
44018 6.024783
44019 6.024783
44020 6.024783
44021 6.024783
44022 6.024783
44023 6.024783
44024 6.024783
44025 6.024783
44026 6.024783
44027 6.024783
44028 6.024783
44029 6.024783
44030 6.024783
44031 6.024783
44032 6.024783
44033 6.024783
44034 6.024783
44035 6.024783
44036 6.024783
44037 6.024783
44038 6.024783
44039 6.024783
44040 6.024783
44041 6.024783
44042 6.024783
44043 6.024783
44044 6.024783
44045 6.024783
44046 6.024783
44047 6.024783
44048 6.024783
44049 6.024783
44050 6.024783
44051 6.024783
44052 6.024783
44053 6.024783
44054 6.024783
44055 6.024783
44056 6.024783
44057 6.024783
44058 6.024783
44059 6.024783
44060 6.024783
44061 6.024783
44062 6.024783
44063 6.024783
44064 6.024783
44065 6.024783
44066 6.024783
44067 6.024783
44068 6.024783
44069 6.024783
44070 6.024783
44071 6.024783
44072 6.024783
44073 6.024783
44074 6.024783
44075 6.024783
44076 6.024783
44077 6.024783
44078 6.024783
44079 6.024783
44080 6.024783
44081 6.024783
44082 6.024783
44083 6.024783
44084 6.024783
44085 6.024783
44086 6.024783
44087 6.024783
44088 6.024783
44089 6.024783
44090 6.024783
44091 6.024783
44092 6.024783
44093 6.024783
44094 6.024783
44095 6.024783
44096 6.024783
44097 6.024783
44098 6.024783
44099 6.024783
44100 6.024783
44101 6.024783
44102 6.024783
44103 6.024783
44104 6.024783
44105 6.024783
44106 6.024783
44107 6.024783
44108 6.024783
44109 6.024783
44110 6.024783
44111 6.024783
44112 6.024783
44113 6.024783
44114 6.024783
44115 6.024783
44116 6.024783
44117 6.024783
44118 6.024783
44119 6.024783
44120 6.024783
44121 6.024783
44122 6.024783
44123 6.024783
44124 6.024783
44125 6.024783
44126 6.024783
44127 6.024783
44128 6.024783
44129 6.024783
44130 6.024783
44131 6.024783
44132 6.024783
44133 6.024783
44134 6.024783
44135 6.024783
44136 6.024783
44137 6.024783
44138 6.024783
44139 6.024783
44140 6.024783
44141 6.024783
44142 6.024783
44143 6.024783
44144 6.024783
44145 6.024783
44146 6.024783
44147 6.024783
44148 6.024783
44149 6.024783
44150 6.024783
44151 6.024783
44152 6.024783
44153 6.024783
44154 6.024783
44155 6.024783
44156 6.024783
44157 6.024783
44158 6.024783
44159 6.024783
44160 6.024783
44161 6.024783
44162 6.024783
44163 6.024783
44164 6.024783
44165 6.024783
44166 6.024783
44167 6.024783
44168 6.024783
44169 6.024783
44170 6.024783
44171 6.024783
44172 6.024783
44173 6.024783
44174 6.024783
44175 6.024783
44176 6.024783
44177 6.024783
44178 6.024783
44179 6.024783
44180 6.024783
44181 6.024783
44182 6.024783
44183 6.024783
44184 6.024783
44185 6.024783
44186 6.024783
44187 6.024783
44188 6.024783
44189 6.024783
44190 6.024783
44191 6.024783
44192 6.024783
44193 6.024783
44194 6.024783
44195 6.024783
44196 6.024783
44197 6.024783
44198 6.024783
44199 6.024783
44200 6.024783
44201 6.024783
44202 6.024783
44203 6.024783
44204 6.024783
44205 6.024783
44206 6.024783
44207 6.024783
44208 6.024783
44209 6.024783
44210 6.024783
44211 6.024783
44212 6.024783
44213 6.024783
44214 6.024783
44215 6.024783
44216 6.024783
44217 6.024783
44218 6.024783
44219 6.024783
44220 6.024783
44221 6.024783
44222 6.024783
44223 6.024783
44224 6.024783
44225 6.024783
44226 6.024783
44227 6.024783
44228 6.024783
44229 6.024783
44230 6.024783
44231 6.024783
44232 6.024783
44233 6.024783
44234 6.024783
44235 6.024783
44236 6.024783
44237 6.024783
44238 6.024783
44239 6.024783
44240 6.024783
44241 6.024783
44242 6.024783
44243 6.024783
44244 6.024783
44245 6.024783
44246 6.024783
44247 6.024783
44248 6.024783
44249 6.024783
44250 6.024783
44251 6.024783
44252 6.024783
44253 6.024783
44254 6.024783
44255 6.024783
44256 6.024783
44257 6.024783
44258 6.024783
44259 6.024783
44260 6.024783
44261 6.024783
44262 6.024783
44263 6.024783
44264 6.024783
44265 6.024783
44266 6.024783
44267 6.024783
44268 6.024783
44269 6.024783
44270 6.024783
44271 6.024783
44272 6.024783
44273 6.024783
44274 6.024783
44275 6.024783
44276 6.024783
44277 6.024783
44278 6.024783
44279 6.024783
44280 6.024783
44281 6.024783
44282 6.024783
44283 6.024783
44284 6.024783
44285 6.024783
44286 6.024783
44287 6.024783
44288 6.024783
44289 6.024783
44290 6.024783
44291 6.024783
44292 6.024783
44293 6.024783
44294 6.024783
44295 6.024783
44296 6.024783
44297 6.024783
44298 6.024783
44299 6.024783
44300 6.024783
44301 6.024783
44302 6.024783
44303 6.024783
44304 6.024783
44305 6.024783
44306 6.024783
44307 6.024783
44308 6.024783
44309 6.024783
44310 6.024783
44311 6.024783
44312 6.024783
44313 6.024783
44314 6.024783
44315 6.024783
44316 6.024783
44317 6.024783
44318 6.024783
44319 6.024783
44320 6.024783
44321 6.024783
44322 6.024783
44323 6.024783
44324 6.024783
44325 6.024783
44326 6.024783
44327 6.024783
44328 6.024783
44329 6.024783
44330 6.024783
44331 6.024783
44332 6.024783
44333 6.024783
44334 6.024783
44335 6.024783
44336 6.024783
44337 6.024783
44338 6.024783
44339 6.024783
44340 6.024783
44341 6.024783
44342 6.024783
44343 6.024783
44344 6.024783
44345 6.024783
44346 6.024783
44347 6.024783
44348 6.024783
44349 6.024783
44350 6.024783
44351 6.024783
44352 6.024783
44353 6.024783
44354 6.024783
44355 6.024783
44356 6.024783
44357 6.024783
44358 6.024783
44359 6.024783
44360 6.024783
44361 6.024783
44362 6.024783
44363 6.024783
44364 6.024783
44365 6.024783
44366 6.024783
44367 6.024783
44368 6.024783
44369 6.024783
44370 6.024783
44371 6.024783
44372 6.024783
44373 6.024783
44374 6.024783
44375 6.024783
44376 6.024783
44377 6.024783
44378 6.024783
44379 6.024783
44380 6.024783
44381 6.024783
44382 6.024783
44383 6.024783
44384 6.024783
44385 6.024783
44386 6.024783
44387 6.024783
44388 6.024783
44389 6.024783
44390 6.024783
44391 6.024783
44392 6.024783
44393 6.024783
44394 6.024783
44395 6.024783
44396 6.024783
44397 6.024783
44398 6.024783
44399 6.024783
44400 6.024783
44401 5.592350
44402 5.592350
44403 5.592350
44404 5.592350
44405 5.592350
44406 5.592350
44407 5.592350
44408 5.592350
44409 5.592350
44410 5.592350
44411 5.592350
44412 5.592350
44413 5.592350
44414 5.592350
44415 5.592350
44416 5.592350
44417 5.592350
44418 5.592350
44419 5.592350
44420 5.592350
44421 5.592350
44422 5.592350
44423 5.592350
44424 5.592350
44425 5.592350
44426 5.592350
44427 5.592350
44428 5.592350
44429 5.592350
44430 5.592350
44431 5.592350
44432 5.592350
44433 5.592350
44434 5.592350
44435 5.592350
44436 5.592350
44437 5.592350
44438 5.592350
44439 5.592350
44440 5.592350
44441 5.592350
44442 5.592350
44443 5.592350
44444 5.592350
44445 5.592350
44446 5.592350
44447 5.592350
44448 5.592350
44449 5.592350
44450 5.592350
44451 5.592350
44452 5.592350
44453 5.592350
44454 5.592350
44455 5.592350
44456 5.592350
44457 5.592350
44458 5.592350
44459 5.592350
44460 5.592350
44461 5.592350
44462 5.592350
44463 5.592350
44464 5.592350
44465 5.592350
44466 5.592350
44467 5.592350
44468 5.592350
44469 5.592350
44470 5.592350
44471 5.592350
44472 5.592350
44473 5.592350
44474 5.592350
44475 5.592350
44476 5.592350
44477 5.592350
44478 5.592350
44479 5.592350
44480 5.592350
44481 5.592350
44482 5.592350
44483 5.592350
44484 5.592350
44485 5.592350
44486 5.592350
44487 5.592350
44488 5.592350
44489 5.592350
44490 5.592350
44491 5.592350
44492 5.592350
44493 5.592350
44494 5.592350
44495 5.592350
44496 5.592350
44497 5.592350
44498 5.592350
44499 5.592350
44500 5.592350
44501 5.592350
44502 5.592350
44503 5.592350
44504 5.592350
44505 5.592350
44506 5.592350
44507 5.592350
44508 5.592350
44509 5.592350
44510 5.592350
44511 5.592350
44512 5.592350
44513 5.592350
44514 5.592350
44515 5.592350
44516 5.592350
44517 5.592350
44518 5.592350
44519 5.592350
44520 5.592350
44521 5.592350
44522 5.592350
44523 5.592350
44524 5.592350
44525 5.592350
44526 5.592350
44527 5.592350
44528 5.592350
44529 5.592350
44530 5.592350
44531 5.592350
44532 5.592350
44533 5.592350
44534 5.592350
44535 5.592350
44536 5.592350
44537 5.592350
44538 5.592350
44539 5.592350
44540 5.592350
44541 5.592350
44542 5.592350
44543 5.592350
44544 5.592350
44545 5.592350
44546 5.592350
44547 5.592350
44548 5.592350
44549 5.592350
44550 5.592350
44551 5.592350
44552 5.592350
44553 5.592350
44554 5.592350
44555 5.592350
44556 5.592350
44557 5.592350
44558 5.592350
44559 5.592350
44560 5.592350
44561 5.592350
44562 5.592350
44563 5.592350
44564 5.592350
44565 5.592350
44566 5.592350
44567 5.592350
44568 5.592350
44569 5.592350
44570 5.592350
44571 5.592350
44572 5.592350
44573 5.592350
44574 5.592350
44575 5.592350
44576 5.592350
44577 5.592350
44578 5.592350
44579 5.592350
44580 5.592350
44581 5.592350
44582 5.592350
44583 5.592350
44584 5.592350
44585 5.592350
44586 5.592350
44587 5.592350
44588 5.592350
44589 5.592350
44590 5.592350
44591 5.592350
44592 5.592350
44593 5.592350
44594 5.592350
44595 5.592350
44596 5.592350
44597 5.592350
44598 5.592350
44599 5.592350
44600 5.592350
44601 5.592350
44602 5.592350
44603 5.592350
44604 5.592350
44605 5.592350
44606 5.592350
44607 5.592350
44608 5.592350
44609 5.592350
44610 5.592350
44611 5.592350
44612 5.592350
44613 5.592350
44614 5.592350
44615 5.592350
44616 5.592350
44617 5.592350
44618 5.592350
44619 5.592350
44620 5.592350
44621 5.592350
44622 5.592350
44623 5.592350
44624 5.592350
44625 5.592350
44626 5.592350
44627 5.592350
44628 5.592350
44629 5.592350
44630 5.592350
44631 5.592350
44632 5.592350
44633 5.592350
44634 5.592350
44635 5.592350
44636 5.592350
44637 5.592350
44638 5.592350
44639 5.592350
44640 5.592350
44641 5.592350
44642 5.592350
44643 5.592350
44644 5.592350
44645 5.592350
44646 5.592350
44647 5.592350
44648 5.592350
44649 5.592350
44650 5.592350
44651 5.592350
44652 5.592350
44653 5.592350
44654 5.592350
44655 5.592350
44656 5.592350
44657 5.592350
44658 5.592350
44659 5.592350
44660 5.592350
44661 5.592350
44662 5.592350
44663 5.592350
44664 5.592350
44665 5.592350
44666 5.592350
44667 5.592350
44668 5.592350
44669 5.592350
44670 5.592350
44671 5.592350
44672 5.592350
44673 5.592350
44674 5.592350
44675 5.592350
44676 5.592350
44677 5.592350
44678 5.592350
44679 5.592350
44680 5.592350
44681 5.592350
44682 5.592350
44683 5.592350
44684 5.592350
44685 5.592350
44686 5.592350
44687 5.592350
44688 5.592350
44689 5.592350
44690 5.592350
44691 5.592350
44692 5.592350
44693 5.592350
44694 5.592350
44695 5.592350
44696 5.592350
44697 5.592350
44698 5.592350
44699 5.592350
44700 5.592350
44701 5.592350
44702 5.592350
44703 5.592350
44704 5.592350
44705 5.592350
44706 5.592350
44707 5.592350
44708 5.592350
44709 5.592350
44710 5.592350
44711 5.592350
44712 5.592350
44713 5.592350
44714 5.592350
44715 5.592350
44716 5.592350
44717 5.592350
44718 5.592350
44719 5.592350
44720 5.592350
44721 5.592350
44722 5.592350
44723 5.592350
44724 5.592350
44725 5.592350
44726 5.592350
44727 5.592350
44728 5.592350
44729 5.592350
44730 5.592350
44731 5.592350
44732 5.592350
44733 5.592350
44734 5.592350
44735 5.592350
44736 5.592350
44737 5.592350
44738 5.592350
44739 5.592350
44740 5.592350
44741 5.592350
44742 5.592350
44743 5.592350
44744 5.592350
44745 5.592350
44746 5.592350
44747 5.592350
44748 5.592350
44749 5.592350
44750 5.592350
44751 5.592350
44752 5.592350
44753 5.592350
44754 5.592350
44755 5.592350
44756 5.592350
44757 5.592350
44758 5.592350
44759 5.592350
44760 5.592350
44761 5.592350
44762 5.592350
44763 5.592350
44764 5.592350
44765 5.592350
44766 5.592350
44767 5.592350
44768 5.592350
44769 5.592350
44770 5.592350
44771 5.592350
44772 5.592350
44773 5.592350
44774 5.592350
44775 5.592350
44776 5.592350
44777 5.592350
44778 5.592350
44779 5.592350
44780 5.592350
44781 5.592350
44782 5.592350
44783 5.592350
44784 5.592350
44785 5.592350
44786 5.592350
44787 5.592350
44788 5.592350
44789 5.592350
44790 5.592350
44791 5.592350
44792 5.592350
44793 5.592350
44794 5.592350
44795 5.592350
44796 5.592350
44797 5.592350
44798 5.592350
44799 5.592350
44800 5.592350
44801 5.592350
44802 5.592350
44803 5.592350
44804 5.592350
44805 5.592350
44806 5.592350
44807 5.592350
44808 5.592350
44809 5.592350
44810 5.592350
44811 5.592350
44812 5.592350
44813 5.592350
44814 5.592350
44815 5.592350
44816 5.592350
44817 5.592350
44818 5.592350
44819 5.592350
44820 5.592350
44821 5.592350
44822 5.592350
44823 5.592350
44824 5.592350
44825 5.592350
44826 5.592350
44827 5.592350
44828 5.592350
44829 5.592350
44830 5.592350
44831 5.592350
44832 5.592350
44833 5.592350
44834 5.592350
44835 5.592350
44836 5.592350
44837 5.592350
44838 5.592350
44839 5.592350
44840 5.592350
44841 5.592350
44842 5.592350
44843 5.592350
44844 5.592350
44845 5.592350
44846 5.592350
44847 5.592350
44848 5.592350
44849 5.592350
44850 5.592350
44851 5.592350
44852 5.592350
44853 5.592350
44854 5.592350
44855 5.592350
44856 5.592350
44857 5.592350
44858 5.592350
44859 5.592350
44860 5.592350
44861 5.592350
44862 5.592350
44863 5.592350
44864 5.592350
44865 5.592350
44866 5.592350
44867 5.592350
44868 5.592350
44869 5.592350
44870 5.592350
44871 5.592350
44872 5.592350
44873 5.592350
44874 5.592350
44875 5.592350
44876 5.592350
44877 5.592350
44878 5.592350
44879 5.592350
44880 5.592350
44881 5.592350
44882 5.592350
44883 5.592350
44884 5.592350
44885 5.592350
44886 5.592350
44887 5.592350
44888 5.592350
44889 5.592350
44890 5.592350
44891 5.592350
44892 5.592350
44893 5.592350
44894 5.592350
44895 5.592350
44896 5.592350
44897 5.592350
44898 5.592350
44899 5.592350
44900 5.592350
44901 5.592350
44902 5.592350
44903 5.592350
44904 5.592350
44905 5.592350
44906 5.592350
44907 5.592350
44908 5.592350
44909 5.592350
44910 5.592350
44911 5.592350
44912 5.592350
44913 5.592350
44914 5.592350
44915 5.592350
44916 5.592350
44917 5.592350
44918 5.592350
44919 5.592350
44920 5.592350
44921 5.592350
44922 5.592350
44923 5.592350
44924 5.592350
44925 5.592350
44926 5.592350
44927 5.592350
44928 5.592350
44929 5.592350
44930 5.592350
44931 5.592350
44932 5.592350
44933 5.592350
44934 5.592350
44935 5.592350
44936 5.592350
44937 5.592350
44938 5.592350
44939 5.592350
44940 5.592350
44941 5.592350
44942 5.592350
44943 5.592350
44944 5.592350
44945 5.592350
44946 5.592350
44947 5.592350
44948 5.592350
44949 5.592350
44950 5.592350
44951 5.592350
44952 5.592350
44953 5.592350
44954 5.592350
44955 5.592350
44956 5.592350
44957 5.592350
44958 5.592350
44959 5.592350
44960 5.592350
44961 5.592350
44962 5.592350
44963 5.592350
44964 5.592350
44965 5.592350
44966 5.592350
44967 5.592350
44968 5.592350
44969 5.592350
44970 5.592350
44971 5.592350
44972 5.592350
44973 5.592350
44974 5.592350
44975 5.592350
44976 5.592350
44977 5.592350
44978 5.592350
44979 5.592350
44980 5.592350
44981 5.592350
44982 5.592350
44983 5.592350
44984 5.592350
44985 5.592350
44986 5.592350
44987 5.592350
44988 5.592350
44989 5.592350
44990 5.592350
44991 5.592350
44992 5.592350
44993 5.592350
44994 5.592350
44995 5.592350
44996 5.592350
44997 5.592350
44998 5.592350
44999 5.592350
45000 5.592350
45001 5.592350
45002 5.592350
45003 5.592350
45004 5.592350
45005 5.592350
45006 5.592350
45007 5.592350
45008 5.592350
45009 5.592350
45010 5.592350
45011 5.592350
45012 5.592350
45013 5.592350
45014 5.592350
45015 5.592350
45016 5.592350
45017 5.592350
45018 5.592350
45019 5.592350
45020 5.592350
45021 5.592350
45022 5.592350
45023 5.592350
45024 5.592350
45025 5.592350
45026 5.592350
45027 5.592350
45028 5.592350
45029 5.592350
45030 5.592350
45031 5.592350
45032 5.592350
45033 5.592350
45034 5.592350
45035 5.592350
45036 5.592350
45037 5.592350
45038 5.592350
45039 5.592350
45040 5.592350
45041 5.592350
45042 5.592350
45043 5.592350
45044 5.592350
45045 5.592350
45046 5.592350
45047 5.592350
45048 5.592350
45049 5.592350
45050 5.592350
45051 5.592350
45052 5.592350
45053 5.592350
45054 5.592350
45055 5.592350
45056 5.592350
45057 5.592350
45058 5.592350
45059 5.592350
45060 5.592350
45061 5.592350
45062 5.592350
45063 5.592350
45064 5.592350
45065 5.592350
45066 5.592350
45067 5.592350
45068 5.592350
45069 5.592350
45070 5.592350
45071 5.592350
45072 5.592350
45073 5.592350
45074 5.592350
45075 5.592350
45076 5.592350
45077 5.592350
45078 5.592350
45079 5.592350
45080 5.592350
45081 5.592350
45082 5.592350
45083 5.592350
45084 5.592350
45085 5.592350
45086 5.592350
45087 5.592350
45088 5.592350
45089 5.592350
45090 5.592350
45091 5.592350
45092 5.592350
45093 5.592350
45094 5.592350
45095 5.592350
45096 5.592350
45097 5.592350
45098 5.592350
45099 5.592350
45100 5.592350
45101 5.592350
45102 5.592350
45103 5.592350
45104 5.592350
45105 5.592350
45106 5.592350
45107 5.592350
45108 5.592350
45109 5.592350
45110 5.592350
45111 5.592350
45112 5.592350
45113 5.592350
45114 5.592350
45115 5.592350
45116 5.592350
45117 5.592350
45118 5.592350
45119 5.592350
45120 5.592350
45121 5.592350
45122 5.592350
45123 5.592350
45124 5.592350
45125 5.592350
45126 5.592350
45127 5.592350
45128 5.592350
45129 5.592350
45130 5.592350
45131 5.592350
45132 5.592350
45133 5.592350
45134 5.592350
45135 5.592350
45136 5.592350
45137 5.592350
45138 5.592350
45139 5.592350
45140 5.592350
45141 5.592350
45142 5.592350
45143 5.592350
45144 5.592350
45145 5.592350
45146 5.592350
45147 5.592350
45148 5.592350
45149 5.592350
45150 5.592350
45151 5.592350
45152 5.592350
45153 5.592350
45154 5.592350
45155 5.592350
45156 5.592350
45157 5.592350
45158 5.592350
45159 5.592350
45160 5.592350
45161 5.592350
45162 5.592350
45163 5.592350
45164 5.592350
45165 5.592350
45166 5.592350
45167 5.592350
45168 5.592350
45169 5.592350
45170 5.592350
45171 5.592350
45172 5.592350
45173 5.592350
45174 5.592350
45175 5.592350
45176 5.592350
45177 5.592350
45178 5.592350
45179 5.592350
45180 5.592350
45181 5.592350
45182 5.592350
45183 5.592350
45184 5.592350
45185 5.592350
45186 5.592350
45187 5.592350
45188 5.592350
45189 5.592350
45190 5.592350
45191 5.592350
45192 5.592350
45193 5.592350
45194 5.592350
45195 5.592350
45196 5.592350
45197 5.592350
45198 5.592350
45199 5.592350
45200 5.592350
45201 5.592350
45202 5.592350
45203 5.592350
45204 5.592350
45205 5.592350
45206 5.592350
45207 5.592350
45208 5.592350
45209 5.592350
45210 5.592350
45211 5.592350
45212 5.592350
45213 5.592350
45214 5.592350
45215 5.592350
45216 5.592350
45217 5.592350
45218 5.592350
45219 5.592350
45220 5.592350
45221 5.592350
45222 5.592350
45223 5.592350
45224 5.592350
45225 5.592350
45226 5.592350
45227 5.592350
45228 5.592350
45229 5.592350
45230 5.592350
45231 5.592350
45232 5.592350
45233 5.592350
45234 5.592350
45235 5.592350
45236 5.592350
45237 5.592350
45238 5.592350
45239 5.592350
45240 5.592350
45241 5.592350
45242 5.592350
45243 5.592350
45244 5.592350
45245 5.592350
45246 5.592350
45247 5.592350
45248 5.592350
45249 5.592350
45250 5.592350
45251 5.592350
45252 5.592350
45253 5.592350
45254 5.592350
45255 5.592350
45256 5.592350
45257 5.592350
45258 5.592350
45259 5.592350
45260 5.592350
45261 5.592350
45262 5.592350
45263 5.592350
45264 5.592350
45265 5.592350
45266 5.592350
45267 5.592350
45268 5.592350
45269 5.592350
45270 5.592350
45271 5.592350
45272 5.592350
45273 5.592350
45274 5.592350
45275 5.592350
45276 5.592350
45277 5.592350
45278 5.592350
45279 5.592350
45280 5.592350
45281 5.592350
45282 5.592350
45283 5.592350
45284 5.592350
45285 5.592350
45286 5.592350
45287 5.592350
45288 5.592350
45289 5.592350
45290 5.592350
45291 5.592350
45292 5.592350
45293 5.592350
45294 5.592350
45295 5.592350
45296 5.592350
45297 5.592350
45298 5.592350
45299 5.592350
45300 5.592350
45301 5.592350
45302 5.592350
45303 5.592350
45304 5.592350
45305 5.592350
45306 5.592350
45307 5.592350
45308 5.592350
45309 5.592350
45310 5.592350
45311 5.592350
45312 5.592350
45313 5.592350
45314 5.592350
45315 5.592350
45316 5.592350
45317 5.592350
45318 5.592350
45319 5.592350
45320 5.592350
45321 5.592350
45322 5.592350
45323 5.592350
45324 5.592350
45325 5.592350
45326 5.592350
45327 5.592350
45328 5.592350
45329 5.592350
45330 5.592350
45331 5.592350
45332 5.592350
45333 5.592350
45334 5.592350
45335 5.592350
45336 5.592350
45337 5.592350
45338 5.592350
45339 5.592350
45340 5.592350
45341 5.592350
45342 5.592350
45343 5.592350
45344 5.592350
45345 5.592350
45346 5.592350
45347 5.592350
45348 5.592350
45349 5.592350
45350 5.592350
45351 5.592350
45352 5.592350
45353 5.592350
45354 5.592350
45355 5.592350
45356 5.592350
45357 5.592350
45358 5.592350
45359 5.592350
45360 5.592350
45361 5.592350
45362 5.592350
45363 5.592350
45364 5.592350
45365 5.592350
45366 5.592350
45367 5.592350
45368 5.592350
45369 5.592350
45370 5.592350
45371 5.592350
45372 5.592350
45373 5.592350
45374 5.592350
45375 5.592350
45376 5.592350
45377 5.592350
45378 5.592350
45379 5.592350
45380 5.592350
45381 5.592350
45382 5.592350
45383 5.592350
45384 5.592350
45385 5.592350
45386 5.592350
45387 5.592350
45388 5.592350
45389 5.592350
45390 5.592350
45391 5.592350
45392 5.592350
45393 5.592350
45394 5.592350
45395 5.592350
45396 5.592350
45397 5.592350
45398 5.592350
45399 5.592350
45400 5.592350
45401 5.592350
45402 5.592350
45403 5.592350
45404 5.592350
45405 5.592350
45406 5.592350
45407 5.592350
45408 5.592350
45409 5.592350
45410 5.592350
45411 5.592350
45412 5.592350
45413 5.592350
45414 5.592350
45415 5.592350
45416 5.592350
45417 5.592350
45418 5.592350
45419 5.592350
45420 5.592350
45421 5.592350
45422 5.592350
45423 5.592350
45424 5.592350
45425 5.592350
45426 5.592350
45427 5.592350
45428 5.592350
45429 5.592350
45430 5.592350
45431 5.592350
45432 5.592350
45433 5.592350
45434 5.592350
45435 5.592350
45436 5.592350
45437 5.592350
45438 5.592350
45439 5.592350
45440 5.592350
45441 5.592350
45442 5.592350
45443 5.592350
45444 5.592350
45445 5.592350
45446 5.592350
45447 5.592350
45448 5.592350
45449 5.592350
45450 5.592350
45451 5.592350
45452 5.592350
45453 5.592350
45454 5.592350
45455 5.592350
45456 5.592350
45457 5.592350
45458 5.592350
45459 5.592350
45460 5.592350
45461 5.592350
45462 5.592350
45463 5.592350
45464 5.592350
45465 5.592350
45466 5.592350
45467 5.592350
45468 5.592350
45469 5.592350
45470 5.592350
45471 5.592350
45472 5.592350
45473 5.592350
45474 5.592350
45475 5.592350
45476 5.592350
45477 5.592350
45478 5.592350
45479 5.592350
45480 5.592350
45481 5.592350
45482 5.592350
45483 5.592350
45484 5.592350
45485 5.592350
45486 5.592350
45487 5.592350
45488 5.592350
45489 5.592350
45490 5.592350
45491 5.592350
45492 5.592350
45493 5.592350
45494 5.592350
45495 5.592350
45496 5.592350
45497 5.592350
45498 5.592350
45499 5.592350
45500 5.592350
45501 5.592350
45502 5.592350
45503 5.592350
45504 5.592350
45505 5.592350
45506 5.592350
45507 5.592350
45508 5.592350
45509 5.592350
45510 5.592350
45511 5.592350
45512 5.592350
45513 5.592350
45514 5.592350
45515 5.592350
45516 5.592350
45517 5.592350
45518 5.592350
45519 5.592350
45520 5.592350
45521 5.592350
45522 5.592350
45523 5.592350
45524 5.592350
45525 5.592350
45526 5.592350
45527 5.592350
45528 5.592350
45529 5.592350
45530 5.592350
45531 5.592350
45532 5.592350
45533 5.592350
45534 5.592350
45535 5.592350
45536 5.592350
45537 5.592350
45538 5.592350
45539 5.592350
45540 5.592350
45541 5.592350
45542 5.592350
45543 5.592350
45544 5.592350
45545 5.592350
45546 5.592350
45547 5.592350
45548 5.592350
45549 5.592350
45550 5.592350
45551 5.592350
45552 5.592350
45553 5.592350
45554 5.592350
45555 5.592350
45556 5.592350
45557 5.592350
45558 5.592350
45559 5.592350
45560 5.592350
45561 5.592350
45562 5.592350
45563 5.592350
45564 5.592350
45565 5.592350
45566 5.592350
45567 5.592350
45568 5.592350
45569 5.592350
45570 5.592350
45571 5.592350
45572 5.592350
45573 5.592350
45574 5.592350
45575 5.592350
45576 5.592350
45577 5.592350
45578 5.592350
45579 5.592350
45580 5.592350
45581 5.592350
45582 5.592350
45583 5.592350
45584 5.592350
45585 5.592350
45586 5.592350
45587 5.592350
45588 5.592350
45589 5.592350
45590 5.592350
45591 5.592350
45592 5.592350
45593 5.592350
45594 5.592350
45595 5.592350
45596 5.592350
45597 5.592350
45598 5.592350
45599 5.592350
45600 5.592350
45601 5.592350
45602 5.592350
45603 5.592350
45604 5.592350
45605 5.592350
45606 5.592350
45607 5.592350
45608 5.592350
45609 5.592350
45610 5.592350
45611 5.592350
45612 5.592350
45613 5.592350
45614 5.592350
45615 5.592350
45616 5.592350
45617 5.592350
45618 5.592350
45619 5.592350
45620 5.592350
45621 5.592350
45622 5.592350
45623 5.592350
45624 5.592350
45625 5.592350
45626 5.592350
45627 5.592350
45628 5.592350
45629 5.592350
45630 5.592350
45631 5.592350
45632 5.592350
45633 5.592350
45634 5.592350
45635 5.592350
45636 5.592350
45637 5.592350
45638 5.592350
45639 5.592350
45640 5.592350
45641 5.592350
45642 5.592350
45643 5.592350
45644 5.592350
45645 5.592350
45646 5.592350
45647 5.592350
45648 5.592350
45649 5.592350
45650 5.592350
45651 5.592350
45652 5.592350
45653 5.592350
45654 5.592350
45655 5.592350
45656 5.592350
45657 5.592350
45658 5.592350
45659 5.592350
45660 5.592350
45661 5.592350
45662 5.592350
45663 5.592350
45664 5.592350
45665 5.592350
45666 5.592350
45667 5.592350
45668 5.592350
45669 5.592350
45670 5.592350
45671 5.592350
45672 5.592350
45673 5.592350
45674 5.592350
45675 5.592350
45676 5.592350
45677 5.592350
45678 5.592350
45679 5.592350
45680 5.592350
45681 5.592350
45682 5.592350
45683 5.592350
45684 5.592350
45685 5.592350
45686 5.592350
45687 5.592350
45688 5.592350
45689 5.592350
45690 5.592350
45691 5.592350
45692 5.592350
45693 5.592350
45694 5.592350
45695 5.592350
45696 5.592350
45697 5.592350
45698 5.592350
45699 5.592350
45700 5.592350
45701 5.592350
45702 5.592350
45703 5.592350
45704 5.592350
45705 5.592350
45706 5.592350
45707 5.592350
45708 5.592350
45709 5.592350
45710 5.592350
45711 5.592350
45712 5.592350
45713 5.592350
45714 5.592350
45715 5.592350
45716 5.592350
45717 5.592350
45718 5.592350
45719 5.592350
45720 5.592350
45721 5.592350
45722 5.592350
45723 5.592350
45724 5.592350
45725 5.592350
45726 5.592350
45727 5.592350
45728 5.592350
45729 5.592350
45730 5.592350
45731 5.592350
45732 5.592350
45733 5.592350
45734 5.592350
45735 5.592350
45736 5.592350
45737 5.592350
45738 5.592350
45739 5.592350
45740 5.592350
45741 5.592350
45742 5.592350
45743 5.592350
45744 5.592350
45745 5.592350
45746 5.592350
45747 5.592350
45748 5.592350
45749 5.592350
45750 5.592350
45751 5.592350
45752 5.592350
45753 5.592350
45754 5.592350
45755 5.592350
45756 5.592350
45757 5.592350
45758 5.592350
45759 5.592350
45760 5.592350
45761 5.592350
45762 5.592350
45763 5.592350
45764 5.592350
45765 5.592350
45766 5.592350
45767 5.592350
45768 5.592350
45769 5.592350
45770 5.592350
45771 5.592350
45772 5.592350
45773 5.592350
45774 5.592350
45775 5.592350
45776 5.592350
45777 5.592350
45778 5.592350
45779 5.592350
45780 5.592350
45781 5.592350
45782 5.592350
45783 5.592350
45784 5.592350
45785 5.592350
45786 5.592350
45787 5.592350
45788 5.592350
45789 5.592350
45790 5.592350
45791 5.592350
45792 5.592350
45793 5.592350
45794 5.592350
45795 5.592350
45796 5.592350
45797 5.592350
45798 5.592350
45799 5.592350
45800 5.592350
45801 5.592350
45802 5.592350
45803 5.592350
45804 5.592350
45805 5.592350
45806 5.592350
45807 5.592350
45808 5.592350
45809 5.592350
45810 5.592350
45811 5.592350
45812 5.592350
45813 5.592350
45814 5.592350
45815 5.592350
45816 5.592350
45817 5.592350
45818 5.592350
45819 5.592350
45820 5.592350
45821 5.592350
45822 5.592350
45823 5.592350
45824 5.592350
45825 5.592350
45826 5.592350
45827 5.592350
45828 5.592350
45829 5.592350
45830 5.592350
45831 5.592350
45832 5.592350
45833 5.592350
45834 5.592350
45835 5.592350
45836 5.592350
45837 5.592350
45838 5.592350
45839 5.592350
45840 5.592350
45841 5.592350
45842 5.592350
45843 5.592350
45844 5.592350
45845 5.592350
45846 5.592350
45847 5.592350
45848 5.592350
45849 5.592350
45850 5.592350
45851 5.592350
45852 5.592350
45853 5.592350
45854 5.592350
45855 5.592350
45856 5.592350
45857 5.592350
45858 5.592350
45859 5.592350
45860 5.592350
45861 5.592350
45862 5.592350
45863 5.592350
45864 5.592350
45865 5.592350
45866 5.592350
45867 5.592350
45868 5.592350
45869 5.592350
45870 5.592350
45871 5.592350
45872 5.592350
45873 5.592350
45874 5.592350
45875 5.592350
45876 5.592350
45877 5.592350
45878 5.592350
45879 5.592350
45880 5.592350
45881 5.592350
45882 5.592350
45883 5.592350
45884 5.592350
45885 5.592350
45886 5.592350
45887 5.592350
45888 5.592350
45889 5.592350
45890 5.592350
45891 5.592350
45892 5.592350
45893 5.592350
45894 5.592350
45895 5.592350
45896 5.592350
45897 5.592350
45898 5.592350
45899 5.592350
45900 5.592350
45901 5.592350
45902 5.592350
45903 5.592350
45904 5.592350
45905 5.592350
45906 5.592350
45907 5.592350
45908 5.592350
45909 5.592350
45910 5.592350
45911 5.592350
45912 5.592350
45913 5.592350
45914 5.592350
45915 5.592350
45916 5.592350
45917 5.592350
45918 5.592350
45919 5.592350
45920 5.592350
45921 5.592350
45922 5.592350
45923 5.592350
45924 5.592350
45925 5.592350
45926 5.592350
45927 5.592350
45928 5.592350
45929 5.592350
45930 5.592350
45931 5.592350
45932 5.592350
45933 5.592350
45934 5.592350
45935 5.592350
45936 5.592350
45937 5.592350
45938 5.592350
45939 5.592350
45940 5.592350
45941 5.592350
45942 5.592350
45943 5.592350
45944 5.592350
45945 5.592350
45946 5.592350
45947 5.592350
45948 5.592350
45949 5.592350
45950 5.592350
45951 5.592350
45952 5.592350
45953 5.592350
45954 5.592350
45955 5.592350
45956 5.592350
45957 5.592350
45958 5.592350
45959 5.592350
45960 5.592350
45961 5.592350
45962 5.592350
45963 5.592350
45964 5.592350
45965 5.592350
45966 5.592350
45967 5.592350
45968 5.592350
45969 5.592350
45970 5.592350
45971 5.592350
45972 5.592350
45973 5.592350
45974 5.592350
45975 5.592350
45976 5.592350
45977 5.592350
45978 5.592350
45979 5.592350
45980 5.592350
45981 5.592350
45982 5.592350
45983 5.592350
45984 5.592350
45985 5.592350
45986 5.592350
45987 5.592350
45988 5.592350
45989 5.592350
45990 5.592350
45991 5.592350
45992 5.592350
45993 5.592350
45994 5.592350
45995 5.592350
45996 5.592350
45997 5.592350
45998 5.592350
45999 5.592350
46000 5.592350
46001 5.592350
46002 5.592350
46003 5.592350
46004 5.592350
46005 5.592350
46006 5.592350
46007 5.592350
46008 5.592350
46009 5.592350
46010 5.592350
46011 5.592350
46012 5.592350
46013 5.592350
46014 5.592350
46015 5.592350
46016 5.592350
46017 5.592350
46018 5.592350
46019 5.592350
46020 5.592350
46021 5.592350
46022 5.592350
46023 5.592350
46024 5.592350
46025 5.592350
46026 5.592350
46027 5.592350
46028 5.592350
46029 5.592350
46030 5.592350
46031 5.592350
46032 5.592350
46033 5.592350
46034 5.592350
46035 5.592350
46036 5.592350
46037 5.592350
46038 5.592350
46039 5.592350
46040 5.592350
46041 5.592350
46042 5.592350
46043 5.592350
46044 5.592350
46045 5.592350
46046 5.592350
46047 5.592350
46048 5.592350
46049 5.592350
46050 5.592350
46051 5.592350
46052 5.592350
46053 5.592350
46054 5.592350
46055 5.592350
46056 5.592350
46057 5.592350
46058 5.592350
46059 5.592350
46060 5.592350
46061 5.592350
46062 5.592350
46063 5.592350
46064 5.592350
46065 5.592350
46066 5.592350
46067 5.592350
46068 5.592350
46069 5.592350
46070 5.592350
46071 5.592350
46072 5.592350
46073 5.592350
46074 5.592350
46075 5.592350
46076 5.592350
46077 5.592350
46078 5.592350
46079 5.592350
46080 5.592350
46081 5.592350
46082 5.592350
46083 5.592350
46084 5.592350
46085 5.592350
46086 5.592350
46087 5.592350
46088 5.592350
46089 5.592350
46090 5.592350
46091 5.592350
46092 5.592350
46093 5.592350
46094 5.592350
46095 5.592350
46096 5.592350
46097 5.592350
46098 5.592350
46099 5.592350
46100 5.592350
46101 5.592350
46102 5.592350
46103 5.592350
46104 5.592350
46105 5.592350
46106 5.592350
46107 5.592350
46108 5.592350
46109 5.592350
46110 5.592350
46111 5.592350
46112 5.592350
46113 5.592350
46114 5.592350
46115 5.592350
46116 5.592350
46117 5.592350
46118 5.592350
46119 5.592350
46120 5.592350
46121 5.592350
46122 5.592350
46123 5.592350
46124 5.592350
46125 5.592350
46126 5.592350
46127 5.592350
46128 5.592350
46129 5.592350
46130 5.592350
46131 5.592350
46132 5.592350
46133 5.592350
46134 5.592350
46135 5.592350
46136 5.592350
46137 5.592350
46138 5.592350
46139 5.592350
46140 5.592350
46141 5.592350
46142 5.592350
46143 5.592350
46144 5.592350
46145 5.592350
46146 5.592350
46147 5.592350
46148 5.592350
46149 5.592350
46150 5.592350
46151 5.592350
46152 5.592350
46153 5.592350
46154 5.592350
46155 5.592350
46156 5.592350
46157 5.592350
46158 5.592350
46159 5.592350
46160 5.592350
46161 5.592350
46162 5.592350
46163 5.592350
46164 5.592350
46165 5.592350
46166 5.592350
46167 5.592350
46168 5.592350
46169 5.592350
46170 5.592350
46171 5.592350
46172 5.592350
46173 5.592350
46174 5.592350
46175 5.592350
46176 5.592350
46177 5.592350
46178 5.592350
46179 5.592350
46180 5.592350
46181 5.592350
46182 5.592350
46183 5.592350
46184 5.592350
46185 5.592350
46186 5.592350
46187 5.592350
46188 5.592350
46189 5.592350
46190 5.592350
46191 5.592350
46192 5.592350
46193 5.592350
46194 5.592350
46195 5.592350
46196 5.592350
46197 5.592350
46198 5.592350
46199 5.592350
46200 5.592350
46201 5.592350
46202 5.592350
46203 5.592350
46204 5.592350
46205 5.592350
46206 5.592350
46207 5.592350
46208 5.592350
46209 5.592350
46210 5.592350
46211 5.592350
46212 5.592350
46213 5.592350
46214 5.592350
46215 5.592350
46216 5.592350
46217 5.592350
46218 5.592350
46219 5.592350
46220 5.592350
46221 5.592350
46222 5.592350
46223 5.592350
46224 5.592350
46225 5.592350
46226 5.592350
46227 5.592350
46228 5.592350
46229 5.592350
46230 5.592350
46231 5.592350
46232 5.592350
46233 5.592350
46234 5.592350
46235 5.592350
46236 5.592350
46237 5.592350
46238 5.592350
46239 5.592350
46240 5.592350
46241 5.592350
46242 5.592350
46243 5.592350
46244 5.592350
46245 5.592350
46246 5.592350
46247 5.592350
46248 5.592350
46249 5.592350
46250 5.592350
46251 5.592350
46252 5.592350
46253 5.592350
46254 5.592350
46255 5.592350
46256 5.592350
46257 5.592350
46258 5.592350
46259 5.592350
46260 5.592350
46261 5.592350
46262 5.592350
46263 5.592350
46264 5.592350
46265 5.592350
46266 5.592350
46267 5.592350
46268 5.592350
46269 5.592350
46270 5.592350
46271 5.592350
46272 5.592350
46273 5.592350
46274 5.592350
46275 5.592350
46276 5.592350
46277 5.592350
46278 5.592350
46279 5.592350
46280 5.592350
46281 5.592350
46282 5.592350
46283 5.592350
46284 5.592350
46285 5.592350
46286 5.592350
46287 5.592350
46288 5.592350
46289 5.592350
46290 5.592350
46291 5.592350
46292 5.592350
46293 5.592350
46294 5.592350
46295 5.592350
46296 5.592350
46297 5.592350
46298 5.592350
46299 5.592350
46300 5.592350
46301 5.592350
46302 5.592350
46303 5.592350
46304 5.592350
46305 5.592350
46306 5.592350
46307 5.592350
46308 5.592350
46309 5.592350
46310 5.592350
46311 5.592350
46312 5.592350
46313 5.592350
46314 5.592350
46315 5.592350
46316 5.592350
46317 5.592350
46318 5.592350
46319 5.592350
46320 5.592350
46321 5.592350
46322 5.592350
46323 5.592350
46324 5.592350
46325 5.592350
46326 5.592350
46327 5.592350
46328 5.592350
46329 5.592350
46330 5.592350
46331 5.592350
46332 5.592350
46333 5.592350
46334 5.592350
46335 5.592350
46336 5.592350
46337 5.592350
46338 5.592350
46339 5.592350
46340 5.592350
46341 5.592350
46342 5.592350
46343 5.592350
46344 5.592350
46345 5.592350
46346 5.592350
46347 5.592350
46348 5.592350
46349 5.592350
46350 5.592350
46351 5.592350
46352 5.592350
46353 5.592350
46354 5.592350
46355 5.592350
46356 5.592350
46357 5.592350
46358 5.592350
46359 5.592350
46360 5.592350
46361 5.592350
46362 5.592350
46363 5.592350
46364 5.592350
46365 5.592350
46366 5.592350
46367 5.592350
46368 5.592350
46369 5.592350
46370 5.592350
46371 5.592350
46372 5.592350
46373 5.592350
46374 5.592350
46375 5.592350
46376 5.592350
46377 5.592350
46378 5.592350
46379 5.592350
46380 5.592350
46381 5.592350
46382 5.592350
46383 5.592350
46384 5.592350
46385 5.592350
46386 5.592350
46387 5.592350
46388 5.592350
46389 5.592350
46390 5.592350
46391 5.592350
46392 5.592350
46393 5.592350
46394 5.592350
46395 5.592350
46396 5.592350
46397 5.592350
46398 5.592350
46399 5.592350
46400 5.592350
46401 5.592350
46402 5.592350
46403 5.592350
46404 5.592350
46405 5.592350
46406 5.592350
46407 5.592350
46408 5.592350
46409 5.592350
46410 5.592350
46411 5.592350
46412 5.592350
46413 5.592350
46414 5.592350
46415 5.592350
46416 5.592350
46417 5.592350
46418 5.592350
46419 5.592350
46420 5.592350
46421 5.592350
46422 5.592350
46423 5.592350
46424 5.592350
46425 5.592350
46426 5.592350
46427 5.592350
46428 5.592350
46429 5.592350
46430 5.592350
46431 5.592350
46432 5.592350
46433 5.592350
46434 5.592350
46435 5.592350
46436 5.592350
46437 5.592350
46438 5.592350
46439 5.592350
46440 5.592350
46441 5.592350
46442 5.592350
46443 5.592350
46444 5.592350
46445 5.592350
46446 5.592350
46447 5.592350
46448 5.592350
46449 5.592350
46450 5.592350
46451 5.592350
46452 5.592350
46453 5.592350
46454 5.592350
46455 5.592350
46456 5.592350
46457 5.592350
46458 5.592350
46459 5.592350
46460 5.592350
46461 5.592350
46462 5.592350
46463 5.592350
46464 5.592350
46465 5.592350
46466 5.592350
46467 5.592350
46468 5.592350
46469 5.592350
46470 5.592350
46471 5.592350
46472 5.592350
46473 5.592350
46474 5.592350
46475 5.592350
46476 5.592350
46477 5.592350
46478 5.592350
46479 5.592350
46480 5.592350
46481 5.592350
46482 5.592350
46483 5.592350
46484 5.592350
46485 5.592350
46486 5.592350
46487 5.592350
46488 5.592350
46489 5.592350
46490 5.592350
46491 5.592350
46492 5.592350
46493 5.592350
46494 5.592350
46495 5.592350
46496 5.592350
46497 5.592350
46498 5.592350
46499 5.592350
46500 5.592350
46501 5.592350
46502 5.592350
46503 5.592350
46504 5.592350
46505 5.592350
46506 5.592350
46507 5.592350
46508 5.592350
46509 5.592350
46510 5.592350
46511 5.592350
46512 5.592350
46513 5.592350
46514 5.592350
46515 5.592350
46516 5.592350
46517 5.592350
46518 5.592350
46519 5.592350
46520 5.592350
46521 5.592350
46522 5.592350
46523 5.592350
46524 5.592350
46525 5.592350
46526 5.592350
46527 5.592350
46528 5.592350
46529 5.592350
46530 5.592350
46531 5.592350
46532 5.592350
46533 5.592350
46534 5.592350
46535 5.592350
46536 5.592350
46537 5.592350
46538 5.592350
46539 5.592350
46540 5.592350
46541 5.592350
46542 5.592350
46543 5.592350
46544 5.592350
46545 5.592350
46546 5.592350
46547 5.592350
46548 5.592350
46549 5.592350
46550 5.592350
46551 5.592350
46552 5.592350
46553 5.592350
46554 5.592350
46555 5.592350
46556 5.592350
46557 5.592350
46558 5.592350
46559 5.592350
46560 5.592350
46561 5.592350
46562 5.592350
46563 5.592350
46564 5.592350
46565 5.592350
46566 5.592350
46567 5.592350
46568 5.592350
46569 5.592350
46570 5.592350
46571 5.592350
46572 5.592350
46573 5.592350
46574 5.592350
46575 5.592350
46576 5.592350
46577 5.592350
46578 5.592350
46579 5.592350
46580 5.592350
46581 5.592350
46582 5.592350
46583 5.592350
46584 5.592350
46585 5.592350
46586 5.592350
46587 5.592350
46588 5.592350
46589 5.592350
46590 5.592350
46591 5.592350
46592 5.592350
46593 5.592350
46594 5.592350
46595 5.592350
46596 5.592350
46597 5.592350
46598 5.592350
46599 5.592350
46600 5.592350
46601 5.592350
46602 5.592350
46603 5.592350
46604 5.592350
46605 5.592350
46606 5.592350
46607 5.592350
46608 5.592350
46609 5.592350
46610 5.592350
46611 5.592350
46612 5.592350
46613 5.592350
46614 5.592350
46615 5.592350
46616 5.592350
46617 5.592350
46618 5.592350
46619 5.592350
46620 5.592350
46621 5.592350
46622 5.592350
46623 5.592350
46624 5.592350
46625 5.592350
46626 5.592350
46627 5.592350
46628 5.592350
46629 5.592350
46630 5.592350
46631 5.592350
46632 5.592350
46633 5.592350
46634 5.592350
46635 5.592350
46636 5.592350
46637 5.592350
46638 5.592350
46639 5.592350
46640 5.592350
46641 5.592350
46642 5.592350
46643 5.592350
46644 5.592350
46645 5.592350
46646 5.592350
46647 5.592350
46648 5.592350
46649 5.592350
46650 5.592350
46651 5.592350
46652 5.592350
46653 5.592350
46654 5.592350
46655 5.592350
46656 5.592350
46657 5.592350
46658 5.592350
46659 5.592350
46660 5.592350
46661 5.592350
46662 5.592350
46663 5.592350
46664 5.592350
46665 5.592350
46666 5.592350
46667 5.592350
46668 5.592350
46669 5.592350
46670 5.592350
46671 5.592350
46672 5.592350
46673 5.592350
46674 5.592350
46675 5.592350
46676 5.592350
46677 5.592350
46678 5.592350
46679 5.592350
46680 5.592350
46681 5.592350
46682 5.592350
46683 5.592350
46684 5.592350
46685 5.592350
46686 5.592350
46687 5.592350
46688 5.592350
46689 5.592350
46690 5.592350
46691 5.592350
46692 5.592350
46693 5.592350
46694 5.592350
46695 5.592350
46696 5.592350
46697 5.592350
46698 5.592350
46699 5.592350
46700 5.592350
46701 5.592350
46702 5.592350
46703 5.592350
46704 5.592350
46705 5.592350
46706 5.592350
46707 5.592350
46708 5.592350
46709 5.592350
46710 5.592350
46711 5.592350
46712 5.592350
46713 5.592350
46714 5.592350
46715 5.592350
46716 5.592350
46717 5.592350
46718 5.592350
46719 5.592350
46720 5.592350
46721 5.592350
46722 5.592350
46723 5.592350
46724 5.592350
46725 5.592350
46726 5.592350
46727 5.592350
46728 5.592350
46729 5.592350
46730 5.592350
46731 5.592350
46732 5.592350
46733 5.592350
46734 5.592350
46735 5.592350
46736 5.592350
46737 5.592350
46738 5.592350
46739 5.592350
46740 5.592350
46741 5.592350
46742 5.592350
46743 5.592350
46744 5.592350
46745 5.592350
46746 5.592350
46747 5.592350
46748 5.592350
46749 5.592350
46750 5.592350
46751 5.592350
46752 5.592350
46753 5.592350
46754 5.592350
46755 5.592350
46756 5.592350
46757 5.592350
46758 5.592350
46759 5.592350
46760 5.592350
46761 5.592350
46762 5.592350
46763 5.592350
46764 5.592350
46765 5.592350
46766 5.592350
46767 5.592350
46768 5.592350
46769 5.592350
46770 5.592350
46771 5.592350
46772 5.592350
46773 5.592350
46774 5.592350
46775 5.592350
46776 5.592350
46777 5.592350
46778 5.592350
46779 5.592350
46780 5.592350
46781 5.592350
46782 5.592350
46783 5.592350
46784 5.592350
46785 5.592350
46786 5.592350
46787 5.592350
46788 5.592350
46789 5.592350
46790 5.592350
46791 5.592350
46792 5.592350
46793 5.592350
46794 5.592350
46795 5.592350
46796 5.592350
46797 5.592350
46798 5.592350
46799 5.592350
46800 5.592350
46801 5.592350
46802 5.592350
46803 5.592350
46804 5.592350
46805 5.592350
46806 5.592350
46807 5.592350
46808 5.592350
46809 5.592350
46810 5.592350
46811 5.592350
46812 5.592350
46813 5.592350
46814 5.592350
46815 5.592350
46816 5.592350
46817 5.592350
46818 5.592350
46819 5.592350
46820 5.592350
46821 5.592350
46822 5.592350
46823 5.592350
46824 5.592350
46825 5.592350
46826 5.592350
46827 5.592350
46828 5.592350
46829 5.592350
46830 5.592350
46831 5.592350
46832 5.592350
46833 5.592350
46834 5.592350
46835 5.592350
46836 5.592350
46837 5.592350
46838 5.592350
46839 5.592350
46840 5.592350
46841 5.592350
46842 5.592350
46843 5.592350
46844 5.592350
46845 5.592350
46846 5.592350
46847 5.592350
46848 5.592350
46849 5.592350
46850 5.592350
46851 5.592350
46852 5.592350
46853 5.592350
46854 5.592350
46855 5.592350
46856 5.592350
46857 5.592350
46858 5.592350
46859 5.592350
46860 5.592350
46861 5.592350
46862 5.592350
46863 5.592350
46864 5.592350
46865 5.592350
46866 5.592350
46867 5.592350
46868 5.592350
46869 5.592350
46870 5.592350
46871 5.592350
46872 5.592350
46873 5.592350
46874 5.592350
46875 5.592350
46876 5.592350
46877 5.592350
46878 5.592350
46879 5.592350
46880 5.592350
46881 5.592350
46882 5.592350
46883 5.592350
46884 5.592350
46885 5.592350
46886 5.592350
46887 5.592350
46888 5.592350
46889 5.592350
46890 5.592350
46891 5.592350
46892 5.592350
46893 5.592350
46894 5.592350
46895 5.592350
46896 5.592350
46897 5.592350
46898 5.592350
46899 5.592350
46900 5.592350
46901 5.592350
46902 5.592350
46903 5.592350
46904 5.592350
46905 5.592350
46906 5.592350
46907 5.592350
46908 5.592350
46909 5.592350
46910 5.592350
46911 5.592350
46912 5.592350
46913 5.592350
46914 5.592350
46915 5.592350
46916 5.592350
46917 5.592350
46918 5.592350
46919 5.592350
46920 5.592350
46921 5.592350
46922 5.592350
46923 5.592350
46924 5.592350
46925 5.592350
46926 5.592350
46927 5.592350
46928 5.592350
46929 5.592350
46930 5.592350
46931 5.592350
46932 5.592350
46933 5.592350
46934 5.592350
46935 5.592350
46936 5.592350
46937 5.592350
46938 5.592350
46939 5.592350
46940 5.592350
46941 5.592350
46942 5.592350
46943 5.592350
46944 5.592350
46945 5.592350
46946 5.592350
46947 5.592350
46948 5.592350
46949 5.592350
46950 5.592350
46951 5.592350
46952 5.592350
46953 5.592350
46954 5.592350
46955 5.592350
46956 5.592350
46957 5.592350
46958 5.592350
46959 5.592350
46960 5.592350
46961 5.592350
46962 5.592350
46963 5.592350
46964 5.592350
46965 5.592350
46966 5.592350
46967 5.592350
46968 5.592350
46969 5.592350
46970 5.592350
46971 5.592350
46972 5.592350
46973 5.592350
46974 5.592350
46975 5.592350
46976 5.592350
46977 5.592350
46978 5.592350
46979 5.592350
46980 5.592350
46981 5.592350
46982 5.592350
46983 5.592350
46984 5.592350
46985 5.592350
46986 5.592350
46987 5.592350
46988 5.592350
46989 5.592350
46990 5.592350
46991 5.592350
46992 5.592350
46993 5.592350
46994 5.592350
46995 5.592350
46996 5.592350
46997 5.592350
46998 5.592350
46999 5.592350
47000 5.592350
47001 5.592350
47002 5.592350
47003 5.592350
47004 5.592350
47005 5.592350
47006 5.592350
47007 5.592350
47008 5.592350
47009 5.592350
47010 5.592350
47011 5.592350
47012 5.592350
47013 5.592350
47014 5.592350
47015 5.592350
47016 5.592350
47017 5.592350
47018 5.592350
47019 5.592350
47020 5.592350
47021 5.592350
47022 5.592350
47023 5.592350
47024 5.592350
47025 5.592350
47026 5.592350
47027 5.592350
47028 5.592350
47029 5.592350
47030 5.592350
47031 5.592350
47032 5.592350
47033 5.592350
47034 5.592350
47035 5.592350
47036 5.592350
47037 5.592350
47038 5.592350
47039 5.592350
47040 5.592350
47041 5.592350
47042 5.592350
47043 5.592350
47044 5.592350
47045 5.592350
47046 5.592350
47047 5.592350
47048 5.592350
47049 5.592350
47050 5.592350
47051 5.592350
47052 5.592350
47053 5.592350
47054 5.592350
47055 5.592350
47056 5.592350
47057 5.592350
47058 5.592350
47059 5.592350
47060 5.592350
47061 5.592350
47062 5.592350
47063 5.592350
47064 5.592350
47065 5.592350
47066 5.592350
47067 5.592350
47068 5.592350
47069 5.592350
47070 5.592350
47071 5.592350
47072 5.592350
47073 5.592350
47074 5.592350
47075 5.592350
47076 5.592350
47077 5.592350
47078 5.592350
47079 5.592350
47080 5.592350
47081 5.592350
47082 5.592350
47083 5.592350
47084 5.592350
47085 5.592350
47086 5.592350
47087 5.592350
47088 5.592350
47089 5.592350
47090 5.592350
47091 5.592350
47092 5.592350
47093 5.592350
47094 5.592350
47095 5.592350
47096 5.592350
47097 5.592350
47098 5.592350
47099 5.592350
47100 5.592350
47101 5.592350
47102 5.592350
47103 5.592350
47104 5.592350
47105 5.592350
47106 5.592350
47107 5.592350
47108 5.592350
47109 5.592350
47110 5.592350
47111 5.592350
47112 5.592350
47113 5.592350
47114 5.592350
47115 5.592350
47116 5.592350
47117 5.592350
47118 5.592350
47119 5.592350
47120 5.592350
47121 5.592350
47122 5.592350
47123 5.592350
47124 5.592350
47125 5.592350
47126 5.592350
47127 5.592350
47128 5.592350
47129 5.592350
47130 5.592350
47131 5.592350
47132 5.592350
47133 5.592350
47134 5.592350
47135 5.592350
47136 5.592350
47137 5.592350
47138 5.592350
47139 5.592350
47140 5.592350
47141 5.592350
47142 5.592350
47143 5.592350
47144 5.592350
47145 5.592350
47146 5.592350
47147 5.592350
47148 5.592350
47149 5.592350
47150 5.592350
47151 5.592350
47152 5.592350
47153 5.592350
47154 5.592350
47155 5.592350
47156 5.592350
47157 5.592350
47158 5.592350
47159 5.592350
47160 5.592350
47161 5.592350
47162 5.592350
47163 5.592350
47164 5.592350
47165 5.592350
47166 5.592350
47167 5.592350
47168 5.592350
47169 5.592350
47170 5.592350
47171 5.592350
47172 5.592350
47173 5.592350
47174 5.592350
47175 5.592350
47176 5.592350
47177 5.592350
47178 5.592350
47179 5.592350
47180 5.592350
47181 5.592350
47182 5.592350
47183 5.592350
47184 5.592350
47185 5.592350
47186 5.592350
47187 5.592350
47188 5.592350
47189 5.592350
47190 5.592350
47191 5.592350
47192 5.592350
47193 5.592350
47194 5.592350
47195 5.592350
47196 5.592350
47197 5.592350
47198 5.592350
47199 5.592350
47200 5.592350
47201 5.592350
47202 5.592350
47203 5.592350
47204 5.592350
47205 5.592350
47206 5.592350
47207 5.592350
47208 5.592350
47209 5.592350
47210 5.592350
47211 5.592350
47212 5.592350
47213 5.592350
47214 5.592350
47215 5.592350
47216 5.592350
47217 5.592350
47218 5.592350
47219 5.592350
47220 5.592350
47221 5.592350
47222 5.592350
47223 5.592350
47224 5.592350
47225 5.592350
47226 5.592350
47227 5.592350
47228 5.592350
47229 5.592350
47230 5.592350
47231 5.592350
47232 5.592350
47233 5.592350
47234 5.592350
47235 5.592350
47236 5.592350
47237 5.592350
47238 5.592350
47239 5.592350
47240 5.592350
47241 5.592350
47242 5.592350
47243 5.592350
47244 5.592350
47245 5.592350
47246 5.592350
47247 5.592350
47248 5.592350
47249 5.592350
47250 5.592350
47251 5.592350
47252 5.592350
47253 5.592350
47254 5.592350
47255 5.592350
47256 5.592350
47257 5.592350
47258 5.592350
47259 5.592350
47260 5.592350
47261 5.592350
47262 5.592350
47263 5.592350
47264 5.592350
47265 5.592350
47266 5.592350
47267 5.592350
47268 5.592350
47269 5.592350
47270 5.592350
47271 5.592350
47272 5.592350
47273 5.592350
47274 5.592350
47275 5.592350
47276 5.592350
47277 5.592350
47278 5.592350
47279 5.592350
47280 5.592350
47281 5.592350
47282 5.592350
47283 5.592350
47284 5.592350
47285 5.592350
47286 5.592350
47287 5.592350
47288 5.592350
47289 5.592350
47290 5.592350
47291 5.592350
47292 5.592350
47293 5.592350
47294 5.592350
47295 5.592350
47296 5.592350
47297 5.592350
47298 5.592350
47299 5.592350
47300 5.592350
47301 5.592350
47302 5.592350
47303 5.592350
47304 5.592350
47305 5.592350
47306 5.592350
47307 5.592350
47308 5.592350
47309 5.592350
47310 5.592350
47311 5.592350
47312 5.592350
47313 5.592350
47314 5.592350
47315 5.592350
47316 5.592350
47317 5.592350
47318 5.592350
47319 5.592350
47320 5.592350
47321 5.592350
47322 5.592350
47323 5.592350
47324 5.592350
47325 5.592350
47326 5.592350
47327 5.592350
47328 5.592350
47329 5.592350
47330 5.592350
47331 5.592350
47332 5.592350
47333 5.592350
47334 5.592350
47335 5.592350
47336 5.592350
47337 5.592350
47338 5.592350
47339 5.592350
47340 5.592350
47341 5.592350
47342 5.592350
47343 5.592350
47344 5.592350
47345 5.592350
47346 5.592350
47347 5.592350
47348 5.592350
47349 5.592350
47350 5.592350
47351 5.592350
47352 5.592350
47353 5.592350
47354 5.592350
47355 5.592350
47356 5.592350
47357 5.592350
47358 5.592350
47359 5.592350
47360 5.592350
47361 5.592350
47362 5.592350
47363 5.592350
47364 5.592350
47365 5.592350
47366 5.592350
47367 5.592350
47368 5.592350
47369 5.592350
47370 5.592350
47371 5.592350
47372 5.592350
47373 5.592350
47374 5.592350
47375 5.592350
47376 5.592350
47377 5.592350
47378 5.592350
47379 5.592350
47380 5.592350
47381 5.592350
47382 5.592350
47383 5.592350
47384 5.592350
47385 5.592350
47386 5.592350
47387 5.592350
47388 5.592350
47389 5.592350
47390 5.592350
47391 5.592350
47392 5.592350
47393 5.592350
47394 5.592350
47395 5.592350
47396 5.592350
47397 5.592350
47398 5.592350
47399 5.592350
47400 5.592350
47401 5.592350
47402 5.592350
47403 5.592350
47404 5.592350
47405 5.592350
47406 5.592350
47407 5.592350
47408 5.592350
47409 5.592350
47410 5.592350
47411 5.592350
47412 5.592350
47413 5.592350
47414 5.592350
47415 5.592350
47416 5.592350
47417 5.592350
47418 5.592350
47419 5.592350
47420 5.592350
47421 5.592350
47422 5.592350
47423 5.592350
47424 5.592350
47425 5.592350
47426 5.592350
47427 5.592350
47428 5.592350
47429 5.592350
47430 5.592350
47431 5.592350
47432 5.592350
47433 5.592350
47434 5.592350
47435 5.592350
47436 5.592350
47437 5.592350
47438 5.592350
47439 5.592350
47440 5.592350
47441 5.592350
47442 5.592350
47443 5.592350
47444 5.592350
47445 5.592350
47446 5.592350
47447 5.592350
47448 5.592350
47449 5.592350
47450 5.592350
47451 5.592350
47452 5.592350
47453 5.592350
47454 5.592350
47455 5.592350
47456 5.592350
47457 5.592350
47458 5.592350
47459 5.592350
47460 5.592350
47461 5.592350
47462 5.592350
47463 5.592350
47464 5.592350
47465 5.592350
47466 5.592350
47467 5.592350
47468 5.592350
47469 5.592350
47470 5.592350
47471 5.592350
47472 5.592350
47473 5.592350
47474 5.592350
47475 5.592350
47476 5.592350
47477 5.592350
47478 5.592350
47479 5.592350
47480 5.592350
47481 5.592350
47482 5.592350
47483 5.592350
47484 5.592350
47485 5.592350
47486 5.592350
47487 5.592350
47488 5.592350
47489 5.592350
47490 5.592350
47491 5.592350
47492 5.592350
47493 5.592350
47494 5.592350
47495 5.592350
47496 5.592350
47497 5.592350
47498 5.592350
47499 5.592350
47500 5.592350
47501 5.592350
47502 5.592350
47503 5.592350
47504 5.592350
47505 5.592350
47506 5.592350
47507 5.592350
47508 5.592350
47509 5.592350
47510 5.592350
47511 5.592350
47512 5.592350
47513 5.592350
47514 5.592350
47515 5.592350
47516 5.592350
47517 5.592350
47518 5.592350
47519 5.592350
47520 5.592350
47521 5.592350
47522 5.592350
47523 5.592350
47524 5.592350
47525 5.592350
47526 5.592350
47527 5.592350
47528 5.592350
47529 5.592350
47530 5.592350
47531 5.592350
47532 5.592350
47533 5.592350
47534 5.592350
47535 5.592350
47536 5.592350
47537 5.592350
47538 5.592350
47539 5.592350
47540 5.592350
47541 5.592350
47542 5.592350
47543 5.592350
47544 5.592350
47545 5.592350
47546 5.592350
47547 5.592350
47548 5.592350
47549 5.592350
47550 5.592350
47551 5.592350
47552 5.592350
47553 5.592350
47554 5.592350
47555 5.592350
47556 5.592350
47557 5.592350
47558 5.592350
47559 5.592350
47560 5.592350
47561 5.592350
47562 5.592350
47563 5.592350
47564 5.592350
47565 5.592350
47566 5.592350
47567 5.592350
47568 5.592350
47569 5.592350
47570 5.592350
47571 5.592350
47572 5.592350
47573 5.592350
47574 5.592350
47575 5.592350
47576 5.592350
47577 5.592350
47578 5.592350
47579 5.592350
47580 5.592350
47581 5.592350
47582 5.592350
47583 5.592350
47584 5.592350
47585 5.592350
47586 5.592350
47587 5.592350
47588 5.592350
47589 5.592350
47590 5.592350
47591 5.592350
47592 5.592350
47593 5.592350
47594 5.592350
47595 5.592350
47596 5.592350
47597 5.592350
47598 5.592350
47599 5.592350
47600 5.592350
47601 5.592350
47602 5.592350
47603 5.592350
47604 5.592350
47605 5.592350
47606 5.592350
47607 5.592350
47608 5.592350
47609 5.592350
47610 5.592350
47611 5.592350
47612 5.592350
47613 5.592350
47614 5.592350
47615 5.592350
47616 5.592350
47617 5.592350
47618 5.592350
47619 5.592350
47620 5.592350
47621 5.592350
47622 5.592350
47623 5.592350
47624 5.592350
47625 5.592350
47626 5.592350
47627 5.592350
47628 5.592350
47629 5.592350
47630 5.592350
47631 5.592350
47632 5.592350
47633 5.592350
47634 5.592350
47635 5.592350
47636 5.592350
47637 5.592350
47638 5.592350
47639 5.592350
47640 5.592350
47641 5.592350
47642 5.592350
47643 5.592350
47644 5.592350
47645 5.592350
47646 5.592350
47647 5.592350
47648 5.592350
47649 5.592350
47650 5.592350
47651 5.592350
47652 5.592350
47653 5.592350
47654 5.592350
47655 5.592350
47656 5.592350
47657 5.592350
47658 5.592350
47659 5.592350
47660 5.592350
47661 5.592350
47662 5.592350
47663 5.592350
47664 5.592350
47665 5.592350
47666 5.592350
47667 5.592350
47668 5.592350
47669 5.592350
47670 5.592350
47671 5.592350
47672 5.592350
47673 5.592350
47674 5.592350
47675 5.592350
47676 5.592350
47677 5.592350
47678 5.592350
47679 5.592350
47680 5.592350
47681 5.592350
47682 5.592350
47683 5.592350
47684 5.592350
47685 5.592350
47686 5.592350
47687 5.592350
47688 5.592350
47689 5.592350
47690 5.592350
47691 5.592350
47692 5.592350
47693 5.592350
47694 5.592350
47695 5.592350
47696 5.592350
47697 5.592350
47698 5.592350
47699 5.592350
47700 5.592350
47701 5.592350
47702 5.592350
47703 5.592350
47704 5.592350
47705 5.592350
47706 5.592350
47707 5.592350
47708 5.592350
47709 5.592350
47710 5.592350
47711 5.592350
47712 5.592350
47713 5.592350
47714 5.592350
47715 5.592350
47716 5.592350
47717 5.592350
47718 5.592350
47719 5.592350
47720 5.592350
47721 5.592350
47722 5.592350
47723 5.592350
47724 5.592350
47725 5.592350
47726 5.592350
47727 5.592350
47728 5.592350
47729 5.592350
47730 5.592350
47731 5.592350
47732 5.592350
47733 5.592350
47734 5.592350
47735 5.592350
47736 5.592350
47737 5.592350
47738 5.592350
47739 5.592350
47740 5.592350
47741 5.592350
47742 5.592350
47743 5.592350
47744 5.592350
47745 5.592350
47746 5.592350
47747 5.592350
47748 5.592350
47749 5.592350
47750 5.592350
47751 5.592350
47752 5.592350
47753 5.592350
47754 5.592350
47755 5.592350
47756 5.592350
47757 5.592350
47758 5.592350
47759 5.592350
47760 5.592350
47761 5.592350
47762 5.592350
47763 5.592350
47764 5.592350
47765 5.592350
47766 5.592350
47767 5.592350
47768 5.592350
47769 5.592350
47770 5.592350
47771 5.592350
47772 5.592350
47773 5.592350
47774 5.592350
47775 5.592350
47776 5.592350
47777 5.592350
47778 5.592350
47779 5.592350
47780 5.592350
47781 5.592350
47782 5.592350
47783 5.592350
47784 5.592350
47785 5.592350
47786 5.592350
47787 5.592350
47788 5.592350
47789 5.592350
47790 5.592350
47791 5.592350
47792 5.592350
47793 5.592350
47794 5.592350
47795 5.592350
47796 5.592350
47797 5.592350
47798 5.592350
47799 5.592350
47800 5.592350
47801 5.592350
47802 5.592350
47803 5.592350
47804 5.592350
47805 5.592350
47806 5.592350
47807 5.592350
47808 5.592350
47809 5.592350
47810 5.592350
47811 5.592350
47812 5.592350
47813 5.592350
47814 5.592350
47815 5.592350
47816 5.592350
47817 5.592350
47818 5.592350
47819 5.592350
47820 5.592350
47821 5.592350
47822 5.592350
47823 5.592350
47824 5.592350
47825 5.592350
47826 5.592350
47827 5.592350
47828 5.592350
47829 5.592350
47830 5.592350
47831 5.592350
47832 5.592350
47833 5.592350
47834 5.592350
47835 5.592350
47836 5.592350
47837 5.592350
47838 5.592350
47839 5.592350
47840 5.592350
47841 5.592350
47842 5.592350
47843 5.592350
47844 5.592350
47845 5.592350
47846 5.592350
47847 5.592350
47848 5.592350
47849 5.592350
47850 5.592350
47851 5.592350
47852 5.592350
47853 5.592350
47854 5.592350
47855 5.592350
47856 5.592350
47857 5.592350
47858 5.592350
47859 5.592350
47860 5.592350
47861 5.592350
47862 5.592350
47863 5.592350
47864 5.592350
47865 5.592350
47866 5.592350
47867 5.592350
47868 5.592350
47869 5.592350
47870 5.592350
47871 5.592350
47872 5.592350
47873 5.592350
47874 5.592350
47875 5.592350
47876 5.592350
47877 5.592350
47878 5.592350
47879 5.592350
47880 5.592350
47881 5.592350
47882 5.592350
47883 5.592350
47884 5.592350
47885 5.592350
47886 5.592350
47887 5.592350
47888 5.592350
47889 5.592350
47890 5.592350
47891 5.592350
47892 5.592350
47893 5.592350
47894 5.592350
47895 5.592350
47896 5.592350
47897 5.592350
47898 5.592350
47899 5.592350
47900 5.592350
47901 5.592350
47902 5.592350
47903 5.592350
47904 5.592350
47905 5.592350
47906 5.592350
47907 5.592350
47908 5.592350
47909 5.592350
47910 5.592350
47911 5.592350
47912 5.592350
47913 5.592350
47914 5.592350
47915 5.592350
47916 5.592350
47917 5.592350
47918 5.592350
47919 5.592350
47920 5.592350
47921 5.592350
47922 5.592350
47923 5.592350
47924 5.592350
47925 5.592350
47926 5.592350
47927 5.592350
47928 5.592350
47929 5.592350
47930 5.592350
47931 5.592350
47932 5.592350
47933 5.592350
47934 5.592350
47935 5.592350
47936 5.592350
47937 5.592350
47938 5.592350
47939 5.592350
47940 5.592350
47941 5.592350
47942 5.592350
47943 5.592350
47944 5.592350
47945 5.592350
47946 5.592350
47947 5.592350
47948 5.592350
47949 5.592350
47950 5.592350
47951 5.592350
47952 5.592350
47953 5.592350
47954 5.592350
47955 5.592350
47956 5.592350
47957 5.592350
47958 5.592350
47959 5.592350
47960 5.592350
47961 5.592350
47962 5.592350
47963 5.592350
47964 5.592350
47965 5.592350
47966 5.592350
47967 5.592350
47968 5.592350
47969 5.592350
47970 5.592350
47971 5.592350
47972 5.592350
47973 5.592350
47974 5.592350
47975 5.592350
47976 5.592350
47977 5.592350
47978 5.592350
47979 5.592350
47980 5.592350
47981 5.592350
47982 5.592350
47983 5.592350
47984 5.592350
47985 5.592350
47986 5.592350
47987 5.592350
47988 5.592350
47989 5.592350
47990 5.592350
47991 5.592350
47992 5.592350
47993 5.592350
47994 5.592350
47995 5.592350
47996 5.592350
47997 5.592350
47998 5.592350
47999 5.592350
48000 5.592350
48001 5.592350
48002 5.592350
48003 5.592350
48004 5.592350
48005 5.592350
48006 5.592350
48007 5.592350
48008 5.592350
48009 5.592350
48010 5.592350
48011 5.592350
48012 5.592350
48013 5.592350
48014 5.592350
48015 5.592350
48016 5.592350
48017 5.592350
48018 5.592350
48019 5.592350
48020 5.592350
48021 5.592350
48022 5.592350
48023 5.592350
48024 5.592350
48025 5.592350
48026 5.592350
48027 5.592350
48028 5.592350
48029 5.592350
48030 5.592350
48031 5.592350
48032 5.592350
48033 5.592350
48034 5.592350
48035 5.592350
48036 5.592350
48037 5.592350
48038 5.592350
48039 5.592350
48040 5.592350
48041 5.592350
48042 5.592350
48043 5.592350
48044 5.592350
48045 5.592350
48046 5.592350
48047 5.592350
48048 5.592350
48049 5.592350
48050 5.592350
48051 5.592350
48052 5.592350
48053 5.592350
48054 5.592350
48055 5.592350
48056 5.592350
48057 5.592350
48058 5.592350
48059 5.592350
48060 5.592350
48061 5.592350
48062 5.592350
48063 5.592350
48064 5.592350
48065 5.592350
48066 5.592350
48067 5.592350
48068 5.592350
48069 5.592350
48070 5.592350
48071 5.592350
48072 5.592350
48073 5.592350
48074 5.592350
48075 5.592350
48076 5.592350
48077 5.592350
48078 5.592350
48079 5.592350
48080 5.592350
48081 5.592350
48082 5.592350
48083 5.592350
48084 5.592350
48085 5.592350
48086 5.592350
48087 5.592350
48088 5.592350
48089 5.592350
48090 5.592350
48091 5.592350
48092 5.592350
48093 5.592350
48094 5.592350
48095 5.592350
48096 5.592350
48097 5.592350
48098 5.592350
48099 5.592350
48100 5.592350
48101 5.592350
48102 5.592350
48103 5.592350
48104 5.592350
48105 5.592350
48106 5.592350
48107 5.592350
48108 5.592350
48109 5.592350
48110 5.592350
48111 5.592350
48112 5.592350
48113 5.592350
48114 5.592350
48115 5.592350
48116 5.592350
48117 5.592350
48118 5.592350
48119 5.592350
48120 5.592350
48121 5.592350
48122 5.592350
48123 5.592350
48124 5.592350
48125 5.592350
48126 5.592350
48127 5.592350
48128 5.592350
48129 5.592350
48130 5.592350
48131 5.592350
48132 5.592350
48133 5.592350
48134 5.592350
48135 5.592350
48136 5.592350
48137 5.592350
48138 5.592350
48139 5.592350
48140 5.592350
48141 5.592350
48142 5.592350
48143 5.592350
48144 5.592350
48145 5.592350
48146 5.592350
48147 5.592350
48148 5.592350
48149 5.592350
48150 5.592350
48151 5.592350
48152 5.592350
48153 5.592350
48154 5.592350
48155 5.592350
48156 5.592350
48157 5.592350
48158 5.592350
48159 5.592350
48160 5.592350
48161 5.592350
48162 5.592350
48163 5.592350
48164 5.592350
48165 5.592350
48166 5.592350
48167 5.592350
48168 5.592350
48169 5.592350
48170 5.592350
48171 5.592350
48172 5.592350
48173 5.592350
48174 5.592350
48175 5.592350
48176 5.592350
48177 5.592350
48178 5.592350
48179 5.592350
48180 5.592350
48181 5.592350
48182 5.592350
48183 5.592350
48184 5.592350
48185 5.592350
48186 5.592350
48187 5.592350
48188 5.592350
48189 5.592350
48190 5.592350
48191 5.592350
48192 5.592350
48193 5.592350
48194 5.592350
48195 5.592350
48196 5.592350
48197 5.592350
48198 5.592350
48199 5.592350
48200 5.592350
48201 5.592350
48202 5.592350
48203 5.592350
48204 5.592350
48205 5.592350
48206 5.592350
48207 5.592350
48208 5.592350
48209 5.592350
48210 5.592350
48211 5.592350
48212 5.592350
48213 5.592350
48214 5.592350
48215 5.592350
48216 5.592350
48217 5.592350
48218 5.592350
48219 5.592350
48220 5.592350
48221 5.592350
48222 5.592350
48223 5.592350
48224 5.592350
48225 5.592350
48226 5.592350
48227 5.592350
48228 5.592350
48229 5.592350
48230 5.592350
48231 5.592350
48232 5.592350
48233 5.592350
48234 5.592350
48235 5.592350
48236 5.592350
48237 5.592350
48238 5.592350
48239 5.592350
48240 5.592350
48241 5.592350
48242 5.592350
48243 5.592350
48244 5.592350
48245 5.592350
48246 5.592350
48247 5.592350
48248 5.592350
48249 5.592350
48250 5.592350
48251 5.592350
48252 5.592350
48253 5.592350
48254 5.592350
48255 5.592350
48256 5.592350
48257 5.592350
48258 5.592350
48259 5.592350
48260 5.592350
48261 5.592350
48262 5.592350
48263 5.592350
48264 5.592350
48265 5.592350
48266 5.592350
48267 5.592350
48268 5.592350
48269 5.592350
48270 5.592350
48271 5.592350
48272 5.592350
48273 5.592350
48274 5.592350
48275 5.592350
48276 5.592350
48277 5.592350
48278 5.592350
48279 5.592350
48280 5.592350
48281 5.592350
48282 5.592350
48283 5.592350
48284 5.592350
48285 5.592350
48286 5.592350
48287 5.592350
48288 5.592350
48289 5.592350
48290 5.592350
48291 5.592350
48292 5.592350
48293 5.592350
48294 5.592350
48295 5.592350
48296 5.592350
48297 5.592350
48298 5.592350
48299 5.592350
48300 5.592350
48301 5.592350
48302 5.592350
48303 5.592350
48304 5.592350
48305 5.592350
48306 5.592350
48307 5.592350
48308 5.592350
48309 5.592350
48310 5.592350
48311 5.592350
48312 5.592350
48313 5.592350
48314 5.592350
48315 5.592350
48316 5.592350
48317 5.592350
48318 5.592350
48319 5.592350
48320 5.592350
48321 5.592350
48322 5.592350
48323 5.592350
48324 5.592350
48325 5.592350
48326 5.592350
48327 5.592350
48328 5.592350
48329 5.592350
48330 5.592350
48331 5.592350
48332 5.592350
48333 5.592350
48334 5.592350
48335 5.592350
48336 5.592350
48337 5.592350
48338 5.592350
48339 5.592350
48340 5.592350
48341 5.592350
48342 5.592350
48343 5.592350
48344 5.592350
48345 5.592350
48346 5.592350
48347 5.592350
48348 5.592350
48349 5.592350
48350 5.592350
48351 5.592350
48352 5.592350
48353 5.592350
48354 5.592350
48355 5.592350
48356 5.592350
48357 5.592350
48358 5.592350
48359 5.592350
48360 5.592350
48361 5.592350
48362 5.592350
48363 5.592350
48364 5.592350
48365 5.592350
48366 5.592350
48367 5.592350
48368 5.592350
48369 5.592350
48370 5.592350
48371 5.592350
48372 5.592350
48373 5.592350
48374 5.592350
48375 5.592350
48376 5.592350
48377 5.592350
48378 5.592350
48379 5.592350
48380 5.592350
48381 5.592350
48382 5.592350
48383 5.592350
48384 5.592350
48385 5.592350
48386 5.592350
48387 5.592350
48388 5.592350
48389 5.592350
48390 5.592350
48391 5.592350
48392 5.592350
48393 5.592350
48394 5.592350
48395 5.592350
48396 5.592350
48397 5.592350
48398 5.592350
48399 5.592350
48400 5.592350
48401 5.592350
48402 5.592350
48403 5.592350
48404 5.592350
48405 5.592350
48406 5.592350
48407 5.592350
48408 5.592350
48409 5.592350
48410 5.592350
48411 5.592350
48412 5.592350
48413 5.592350
48414 5.592350
48415 5.592350
48416 5.592350
48417 5.592350
48418 5.592350
48419 5.592350
48420 5.592350
48421 5.592350
48422 5.592350
48423 5.592350
48424 5.592350
48425 5.592350
48426 5.592350
48427 5.592350
48428 5.592350
48429 5.592350
48430 5.592350
48431 5.592350
48432 5.592350
48433 5.592350
48434 5.592350
48435 5.592350
48436 5.592350
48437 5.592350
48438 5.592350
48439 5.592350
48440 5.592350
48441 5.592350
48442 5.592350
48443 5.592350
48444 5.592350
48445 5.592350
48446 5.592350
48447 5.592350
48448 5.592350
48449 5.592350
48450 5.592350
48451 5.592350
48452 5.592350
48453 5.592350
48454 5.592350
48455 5.592350
48456 5.592350
48457 5.592350
48458 5.592350
48459 5.592350
48460 5.592350
48461 5.592350
48462 5.592350
48463 5.592350
48464 5.592350
48465 5.592350
48466 5.592350
48467 5.592350
48468 5.592350
48469 5.592350
48470 5.592350
48471 5.592350
48472 5.592350
48473 5.592350
48474 5.592350
48475 5.592350
48476 5.592350
48477 5.592350
48478 5.592350
48479 5.592350
48480 5.592350
48481 5.592350
48482 5.592350
48483 5.592350
48484 5.592350
48485 5.592350
48486 5.592350
48487 5.592350
48488 5.592350
48489 5.592350
48490 5.592350
48491 5.592350
48492 5.592350
48493 5.592350
48494 5.592350
48495 5.592350
48496 5.592350
48497 5.592350
48498 5.592350
48499 5.592350
48500 5.592350
48501 5.592350
48502 5.592350
48503 5.592350
48504 5.592350
48505 5.592350
48506 5.592350
48507 5.592350
48508 5.592350
48509 5.592350
48510 5.592350
48511 5.592350
48512 5.592350
48513 5.592350
48514 5.592350
48515 5.592350
48516 5.592350
48517 5.592350
48518 5.592350
48519 5.592350
48520 5.592350
48521 5.592350
48522 5.592350
48523 5.592350
48524 5.592350
48525 5.592350
48526 5.592350
48527 5.592350
48528 5.592350
48529 5.592350
48530 5.592350
48531 5.592350
48532 5.592350
48533 5.592350
48534 5.592350
48535 5.592350
48536 5.592350
48537 5.592350
48538 5.592350
48539 5.592350
48540 5.592350
48541 5.592350
48542 5.592350
48543 5.592350
48544 5.592350
48545 5.592350
48546 5.592350
48547 5.592350
48548 5.592350
48549 5.592350
48550 5.592350
48551 5.592350
48552 5.592350
48553 5.592350
48554 5.592350
48555 5.592350
48556 5.592350
48557 5.592350
48558 5.592350
48559 5.592350
48560 5.592350
48561 5.592350
48562 5.592350
48563 5.592350
48564 5.592350
48565 5.592350
48566 5.592350
48567 5.592350
48568 5.592350
48569 5.592350
48570 5.592350
48571 5.592350
48572 5.592350
48573 5.592350
48574 5.592350
48575 5.592350
48576 5.592350
48577 5.592350
48578 5.592350
48579 5.592350
48580 5.592350
48581 5.592350
48582 5.592350
48583 5.592350
48584 5.592350
48585 5.592350
48586 5.592350
48587 5.592350
48588 5.592350
48589 5.592350
48590 5.592350
48591 5.592350
48592 5.592350
48593 5.592350
48594 5.592350
48595 5.592350
48596 5.592350
48597 5.592350
48598 5.592350
48599 5.592350
48600 5.592350
48601 5.592350
48602 5.592350
48603 5.592350
48604 5.592350
48605 5.592350
48606 5.592350
48607 5.592350
48608 5.592350
48609 5.592350
48610 5.592350
48611 5.592350
48612 5.592350
48613 5.592350
48614 5.592350
48615 5.592350
48616 5.592350
48617 5.592350
48618 5.592350
48619 5.592350
48620 5.592350
48621 5.592350
48622 5.592350
48623 5.592350
48624 5.592350
48625 5.592350
48626 5.592350
48627 5.592350
48628 5.592350
48629 5.592350
48630 5.592350
48631 5.592350
48632 5.592350
48633 5.592350
48634 5.592350
48635 5.592350
48636 5.592350
48637 5.592350
48638 5.592350
48639 5.592350
48640 5.592350
48641 5.592350
48642 5.592350
48643 5.592350
48644 5.592350
48645 5.592350
48646 5.592350
48647 5.592350
48648 5.592350
48649 5.592350
48650 5.592350
48651 5.592350
48652 5.592350
48653 5.592350
48654 5.592350
48655 5.592350
48656 5.592350
48657 5.592350
48658 5.592350
48659 5.592350
48660 5.592350
48661 5.592350
48662 5.592350
48663 5.592350
48664 5.592350
48665 5.592350
48666 5.592350
48667 5.592350
48668 5.592350
48669 5.592350
48670 5.592350
48671 5.592350
48672 5.592350
48673 5.592350
48674 5.592350
48675 5.592350
48676 5.592350
48677 5.592350
48678 5.592350
48679 5.592350
48680 5.592350
48681 5.592350
48682 5.592350
48683 5.592350
48684 5.592350
48685 5.592350
48686 5.592350
48687 5.592350
48688 5.592350
48689 5.592350
48690 5.592350
48691 5.592350
48692 5.592350
48693 5.592350
48694 5.592350
48695 5.592350
48696 5.592350
48697 5.592350
48698 5.592350
48699 5.592350
48700 5.592350
48701 5.592350
48702 5.592350
48703 5.592350
48704 5.592350
48705 5.592350
48706 5.592350
48707 5.592350
48708 5.592350
48709 5.592350
48710 5.592350
48711 5.592350
48712 5.592350
48713 5.592350
48714 5.592350
48715 5.592350
48716 5.592350
48717 5.592350
48718 5.592350
48719 5.592350
48720 5.592350
48721 5.592350
48722 5.592350
48723 5.592350
48724 5.592350
48725 5.592350
48726 5.592350
48727 5.592350
48728 5.592350
48729 5.592350
48730 5.592350
48731 5.592350
48732 5.592350
48733 5.592350
48734 5.592350
48735 5.592350
48736 5.592350
48737 5.592350
48738 5.592350
48739 5.592350
48740 5.592350
48741 5.592350
48742 5.592350
48743 5.592350
48744 5.592350
48745 5.592350
48746 5.592350
48747 5.592350
48748 5.592350
48749 5.592350
48750 5.592350
48751 5.592350
48752 5.592350
48753 5.592350
48754 5.592350
48755 5.592350
48756 5.592350
48757 5.592350
48758 5.592350
48759 5.592350
48760 5.592350
48761 5.592350
48762 5.592350
48763 5.592350
48764 5.592350
48765 5.592350
48766 5.592350
48767 5.592350
48768 5.592350
48769 5.592350
48770 5.592350
48771 5.592350
48772 5.592350
48773 5.592350
48774 5.592350
48775 5.592350
48776 5.592350
48777 5.592350
48778 5.592350
48779 5.592350
48780 5.592350
48781 5.592350
48782 5.592350
48783 5.592350
48784 5.592350
48785 5.592350
48786 5.592350
48787 5.592350
48788 5.592350
48789 5.592350
48790 5.592350
48791 5.592350
48792 5.592350
48793 5.592350
48794 5.592350
48795 5.592350
48796 5.592350
48797 5.592350
48798 5.592350
48799 5.592350
48800 5.592350
48801 5.592350
48802 5.592350
48803 5.592350
48804 5.592350
48805 5.592350
48806 5.592350
48807 5.592350
48808 5.592350
48809 5.592350
48810 5.592350
48811 5.592350
48812 5.592350
48813 5.592350
48814 5.592350
48815 5.592350
48816 5.592350
48817 5.592350
48818 5.592350
48819 5.592350
48820 5.592350
48821 5.592350
48822 5.592350
48823 5.592350
48824 5.592350
48825 5.592350
48826 5.592350
48827 5.592350
48828 5.592350
48829 5.592350
48830 5.592350
48831 5.592350
48832 5.592350
48833 5.592350
48834 5.592350
48835 5.592350
48836 5.592350
48837 5.592350
48838 5.592350
48839 5.592350
48840 5.592350
48841 5.592350
48842 5.592350
48843 5.592350
48844 5.592350
48845 5.592350
48846 5.592350
48847 5.592350
48848 5.592350
48849 5.592350
48850 5.592350
48851 5.592350
48852 5.592350
48853 5.592350
48854 5.592350
48855 5.592350
48856 5.592350
48857 5.592350
48858 5.592350
48859 5.592350
48860 5.592350
48861 5.592350
48862 5.592350
48863 5.592350
48864 5.592350
48865 5.592350
48866 5.592350
48867 5.592350
48868 5.592350
48869 5.592350
48870 5.592350
48871 5.592350
48872 5.592350
48873 5.592350
48874 5.592350
48875 5.592350
48876 5.592350
48877 5.592350
48878 5.592350
48879 5.592350
48880 5.592350
48881 5.592350
48882 5.592350
48883 5.592350
48884 5.592350
48885 5.592350
48886 5.592350
48887 5.592350
48888 5.592350
48889 5.592350
48890 5.592350
48891 5.592350
48892 5.592350
48893 5.592350
48894 5.592350
48895 5.592350
48896 5.592350
48897 5.592350
48898 5.592350
48899 5.592350
48900 5.592350
48901 5.592350
48902 5.592350
48903 5.592350
48904 5.592350
48905 5.592350
48906 5.592350
48907 5.592350
48908 5.592350
48909 5.592350
48910 5.592350
48911 5.592350
48912 5.592350
48913 5.592350
48914 5.592350
48915 5.592350
48916 5.592350
48917 5.592350
48918 5.592350
48919 5.592350
48920 5.592350
48921 5.592350
48922 5.592350
48923 5.592350
48924 5.592350
48925 5.592350
48926 5.592350
48927 5.592350
48928 5.592350
48929 5.592350
48930 5.592350
48931 5.592350
48932 5.592350
48933 5.592350
48934 5.592350
48935 5.592350
48936 5.592350
48937 5.592350
48938 5.592350
48939 5.592350
48940 5.592350
48941 5.592350
48942 5.592350
48943 5.592350
48944 5.592350
48945 5.592350
48946 5.592350
48947 5.592350
48948 5.592350
48949 5.592350
48950 5.592350
48951 5.592350
48952 5.592350
48953 5.592350
48954 5.592350
48955 5.592350
48956 5.592350
48957 5.592350
48958 5.592350
48959 5.592350
48960 5.592350
48961 5.592350
48962 5.592350
48963 5.592350
48964 5.592350
48965 5.592350
48966 5.592350
48967 5.592350
48968 5.592350
48969 5.592350
48970 5.592350
48971 5.592350
48972 5.592350
48973 5.592350
48974 5.592350
48975 5.592350
48976 5.592350
48977 5.592350
48978 5.592350
48979 5.592350
48980 5.592350
48981 5.592350
48982 5.592350
48983 5.592350
48984 5.592350
48985 5.592350
48986 5.592350
48987 5.592350
48988 5.592350
48989 5.592350
48990 5.592350
48991 5.592350
48992 5.592350
48993 5.592350
48994 5.592350
48995 5.592350
48996 5.592350
48997 5.592350
48998 5.592350
48999 5.592350
49000 5.592350
49001 5.592350
49002 5.592350
49003 5.592350
49004 5.592350
49005 5.592350
49006 5.592350
49007 5.592350
49008 5.592350
49009 5.592350
49010 5.592350
49011 5.592350
49012 5.592350
49013 5.592350
49014 5.592350
49015 5.592350
49016 5.592350
49017 5.592350
49018 5.592350
49019 5.592350
49020 5.592350
49021 5.592350
49022 5.592350
49023 5.592350
49024 5.592350
49025 5.592350
49026 5.592350
49027 5.592350
49028 5.592350
49029 5.592350
49030 5.592350
49031 5.592350
49032 5.592350
49033 5.592350
49034 5.592350
49035 5.592350
49036 5.592350
49037 5.592350
49038 5.592350
49039 5.592350
49040 5.592350
49041 5.592350
49042 5.592350
49043 5.592350
49044 5.592350
49045 5.592350
49046 5.592350
49047 5.592350
49048 5.592350
49049 5.592350
49050 5.592350
49051 5.592350
49052 5.592350
49053 5.592350
49054 5.592350
49055 5.592350
49056 5.592350
49057 5.592350
49058 5.592350
49059 5.592350
49060 5.592350
49061 5.592350
49062 5.592350
49063 5.592350
49064 5.592350
49065 5.592350
49066 5.592350
49067 5.592350
49068 5.592350
49069 5.592350
49070 5.592350
49071 5.592350
49072 5.592350
49073 5.592350
49074 5.592350
49075 5.592350
49076 5.592350
49077 5.592350
49078 5.592350
49079 5.592350
49080 5.592350
49081 5.592350
49082 5.592350
49083 5.592350
49084 5.592350
49085 5.592350
49086 5.592350
49087 5.592350
49088 5.592350
49089 5.592350
49090 5.592350
49091 5.592350
49092 5.592350
49093 5.592350
49094 5.592350
49095 5.592350
49096 5.592350
49097 5.592350
49098 5.592350
49099 5.592350
49100 5.592350
49101 5.592350
49102 5.592350
49103 5.592350
49104 5.592350
49105 5.592350
49106 5.592350
49107 5.592350
49108 5.592350
49109 5.592350
49110 5.592350
49111 5.592350
49112 5.592350
49113 5.592350
49114 5.592350
49115 5.592350
49116 5.592350
49117 5.592350
49118 5.592350
49119 5.592350
49120 5.592350
49121 5.592350
49122 5.592350
49123 5.592350
49124 5.592350
49125 5.592350
49126 5.592350
49127 5.592350
49128 5.592350
49129 5.592350
49130 5.592350
49131 5.592350
49132 5.592350
49133 5.592350
49134 5.592350
49135 5.592350
49136 5.592350
49137 5.592350
49138 5.592350
49139 5.592350
49140 5.592350
49141 5.592350
49142 5.592350
49143 5.592350
49144 5.592350
49145 5.592350
49146 5.592350
49147 5.592350
49148 5.592350
49149 5.592350
49150 5.592350
49151 5.592350
49152 5.592350
49153 5.592350
49154 5.592350
49155 5.592350
49156 5.592350
49157 5.592350
49158 5.592350
49159 5.592350
49160 5.592350
49161 5.592350
49162 5.592350
49163 5.592350
49164 5.592350
49165 5.592350
49166 5.592350
49167 5.592350
49168 5.592350
49169 5.592350
49170 5.592350
49171 5.592350
49172 5.592350
49173 5.592350
49174 5.592350
49175 5.592350
49176 5.592350
49177 5.592350
49178 5.592350
49179 5.592350
49180 5.592350
49181 5.592350
49182 5.592350
49183 5.592350
49184 5.592350
49185 5.592350
49186 5.592350
49187 5.592350
49188 5.592350
49189 5.592350
49190 5.592350
49191 5.592350
49192 5.592350
49193 5.592350
49194 5.592350
49195 5.592350
49196 5.592350
49197 5.592350
49198 5.592350
49199 5.592350
49200 5.592350
49201 5.592350
49202 5.592350
49203 5.592350
49204 5.592350
49205 5.592350
49206 5.592350
49207 5.592350
49208 5.592350
49209 5.592350
49210 5.592350
49211 5.592350
49212 5.592350
49213 5.592350
49214 5.592350
49215 5.592350
49216 5.592350
49217 5.592350
49218 5.592350
49219 5.592350
49220 5.592350
49221 5.592350
49222 5.592350
49223 5.592350
49224 5.592350
49225 5.592350
49226 5.592350
49227 5.592350
49228 5.592350
49229 5.592350
49230 5.592350
49231 5.592350
49232 5.592350
49233 5.592350
49234 5.592350
49235 5.592350
49236 5.592350
49237 5.592350
49238 5.592350
49239 5.592350
49240 5.592350
49241 5.592350
49242 5.592350
49243 5.592350
49244 5.592350
49245 5.592350
49246 5.592350
49247 5.592350
49248 5.592350
49249 5.592350
49250 5.592350
49251 5.592350
49252 5.592350
49253 5.592350
49254 5.592350
49255 5.592350
49256 5.592350
49257 5.592350
49258 5.592350
49259 5.592350
49260 5.592350
49261 5.592350
49262 5.592350
49263 5.592350
49264 5.592350
49265 5.592350
49266 5.592350
49267 5.592350
49268 5.592350
49269 5.592350
49270 5.592350
49271 5.592350
49272 5.592350
49273 5.592350
49274 5.592350
49275 5.592350
49276 5.592350
49277 5.592350
49278 5.592350
49279 5.592350
49280 5.592350
49281 5.592350
49282 5.592350
49283 5.592350
49284 5.592350
49285 5.592350
49286 5.592350
49287 5.592350
49288 5.592350
49289 5.592350
49290 5.592350
49291 5.592350
49292 5.592350
49293 5.592350
49294 5.592350
49295 5.592350
49296 5.592350
49297 5.592350
49298 5.592350
49299 5.592350
49300 5.592350
49301 5.592350
49302 5.592350
49303 5.592350
49304 5.592350
49305 5.592350
49306 5.592350
49307 5.592350
49308 5.592350
49309 5.592350
49310 5.592350
49311 5.592350
49312 5.592350
49313 5.592350
49314 5.592350
49315 5.592350
49316 5.592350
49317 5.592350
49318 5.592350
49319 5.592350
49320 5.592350
49321 5.592350
49322 5.592350
49323 5.592350
49324 5.592350
49325 5.592350
49326 5.592350
49327 5.592350
49328 5.592350
49329 5.592350
49330 5.592350
49331 5.592350
49332 5.592350
49333 5.592350
49334 5.592350
49335 5.592350
49336 5.592350
49337 5.592350
49338 5.592350
49339 5.592350
49340 5.592350
49341 5.592350
49342 5.592350
49343 5.592350
49344 5.592350
49345 5.592350
49346 5.592350
49347 5.592350
49348 5.592350
49349 5.592350
49350 5.592350
49351 5.592350
49352 5.592350
49353 5.592350
49354 5.592350
49355 5.592350
49356 5.592350
49357 5.592350
49358 5.592350
49359 5.592350
49360 5.592350
49361 5.592350
49362 5.592350
49363 5.592350
49364 5.592350
49365 5.592350
49366 5.592350
49367 5.592350
49368 5.592350
49369 5.592350
49370 5.592350
49371 5.592350
49372 5.592350
49373 5.592350
49374 5.592350
49375 5.592350
49376 5.592350
49377 5.592350
49378 5.592350
49379 5.592350
49380 5.592350
49381 5.592350
49382 5.592350
49383 5.592350
49384 5.592350
49385 5.592350
49386 5.592350
49387 5.592350
49388 5.592350
49389 5.592350
49390 5.592350
49391 5.592350
49392 5.592350
49393 5.592350
49394 5.592350
49395 5.592350
49396 5.592350
49397 5.592350
49398 5.592350
49399 5.592350
49400 5.592350
49401 5.592350
49402 5.592350
49403 5.592350
49404 5.592350
49405 5.592350
49406 5.592350
49407 5.592350
49408 5.592350
49409 5.592350
49410 5.592350
49411 5.592350
49412 5.592350
49413 5.592350
49414 5.592350
49415 5.592350
49416 5.592350
49417 5.592350
49418 5.592350
49419 5.592350
49420 5.592350
49421 5.592350
49422 5.592350
49423 5.592350
49424 5.592350
49425 5.592350
49426 5.592350
49427 5.592350
49428 5.592350
49429 5.592350
49430 5.592350
49431 5.592350
49432 5.592350
49433 5.592350
49434 5.592350
49435 5.592350
49436 5.592350
49437 5.592350
49438 5.592350
49439 5.592350
49440 5.592350
49441 5.592350
49442 5.592350
49443 5.592350
49444 5.592350
49445 5.592350
49446 5.592350
49447 5.592350
49448 5.592350
49449 5.592350
49450 5.592350
49451 5.592350
49452 5.592350
49453 5.592350
49454 5.592350
49455 5.592350
49456 5.592350
49457 5.592350
49458 5.592350
49459 5.592350
49460 5.592350
49461 5.592350
49462 5.592350
49463 5.592350
49464 5.592350
49465 5.592350
49466 5.592350
49467 5.592350
49468 5.592350
49469 5.592350
49470 5.592350
49471 5.592350
49472 5.592350
49473 5.592350
49474 5.592350
49475 5.592350
49476 5.592350
49477 5.592350
49478 5.592350
49479 5.592350
49480 5.592350
49481 5.592350
49482 5.592350
49483 5.592350
49484 5.592350
49485 5.592350
49486 5.592350
49487 5.592350
49488 5.592350
49489 5.592350
49490 5.592350
49491 5.592350
49492 5.592350
49493 5.592350
49494 5.592350
49495 5.592350
49496 5.592350
49497 5.592350
49498 5.592350
49499 5.592350
49500 5.592350
49501 5.592350
49502 5.592350
49503 5.592350
49504 5.592350
49505 5.592350
49506 5.592350
49507 5.592350
49508 5.592350
49509 5.592350
49510 5.592350
49511 5.592350
49512 5.592350
49513 5.592350
49514 5.592350
49515 5.592350
49516 5.592350
49517 5.592350
49518 5.592350
49519 5.592350
49520 5.592350
49521 5.592350
49522 5.592350
49523 5.592350
49524 5.592350
49525 5.592350
49526 5.592350
49527 5.592350
49528 5.592350
49529 5.592350
49530 5.592350
49531 5.592350
49532 5.592350
49533 5.592350
49534 5.592350
49535 5.592350
49536 5.592350
49537 5.592350
49538 5.592350
49539 5.592350
49540 5.592350
49541 5.592350
49542 5.592350
49543 5.592350
49544 5.592350
49545 5.592350
49546 5.592350
49547 5.592350
49548 5.592350
49549 5.592350
49550 5.592350
49551 5.592350
49552 5.592350
49553 5.592350
49554 5.592350
49555 5.592350
49556 5.592350
49557 5.592350
49558 5.592350
49559 5.592350
49560 5.592350
49561 5.592350
49562 5.592350
49563 5.592350
49564 5.592350
49565 5.592350
49566 5.592350
49567 5.592350
49568 5.592350
49569 5.592350
49570 5.592350
49571 5.592350
49572 5.592350
49573 5.592350
49574 5.592350
49575 5.592350
49576 5.592350
49577 5.592350
49578 5.592350
49579 5.592350
49580 5.592350
49581 5.592350
49582 5.592350
49583 5.592350
49584 5.592350
49585 5.592350
49586 5.592350
49587 5.592350
49588 5.592350
49589 5.592350
49590 5.592350
49591 5.592350
49592 5.592350
49593 5.592350
49594 5.592350
49595 5.592350
49596 5.592350
49597 5.592350
49598 5.592350
49599 5.592350
49600 5.592350
49601 5.592350
49602 5.592350
49603 5.592350
49604 5.592350
49605 5.592350
49606 5.592350
49607 5.592350
49608 5.592350
49609 5.592350
49610 5.592350
49611 5.592350
49612 5.592350
49613 5.592350
49614 5.592350
49615 5.592350
49616 5.592350
49617 5.592350
49618 5.592350
49619 5.592350
49620 5.592350
49621 5.592350
49622 5.592350
49623 5.592350
49624 5.592350
49625 5.592350
49626 5.592350
49627 5.592350
49628 5.592350
49629 5.592350
49630 5.592350
49631 5.592350
49632 5.592350
49633 5.592350
49634 5.592350
49635 5.592350
49636 5.592350
49637 5.592350
49638 5.592350
49639 5.592350
49640 5.592350
49641 5.592350
49642 5.592350
49643 5.592350
49644 5.592350
49645 5.592350
49646 5.592350
49647 5.592350
49648 5.592350
49649 5.592350
49650 5.592350
49651 5.592350
49652 5.592350
49653 5.592350
49654 5.592350
49655 5.592350
49656 5.592350
49657 5.592350
49658 5.592350
49659 5.592350
49660 5.592350
49661 5.592350
49662 5.592350
49663 5.592350
49664 5.592350
49665 5.592350
49666 5.592350
49667 5.592350
49668 5.592350
49669 5.592350
49670 5.592350
49671 5.592350
49672 5.592350
49673 5.592350
49674 5.592350
49675 5.592350
49676 5.592350
49677 5.592350
49678 5.592350
49679 5.592350
49680 5.592350
49681 5.592350
49682 5.592350
49683 5.592350
49684 5.592350
49685 5.592350
49686 5.592350
49687 5.592350
49688 5.592350
49689 5.592350
49690 5.592350
49691 5.592350
49692 5.592350
49693 5.592350
49694 5.592350
49695 5.592350
49696 5.592350
49697 5.592350
49698 5.592350
49699 5.592350
49700 5.592350
49701 5.592350
49702 5.592350
49703 5.592350
49704 5.592350
49705 5.592350
49706 5.592350
49707 5.592350
49708 5.592350
49709 5.592350
49710 5.592350
49711 5.592350
49712 5.592350
49713 5.592350
49714 5.592350
49715 5.592350
49716 5.592350
49717 5.592350
49718 5.592350
49719 5.592350
49720 5.592350
49721 5.592350
49722 5.592350
49723 5.592350
49724 5.592350
49725 5.592350
49726 5.592350
49727 5.592350
49728 5.592350
49729 5.592350
49730 5.592350
49731 5.592350
49732 5.592350
49733 5.592350
49734 5.592350
49735 5.592350
49736 5.592350
49737 5.592350
49738 5.592350
49739 5.592350
49740 5.592350
49741 5.592350
49742 5.592350
49743 5.592350
49744 5.592350
49745 5.592350
49746 5.592350
49747 5.592350
49748 5.592350
49749 5.592350
49750 5.592350
49751 5.592350
49752 5.592350
49753 5.592350
49754 5.592350
49755 5.592350
49756 5.592350
49757 5.592350
49758 5.592350
49759 5.592350
49760 5.592350
49761 5.592350
49762 5.592350
49763 5.592350
49764 5.592350
49765 5.592350
49766 5.592350
49767 5.592350
49768 5.592350
49769 5.592350
49770 5.592350
49771 5.592350
49772 5.592350
49773 5.592350
49774 5.592350
49775 5.592350
49776 5.592350
49777 5.592350
49778 5.592350
49779 5.592350
49780 5.592350
49781 5.592350
49782 5.592350
49783 5.592350
49784 5.592350
49785 5.592350
49786 5.592350
49787 5.592350
49788 5.592350
49789 5.592350
49790 5.592350
49791 5.592350
49792 5.592350
49793 5.592350
49794 5.592350
49795 5.592350
49796 5.592350
49797 5.592350
49798 5.592350
49799 5.592350
49800 5.592350
49801 5.592350
49802 5.592350
49803 5.592350
49804 5.592350
49805 5.592350
49806 5.592350
49807 5.592350
49808 5.592350
49809 5.592350
49810 5.592350
49811 5.592350
49812 5.592350
49813 5.592350
49814 5.592350
49815 5.592350
49816 5.592350
49817 5.592350
49818 5.592350
49819 5.592350
49820 5.592350
49821 5.592350
49822 5.592350
49823 5.592350
49824 5.592350
49825 5.592350
49826 5.592350
49827 5.592350
49828 5.592350
49829 5.592350
49830 5.592350
49831 5.592350
49832 5.592350
49833 5.592350
49834 5.592350
49835 5.592350
49836 5.592350
49837 5.592350
49838 5.592350
49839 5.592350
49840 5.592350
49841 5.592350
49842 5.592350
49843 5.592350
49844 5.592350
49845 5.592350
49846 5.592350
49847 5.592350
49848 5.592350
49849 5.592350
49850 5.592350
49851 5.592350
49852 5.592350
49853 5.592350
49854 5.592350
49855 5.592350
49856 5.592350
49857 5.592350
49858 5.592350
49859 5.592350
49860 5.592350
49861 5.592350
49862 5.592350
49863 5.592350
49864 5.592350
49865 5.592350
49866 5.592350
49867 5.592350
49868 5.592350
49869 5.592350
49870 5.592350
49871 5.592350
49872 5.592350
49873 5.592350
49874 5.592350
49875 5.592350